run_id,algorithm,variant,instance_id,n_usvs,n_tasks,seed,epoch,timestamp,elapsed_sec,train_reward_avg,train_reward_std,train_makespan_avg,train_makespan_min,train_makespan_std,success_rate,n_trajectories,n_success,n_failed,eval_makespan,eval_success,best_eval_makespan,best_eval_epoch,gap_to_best_rule_percent,best_rule_name,best_rule_makespan,random_makespan,actor_loss,critic_loss,entropy,lr_actor_encoder,lr_actor,lr_critic_encoder,lr_critic,lr_shared_encoder,hidden_dim,hgnn_layers,n_heads,ppo_epochs,vectorized_update,update_batch_size,update_shuffle,gamma,gae_lambda,clip_epsilon,entropy_coef,reward_normalization,best_model_path,rollout_time_sec,update_time_sec,epoch_time_sec,batch_prepare_time_sec,actor_update_time_sec,critic_update_time_sec
PPO_full_u2_t20_seed0_20260521_211953,PPO,full,u2_t20,2,20,0,0,2026-05-21 21:19:54,0.44800129998475313,,,,,,,,,,1649.0041549464518,1,1649.0041549464518,0,33.4710232900268,MinBattery_NearestTask,1235.4772701211982,1648.142715048298,,,,0.0001,0.0003,0.0001,0.0003,,256,3,4,4,1,128,1,0.99,0.95,0.2,0.01,1,D:\Python project\HGNN_PPO_USV_Scheduling\models\best_u2_t20_seed0.pth,,,,,,
PPO_full_u2_t20_seed0_20260521_211953,PPO,full,u2_t20,2,20,0,1,2026-05-21 21:19:58,4.858221900067292,-1.1081413496740824,0.06861676623243568,1792.6472494763284,1654.8168658920044,111.00177544201685,1.0,8,8,0,1828.298703724182,1,1649.0041549464518,0,47.98319223993728,MinBattery_NearestTask,1235.4772701211982,1648.142715048298,-0.04121974227018654,0.04207301652058959,1.7270574122667313,0.0001,0.0003,0.0001,0.0003,,256,3,4,4,1,128,1,0.99,0.95,0.2,0.01,1,D:\Python project\HGNN_PPO_USV_Scheduling\models\best_u2_t20_seed0.pth,3.5835836000042036,0.5384439999470487,4.372414999990724,0.0017389999702572823,0.26864420005586,0.26397859991993755
PPO_full_u2_t20_seed0_20260521_211953,PPO,full,u2_t20,2,20,0,2,2026-05-21 21:19:59,5.570264799986035,-1.0751965729678976,0.03495563808463734,1739.3522764439406,1657.2149613741533,56.54795616510928,1.0,8,8,0,,,1649.0041549464518,0,,MinBattery_NearestTask,1235.4772701211982,1648.142715048298,0.015171806095167994,0.015229701530188322,1.811622828245163,0.0001,0.0003,0.0001,0.0003,,256,3,4,4,1,128,1,0.99,0.95,0.2,0.01,1,D:\Python project\HGNN_PPO_USV_Scheduling\models\best_u2_t20_seed0.pth,0.32485400000587106,0.31126350001432,0.6362261000322178,0.0015520000597462058,0.16436039994005114,0.13886499998625368
PPO_full_u2_t20_seed0_20260521_211953,PPO,full,u2_t20,2,20,0,3,2026-05-21 21:20:00,6.238019600044936,-1.1236232404016464,0.07348657541800545,1817.6924017374763,1709.909281399916,118.87969647127355,1.0,8,8,0,,,1649.0041549464518,0,,MinBattery_NearestTask,1235.4772701211982,1648.142715048298,0.00355899624992162,0.008512706845067441,1.7949497997760773,0.0001,0.0003,0.0001,0.0003,,256,3,4,4,1,128,1,0.99,0.95,0.2,0.01,1,D:\Python project\HGNN_PPO_USV_Scheduling\models\best_u2_t20_seed0.pth,0.31221449992153794,0.29369139997288585,0.6060374999651685,0.0015608000103384256,0.15380770002957433,0.13409799989312887
PPO_full_u2_t20_seed0_20260521_211953,PPO,full,u2_t20,2,20,0,4,2026-05-21 21:20:00,6.893688000040129,-1.123516703498042,0.07829979044565873,1817.5200563166768,1696.3966859680024,126.6660647743772,1.0,8,8,0,,,1649.0041549464518,0,,MinBattery_NearestTask,1235.4772701211982,1648.142715048298,-0.005484905559569597,0.006918649422004819,1.7583942413330078,0.0001,0.0003,0.0001,0.0003,,256,3,4,4,1,128,1,0.99,0.95,0.2,0.01,1,D:\Python project\HGNN_PPO_USV_Scheduling\models\best_u2_t20_seed0.pth,0.30306689999997616,0.27684220008086413,0.5799985999474302,0.0014275000430643559,0.14442829973995686,0.12699530005920678
PPO_full_u2_t20_seed0_20260521_211953,PPO,full,u2_t20,2,20,0,5,2026-05-21 21:20:01,7.5504812999861315,-1.0553854130054003,0.05809678636350161,1707.3036380404092,1558.2059509448586,93.98353766744279,1.0,8,8,0,,,1649.0041549464518,0,,MinBattery_NearestTask,1235.4772701211982,1648.142715048298,-0.02368641272187233,0.005481265572598204,1.7498686015605927,0.0001,0.0003,0.0001,0.0003,,256,3,4,4,1,128,1,0.99,0.95,0.2,0.01,1,D:\Python project\HGNN_PPO_USV_Scheduling\models\best_u2_t20_seed0.pth,0.3188423999818042,0.2744306999957189,0.5933764999499545,0.0014522999990731478,0.1404056999599561,0.12916340003721416
PPO_full_u2_t20_seed0_20260521_211953,PPO,full,u2_t20,2,20,0,6,2026-05-21 21:20:02,8.340088800061494,-1.0781248237444758,0.04238188113248587,1744.0893261912079,1634.5010814316881,68.56143637463659,1.0,8,8,0,,,1649.0041549464518,0,,MinBattery_NearestTask,1235.4772701211982,1648.142715048298,0.0025194603949785233,0.0042436556541360915,1.728558510541916,0.0001,0.0003,0.0001,0.0003,,256,3,4,4,1,128,1,0.99,0.95,0.2,0.01,1,D:\Python project\HGNN_PPO_USV_Scheduling\models\best_u2_t20_seed0.pth,0.3977129999548197,0.3272027000784874,0.7250552999321371,0.0017941000405699015,0.165200499817729,0.1429901000810787
PPO_full_u2_t20_seed0_20260521_211953,PPO,full,u2_t20,2,20,0,7,2026-05-21 21:20:02,8.983751800027676,-1.1447483552793591,0.12418313694716918,1851.8666332933526,1631.0057412342592,200.8918437572601,1.0,8,8,0,,,1649.0041549464518,0,,MinBattery_NearestTask,1235.4772701211982,1648.142715048298,-0.01676916191354394,0.006849666184280068,1.7793497443199158,0.0001,0.0003,0.0001,0.0003,,256,3,4,4,1,128,1,0.99,0.95,0.2,0.01,1,D:\Python project\HGNN_PPO_USV_Scheduling\models\best_u2_t20_seed0.pth,0.3049547999398783,0.284324900014326,0.5893717999570072,0.0015350999310612679,0.15058850008063018,0.12849309982266277
PPO_full_u2_t20_seed0_20260521_211953,PPO,full,u2_t20,2,20,0,8,2026-05-21 21:20:03,9.630785600049421,-1.0994184898038482,0.159012571500245,1778.5362240565646,1219.020995667319,257.2356396735037,1.0,8,8,0,,,1649.0041549464518,0,,MinBattery_NearestTask,1235.4772701211982,1648.142715048298,-0.025285458425059915,0.008517033769749105,1.7804649025201797,0.0001,0.0003,0.0001,0.0003,,256,3,4,4,1,128,1,0.99,0.95,0.2,0.01,1,D:\Python project\HGNN_PPO_USV_Scheduling\models\best_u2_t20_seed0.pth,0.31404440000187606,0.27486969996243715,0.5890178999397904,0.0017142998985946178,0.1410917000612244,0.12864610005635768
PPO_full_u2_t20_seed0_20260521_211953,PPO,full,u2_t20,2,20,0,9,2026-05-21 21:20:04,10.254292099969462,-1.0443044552388168,0.03288821570449211,1689.3779027831952,1597.7307273903166,53.20347394326719,1.0,8,8,0,,,1649.0041549464518,0,,MinBattery_NearestTask,1235.4772701211982,1648.142715048298,-0.004002980189397931,0.003598358787712641,1.771239459514618,0.0001,0.0003,0.0001,0.0003,,256,3,4,4,1,128,1,0.99,0.95,0.2,0.01,1,D:\Python project\HGNN_PPO_USV_Scheduling\models\best_u2_t20_seed0.pth,0.2804117000196129,0.2844071000581607,0.564909000066109,0.0013191000325605273,0.1462690996704623,0.1336221998790279
PPO_full_u2_t20_seed0_20260521_211953,PPO,full,u2_t20,2,20,0,10,2026-05-21 21:20:05,11.1270812000148,-1.096021708607878,0.1221966535953141,1773.0412296952227,1581.9575779173347,197.67829711189677,1.0,8,8,0,1660.3122126641733,1,1649.0041549464518,0,34.386301781278384,MinBattery_NearestTask,1235.4772701211982,1648.142715048298,-0.010947806295007467,0.006041785818524659,1.7884818613529205,0.0001,0.0003,0.0001,0.0003,,256,3,4,4,1,128,1,0.99,0.95,0.2,0.01,1,D:\Python project\HGNN_PPO_USV_Scheduling\models\best_u2_t20_seed0.pth,0.3175408999668434,0.2753574000671506,0.8112554999534041,0.0013609000016003847,0.1420977001544088,0.12831710022874177
PPO_full_u2_t20_seed0_20260521_211953,PPO,full,u2_t20,2,20,0,11,2026-05-21 21:20:05,11.826375900069252,-1.087964818551981,0.031239994151992904,1760.0075478438193,1692.7607745381852,50.537135543852386,1.0,8,8,0,,,1649.0041549464518,0,,MinBattery_NearestTask,1235.4772701211982,1648.142715048298,0.016511080786585808,0.003704230213770643,1.7618246525526047,0.0001,0.0003,0.0001,0.0003,,256,3,4,4,1,128,1,0.99,0.95,0.2,0.01,1,D:\Python project\HGNN_PPO_USV_Scheduling\models\best_u2_t20_seed0.pth,0.3265108000487089,0.3111884000245482,0.6378193000564352,0.002449599909596145,0.15796369989402592,0.1336827001068741
PPO_full_u2_t20_seed0_20260521_211953,PPO,full,u2_t20,2,20,0,12,2026-05-21 21:20:06,12.525441200006753,-1.0964091588854197,0.0924577374849267,1773.6680104525226,1539.4791234796796,149.5694649819769,1.0,8,8,0,,,1649.0041549464518,0,,MinBattery_NearestTask,1235.4772701211982,1648.142715048298,0.026695887092500925,0.0044602094567380846,1.778020977973938,0.0001,0.0003,0.0001,0.0003,,256,3,4,4,1,128,1,0.99,0.95,0.2,0.01,1,D:\Python project\HGNN_PPO_USV_Scheduling\models\best_u2_t20_seed0.pth,0.32539390004239976,0.3143679000204429,0.6398639000253752,0.0014967999886721373,0.15504400013014674,0.13424220005981624
PPO_full_u2_t20_seed0_20260521_211953,PPO,full,u2_t20,2,20,0,13,2026-05-21 21:20:07,13.215905399993062,-1.0692961568149997,0.03415663179429158,1729.8071360244726,1654.471833527403,55.2553986505614,1.0,8,8,0,,,1649.0041549464518,0,,MinBattery_NearestTask,1235.4772701211982,1648.142715048298,-0.016635848442092538,0.0031983595399651676,1.6668325066566467,0.0001,0.0003,0.0001,0.0003,,256,3,4,4,1,128,1,0.99,0.95,0.2,0.01,1,D:\Python project\HGNN_PPO_USV_Scheduling\models\best_u2_t20_seed0.pth,0.3147683000424877,0.3141270999331027,0.6289954000385478,0.0015586999943479896,0.16352920001372695,0.14558090001810342
PPO_full_u2_t20_seed0_20260521_211953,PPO,full,u2_t20,2,20,0,14,2026-05-21 21:20:07,13.902320399996825,-1.0052891969437319,0.09265288776428401,1626.26267340306,1254.6143589576939,149.8851608195407,1.0,8,8,0,,,1649.0041549464518,0,,MinBattery_NearestTask,1235.4772701211982,1648.142715048298,-0.04794512246735394,0.004551617515971884,1.6928856074810028,0.0001,0.0003,0.0001,0.0003,,256,3,4,4,1,128,1,0.99,0.95,0.2,0.01,1,D:\Python project\HGNN_PPO_USV_Scheduling\models\best_u2_t20_seed0.pth,0.32866789994295686,0.2981688000727445,0.6269363999599591,0.0014622000744566321,0.15268950024619699,0.1406489999499172
PPO_full_u2_t20_seed0_20260521_211953,PPO,full,u2_t20,2,20,0,15,2026-05-21 21:20:08,14.571666600066237,-0.9895419438148302,0.042013749077634416,1600.7882427118527,1523.437487749566,67.96590682800637,1.0,8,8,0,,,1649.0041549464518,0,,MinBattery_NearestTask,1235.4772701211982,1648.142715048298,-0.0023971067275851965,0.0027873017825186253,1.5951623320579529,0.0001,0.0003,0.0001,0.0003,,256,3,4,4,1,128,1,0.99,0.95,0.2,0.01,1,D:\Python project\HGNN_PPO_USV_Scheduling\models\best_u2_t20_seed0.pth,0.31996820005588233,0.2840082999318838,0.6040764000499621,0.0016301000723615289,0.14374699990730733,0.13511360017582774
PPO_full_u2_t20_seed0_20260521_211953,PPO,full,u2_t20,2,20,0,16,2026-05-21 21:20:09,15.373602000065148,-0.9860764758753765,0.09016731456568217,1595.1821333724283,1221.8913257896538,145.86423338175828,1.0,8,8,0,,,1649.0041549464518,0,,MinBattery_NearestTask,1235.4772701211982,1648.142715048298,-0.010643662535585463,0.004058448044816032,1.683260202407837,0.0001,0.0003,0.0001,0.0003,,256,3,4,4,1,128,1,0.99,0.95,0.2,0.01,1,D:\Python project\HGNN_PPO_USV_Scheduling\models\best_u2_t20_seed0.pth,0.46445819991640747,0.2787948000477627,0.7433450999669731,0.0019217999652028084,0.13964779989328235,0.13384099979884923
PPO_full_u2_t20_seed0_20260521_211953,PPO,full,u2_t20,2,20,0,17,2026-05-21 21:20:09,16.057194900000468,-1.0499422339981037,0.04428118185759814,1698.4981730347874,1622.4311686948538,71.63394713493106,1.0,8,8,0,,,1649.0041549464518,0,,MinBattery_NearestTask,1235.4772701211982,1648.142715048298,-0.04343946999870241,0.0035170127521269023,1.7026128768920898,0.0001,0.0003,0.0001,0.0003,,256,3,4,4,1,128,1,0.99,0.95,0.2,0.01,1,D:\Python project\HGNN_PPO_USV_Scheduling\models\best_u2_t20_seed0.pth,0.3247816999210045,0.2942911999998614,0.6191534999525174,0.0017933000344783068,0.14665580005384982,0.1342860001605004
PPO_full_u2_t20_seed0_20260521_211953,PPO,full,u2_t20,2,20,0,18,2026-05-21 21:20:10,16.751952100079507,-1.0160344853601073,0.0502147804197697,1643.6453942356602,1502.6215543455858,81.23276694713462,1.0,8,8,0,,,1649.0041549464518,0,,MinBattery_NearestTask,1235.4772701211982,1648.142715048298,0.018320389557629824,0.0033483811130281538,1.610731840133667,0.0001,0.0003,0.0001,0.0003,,256,3,4,4,1,128,1,0.99,0.95,0.2,0.01,1,D:\Python project\HGNN_PPO_USV_Scheduling\models\best_u2_t20_seed0.pth,0.31533580005634576,0.3182099999394268,0.6336451000533998,0.001816699979826808,0.16105580003932118,0.13414309988729656
PPO_full_u2_t20_seed0_20260521_211953,PPO,full,u2_t20,2,20,0,19,2026-05-21 21:20:11,17.450613100081682,-0.9786694966627261,0.11812288101928951,1583.199816390582,1264.055263256339,191.08812952582988,1.0,8,8,0,,,1649.0041549464518,0,,MinBattery_NearestTask,1235.4772701211982,1648.142715048298,-0.03804430062882602,0.004487072175834328,1.5636745542287827,0.0001,0.0003,0.0001,0.0003,,256,3,4,4,1,128,1,0.99,0.95,0.2,0.01,1,D:\Python project\HGNN_PPO_USV_Scheduling\models\best_u2_t20_seed0.pth,0.32777730002999306,0.3121042000129819,0.6399621000746265,0.001424900023266673,0.16250610002316535,0.14508630009368062
PPO_full_u2_t20_seed0_20260521_211953,PPO,full,u2_t20,2,20,0,20,2026-05-21 21:20:12,18.942070799996145,-0.9934149736078616,0.1118137565446204,1607.053667431957,1233.632868498074,180.8818190768553,1.0,8,8,0,1249.0216597922606,1,1249.0216597922606,20,1.0962880498589593,MinBattery_NearestTask,1235.4772701211982,1648.142715048298,0.012234056019224226,0.0044547732977662235,1.5112963020801544,0.0001,0.0003,0.0001,0.0003,,256,3,4,4,1,128,1,0.99,0.95,0.2,0.01,1,D:\Python project\HGNN_PPO_USV_Scheduling\models\best_u2_t20_seed0.pth,0.31640889996197075,0.6595686000073329,1.4295760999666527,0.001595199923031032,0.2030605000909418,0.4501405998598784
PPO_full_u2_t20_seed0_20260521_211953,PPO,full,u2_t20,2,20,0,21,2026-05-21 21:20:13,19.604262400069274,-0.9589664970215123,0.09568775744320954,1551.326149620866,1217.6145163183096,154.7946886374901,1.0,8,8,0,,,1249.0216597922606,20,,MinBattery_NearestTask,1235.4772701211982,1648.142715048298,-0.031528691411949694,0.003953233303036541,1.3646680265665054,0.0001,0.0003,0.0001,0.0003,,256,3,4,4,1,128,1,0.99,0.95,0.2,0.01,1,D:\Python project\HGNN_PPO_USV_Scheduling\models\best_u2_t20_seed0.pth,0.3107337999390438,0.28578130004461855,0.5966162999393418,0.001526599982753396,0.1414293001871556,0.12353629991412163
PPO_full_u2_t20_seed0_20260521_211953,PPO,full,u2_t20,2,20,0,22,2026-05-21 21:20:14,20.26073840004392,-0.9476838623247522,0.08105043020201336,1533.0741603219,1206.2033717698193,131.1157920541864,1.0,8,8,0,,,1249.0216597922606,20,,MinBattery_NearestTask,1235.4772701211982,1648.142715048298,-0.01975534250959754,0.0033050388447009027,1.401254490017891,0.0001,0.0003,0.0001,0.0003,,256,3,4,4,1,128,1,0.99,0.95,0.2,0.01,1,D:\Python project\HGNN_PPO_USV_Scheduling\models\best_u2_t20_seed0.pth,0.30242920003365725,0.29151470004580915,0.5940463000442833,0.0013666999293491244,0.14170539972838014,0.11932639998849481
PPO_full_u2_t20_seed0_20260521_211953,PPO,full,u2_t20,2,20,0,23,2026-05-21 21:20:14,20.92779009998776,-0.973433571149259,0.06683015908778679,1574.7296266689004,1412.130464038874,108.11156979750099,1.0,8,8,0,,,1249.0216597922606,20,,MinBattery_NearestTask,1235.4772701211982,1648.142715048298,-0.0013625407591462135,0.0028314379742369056,1.3749655783176422,0.0001,0.0003,0.0001,0.0003,,256,3,4,4,1,128,1,0.99,0.95,0.2,0.01,1,D:\Python project\HGNN_PPO_USV_Scheduling\models\best_u2_t20_seed0.pth,0.31495469994843006,0.29424169997218996,0.6093159998999909,0.001389399985782802,0.14489519991911948,0.12246519979089499
PPO_full_u2_t20_seed0_20260521_211953,PPO,full,u2_t20,2,20,0,24,2026-05-21 21:20:15,21.602350900066085,-0.9392780309693588,0.11574696780893988,1519.475993929824,1209.5104620803143,187.24459974257582,1.0,8,8,0,,,1249.0216597922606,20,,MinBattery_NearestTask,1235.4772701211982,1648.142715048298,-0.021357734920457006,0.004577747778967023,1.3546830415725708,0.0001,0.0003,0.0001,0.0003,,256,3,4,4,1,128,1,0.99,0.95,0.2,0.01,1,D:\Python project\HGNN_PPO_USV_Scheduling\models\best_u2_t20_seed0.pth,0.3059301000321284,0.29555989999789745,0.60161880007945,0.0013551999581977725,0.15867889986839145,0.13038279977627099
PPO_full_u2_t20_seed0_20260521_211953,PPO,full,u2_t20,2,20,0,25,2026-05-21 21:20:16,22.261839500046335,-0.9236760472559754,0.07945526716188402,1494.2365664881918,1221.385628943757,128.53528674482737,1.0,8,8,0,,,1249.0216597922606,20,,MinBattery_NearestTask,1235.4772701211982,1648.142715048298,-0.01268911687657237,0.0033842285338323563,1.347275823354721,0.0001,0.0003,0.0001,0.0003,,256,3,4,4,1,128,1,0.99,0.95,0.2,0.01,1,D:\Python project\HGNN_PPO_USV_Scheduling\models\best_u2_t20_seed0.pth,0.3173732999712229,0.2847162999678403,0.6021884999936447,0.001539599965326488,0.14845350000541657,0.13065259996801615
PPO_full_u2_t20_seed0_20260521_211953,PPO,full,u2_t20,2,20,0,26,2026-05-21 21:20:16,22.90816710004583,-0.9890670896036513,0.09732559138252253,1600.0200680599255,1236.1872966003612,157.4442229295476,1.0,8,8,0,,,1249.0216597922606,20,,MinBattery_NearestTask,1235.4772701211982,1648.142715048298,-0.01544166135136038,0.003853124100714922,1.3658236116170883,0.0001,0.0003,0.0001,0.0003,,256,3,4,4,1,128,1,0.99,0.95,0.2,0.01,1,D:\Python project\HGNN_PPO_USV_Scheduling\models\best_u2_t20_seed0.pth,0.31276319990865886,0.271301900036633,0.5841705999337137,0.0014958999818190932,0.14165329991374165,0.12449329986702651
PPO_full_u2_t20_seed0_20260521_211953,PPO,full,u2_t20,2,20,0,27,2026-05-21 21:20:17,23.558831100002863,-0.9566046590273274,0.09682440882931535,1547.505389403562,1226.3343577965904,156.63345675269076,1.0,8,8,0,,,1249.0216597922606,20,,MinBattery_NearestTask,1235.4772701211982,1648.142715048298,-0.04975492553785443,0.004138027929002419,1.3922228813171387,0.0001,0.0003,0.0001,0.0003,,256,3,4,4,1,128,1,0.99,0.95,0.2,0.01,1,D:\Python project\HGNN_PPO_USV_Scheduling\models\best_u2_t20_seed0.pth,0.3088098999578506,0.2784624000778422,0.5873761000111699,0.0013946000253781676,0.14806909998878837,0.12499420018866658
PPO_full_u2_t20_seed0_20260521_211953,PPO,full,u2_t20,2,20,0,28,2026-05-21 21:20:18,24.199679300072603,-1.035335538630413,0.027101393063421735,1674.8688298264228,1617.095792575204,43.84209446422027,1.0,8,8,0,,,1249.0216597922606,20,,MinBattery_NearestTask,1235.4772701211982,1648.142715048298,-0.06753130140714347,0.002974894712679088,1.4136370122432709,0.0001,0.0003,0.0001,0.0003,,256,3,4,4,1,128,1,0.99,0.95,0.2,0.01,1,D:\Python project\HGNN_PPO_USV_Scheduling\models\best_u2_t20_seed0.pth,0.29594939993694425,0.2824910000199452,0.5785447999369353,0.001375199994072318,0.14928639982827008,0.12758089997805655
PPO_full_u2_t20_seed0_20260521_211953,PPO,full,u2_t20,2,20,0,29,2026-05-21 21:20:18,24.852645999984816,-0.9695441009606571,0.09556095070403332,1568.4376062172064,1249.9108363800153,154.58955257586211,1.0,8,8,0,,,1249.0216597922606,20,,MinBattery_NearestTask,1235.4772701211982,1648.142715048298,-0.06172777630854398,0.004042262124130502,1.3794201612472534,0.0001,0.0003,0.0001,0.0003,,256,3,4,4,1,128,1,0.99,0.95,0.2,0.01,1,D:\Python project\HGNN_PPO_USV_Scheduling\models\best_u2_t20_seed0.pth,0.30228649999480695,0.2926466000499204,0.5950390000361949,0.0013046999229118228,0.14796200022101402,0.1284995999885723
PPO_full_u2_t20_seed0_20260521_211953,PPO,full,u2_t20,2,20,0,30,2026-05-21 21:20:19,25.873653099988587,-0.9191390903572192,0.10598785032669603,1486.8971027023313,1202.9491683060503,171.4572138490648,1.0,8,8,0,1227.7258154235087,1,1227.7258154235087,30,-0.6274056905093116,MinBattery_NearestTask,1235.4772701211982,1648.142715048298,-0.03040546749252826,0.003804599109571427,1.313279628753662,0.0001,0.0003,0.0001,0.0003,,256,3,4,4,1,128,1,0.99,0.95,0.2,0.01,1,D:\Python project\HGNN_PPO_USV_Scheduling\models\best_u2_t20_seed0.pth,0.29262230009771883,0.27277250005863607,0.9575044000521302,0.00138819997664541,0.1397360998671502,0.1279210998909548
PPO_full_u2_t20_seed0_20260521_211953,PPO,full,u2_t20,2,20,0,31,2026-05-21 21:20:20,26.53607270005159,-1.0161270837636027,0.03542272701842257,1643.795191256934,1533.700975825549,57.303568878827846,1.0,8,8,0,,,1227.7258154235087,30,,MinBattery_NearestTask,1235.4772701211982,1648.142715048298,-0.014475482050329447,0.003142577421385795,1.3308706730604172,0.0001,0.0003,0.0001,0.0003,,256,3,4,4,1,128,1,0.99,0.95,0.2,0.01,1,D:\Python project\HGNN_PPO_USV_Scheduling\models\best_u2_t20_seed0.pth,0.30923269991762936,0.2966707000741735,0.6060088999802247,0.0016807999927550554,0.14571479987353086,0.12605269998311996
PPO_full_u2_t20_seed0_20260521_211953,PPO,full,u2_t20,2,20,0,32,2026-05-21 21:20:21,27.193219000007957,-0.9435681669413498,0.1074361495320488,1526.4161739459664,1227.4067319534158,173.80013660675996,1.0,8,8,0,,,1227.7258154235087,30,,MinBattery_NearestTask,1235.4772701211982,1648.142715048298,-0.013359298463910818,0.004502419964410365,1.4167169779539108,0.0001,0.0003,0.0001,0.0003,,256,3,4,4,1,128,1,0.99,0.95,0.2,0.01,1,D:\Python project\HGNN_PPO_USV_Scheduling\models\best_u2_t20_seed0.pth,0.31316259992308915,0.28151680005248636,0.5947838999563828,0.0014377000043168664,0.14244119997601956,0.13380030018743128
PPO_full_u2_t20_seed0_20260521_211953,PPO,full,u2_t20,2,20,0,33,2026-05-21 21:20:21,27.8325645000441,-1.0194918616563735,0.04649708711638454,1649.2384136728724,1465.7222093107675,75.21863104590679,1.0,8,8,0,,,1227.7258154235087,30,,MinBattery_NearestTask,1235.4772701211982,1648.142715048298,-0.03256890026386827,0.0025934760342352092,1.4764252603054047,0.0001,0.0003,0.0001,0.0003,,256,3,4,4,1,128,1,0.99,0.95,0.2,0.01,1,D:\Python project\HGNN_PPO_USV_Scheduling\models\best_u2_t20_seed0.pth,0.31275190005544573,0.2694963999092579,0.582351400051266,0.0013919000048190355,0.13877540035173297,0.12560160004068166
PPO_full_u2_t20_seed0_20260521_211953,PPO,full,u2_t20,2,20,0,34,2026-05-21 21:20:22,28.456379299983382,-0.9015414090277161,0.09553628782389599,1458.429222641928,1221.7967767522157,154.54965527913606,1.0,8,8,0,,,1227.7258154235087,30,,MinBattery_NearestTask,1235.4772701211982,1648.142715048298,-0.0006139228353276849,0.004777689115144312,1.3949376046657562,0.0001,0.0003,0.0001,0.0003,,256,3,4,4,1,128,1,0.99,0.95,0.2,0.01,1,D:\Python project\HGNN_PPO_USV_Scheduling\models\best_u2_t20_seed0.pth,0.29320600000210106,0.2672404999611899,0.5605593000072986,0.0014857000205665827,0.13761279988102615,0.12388209998607635
PPO_full_u2_t20_seed0_20260521_211953,PPO,full,u2_t20,2,20,0,35,2026-05-21 21:20:22,29.109566100058146,-0.9575375854039729,0.0918844330080479,1549.0145902862378,1190.4558513667616,148.64202671438449,1.0,8,8,0,,,1227.7258154235087,30,,MinBattery_NearestTask,1235.4772701211982,1648.142715048298,-0.01099921006243676,0.003919282607967034,1.429944396018982,0.0001,0.0003,0.0001,0.0003,,256,3,4,4,1,128,1,0.99,0.95,0.2,0.01,1,D:\Python project\HGNN_PPO_USV_Scheduling\models\best_u2_t20_seed0.pth,0.30537570000160486,0.2792373000411317,0.5847175000235438,0.001441699918359518,0.14737490005791187,0.12652289995457977
PPO_full_u2_t20_seed0_20260521_211953,PPO,full,u2_t20,2,20,0,36,2026-05-21 21:20:23,29.747137299971655,-0.9668893997925374,0.023611953416818408,1564.1430793965878,1528.1885907268509,38.197205942970875,1.0,8,8,0,,,1227.7258154235087,30,,MinBattery_NearestTask,1235.4772701211982,1648.142715048298,-0.05518025136552751,0.001891018808237277,1.4091546684503555,0.0001,0.0003,0.0001,0.0003,,256,3,4,4,1,128,1,0.99,0.95,0.2,0.01,1,D:\Python project\HGNN_PPO_USV_Scheduling\models\best_u2_t20_seed0.pth,0.31003720010630786,0.26717609993647784,0.5773017999017611,0.001330200000666082,0.13520390028133988,0.12705100001767278
PPO_full_u2_t20_seed0_20260521_211953,PPO,full,u2_t20,2,20,0,37,2026-05-21 21:20:24,30.403125300072134,-0.9863801570521855,0.024942367722988294,1595.6734003272124,1534.953369579968,40.349425555857785,1.0,8,8,0,,,1227.7258154235087,30,,MinBattery_NearestTask,1235.4772701211982,1648.142715048298,-0.013947540428489447,0.0019665850995806977,1.3118878602981567,0.0001,0.0003,0.0001,0.0003,,256,3,4,4,1,128,1,0.99,0.95,0.2,0.01,1,D:\Python project\HGNN_PPO_USV_Scheduling\models\best_u2_t20_seed0.pth,0.3263258000370115,0.2717820000834763,0.5981965999817476,0.001445000059902668,0.13859559991396964,0.12794630008284003
PPO_full_u2_t20_seed0_20260521_211953,PPO,full,u2_t20,2,20,0,38,2026-05-21 21:20:24,31.052292500040494,-0.931621262822766,0.10381345486459842,1507.0895918143317,1231.3875477897934,167.93968059795966,1.0,8,8,0,,,1227.7258154235087,30,,MinBattery_NearestTask,1235.4772701211982,1648.142715048298,-0.045147425727918744,0.0036078351840842515,1.2762555480003357,0.0001,0.0003,0.0001,0.0003,,256,3,4,4,1,128,1,0.99,0.95,0.2,0.01,1,D:\Python project\HGNN_PPO_USV_Scheduling\models\best_u2_t20_seed0.pth,0.2901672999141738,0.291044200072065,0.5812968999380246,0.0014317999593913555,0.14696959988214076,0.12751680007204413
PPO_full_u2_t20_seed0_20260521_211953,PPO,full,u2_t20,2,20,0,39,2026-05-21 21:20:25,31.692445500055328,-0.9751614394211867,0.09175275788197762,1577.524810068599,1207.638549345193,148.4290150325771,1.0,8,8,0,,,1227.7258154235087,30,,MinBattery_NearestTask,1235.4772701211982,1648.142715048298,0.014131431933492422,0.0032602113496977836,1.3486953228712082,0.0001,0.0003,0.0001,0.0003,,256,3,4,4,1,128,1,0.99,0.95,0.2,0.01,1,D:\Python project\HGNN_PPO_USV_Scheduling\models\best_u2_t20_seed0.pth,0.3139468999579549,0.26770379999652505,0.5817560000577942,0.001739799976348877,0.14118749974295497,0.12066850007977337
PPO_full_u2_t20_seed0_20260521_211953,PPO,full,u2_t20,2,20,0,40,2026-05-21 21:20:26,32.7101903000148,-1.0065350900463657,0.04927724124787203,1628.2781625319826,1540.0738065000035,79.71610391649057,1.0,8,8,0,1204.7369021050342,1,1204.7369021050342,40,-2.488137075411222,MinBattery_NearestTask,1235.4772701211982,1648.142715048298,-0.008818337111733854,0.0021100251033203676,1.367942065000534,0.0001,0.0003,0.0001,0.0003,,256,3,4,4,1,128,1,0.99,0.95,0.2,0.01,1,D:\Python project\HGNN_PPO_USV_Scheduling\models\best_u2_t20_seed0.pth,0.2967705000191927,0.27577239996753633,0.9495044000213966,0.001270500011742115,0.13609269994776696,0.13395909976679832
PPO_full_u2_t20_seed0_20260521_211953,PPO,full,u2_t20,2,20,0,41,2026-05-21 21:20:27,33.62585359998047,-0.9479363942122967,0.0861955675485928,1533.4826827488855,1207.1416351470255,139.43911318576977,1.0,8,8,0,,,1204.7369021050342,40,,MinBattery_NearestTask,1235.4772701211982,1648.142715048298,-0.008867992553859949,0.003317604074254632,1.3812309056520462,0.0001,0.0003,0.0001,0.0003,,256,3,4,4,1,128,1,0.99,0.95,0.2,0.01,1,D:\Python project\HGNN_PPO_USV_Scheduling\models\best_u2_t20_seed0.pth,0.33567900001071393,0.5202749000163749,0.8560625000391155,0.0018575000576674938,0.29185959976166487,0.21264019992668182
PPO_full_u2_t20_seed0_20260521_211953,PPO,full,u2_t20,2,20,0,42,2026-05-21 21:20:28,34.269769400008954,-0.9556716307861698,0.08375176807436838,1545.9960237340229,1241.6511590489793,135.48576336534424,1.0,8,8,0,,,1204.7369021050342,40,,MinBattery_NearestTask,1235.4772701211982,1648.142715048298,0.0076731781009584665,0.0029235206311568618,1.3655708581209183,0.0001,0.0003,0.0001,0.0003,,256,3,4,4,1,128,1,0.99,0.95,0.2,0.01,1,D:\Python project\HGNN_PPO_USV_Scheduling\models\best_u2_t20_seed0.pth,0.29747579991817474,0.2835882001090795,0.5811688000103459,0.0013729999773204327,0.14718219987116754,0.12084149988368154
PPO_full_u2_t20_seed0_20260521_211953,PPO,full,u2_t20,2,20,0,43,2026-05-21 21:20:28,34.89736270008143,-0.9282796604604446,0.0847911091529809,1501.6838606001497,1180.253130282895,137.1671119824593,1.0,8,8,0,,,1204.7369021050342,40,,MinBattery_NearestTask,1235.4772701211982,1648.142715048298,0.008822127128951252,0.0035674138052854687,1.381246104836464,0.0001,0.0003,0.0001,0.0003,,256,3,4,4,1,128,1,0.99,0.95,0.2,0.01,1,D:\Python project\HGNN_PPO_USV_Scheduling\models\best_u2_t20_seed0.pth,0.29417270002886653,0.27638649998698384,0.5706432000733912,0.0015544999623671174,0.14348880050238222,0.12802669988013804
PPO_full_u2_t20_seed0_20260521_211953,PPO,full,u2_t20,2,20,0,44,2026-05-21 21:20:29,35.57116599997971,-0.956891574086026,0.07760795123600055,1547.969533703349,1249.126622098233,125.54687212206939,1.0,8,8,0,,,1204.7369021050342,40,,MinBattery_NearestTask,1235.4772701211982,1648.142715048298,-0.03234036755748093,0.0031111453427001834,1.3296953439712524,0.0001,0.0003,0.0001,0.0003,,256,3,4,4,1,128,1,0.99,0.95,0.2,0.01,1,D:\Python project\HGNN_PPO_USV_Scheduling\models\best_u2_t20_seed0.pth,0.3036084999330342,0.2977752999868244,0.6014875000109896,0.0014022999675944448,0.147493900032714,0.12621449981816113
PPO_full_u2_t20_seed0_20260521_211953,PPO,full,u2_t20,2,20,0,45,2026-05-21 21:20:30,36.2171772000147,-0.9684533181412434,0.053337936627488494,1566.673039971598,1426.13412545147,86.28511643946122,1.0,8,8,0,,,1204.7369021050342,40,,MinBattery_NearestTask,1235.4772701211982,1648.142715048298,-0.011623864062130451,0.002446223545121029,1.3208259344100952,0.0001,0.0003,0.0001,0.0003,,256,3,4,4,1,128,1,0.99,0.95,0.2,0.01,1,D:\Python project\HGNN_PPO_USV_Scheduling\models\best_u2_t20_seed0.pth,0.30416090006474406,0.28455410001333803,0.588833500049077,0.0013561999658122659,0.1472243998432532,0.13179809972643852
PPO_full_u2_t20_seed0_20260521_211953,PPO,full,u2_t20,2,20,0,46,2026-05-21 21:20:30,36.86469610000495,-1.003161615031525,0.10358140888932887,1622.8208707268268,1463.9047362533256,167.56429836044884,1.0,8,8,0,,,1204.7369021050342,40,,MinBattery_NearestTask,1235.4772701211982,1648.142715048298,0.013621538528241217,0.0039811391034163535,1.289877787232399,0.0001,0.0003,0.0001,0.0003,,256,3,4,4,1,128,1,0.99,0.95,0.2,0.01,1,D:\Python project\HGNN_PPO_USV_Scheduling\models\best_u2_t20_seed0.pth,0.2962654000148177,0.2892530000535771,0.5856209000339732,0.0013996000634506345,0.1479484000010416,0.13533570000436157
PPO_full_u2_t20_seed0_20260521_211953,PPO,full,u2_t20,2,20,0,47,2026-05-21 21:20:31,37.48313559999224,-0.8964713219314596,0.12676261966223532,1450.2273107735707,1176.7458887198004,205.06468921203455,1.0,8,8,0,,,1204.7369021050342,40,,MinBattery_NearestTask,1235.4772701211982,1648.142715048298,0.0676404673140496,0.004391313472297043,1.3071772456169128,0.0001,0.0003,0.0001,0.0003,,256,3,4,4,1,128,1,0.99,0.95,0.2,0.01,1,D:\Python project\HGNN_PPO_USV_Scheduling\models\best_u2_t20_seed0.pth,0.2843820999842137,0.27621879999060184,0.5606995000271127,0.0013339999131858349,0.14444800012279302,0.12665669980924577
PPO_full_u2_t20_seed0_20260521_211953,PPO,full,u2_t20,2,20,0,48,2026-05-21 21:20:32,38.13987630000338,-0.8999100601163368,0.10586460769649218,1455.7901792204543,1157.2102529535882,171.2578434689972,1.0,8,8,0,,,1204.7369021050342,40,,MinBattery_NearestTask,1235.4772701211982,1648.142715048298,-0.009993601823225617,0.003505880478769541,1.2571051865816116,0.0001,0.0003,0.0001,0.0003,,256,3,4,4,1,128,1,0.99,0.95,0.2,0.01,1,D:\Python project\HGNN_PPO_USV_Scheduling\models\best_u2_t20_seed0.pth,0.3046848999802023,0.2933955000480637,0.5981801000889391,0.0014597000554203987,0.1490099000511691,0.13887079991400242
PPO_full_u2_t20_seed0_20260521_211953,PPO,full,u2_t20,2,20,0,49,2026-05-21 21:20:32,38.79577720002271,-0.8987623387832593,0.09509645379276925,1453.933503182229,1179.603695807456,153.83813299332175,1.0,8,8,0,,,1204.7369021050342,40,,MinBattery_NearestTask,1235.4772701211982,1648.142715048298,0.01160648325458169,0.003282594057964161,1.2121249437332153,0.0001,0.0003,0.0001,0.0003,,256,3,4,4,1,128,1,0.99,0.95,0.2,0.01,1,D:\Python project\HGNN_PPO_USV_Scheduling\models\best_u2_t20_seed0.pth,0.3241245999233797,0.27453220007009804,0.5987580999499187,0.002062999992631376,0.14295419992413372,0.12548949976917356
PPO_full_u2_t20_seed0_20260521_211953,PPO,full,u2_t20,2,20,0,50,2026-05-21 21:20:33,39.851977700018324,-0.937506236645925,0.08875874527800613,1516.6097510795998,1227.8556419464078,143.58558196243177,1.0,8,8,0,1118.9268617977045,1,1118.9268617977045,50,-9.433634364803838,MinBattery_NearestTask,1235.4772701211982,1648.142715048298,-0.01896943850442767,0.0030120011942926794,1.2206664830446243,0.0001,0.0003,0.0001,0.0003,,256,3,4,4,1,128,1,0.99,0.95,0.2,0.01,1,D:\Python project\HGNN_PPO_USV_Scheduling\models\best_u2_t20_seed0.pth,0.30348560004495084,0.29508279997389764,0.9916689000092447,0.001415099948644638,0.14897340012248605,0.13176369993016124
PPO_full_u2_t20_seed0_20260521_211953,PPO,full,u2_t20,2,20,0,51,2026-05-21 21:20:34,40.5254605000373,-0.9323899156199154,0.11509999919943463,1508.3330462915221,1156.8880214274413,186.19799454309629,1.0,8,8,0,,,1118.9268617977045,50,,MinBattery_NearestTask,1235.4772701211982,1648.142715048298,0.057598344632424414,0.003108701537712477,1.2587255388498306,0.0001,0.0003,0.0001,0.0003,,256,3,4,4,1,128,1,0.99,0.95,0.2,0.01,1,D:\Python project\HGNN_PPO_USV_Scheduling\models\best_u2_t20_seed0.pth,0.3117431999417022,0.30128430004697293,0.613129899953492,0.001362200011499226,0.1470361000392586,0.1273297001607716
PPO_full_u2_t20_seed0_20260521_211953,PPO,full,u2_t20,2,20,0,52,2026-05-21 21:20:35,41.18114210001659,-0.9066848866521582,0.10370692364679912,1466.7498588305434,1206.922965392387,167.7673443751236,1.0,8,8,0,,,1118.9268617977045,50,,MinBattery_NearestTask,1235.4772701211982,1648.142715048298,0.02029982174281031,0.0037955057341605425,1.303718313574791,0.0001,0.0003,0.0001,0.0003,,256,3,4,4,1,128,1,0.99,0.95,0.2,0.01,1,D:\Python project\HGNN_PPO_USV_Scheduling\models\best_u2_t20_seed0.pth,0.29113660007715225,0.30132219998631626,0.5925586000084877,0.001381400041282177,0.1489592002471909,0.1266469000838697
PPO_full_u2_t20_seed0_20260521_211953,PPO,full,u2_t20,2,20,0,53,2026-05-21 21:20:35,41.82658470002934,-0.9787311350719565,0.08890789075663255,1583.2995292338953,1221.409719606914,143.82685554373995,1.0,8,8,0,,,1118.9268617977045,50,,MinBattery_NearestTask,1235.4772701211982,1648.142715048298,-0.006644102861173451,0.00331233607721515,1.3639400750398636,0.0001,0.0003,0.0001,0.0003,,256,3,4,4,1,128,1,0.99,0.95,0.2,0.01,1,D:\Python project\HGNN_PPO_USV_Scheduling\models\best_u2_t20_seed0.pth,0.30881430010776967,0.2787057999521494,0.587644400075078,0.0017719999887049198,0.14397880004253238,0.1288098000222817
PPO_full_u2_t20_seed0_20260521_211953,PPO,full,u2_t20,2,20,0,54,2026-05-21 21:20:36,42.467454400029965,-0.9669977086231835,0.05795409394116719,1564.3182912749362,1421.0029790769402,93.75270323599227,1.0,8,8,0,,,1118.9268617977045,50,,MinBattery_NearestTask,1235.4772701211982,1648.142715048298,-0.007931685191579163,0.0025045579532161355,1.2525854259729385,0.0001,0.0003,0.0001,0.0003,,256,3,4,4,1,128,1,0.99,0.95,0.2,0.01,1,D:\Python project\HGNN_PPO_USV_Scheduling\models\best_u2_t20_seed0.pth,0.29018120002001524,0.2828849999932572,0.573173200013116,0.0013334000250324607,0.1486403999151662,0.1289478000253439
PPO_full_u2_t20_seed0_20260521_211953,PPO,full,u2_t20,2,20,0,55,2026-05-21 21:20:37,43.12415070005227,-0.9723956805487675,0.05647148202940466,1573.0506244993887,1382.076250483572,91.3542725967568,1.0,8,8,0,,,1118.9268617977045,50,,MinBattery_NearestTask,1235.4772701211982,1648.142715048298,0.04614598152693361,0.0022595763293793425,1.2801496088504791,0.0001,0.0003,0.0001,0.0003,,256,3,4,4,1,128,1,0.99,0.95,0.2,0.01,1,D:\Python project\HGNN_PPO_USV_Scheduling\models\best_u2_t20_seed0.pth,0.31378299999050796,0.28398169996216893,0.5978666000301018,0.0015479999128729105,0.14809690008405596,0.13063630019314587
PPO_full_u2_t20_seed0_20260521_211953,PPO,full,u2_t20,2,20,0,56,2026-05-21 21:20:37,43.82220320007764,-0.9616660451992602,0.09670217292938685,1555.6932257317721,1222.7951233005585,156.43571496653811,1.0,8,8,0,,,1118.9268617977045,50,,MinBattery_NearestTask,1235.4772701211982,1648.142715048298,0.028189916629344225,0.0033798861550167203,1.2393148839473724,0.0001,0.0003,0.0001,0.0003,,256,3,4,4,1,128,1,0.99,0.95,0.2,0.01,1,D:\Python project\HGNN_PPO_USV_Scheduling\models\best_u2_t20_seed0.pth,0.3174794999649748,0.3122607000404969,0.6298271999694407,0.0013671000488102436,0.1599589999532327,0.13280509994365275
PPO_full_u2_t20_seed0_20260521_211953,PPO,full,u2_t20,2,20,0,57,2026-05-21 21:20:38,44.480528600048274,-0.9246401218990074,0.1158801081908113,1495.7961561178267,1219.0540371281872,187.45998177793282,1.0,8,8,0,,,1118.9268617977045,50,,MinBattery_NearestTask,1235.4772701211982,1648.142715048298,0.0029694183031097054,0.003806906082900241,1.3219502121210098,0.0001,0.0003,0.0001,0.0003,,256,3,4,4,1,128,1,0.99,0.95,0.2,0.01,1,D:\Python project\HGNN_PPO_USV_Scheduling\models\best_u2_t20_seed0.pth,0.3088558000745252,0.2875549999298528,0.5965130000840873,0.0016284000594168901,0.1475859999191016,0.1340329999802634
PPO_full_u2_t20_seed0_20260521_211953,PPO,full,u2_t20,2,20,0,58,2026-05-21 21:20:39,45.13866370008327,-0.9364226926419141,0.08430924383418566,1514.856895111317,1260.7427648386144,136.3875954175279,1.0,8,8,0,,,1118.9268617977045,50,,MinBattery_NearestTask,1235.4772701211982,1648.142715048298,0.017408071202225983,0.0029226479528006166,1.2380421608686447,0.0001,0.0003,0.0001,0.0003,,256,3,4,4,1,128,1,0.99,0.95,0.2,0.01,1,D:\Python project\HGNN_PPO_USV_Scheduling\models\best_u2_t20_seed0.pth,0.3112685000523925,0.2811142000136897,0.5924877000506967,0.0013704000739380717,0.14653439994435757,0.1293604001402855
PPO_full_u2_t20_seed0_20260521_211953,PPO,full,u2_t20,2,20,0,59,2026-05-21 21:20:39,45.80535580008291,-0.8965865419824148,0.13159535850885273,1450.4137029765961,1171.292343624724,212.88264132019663,1.0,8,8,0,,,1118.9268617977045,50,,MinBattery_NearestTask,1235.4772701211982,1648.142715048298,0.02075797552242875,0.004795262822881341,1.4010098278522491,0.0001,0.0003,0.0001,0.0003,,256,3,4,4,1,128,1,0.99,0.95,0.2,0.01,1,D:\Python project\HGNN_PPO_USV_Scheduling\models\best_u2_t20_seed0.pth,0.3237554000224918,0.28342639992479235,0.6072656000033021,0.0014214999973773956,0.14460979984141886,0.13402040000073612
PPO_full_u2_t20_seed0_20260521_211953,PPO,full,u2_t20,2,20,0,60,2026-05-21 21:20:40,46.64749360003043,-0.9522206912887727,0.1160335811083921,1540.4134171469323,1114.039910453685,187.70825588452672,1.0,8,8,0,1254.5138440902524,1,1118.9268617977045,50,1.5408275351910548,MinBattery_NearestTask,1235.4772701211982,1648.142715048298,-0.01936211879365146,0.004568894917611033,1.2185232192277908,0.0001,0.0003,0.0001,0.0003,,256,3,4,4,1,128,1,0.99,0.95,0.2,0.01,1,D:\Python project\HGNN_PPO_USV_Scheduling\models\best_u2_t20_seed0.pth,0.29650699999183416,0.2831593999871984,0.7762896999483928,0.001370200072415173,0.14875280007254332,0.12879470002371818
PPO_full_u2_t20_seed0_20260521_211953,PPO,full,u2_t20,2,20,0,61,2026-05-21 21:20:41,47.305094200070016,-0.9338045707619835,0.11576508120934058,1510.621542835877,1173.3638895674908,187.2739019046298,1.0,8,8,0,,,1118.9268617977045,50,,MinBattery_NearestTask,1235.4772701211982,1648.142715048298,0.024934695102274418,0.004578298277920112,1.235753446817398,0.0001,0.0003,0.0001,0.0003,,256,3,4,4,1,128,1,0.99,0.95,0.2,0.01,1,D:\Python project\HGNN_PPO_USV_Scheduling\models\best_u2_t20_seed0.pth,0.3021170999854803,0.29434659995604306,0.5965701999375597,0.0013998000649735332,0.14304000011179596,0.1302408000919968
PPO_full_u2_t20_seed0_20260521_211953,PPO,full,u2_t20,2,20,0,62,2026-05-21 21:20:41,47.96130510000512,-0.882904754949073,0.10211043902884145,1428.2805898133206,1221.4792941373116,165.18470114097772,1.0,8,8,0,,,1118.9268617977045,50,,MinBattery_NearestTask,1235.4772701211982,1648.142715048298,-0.0393887945683673,0.0035304434422869235,1.233985796570778,0.0001,0.0003,0.0001,0.0003,,256,3,4,4,1,128,1,0.99,0.95,0.2,0.01,1,D:\Python project\HGNN_PPO_USV_Scheduling\models\best_u2_t20_seed0.pth,0.2999627999961376,0.2922468000324443,0.5923078000778332,0.001444100053049624,0.14846280007623136,0.13296290021389723
PPO_full_u2_t20_seed0_20260521_211953,PPO,full,u2_t20,2,20,0,63,2026-05-21 21:20:42,48.654375400044955,-0.873367274054794,0.12742634696347196,1412.8517468258347,1155.5997598624133,206.13840505281073,1.0,8,8,0,,,1118.9268617977045,50,,MinBattery_NearestTask,1235.4772701211982,1648.142715048298,0.026919096475467086,0.003829336230410263,1.2728480994701385,0.0001,0.0003,0.0001,0.0003,,256,3,4,4,1,128,1,0.99,0.95,0.2,0.01,1,D:\Python project\HGNN_PPO_USV_Scheduling\models\best_u2_t20_seed0.pth,0.3430475000059232,0.28789069992490113,0.6310423000250012,0.0015764000127092004,0.14942189981229603,0.13291629985906184
PPO_full_u2_t20_seed0_20260521_211953,PPO,full,u2_t20,2,20,0,64,2026-05-21 21:20:43,49.29223350004759,-0.8782129507379957,0.1001817579253207,1420.690628553827,1204.1942425414936,162.06466155725465,1.0,8,8,0,,,1118.9268617977045,50,,MinBattery_NearestTask,1235.4772701211982,1648.142715048298,-0.0021222219802439213,0.002971014298964292,1.2512976974248886,0.0001,0.0003,0.0001,0.0003,,256,3,4,4,1,128,1,0.99,0.95,0.2,0.01,1,D:\Python project\HGNN_PPO_USV_Scheduling\models\best_u2_t20_seed0.pth,0.2822777999099344,0.2895888000493869,0.5719522999133915,0.001322000054642558,0.14960529992822558,0.13511169992852956
PPO_full_u2_t20_seed0_20260521_211953,PPO,full,u2_t20,2,20,0,65,2026-05-21 21:20:43,49.92558220005594,-0.8728726112541191,0.1343972346691871,1412.0515276937638,1168.718770065949,217.41525405382842,1.0,8,8,0,,,1118.9268617977045,50,,MinBattery_NearestTask,1235.4772701211982,1648.142715048298,0.001041119103319943,0.0040056214784272015,1.2147167474031448,0.0001,0.0003,0.0001,0.0003,,256,3,4,4,1,128,1,0.99,0.95,0.2,0.01,1,D:\Python project\HGNN_PPO_USV_Scheduling\models\best_u2_t20_seed0.pth,0.2898435000097379,0.28088949993252754,0.5708183000097051,0.001407400006428361,0.14421130006667227,0.13194990006741136
PPO_full_u2_t20_seed0_20260521_211953,PPO,full,u2_t20,2,20,0,66,2026-05-21 21:20:44,50.57110589998774,-0.8618501983481209,0.11997358128021503,1394.2205008267117,1133.721161066204,194.08201900872749,1.0,8,8,0,,,1118.9268617977045,50,,MinBattery_NearestTask,1235.4772701211982,1648.142715048298,-0.04253449523821473,0.0033142649044748396,1.1900266110897064,0.0001,0.0003,0.0001,0.0003,,256,3,4,4,1,128,1,0.99,0.95,0.2,0.01,1,D:\Python project\HGNN_PPO_USV_Scheduling\models\best_u2_t20_seed0.pth,0.29560690000653267,0.2752139000222087,0.5709277000278234,0.0016195999924093485,0.142564200097695,0.12727659998927265
PPO_full_u2_t20_seed0_20260521_211953,PPO,full,u2_t20,2,20,0,67,2026-05-21 21:20:45,51.21844239998609,-0.8139524540548728,0.09874950966194158,1316.7360178330346,1176.5197206559133,159.74770450961003,1.0,8,8,0,,,1118.9268617977045,50,,MinBattery_NearestTask,1235.4772701211982,1648.142715048298,0.01590087730437517,0.0030934110982343554,1.1552942246198654,0.0001,0.0003,0.0001,0.0003,,256,3,4,4,1,128,1,0.99,0.95,0.2,0.01,1,D:\Python project\HGNN_PPO_USV_Scheduling\models\best_u2_t20_seed0.pth,0.30594360001850873,0.2812396000372246,0.5872930000768974,0.001586899976246059,0.1458934999536723,0.13009970006532967
PPO_full_u2_t20_seed0_20260521_211953,PPO,full,u2_t20,2,20,0,68,2026-05-21 21:20:45,51.88971440005116,-0.8050191354723827,0.06717880844979025,1302.284532027269,1188.9484878755616,108.67558206905002,1.0,8,8,0,,,1118.9268617977045,50,,MinBattery_NearestTask,1235.4772701211982,1648.142715048298,0.025143789127469063,0.001943845913046971,1.1387760788202286,0.0001,0.0003,0.0001,0.0003,,256,3,4,4,1,128,1,0.99,0.95,0.2,0.01,1,D:\Python project\HGNN_PPO_USV_Scheduling\models\best_u2_t20_seed0.pth,0.30273920006584376,0.299332799972035,0.6021815000567585,0.0013889000983908772,0.1496350000379607,0.13437210000120103
PPO_full_u2_t20_seed0_20260521_211953,PPO,full,u2_t20,2,20,0,69,2026-05-21 21:20:46,52.59478829998989,-0.8094105419297905,0.06923162680409083,1309.3885379462972,1171.7807572317918,111.9964392661881,1.0,8,8,0,,,1118.9268617977045,50,,MinBattery_NearestTask,1235.4772701211982,1648.142715048298,0.0009144635405391455,0.002112983915139921,1.2077410370111465,0.0001,0.0003,0.0001,0.0003,,256,3,4,4,1,128,1,0.99,0.95,0.2,0.01,1,D:\Python project\HGNN_PPO_USV_Scheduling\models\best_u2_t20_seed0.pth,0.3354403000557795,0.299429600010626,0.635027899988927,0.0013994999462738633,0.14945359993726015,0.129076799727045
PPO_full_u2_t20_seed0_20260521_211953,PPO,full,u2_t20,2,20,0,70,2026-05-21 21:20:47,53.45478200004436,-0.869636386488651,0.09640575761877206,1406.8162664825386,1161.6387687483943,155.9562020493164,1.0,8,8,0,1238.7431983524543,1,1118.9268617977045,50,0.2643454728176205,MinBattery_NearestTask,1235.4772701211982,1648.142715048298,0.007583182072266936,0.003396665386389941,1.1636324226856232,0.0001,0.0003,0.0001,0.0003,,256,3,4,4,1,128,1,0.99,0.95,0.2,0.01,1,D:\Python project\HGNN_PPO_USV_Scheduling\models\best_u2_t20_seed0.pth,0.2900925000431016,0.29037389997392893,0.7936414000578225,0.002147400053218007,0.14565010042861104,0.12438339996151626
PPO_full_u2_t20_seed0_20260521_211953,PPO,full,u2_t20,2,20,0,71,2026-05-21 21:20:48,54.12142480001785,-0.7912248492543037,0.08157976327042427,1279.9694282234077,1147.1096707382226,131.97209749700983,1.0,8,8,0,,,1118.9268617977045,50,,MinBattery_NearestTask,1235.4772701211982,1648.142715048298,0.0722843143157661,0.0028631864697672427,1.1977618783712387,0.0001,0.0003,0.0001,0.0003,,256,3,4,4,1,128,1,0.99,0.95,0.2,0.01,1,D:\Python project\HGNN_PPO_USV_Scheduling\models\best_u2_t20_seed0.pth,0.31223809998482466,0.28119749994948506,0.5935398999135941,0.0016135000623762608,0.14613040012773126,0.12938259996008128
PPO_full_u2_t20_seed0_20260521_211953,PPO,full,u2_t20,2,20,0,72,2026-05-21 21:20:48,54.78072530007921,-0.9225646249080492,0.12302568248201484,1492.4386115471525,1141.0063136649574,199.01942236989532,1.0,8,8,0,,,1118.9268617977045,50,,MinBattery_NearestTask,1235.4772701211982,1648.142715048298,0.05402245605364442,0.005014184338506311,1.1451599895954132,0.0001,0.0003,0.0001,0.0003,,256,3,4,4,1,128,1,0.99,0.95,0.2,0.01,1,D:\Python project\HGNN_PPO_USV_Scheduling\models\best_u2_t20_seed0.pth,0.30326039995998144,0.2953427000902593,0.5987032999983057,0.0012456000549718738,0.1528422998962924,0.13728389982134104
PPO_full_u2_t20_seed0_20260521_211953,PPO,full,u2_t20,2,20,0,73,2026-05-21 21:20:49,55.42524430004414,-0.7855161641127983,0.08937704930397411,1270.7344522701542,1114.8879225413648,144.58581628435982,1.0,8,8,0,,,1118.9268617977045,50,,MinBattery_NearestTask,1235.4772701211982,1648.142715048298,-0.051191767561249435,0.003484288608888164,1.1768666207790375,0.0001,0.0003,0.0001,0.0003,,256,3,4,4,1,128,1,0.99,0.95,0.2,0.01,1,D:\Python project\HGNN_PPO_USV_Scheduling\models\best_u2_t20_seed0.pth,0.29601749998982996,0.2898834999650717,0.586003000033088,0.001463899970985949,0.14669810014311224,0.12559410009998828
PPO_full_u2_t20_seed0_20260521_211953,PPO,full,u2_t20,2,20,0,74,2026-05-21 21:20:49,56.08378009998705,-0.9000330007444366,0.13445023169684467,1455.9890610498142,1135.3702410216104,217.5009876796774,1.0,8,8,0,,,1118.9268617977045,50,,MinBattery_NearestTask,1235.4772701211982,1648.142715048298,-0.036877606180496514,0.005340854753740132,1.1159498691558838,0.0001,0.0003,0.0001,0.0003,,256,3,4,4,1,128,1,0.99,0.95,0.2,0.01,1,D:\Python project\HGNN_PPO_USV_Scheduling\models\best_u2_t20_seed0.pth,0.2972132000140846,0.28250920004211366,0.5798242000164464,0.00137189996894449,0.14774489996489137,0.12967989989556372
PPO_full_u2_t20_seed0_20260521_211953,PPO,full,u2_t20,2,20,0,75,2026-05-21 21:20:50,56.737322799977846,-0.8338875085010559,0.11662331724340035,1348.9850811241224,1170.4053775476248,188.6622757490958,1.0,8,8,0,,,1118.9268617977045,50,,MinBattery_NearestTask,1235.4772701211982,1648.142715048298,0.006025244481861591,0.003958366287406534,1.1780216246843338,0.0001,0.0003,0.0001,0.0003,,256,3,4,4,1,128,1,0.99,0.95,0.2,0.01,1,D:\Python project\HGNN_PPO_USV_Scheduling\models\best_u2_t20_seed0.pth,0.3048541001044214,0.2861619999166578,0.5911138000665233,0.0015057000564411283,0.14917460014112294,0.1327444000635296
PPO_full_u2_t20_seed0_20260521_211953,PPO,full,u2_t20,2,20,0,76,2026-05-21 21:20:51,57.37225250003394,-0.8707231515755308,0.1192319490476149,1408.5743332168904,1219.3709238076767,192.88227586920422,1.0,8,8,0,,,1118.9268617977045,50,,MinBattery_NearestTask,1235.4772701211982,1648.142715048298,0.0019156461348757148,0.0034699262760113925,1.200518324971199,0.0001,0.0003,0.0001,0.0003,,256,3,4,4,1,128,1,0.99,0.95,0.2,0.01,1,D:\Python project\HGNN_PPO_USV_Scheduling\models\best_u2_t20_seed0.pth,0.2940092000644654,0.27709719992708415,0.5712084000697359,0.0012407999020069838,0.1399421999230981,0.13216299982741475
PPO_full_u2_t20_seed0_20260521_211953,PPO,full,u2_t20,2,20,0,77,2026-05-21 21:20:51,58.02548469998874,-0.7910180250308532,0.11436943491380404,1279.6348473728665,1140.6824581904716,185.01615609118173,1.0,8,8,0,,,1118.9268617977045,50,,MinBattery_NearestTask,1235.4772701211982,1648.142715048298,-0.042477203300222754,0.0033493691589683294,1.210125058889389,0.0001,0.0003,0.0001,0.0003,,256,3,4,4,1,128,1,0.99,0.95,0.2,0.01,1,D:\Python project\HGNN_PPO_USV_Scheduling\models\best_u2_t20_seed0.pth,0.2986339000053704,0.2924972999608144,0.591213500010781,0.0013514000456780195,0.14518380025401711,0.13003150012809783
PPO_full_u2_t20_seed0_20260521_211953,PPO,full,u2_t20,2,20,0,78,2026-05-21 21:20:52,58.676778799970634,-0.8390239676612201,0.1134597165775959,1357.294363498816,1154.4122793681443,183.5444990018751,1.0,8,8,0,,,1118.9268617977045,50,,MinBattery_NearestTask,1235.4772701211982,1648.142715048298,-0.007929170853458345,0.0031622557144146413,1.2167100980877876,0.0001,0.0003,0.0001,0.0003,,256,3,4,4,1,128,1,0.99,0.95,0.2,0.01,1,D:\Python project\HGNN_PPO_USV_Scheduling\models\best_u2_t20_seed0.pth,0.3065379000036046,0.27890779997687787,0.5855779000557959,0.001384299946948886,0.14350200002081692,0.1306327999336645
PPO_full_u2_t20_seed0_20260521_211953,PPO,full,u2_t20,2,20,0,79,2026-05-21 21:20:53,59.35992249997798,-0.8730070621439087,0.11785401227051279,1412.269029746044,1169.3803472884933,190.6531788554064,1.0,8,8,0,,,1118.9268617977045,50,,MinBattery_NearestTask,1235.4772701211982,1648.142715048298,-0.004626083071343601,0.003591039130697027,1.1534466370940208,0.0001,0.0003,0.0001,0.0003,,256,3,4,4,1,128,1,0.99,0.95,0.2,0.01,1,D:\Python project\HGNN_PPO_USV_Scheduling\models\best_u2_t20_seed0.pth,0.3309460999444127,0.293070700019598,0.6241184000391513,0.0013322000158950686,0.14817609987221658,0.13947219995316118
PPO_full_u2_t20_seed0_20260521_211953,PPO,full,u2_t20,2,20,0,80,2026-05-21 21:20:54,60.247793100075796,-0.8126362334889021,0.09907028944829263,1314.606759523176,1145.3059349689368,160.26663199287637,1.0,8,8,0,1209.6023905720722,1,1118.9268617977045,50,-2.0943225889204546,MinBattery_NearestTask,1235.4772701211982,1648.142715048298,0.008575772633776069,0.0028865891217719764,1.1733440607786179,0.0001,0.0003,0.0001,0.0003,,256,3,4,4,1,128,1,0.99,0.95,0.2,0.01,1,D:\Python project\HGNN_PPO_USV_Scheduling\models\best_u2_t20_seed0.pth,0.2958616999676451,0.3062869000714272,0.8201915000099689,0.0015547999646514654,0.14991350017953664,0.13400560000445694
PPO_full_u2_t20_seed0_20260521_211953,PPO,full,u2_t20,2,20,0,81,2026-05-21 21:20:54,60.87568060006015,-0.8927624044255469,0.12265984057619134,1444.2273715352553,1240.1047816607593,198.4275976117897,1.0,8,8,0,,,1118.9268617977045,50,,MinBattery_NearestTask,1235.4772701211982,1648.142715048298,-0.02745896519627422,0.0035477489873301238,1.170184776186943,0.0001,0.0003,0.0001,0.0003,,256,3,4,4,1,128,1,0.99,0.95,0.2,0.01,1,D:\Python project\HGNN_PPO_USV_Scheduling\models\best_u2_t20_seed0.pth,0.2883507999358699,0.27650260005611926,0.5649352000327781,0.0018338999943807721,0.1428582000080496,0.12843569996766746
PPO_full_u2_t20_seed0_20260521_211953,PPO,full,u2_t20,2,20,0,82,2026-05-21 21:20:55,61.52613710006699,-0.8436920801077836,0.0923749728327786,1364.8459984414517,1162.80512019895,149.43557608227044,1.0,8,8,0,,,1118.9268617977045,50,,MinBattery_NearestTask,1235.4772701211982,1648.142715048298,0.010248416336253285,0.002657068951521069,1.1806657016277313,0.0001,0.0003,0.0001,0.0003,,256,3,4,4,1,128,1,0.99,0.95,0.2,0.01,1,D:\Python project\HGNN_PPO_USV_Scheduling\models\best_u2_t20_seed0.pth,0.30507449992001057,0.27873640006873757,0.5839073000242934,0.0020257000578567386,0.14252659981139004,0.13171150023117661
PPO_full_u2_t20_seed0_20260521_211953,PPO,full,u2_t20,2,20,0,83,2026-05-21 21:20:56,62.157567400019616,-0.829844856776366,0.11155249214979525,1342.4452579355125,1178.8362744446392,180.45917001777354,1.0,8,8,0,,,1118.9268617977045,50,,MinBattery_NearestTask,1235.4772701211982,1648.142715048298,-0.012202696641907096,0.003205861139576882,1.0847401320934296,0.0001,0.0003,0.0001,0.0003,,256,3,4,4,1,128,1,0.99,0.95,0.2,0.01,1,D:\Python project\HGNN_PPO_USV_Scheduling\models\best_u2_t20_seed0.pth,0.2853990000439808,0.2830868000164628,0.5685814000898972,0.0011959000257775187,0.15580279985442758,0.12248510005883873
PPO_full_u2_t20_seed0_20260521_211953,PPO,full,u2_t20,2,20,0,84,2026-05-21 21:20:56,62.845083500025794,-0.8340266050208793,0.0904559487818285,1349.2100984414046,1145.2411361137913,146.3311587733897,1.0,8,8,0,,,1118.9268617977045,50,,MinBattery_NearestTask,1235.4772701211982,1648.142715048298,-0.005626390804536641,0.002591009804746136,1.0995682775974274,0.0001,0.0003,0.0001,0.0003,,256,3,4,4,1,128,1,0.99,0.95,0.2,0.01,1,D:\Python project\HGNN_PPO_USV_Scheduling\models\best_u2_t20_seed0.pth,0.306642199982889,0.3086911999853328,0.6154349000426009,0.0016801999881863594,0.1583286999957636,0.13295440014917403
PPO_full_u2_t20_seed0_20260521_211953,PPO,full,u2_t20,2,20,0,85,2026-05-21 21:20:57,63.55195980006829,-0.797252578420635,0.09264470899896439,1289.7205237075623,1178.4654177308325,149.8719299793066,1.0,8,8,0,,,1118.9268617977045,50,,MinBattery_NearestTask,1235.4772701211982,1648.142715048298,-0.0012762949336320162,0.0026013270835392177,1.1123882234096527,0.0001,0.0003,0.0001,0.0003,,256,3,4,4,1,128,1,0.99,0.95,0.2,0.01,1,D:\Python project\HGNN_PPO_USV_Scheduling\models\best_u2_t20_seed0.pth,0.32392199989408255,0.3142998000839725,0.6383043999085203,0.0013531000586226583,0.16288369975518435,0.14631620014552027
PPO_full_u2_t20_seed0_20260521_211953,PPO,full,u2_t20,2,20,0,86,2026-05-21 21:20:58,64.24401110003237,-0.789603139884587,0.07812401355264516,1277.3459787492698,1168.6658482651599,126.38170938607325,1.0,8,8,0,,,1118.9268617977045,50,,MinBattery_NearestTask,1235.4772701211982,1648.142715048298,-0.009973473846912384,0.0020653014216804877,1.0598704367876053,0.0001,0.0003,0.0001,0.0003,,256,3,4,4,1,128,1,0.99,0.95,0.2,0.01,1,D:\Python project\HGNN_PPO_USV_Scheduling\models\best_u2_t20_seed0.pth,0.321533799986355,0.29711839999072254,0.6187508000293747,0.0014230000087991357,0.15186369989532977,0.14092379971407354
PPO_full_u2_t20_seed0_20260521_211953,PPO,full,u2_t20,2,20,0,87,2026-05-21 21:20:58,64.89519870001823,-0.7769501623205023,0.08457077753755883,1256.877177152241,1173.0894581513091,136.8106801387461,1.0,8,8,0,,,1118.9268617977045,50,,MinBattery_NearestTask,1235.4772701211982,1648.142715048298,-0.06773642334155738,0.0020740376639878377,1.051967054605484,0.0001,0.0003,0.0001,0.0003,,256,3,4,4,1,128,1,0.99,0.95,0.2,0.01,1,D:\Python project\HGNN_PPO_USV_Scheduling\models\best_u2_t20_seed0.pth,0.30300569999963045,0.2846839999547228,0.587792000034824,0.001271400018595159,0.14376629970502108,0.1268319000955671
PPO_full_u2_t20_seed0_20260521_211953,PPO,full,u2_t20,2,20,0,88,2026-05-21 21:20:59,65.57433169998694,-0.8040649358869572,0.08291091910020922,1300.7409173405981,1190.213494701845,134.1255166773249,1.0,8,8,0,,,1118.9268617977045,50,,MinBattery_NearestTask,1235.4772701211982,1648.142715048298,0.052426858455874026,0.00245751922193449,1.0224975049495697,0.0001,0.0003,0.0001,0.0003,,256,3,4,4,1,128,1,0.99,0.95,0.2,0.01,1,D:\Python project\HGNN_PPO_USV_Scheduling\models\best_u2_t20_seed0.pth,0.3203320999164134,0.2842020000098273,0.604630499961786,0.001589299994520843,0.14499579987023026,0.1351997999008745
PPO_full_u2_t20_seed0_20260521_211953,PPO,full,u2_t20,2,20,0,89,2026-05-21 21:21:00,66.28898189996835,-0.8212912030889179,0.09272131795102637,1328.6079584246813,1165.4865216881335,149.995860764165,1.0,8,8,0,,,1118.9268617977045,50,,MinBattery_NearestTask,1235.4772701211982,1648.142715048298,0.08368491684086621,0.003007875318871811,1.0979297906160355,0.0001,0.0003,0.0001,0.0003,,256,3,4,4,1,128,1,0.99,0.95,0.2,0.01,1,D:\Python project\HGNN_PPO_USV_Scheduling\models\best_u2_t20_seed0.pth,0.340976299950853,0.3082602999638766,0.6493190999608487,0.0014696000143885612,0.15050450025592,0.15259219997096807
PPO_full_u2_t20_seed0_20260521_211953,PPO,full,u2_t20,2,20,0,90,2026-05-21 21:21:01,67.15658599999733,-0.8970101745387744,0.13517839786046779,1451.0990160345107,1156.1937954933828,218.6789466744976,1.0,8,8,0,1223.388663306749,1,1118.9268617977045,50,-0.9784564319231264,MinBattery_NearestTask,1235.4772701211982,1648.142715048298,0.014455570024438202,0.003684598457766697,1.1707288175821304,0.0001,0.0003,0.0001,0.0003,,256,3,4,4,1,128,1,0.99,0.95,0.2,0.01,1,D:\Python project\HGNN_PPO_USV_Scheduling\models\best_u2_t20_seed0.pth,0.30254440009593964,0.2855021000141278,0.7972957000602037,0.0014443000545725226,0.1464122001780197,0.13508609996642917
PPO_full_u2_t20_seed0_20260521_211953,PPO,full,u2_t20,2,20,0,91,2026-05-21 21:21:01,67.79178510000929,-0.8453214172116412,0.12937530291214408,1367.4817873492104,1132.1407859223207,209.29124338139147,1.0,8,8,0,,,1118.9268617977045,50,,MinBattery_NearestTask,1235.4772701211982,1648.142715048298,0.0048179811565205455,0.004001219320343807,1.0542647615075111,0.0001,0.0003,0.0001,0.0003,,256,3,4,4,1,128,1,0.99,0.95,0.2,0.01,1,D:\Python project\HGNN_PPO_USV_Scheduling\models\best_u2_t20_seed0.pth,0.2885173000395298,0.28119299991521984,0.5697896999772638,0.0012662999797612429,0.14838450017850846,0.12916979985311627
PPO_full_u2_t20_seed0_20260521_211953,PPO,full,u2_t20,2,20,0,92,2026-05-21 21:21:02,68.4622578000417,-0.8907544071485918,0.11823062279339322,1440.9790216775878,1185.4301425219383,191.26242407323352,1.0,8,8,0,,,1118.9268617977045,50,,MinBattery_NearestTask,1235.4772701211982,1648.142715048298,0.00915114360395819,0.0033151061506941915,1.1034538745880127,0.0001,0.0003,0.0001,0.0003,,256,3,4,4,1,128,1,0.99,0.95,0.2,0.01,1,D:\Python project\HGNN_PPO_USV_Scheduling\models\best_u2_t20_seed0.pth,0.30811480002012104,0.2966668999288231,0.6048840000294149,0.0017624000320211053,0.14980479993391782,0.1303847999079153
PPO_full_u2_t20_seed0_20260521_211953,PPO,full,u2_t20,2,20,0,93,2026-05-21 21:21:03,69.12106200004928,-0.7725902462909158,0.05979682522210888,1249.824113496883,1161.6347692445045,96.73370124971646,1.0,8,8,0,,,1118.9268617977045,50,,MinBattery_NearestTask,1235.4772701211982,1648.142715048298,-0.003448343835771084,0.002379032172029838,1.0651769936084747,0.0001,0.0003,0.0001,0.0003,,256,3,4,4,1,128,1,0.99,0.95,0.2,0.01,1,D:\Python project\HGNN_PPO_USV_Scheduling\models\best_u2_t20_seed0.pth,0.31022910005412996,0.2755512000294402,0.5858764000004157,0.0013134999899193645,0.1440692002652213,0.12774840008933097
PPO_full_u2_t20_seed0_20260521_211953,PPO,full,u2_t20,2,20,0,94,2026-05-21 21:21:03,69.78080569999292,-0.8196490303721357,0.09724533938289205,1325.9514052649508,1145.3939827952265,157.3143987636641,1.0,8,8,0,,,1118.9268617977045,50,,MinBattery_NearestTask,1235.4772701211982,1648.142715048298,-0.0007818947779014707,0.003112325881375,1.1019312888383865,0.0001,0.0003,0.0001,0.0003,,256,3,4,4,1,128,1,0.99,0.95,0.2,0.01,1,D:\Python project\HGNN_PPO_USV_Scheduling\models\best_u2_t20_seed0.pth,0.2991605999413878,0.2921148999594152,0.5913647999987006,0.0011916999937966466,0.14866870013065636,0.138567200046964
PPO_full_u2_t20_seed0_20260521_211953,PPO,full,u2_t20,2,20,0,95,2026-05-21 21:21:04,70.40749200002756,-0.8606225765311838,0.1261356174497586,1392.2345692718818,1151.6264020096264,204.05038377893922,1.0,8,8,0,,,1118.9268617977045,50,,MinBattery_NearestTask,1235.4772701211982,1648.142715048298,0.004240131238475442,0.003489820403046906,1.157948076725006,0.0001,0.0003,0.0001,0.0003,,256,3,4,4,1,128,1,0.99,0.95,0.2,0.01,1,D:\Python project\HGNN_PPO_USV_Scheduling\models\best_u2_t20_seed0.pth,0.2937006999272853,0.27124520007055253,0.5650367999915034,0.001325199962593615,0.14305169973522425,0.12433260027319193
PPO_full_u2_t20_seed0_20260521_211953,PPO,full,u2_t20,2,20,0,96,2026-05-21 21:21:04,71.05470039998181,-0.8323123591072439,0.11454375060571094,1346.4369520166201,1130.134927839677,185.29814768524088,1.0,8,8,0,,,1118.9268617977045,50,,MinBattery_NearestTask,1235.4772701211982,1648.142715048298,-0.04226600122638047,0.0032581702107563615,1.1971585899591446,0.0001,0.0003,0.0001,0.0003,,256,3,4,4,1,128,1,0.99,0.95,0.2,0.01,1,D:\Python project\HGNN_PPO_USV_Scheduling\models\best_u2_t20_seed0.pth,0.29172450001351535,0.28006199991796166,0.571887300000526,0.0012388998875394464,0.1471422000322491,0.127657400094904
PPO_full_u2_t20_seed0_20260521_211953,PPO,full,u2_t20,2,20,0,97,2026-05-21 21:21:05,71.72745890007354,-0.7838831753317874,0.08765545486443473,1268.0927560212363,1125.0181398239542,141.80078210287945,1.0,8,8,0,,,1118.9268617977045,50,,MinBattery_NearestTask,1235.4772701211982,1648.142715048298,-0.08419314632192254,0.0019931945571443066,1.1842674911022186,0.0001,0.0003,0.0001,0.0003,,256,3,4,4,1,128,1,0.99,0.95,0.2,0.01,1,D:\Python project\HGNN_PPO_USV_Scheduling\models\best_u2_t20_seed0.pth,0.30450139997992665,0.3034917999757454,0.6080903999973089,0.001317500020377338,0.15055950020905584,0.1289370998274535
PPO_full_u2_t20_seed0_20260521_211953,PPO,full,u2_t20,2,20,0,98,2026-05-21 21:21:06,72.38333820004482,-0.829378383526226,0.10133206148722926,1341.6906412171093,1179.2612995731824,163.92551488334402,1.0,8,8,0,,,1118.9268617977045,50,,MinBattery_NearestTask,1235.4772701211982,1648.142715048298,0.015171220293268561,0.003620890056481585,1.1639893800020218,0.0001,0.0003,0.0001,0.0003,,256,3,4,4,1,128,1,0.99,0.95,0.2,0.01,1,D:\Python project\HGNN_PPO_USV_Scheduling\models\best_u2_t20_seed0.pth,0.28277200006414205,0.304221999947913,0.5870976999867707,0.0014479999663308263,0.1502870002295822,0.13125669991131872
PPO_full_u2_t20_seed0_20260521_211953,PPO,full,u2_t20,2,20,0,99,2026-05-21 21:21:06,73.0114748000633,-0.9798415390158037,0.03628765259845823,1585.0958366962338,1481.7202569728172,58.70276444400445,1.0,8,8,0,,,1118.9268617977045,50,,MinBattery_NearestTask,1235.4772701211982,1648.142715048298,0.054990981006994843,0.0028835130942752585,1.1625416278839111,0.0001,0.0003,0.0001,0.0003,,256,3,4,4,1,128,1,0.99,0.95,0.2,0.01,1,D:\Python project\HGNN_PPO_USV_Scheduling\models\best_u2_t20_seed0.pth,0.2963863000040874,0.26622580003459007,0.5627090999623761,0.00136160000693053,0.13953539985232055,0.12300819996744394
PPO_full_u2_t20_seed0_20260521_211953,PPO,full,u2_t20,2,20,0,100,2026-05-21 21:21:07,73.86524469999131,-0.842791418852533,0.12144660450801927,1363.388993049125,1139.0229176118946,196.46493797345585,1.0,8,8,0,1135.9658775271487,1,1118.9268617977045,50,-8.054489953043625,MinBattery_NearestTask,1235.4772701211982,1648.142715048298,-0.014609401929192245,0.005116938555147499,1.2162823975086212,0.0001,0.0003,0.0001,0.0003,,256,3,4,4,1,128,1,0.99,0.95,0.2,0.01,1,D:\Python project\HGNN_PPO_USV_Scheduling\models\best_u2_t20_seed0.pth,0.30931129993405193,0.2647302000550553,0.7835873999865726,0.0012333999620750546,0.13978339999448508,0.11955509998369962
PPO_full_u2_t20_seed0_20260521_211953,PPO,full,u2_t20,2,20,0,101,2026-05-21 21:21:08,74.52957510005217,-0.8641250997769301,0.11136205574884467,1397.9006232139718,1206.4168108191186,180.1510998510347,1.0,8,8,0,,,1118.9268617977045,50,,MinBattery_NearestTask,1235.4772701211982,1648.142715048298,-0.007003293139860034,0.0033769331057555974,1.1696073412895203,0.0001,0.0003,0.0001,0.0003,,256,3,4,4,1,128,1,0.99,0.95,0.2,0.01,1,D:\Python project\HGNN_PPO_USV_Scheduling\models\best_u2_t20_seed0.pth,0.31538250006269664,0.2832778999581933,0.5987627999857068,0.0017114999936893582,0.14286719996016473,0.13454030000139028
PPO_full_u2_t20_seed0_20260521_211953,PPO,full,u2_t20,2,20,0,102,2026-05-21 21:21:09,75.181558100041,-0.8941369270182107,0.11974119629779655,1446.450945401357,1169.8927962132875,193.70608835721399,1.0,8,8,0,,,1118.9268617977045,50,,MinBattery_NearestTask,1235.4772701211982,1648.142715048298,-0.03791096108034253,0.0038514772313646972,1.1704702079296112,0.0001,0.0003,0.0001,0.0003,,256,3,4,4,1,128,1,0.99,0.95,0.2,0.01,1,D:\Python project\HGNN_PPO_USV_Scheduling\models\best_u2_t20_seed0.pth,0.2920011000242084,0.29192170000169426,0.5840182000538334,0.001406499999575317,0.1557670998154208,0.13226839969865978
PPO_full_u2_t20_seed0_20260521_211953,PPO,full,u2_t20,2,20,0,103,2026-05-21 21:21:09,75.8382702000672,-0.843196782096614,0.10583104145215053,1364.0447517253574,1190.5707863731677,171.20354314385185,1.0,8,8,0,,,1118.9268617977045,50,,MinBattery_NearestTask,1235.4772701211982,1648.142715048298,0.015604516491293907,0.0035276605922263116,1.1452744007110596,0.0001,0.0003,0.0001,0.0003,,256,3,4,4,1,128,1,0.99,0.95,0.2,0.01,1,D:\Python project\HGNN_PPO_USV_Scheduling\models\best_u2_t20_seed0.pth,0.2992692000698298,0.2938319999957457,0.593201500014402,0.001277000061236322,0.14743640006054193,0.12891419988591224
PPO_full_u2_t20_seed0_20260521_211953,PPO,full,u2_t20,2,20,0,104,2026-05-21 21:21:10,76.49787129997276,-0.784204619917223,0.057240549752358094,1268.6127589541738,1176.3339890171646,92.59839830203717,1.0,8,8,0,,,1118.9268617977045,50,,MinBattery_NearestTask,1235.4772701211982,1648.142715048298,-0.0006768795428797603,0.0016519919881829992,1.056423619389534,0.0001,0.0003,0.0001,0.0003,,256,3,4,4,1,128,1,0.99,0.95,0.2,0.01,1,D:\Python project\HGNN_PPO_USV_Scheduling\models\best_u2_t20_seed0.pth,0.30186189990490675,0.2873490999918431,0.5893155999947339,0.0013171000173315406,0.14990329986903816,0.1333398000570014
PPO_full_u2_t20_seed0_20260521_211953,PPO,full,u2_t20,2,20,0,105,2026-05-21 21:21:11,77.1281218000222,-0.8986391816051584,0.10682719282689697,1453.7342710385674,1188.7585330036288,172.81502350466172,1.0,8,8,0,,,1118.9268617977045,50,,MinBattery_NearestTask,1235.4772701211982,1648.142715048298,0.04613790940493345,0.003940554117434658,1.2349813580513,0.0001,0.0003,0.0001,0.0003,,256,3,4,4,1,128,1,0.99,0.95,0.2,0.01,1,D:\Python project\HGNN_PPO_USV_Scheduling\models\best_u2_t20_seed0.pth,0.302604699973017,0.2660145000554621,0.5687152000609785,0.0011623000027611852,0.13778930029366165,0.12367800017818809
PPO_full_u2_t20_seed0_20260521_211953,PPO,full,u2_t20,2,20,0,106,2026-05-21 21:21:11,77.78986750007607,-0.8313100394733122,0.09895154251775153,1344.8154932240282,1184.0147820780153,160.07453433450382,1.0,8,8,0,,,1118.9268617977045,50,,MinBattery_NearestTask,1235.4772701211982,1648.142715048298,-0.002764743287116289,0.0035543114063329995,1.2177000790834427,0.0001,0.0003,0.0001,0.0003,,256,3,4,4,1,128,1,0.99,0.95,0.2,0.01,1,D:\Python project\HGNN_PPO_USV_Scheduling\models\best_u2_t20_seed0.pth,0.3079779000254348,0.27947449998464435,0.5875514000654221,0.0013461000053212047,0.14736609999090433,0.12820760009344667
PPO_full_u2_t20_seed0_20260521_211953,PPO,full,u2_t20,2,20,0,107,2026-05-21 21:21:12,78.49322529998608,-0.8155404092394495,0.09321594874971248,1319.3048629490122,1183.8255523758298,150.79602812641687,1.0,8,8,0,,,1118.9268617977045,50,,MinBattery_NearestTask,1235.4772701211982,1648.142715048298,0.007980841677635908,0.0030073499656282365,1.2770822793245316,0.0001,0.0003,0.0001,0.0003,,256,3,4,4,1,128,1,0.99,0.95,0.2,0.01,1,D:\Python project\HGNN_PPO_USV_Scheduling\models\best_u2_t20_seed0.pth,0.2976151000475511,0.33885239996016026,0.6365714999847114,0.0023632000666111708,0.1754354996373877,0.14899479993619025
PPO_full_u2_t20_seed0_20260521_211953,PPO,full,u2_t20,2,20,0,108,2026-05-21 21:21:13,79.13642970006913,-0.8964930212391031,0.11519459652078529,1450.2624138803844,1172.007294770061,186.35102522639048,1.0,8,8,0,,,1118.9268617977045,50,,MinBattery_NearestTask,1235.4772701211982,1648.142715048298,-0.017302527208812535,0.004236728302203119,1.2280961275100708,0.0001,0.0003,0.0001,0.0003,,256,3,4,4,1,128,1,0.99,0.95,0.2,0.01,1,D:\Python project\HGNN_PPO_USV_Scheduling\models\best_u2_t20_seed0.pth,0.28307509992737323,0.29130370006896555,0.5744795999489725,0.0013239000691100955,0.1401257001562044,0.12384630006272346
PPO_full_u2_t20_seed0_20260521_211953,PPO,full,u2_t20,2,20,0,109,2026-05-21 21:21:13,79.77799269999377,-0.8428011774701366,0.12766394278382345,1363.4047796263617,1187.4413256232026,206.52276530970886,1.0,8,8,0,,,1118.9268617977045,50,,MinBattery_NearestTask,1235.4772701211982,1648.142715048298,0.024274026625789702,0.00447662259102799,1.263640582561493,0.0001,0.0003,0.0001,0.0003,,256,3,4,4,1,128,1,0.99,0.95,0.2,0.01,1,D:\Python project\HGNN_PPO_USV_Scheduling\models\best_u2_t20_seed0.pth,0.30515429994557053,0.2704639999428764,0.575716899940744,0.0012026999611407518,0.14218279998749495,0.12281010008882731
PPO_full_u2_t20_seed0_20260521_211953,PPO,full,u2_t20,2,20,0,110,2026-05-21 21:21:14,80.64841330004856,-0.8343667111974489,0.10382392378847895,1349.7602903480029,1181.6424213896564,167.95661624213986,1.0,8,8,0,1206.3711538637488,1,1118.9268617977045,50,-2.3558601166814017,MinBattery_NearestTask,1235.4772701211982,1648.142715048298,-0.00590187544003129,0.0033459519618190825,1.2965005934238434,0.0001,0.0003,0.0001,0.0003,,256,3,4,4,1,128,1,0.99,0.95,0.2,0.01,1,D:\Python project\HGNN_PPO_USV_Scheduling\models\best_u2_t20_seed0.pth,0.30344130005687475,0.2885963999433443,0.7958994000218809,0.0013611000031232834,0.15219219983555377,0.13249480002559721
PPO_full_u2_t20_seed0_20260521_211953,PPO,full,u2_t20,2,20,0,111,2026-05-21 21:21:15,81.31150670000352,-0.9175080205902288,0.11086296339655963,1484.2585108544954,1231.1485777128185,179.34371500539058,1.0,8,8,0,,,1118.9268617977045,50,,MinBattery_NearestTask,1235.4772701211982,1648.142715048298,0.020096961874514818,0.003991006698925048,1.2921916544437408,0.0001,0.0003,0.0001,0.0003,,256,3,4,4,1,128,1,0.99,0.95,0.2,0.01,1,D:\Python project\HGNN_PPO_USV_Scheduling\models\best_u2_t20_seed0.pth,0.30392859992571175,0.29452300001867115,0.5985571999335662,0.0016262000426650047,0.14807140012271702,0.14037060015834868
PPO_full_u2_t20_seed0_20260521_211953,PPO,full,u2_t20,2,20,0,112,2026-05-21 21:21:15,81.95899309997912,-0.8129992316515455,0.1086948604670678,1315.193983940006,1121.2036022641562,175.83636122396356,1.0,8,8,0,,,1118.9268617977045,50,,MinBattery_NearestTask,1235.4772701211982,1648.142715048298,-0.026131835533306003,0.0036225128278601915,1.2257263138890266,0.0001,0.0003,0.0001,0.0003,,256,3,4,4,1,128,1,0.99,0.95,0.2,0.01,1,D:\Python project\HGNN_PPO_USV_Scheduling\models\best_u2_t20_seed0.pth,0.30222630000207573,0.27477570006158203,0.5771038000239059,0.0013747999910265207,0.145178799983114,0.12482089980039746
PPO_full_u2_t20_seed0_20260521_211953,PPO,full,u2_t20,2,20,0,113,2026-05-21 21:21:16,82.61157569999341,-0.79808753418653,0.07347484298765548,1291.0712369154091,1179.7896550977105,118.86071684470981,1.0,8,8,0,,,1118.9268617977045,50,,MinBattery_NearestTask,1235.4772701211982,1648.142715048298,-0.05341414827853441,0.0018863616132875904,1.3871370553970337,0.0001,0.0003,0.0001,0.0003,,256,3,4,4,1,128,1,0.99,0.95,0.2,0.01,1,D:\Python project\HGNN_PPO_USV_Scheduling\models\best_u2_t20_seed0.pth,0.30030929995700717,0.2788243000395596,0.5792346999514848,0.0011103999568149447,0.14484580012504011,0.1288705999031663
PPO_full_u2_t20_seed0_20260521_211953,PPO,full,u2_t20,2,20,0,114,2026-05-21 21:21:17,83.25081200001296,-0.9037522956526283,0.1379312915578446,1462.0057878772373,1149.2454282114622,223.13232016891203,1.0,8,8,0,,,1118.9268617977045,50,,MinBattery_NearestTask,1235.4772701211982,1648.142715048298,-0.014806900988332927,0.004831952246604487,1.2226043194532394,0.0001,0.0003,0.0001,0.0003,,256,3,4,4,1,128,1,0.99,0.95,0.2,0.01,1,D:\Python project\HGNN_PPO_USV_Scheduling\models\best_u2_t20_seed0.pth,0.28664730000309646,0.28354770003352314,0.570291499956511,0.0013270999770611525,0.14346280007157475,0.12221890012733638
PPO_full_u2_t20_seed0_20260521_211953,PPO,full,u2_t20,2,20,0,115,2026-05-21 21:21:17,83.90072510007303,-0.8589060579970609,0.11934409895478539,1389.4577464146032,1187.5608467217185,193.06370148126828,1.0,8,8,0,,,1118.9268617977045,50,,MinBattery_NearestTask,1235.4772701211982,1648.142715048298,0.01781469804700464,0.0038222793373279274,1.2172171920537949,0.0001,0.0003,0.0001,0.0003,,256,3,4,4,1,128,1,0.99,0.95,0.2,0.01,1,D:\Python project\HGNN_PPO_USV_Scheduling\models\best_u2_t20_seed0.pth,0.30252399994060397,0.2833752000005916,0.5860066999448463,0.0012510999804362655,0.1480347999604419,0.1302136001177132
PPO_full_u2_t20_seed0_20260521_211953,PPO,full,u2_t20,2,20,0,116,2026-05-21 21:21:18,84.58053490007296,-0.7928758786863884,0.07015828268895322,1282.6403089473347,1167.05214376221,113.49549633476352,1.0,8,8,0,,,1118.9268617977045,50,,MinBattery_NearestTask,1235.4772701211982,1648.142715048298,-0.005724864429794252,0.0020616306574083865,1.1556260585784912,0.0001,0.0003,0.0001,0.0003,,256,3,4,4,1,128,1,0.99,0.95,0.2,0.01,1,D:\Python project\HGNN_PPO_USV_Scheduling\models\best_u2_t20_seed0.pth,0.3081312000285834,0.29512710007838905,0.6033542000222951,0.0016464999644085765,0.1467021998250857,0.1264196999836713
PPO_full_u2_t20_seed0_20260521_211953,PPO,full,u2_t20,2,20,0,117,2026-05-21 21:21:19,85.31563640001696,-0.8497656567444584,0.11552778863110816,1374.6712616675022,1169.0788936736517,186.89003220442004,1.0,8,8,0,,,1118.9268617977045,50,,MinBattery_NearestTask,1235.4772701211982,1648.142715048298,0.02391221420839429,0.0041326351929455996,1.1318997144699097,0.0001,0.0003,0.0001,0.0003,,256,3,4,4,1,128,1,0.99,0.95,0.2,0.01,1,D:\Python project\HGNN_PPO_USV_Scheduling\models\best_u2_t20_seed0.pth,0.39568010007496923,0.2727904999628663,0.6686432000715286,0.0012894000392407179,0.1437371001811698,0.12360839988104999
PPO_full_u2_t20_seed0_20260521_211953,PPO,full,u2_t20,2,20,0,118,2026-05-21 21:21:19,85.96038699999917,-0.8447292094415139,0.12749973538669576,1366.5237691049228,1150.7866977740496,206.25712596785837,1.0,8,8,0,,,1118.9268617977045,50,,MinBattery_NearestTask,1235.4772701211982,1648.142715048298,-0.007153238751925528,0.0038934650947339833,1.179312825202942,0.0001,0.0003,0.0001,0.0003,,256,3,4,4,1,128,1,0.99,0.95,0.2,0.01,1,D:\Python project\HGNN_PPO_USV_Scheduling\models\best_u2_t20_seed0.pth,0.29812849999871105,0.27618549996986985,0.5744104000041261,0.0020471999887377024,0.14161040005274117,0.1299329997273162
PPO_full_u2_t20_seed0_20260521_211953,PPO,full,u2_t20,2,20,0,119,2026-05-21 21:21:20,86.61706389999017,-0.8414304806946018,0.12683453245023954,1361.1873948087562,1133.1051095402213,205.18102298268192,1.0,8,8,0,,,1118.9268617977045,50,,MinBattery_NearestTask,1235.4772701211982,1648.142715048298,0.04294825065881014,0.003382538619916886,1.0019797533750534,0.0001,0.0003,0.0001,0.0003,,256,3,4,4,1,128,1,0.99,0.95,0.2,0.01,1,D:\Python project\HGNN_PPO_USV_Scheduling\models\best_u2_t20_seed0.pth,0.2913553999969736,0.29142360005062073,0.5828803000040352,0.0011855000630021095,0.14921289996709675,0.13704400009009987
PPO_full_u2_t20_seed0_20260521_211953,PPO,full,u2_t20,2,20,0,120,2026-05-21 21:21:21,87.6857787000481,-0.824728040505764,0.11992797264088915,1334.1677519871346,1154.211827267905,194.008237625275,1.0,8,8,0,1099.1502782527668,1,1099.1502782527668,120,-11.034358556435274,MinBattery_NearestTask,1235.4772701211982,1648.142715048298,-0.017191696795634925,0.0034248931624460965,1.0918014198541641,0.0001,0.0003,0.0001,0.0003,,256,3,4,4,1,128,1,0.99,0.95,0.2,0.01,1,D:\Python project\HGNN_PPO_USV_Scheduling\models\best_u2_t20_seed0.pth,0.32146439992357045,0.28483830008190125,0.9918978000059724,0.00137489999178797,0.14930430008098483,0.13126999989617616
PPO_full_u2_t20_seed0_20260521_211953,PPO,full,u2_t20,2,20,0,121,2026-05-21 21:21:22,88.37265050003771,-0.7656479123264854,0.038096564413436076,1238.593456063206,1182.3103555789562,61.629052494368075,1.0,8,8,0,,,1099.1502782527668,120,,MinBattery_NearestTask,1235.4772701211982,1648.142715048298,-0.021652917261235416,0.0014657610736321658,1.0640785992145538,0.0001,0.0003,0.0001,0.0003,,256,3,4,4,1,128,1,0.99,0.95,0.2,0.01,1,D:\Python project\HGNN_PPO_USV_Scheduling\models\best_u2_t20_seed0.pth,0.3052924000658095,0.31423179991543293,0.619616899988614,0.0016508999979123473,0.15780429996084422,0.1349137999350205
PPO_full_u2_t20_seed0_20260521_211953,PPO,full,u2_t20,2,20,0,122,2026-05-21 21:21:22,89.03451180004049,-0.8533967142667422,0.09058386117951171,1380.545246319304,1192.4372910726313,146.53808346575696,1.0,8,8,0,,,1099.1502782527668,120,,MinBattery_NearestTask,1235.4772701211982,1648.142715048298,-0.030310291098430753,0.002901261279475875,1.0883079767227173,0.0001,0.0003,0.0001,0.0003,,256,3,4,4,1,128,1,0.99,0.95,0.2,0.01,1,D:\Python project\HGNN_PPO_USV_Scheduling\models\best_u2_t20_seed0.pth,0.2979784000199288,0.2910379000240937,0.5891171999974176,0.0012532999971881509,0.1501200000056997,0.13570139999501407
PPO_full_u2_t20_seed0_20260521_211953,PPO,full,u2_t20,2,20,0,123,2026-05-21 21:21:23,89.70448060007766,-0.8481677785711808,0.11314357676176028,1372.0863640701268,1140.5593334005496,183.03307762817178,1.0,8,8,0,,,1099.1502782527668,120,,MinBattery_NearestTask,1235.4772701211982,1648.142715048298,-0.03620113991200924,0.003082635288592428,1.0855576395988464,0.0001,0.0003,0.0001,0.0003,,256,3,4,4,1,128,1,0.99,0.95,0.2,0.01,1,D:\Python project\HGNN_PPO_USV_Scheduling\models\best_u2_t20_seed0.pth,0.3052778000710532,0.29736399999819696,0.6027359999716282,0.0014425000408664346,0.15888810018077493,0.13400369975715876
PPO_full_u2_t20_seed0_20260521_211953,PPO,full,u2_t20,2,20,0,124,2026-05-21 21:21:24,90.35476550005842,-0.8109129714968857,0.0681406031124237,1311.8190277315377,1213.9317295891449,110.23148336001621,1.0,8,8,0,,,1099.1502782527668,120,,MinBattery_NearestTask,1235.4772701211982,1648.142715048298,0.04972073622047901,0.0017602784209884703,1.0637397170066833,0.0001,0.0003,0.0001,0.0003,,256,3,4,4,1,128,1,0.99,0.95,0.2,0.01,1,D:\Python project\HGNN_PPO_USV_Scheduling\models\best_u2_t20_seed0.pth,0.29014749999623746,0.2885742000071332,0.5788225999567658,0.0011931000044569373,0.15371140011120588,0.12953210005071014
PPO_full_u2_t20_seed0_20260521_211953,PPO,full,u2_t20,2,20,0,125,2026-05-21 21:21:24,91.0055435000686,-0.8377428755862748,0.10435146860617309,1355.2219327704147,1131.086700207412,168.81002882050183,1.0,8,8,0,,,1099.1502782527668,120,,MinBattery_NearestTask,1235.4772701211982,1648.142715048298,-0.04908219492062926,0.0027933795645367354,1.0101556852459908,0.0001,0.0003,0.0001,0.0003,,256,3,4,4,1,128,1,0.99,0.95,0.2,0.01,1,D:\Python project\HGNN_PPO_USV_Scheduling\models\best_u2_t20_seed0.pth,0.29727209999691695,0.28591239999514073,0.5832871000748128,0.001496999990195036,0.14960130013059825,0.13190470007248223
PPO_full_u2_t20_seed0_20260521_211953,PPO,full,u2_t20,2,20,0,126,2026-05-21 21:21:25,91.66296850005165,-0.8155977956781231,0.08995126761365434,1319.3976973527422,1217.2934243813304,145.51473286503784,1.0,8,8,0,,,1099.1502782527668,120,,MinBattery_NearestTask,1235.4772701211982,1648.142715048298,-0.03962555341422558,0.0021004314767196774,1.0480541363358498,0.0001,0.0003,0.0001,0.0003,,256,3,4,4,1,128,1,0.99,0.95,0.2,0.01,1,D:\Python project\HGNN_PPO_USV_Scheduling\models\best_u2_t20_seed0.pth,0.29356230003759265,0.2906128999311477,0.5842793000629172,0.0012157999444752932,0.1482476000674069,0.12734160001855344
PPO_full_u2_t20_seed0_20260521_211953,PPO,full,u2_t20,2,20,0,127,2026-05-21 21:21:26,92.32603440003004,-0.8478576661397016,0.1140021674989292,1371.584693234107,1158.2236361670161,184.42202527809434,1.0,8,8,0,,,1099.1502782527668,120,,MinBattery_NearestTask,1235.4772701211982,1648.142715048298,0.0442282329313457,0.0032906065171118826,1.1125236302614212,0.0001,0.0003,0.0001,0.0003,,256,3,4,4,1,128,1,0.99,0.95,0.2,0.01,1,D:\Python project\HGNN_PPO_USV_Scheduling\models\best_u2_t20_seed0.pth,0.3084739000769332,0.2880040999734774,0.5965787000022829,0.0013721000868827105,0.14802899991627783,0.12940610013902187
PPO_full_u2_t20_seed0_20260521_211953,PPO,full,u2_t20,2,20,0,128,2026-05-21 21:21:26,92.98634760000277,-0.8683088490916757,0.11671826607307603,1404.6687008637982,1186.9856377412307,188.815875069624,1.0,8,8,0,,,1099.1502782527668,120,,MinBattery_NearestTask,1235.4772701211982,1648.142715048298,-0.0162930095102638,0.0033550922526046634,0.9968142434954643,0.0001,0.0003,0.0001,0.0003,,256,3,4,4,1,128,1,0.99,0.95,0.2,0.01,1,D:\Python project\HGNN_PPO_USV_Scheduling\models\best_u2_t20_seed0.pth,0.3125400999560952,0.2796024000272155,0.592244999948889,0.001309499959461391,0.14211779995821416,0.13231630017980933
PPO_full_u2_t20_seed0_20260521_211953,PPO,full,u2_t20,2,20,0,129,2026-05-21 21:21:27,93.72434169996995,-0.8295071727981498,0.11729375243981803,1341.8989844344653,1143.7135116507545,189.74684299420736,1.0,8,8,0,,,1099.1502782527668,120,,MinBattery_NearestTask,1235.4772701211982,1648.142715048298,-0.04490835638716817,0.0031253977213054895,0.962578259408474,0.0001,0.0003,0.0001,0.0003,,256,3,4,4,1,128,1,0.99,0.95,0.2,0.01,1,D:\Python project\HGNN_PPO_USV_Scheduling\models\best_u2_t20_seed0.pth,0.37692169996444136,0.28980939998291433,0.666830400004983,0.0016052999999374151,0.14007519965525717,0.14429609978105873
PPO_full_u2_t20_seed0_20260521_211953,PPO,full,u2_t20,2,20,0,130,2026-05-21 21:21:28,94.58931820001453,-0.8259408085923771,0.1132141488503228,1336.1296545687496,1154.599809950593,183.14724254087776,1.0,8,8,0,1199.1090440888938,1,1099.1502782527668,120,-2.943658043076481,MinBattery_NearestTask,1235.4772701211982,1648.142715048298,0.034711565589532256,0.0030101763259153813,1.020788848400116,0.0001,0.0003,0.0001,0.0003,,256,3,4,4,1,128,1,0.99,0.95,0.2,0.01,1,D:\Python project\HGNN_PPO_USV_Scheduling\models\best_u2_t20_seed0.pth,0.2960171999875456,0.28123139997478575,0.785727099981159,0.0011918999953195453,0.14489649992901832,0.1310852998867631
PPO_full_u2_t20_seed0_20260521_211953,PPO,full,u2_t20,2,20,0,131,2026-05-21 21:21:29,95.2418187999865,-0.7658288413045896,0.0983898114266385,1238.8861460120509,1128.2881503291742,159.16581840604815,1.0,8,8,0,,,1099.1502782527668,120,,MinBattery_NearestTask,1235.4772701211982,1648.142715048298,0.0011844011023640633,0.0023246242199093103,0.8656426891684532,0.0001,0.0003,0.0001,0.0003,,256,3,4,4,1,128,1,0.99,0.95,0.2,0.01,1,D:\Python project\HGNN_PPO_USV_Scheduling\models\best_u2_t20_seed0.pth,0.2929066999349743,0.2902718000113964,0.583282099920325,0.0015801999252289534,0.15557099995203316,0.12915640010032803
PPO_full_u2_t20_seed0_20260521_211953,PPO,full,u2_t20,2,20,0,132,2026-05-21 21:21:29,95.91985070006922,-0.7589225308794855,0.07809389351280635,1227.713764085112,1124.6821664554907,126.33298400768432,1.0,8,8,0,,,1099.1502782527668,120,,MinBattery_NearestTask,1235.4772701211982,1648.142715048298,-0.028939713491126895,0.001728238072246313,0.9171582832932472,0.0001,0.0003,0.0001,0.0003,,256,3,4,4,1,128,1,0.99,0.95,0.2,0.01,1,D:\Python project\HGNN_PPO_USV_Scheduling\models\best_u2_t20_seed0.pth,0.300807400024496,0.309399800025858,0.6103066999930888,0.001374599989503622,0.15248250018339604,0.1323435998056084
PPO_full_u2_t20_seed0_20260521_211953,PPO,full,u2_t20,2,20,0,133,2026-05-21 21:21:30,96.58596910000779,-0.7438365247789671,0.027984676008121608,1203.309036881645,1137.6797048571289,45.27098685397851,1.0,8,8,0,,,1099.1502782527668,120,,MinBattery_NearestTask,1235.4772701211982,1648.142715048298,-0.013017824036069214,0.001068967285391409,0.937328927218914,0.0001,0.0003,0.0001,0.0003,,256,3,4,4,1,128,1,0.99,0.95,0.2,0.01,1,D:\Python project\HGNN_PPO_USV_Scheduling\models\best_u2_t20_seed0.pth,0.3039644999662414,0.2850468000397086,0.5891140999738127,0.001964299939572811,0.14527939981780946,0.13144620042294264
PPO_full_u2_t20_seed0_20260521_211953,PPO,full,u2_t20,2,20,0,134,2026-05-21 21:21:31,97.26676310005132,-0.788994099835046,0.09677519862755338,1276.3607308204278,1136.9687634458658,156.55384909897333,1.0,8,8,0,,,1099.1502782527668,120,,MinBattery_NearestTask,1235.4772701211982,1648.142715048298,-0.07608788507059216,0.002325313485926017,0.9510180428624153,0.0001,0.0003,0.0001,0.0003,,256,3,4,4,1,128,1,0.99,0.95,0.2,0.01,1,D:\Python project\HGNN_PPO_USV_Scheduling\models\best_u2_t20_seed0.pth,0.32334649993572384,0.28608780005015433,0.609532400034368,0.001291200052946806,0.1484677999978885,0.13373289979062974
PPO_full_u2_t20_seed0_20260521_211953,PPO,full,u2_t20,2,20,0,135,2026-05-21 21:21:31,97.91990440001246,-0.8015243038622328,0.1357471032551989,1296.6309208925877,1103.5701081895277,219.59894497789713,1.0,8,8,0,,,1099.1502782527668,120,,MinBattery_NearestTask,1235.4772701211982,1648.142715048298,0.009076876565814018,0.003874431044096127,1.1323712021112442,0.0001,0.0003,0.0001,0.0003,,256,3,4,4,1,128,1,0.99,0.95,0.2,0.01,1,D:\Python project\HGNN_PPO_USV_Scheduling\models\best_u2_t20_seed0.pth,0.29617949994280934,0.29081720008980483,0.5871782000176609,0.0013972000451758504,0.14647079992573708,0.13879790005739778
PPO_full_u2_t20_seed0_20260521_211953,PPO,full,u2_t20,2,20,0,136,2026-05-21 21:21:32,98.57964850007556,-0.861146552795478,0.12998750753186328,1393.0822089789049,1089.729659715982,210.28161065536702,1.0,8,8,0,,,1099.1502782527668,120,,MinBattery_NearestTask,1235.4772701211982,1648.142715048298,0.008437091717496514,0.004155780770815909,1.0228546932339668,0.0001,0.0003,0.0001,0.0003,,256,3,4,4,1,128,1,0.99,0.95,0.2,0.01,1,D:\Python project\HGNN_PPO_USV_Scheduling\models\best_u2_t20_seed0.pth,0.299297499936074,0.28007350000552833,0.5794696999946609,0.0014413000317290425,0.14573150011710823,0.13045409973710775
PPO_full_u2_t20_seed0_20260521_211953,PPO,full,u2_t20,2,20,0,137,2026-05-21 21:21:33,99.21979640005156,-0.8034967664071291,0.09700150069227263,1299.8217859901165,1116.0605524815535,156.91993937616505,1.0,8,8,0,,,1099.1502782527668,120,,MinBattery_NearestTask,1235.4772701211982,1648.142715048298,-0.029256259091198444,0.0030641771445516497,0.9227655455470085,0.0001,0.0003,0.0001,0.0003,,256,3,4,4,1,128,1,0.99,0.95,0.2,0.01,1,D:\Python project\HGNN_PPO_USV_Scheduling\models\best_u2_t20_seed0.pth,0.2968624000204727,0.27378299995325506,0.5707510000793263,0.0013719999697059393,0.14291189995128661,0.12577570008579642
PPO_full_u2_t20_seed0_20260521_211953,PPO,full,u2_t20,2,20,0,138,2026-05-21 21:21:33,99.89452470000833,-0.753141336445614,0.055601967445438244,1218.361489392343,1133.6885656144218,89.94765337098265,1.0,8,8,0,,,1099.1502782527668,120,,MinBattery_NearestTask,1235.4772701211982,1648.142715048298,0.04352598392870277,0.001523459461168386,0.7994101643562317,0.0001,0.0003,0.0001,0.0003,,256,3,4,4,1,128,1,0.99,0.95,0.2,0.01,1,D:\Python project\HGNN_PPO_USV_Scheduling\models\best_u2_t20_seed0.pth,0.3039607999380678,0.30196760001126677,0.6060059999581426,0.0016130999429151416,0.15369599976111203,0.1324834997067228
PPO_full_u2_t20_seed0_20260521_211953,PPO,full,u2_t20,2,20,0,139,2026-05-21 21:21:34,100.52993139997125,-0.7671549861583015,0.0956600265100411,1241.0314589047728,1103.0663395511901,154.74982813202806,1.0,8,8,0,,,1099.1502782527668,120,,MinBattery_NearestTask,1235.4772701211982,1648.142715048298,0.018142106477171183,0.0024429354089079425,0.8877065405249596,0.0001,0.0003,0.0001,0.0003,,256,3,4,4,1,128,1,0.99,0.95,0.2,0.01,1,D:\Python project\HGNN_PPO_USV_Scheduling\models\best_u2_t20_seed0.pth,0.30112190009094775,0.26645979995373636,0.5676649000961334,0.0013378000585362315,0.14009490003809333,0.12131630012299865
PPO_full_u2_t20_seed0_20260521_211953,PPO,full,u2_t20,2,20,0,140,2026-05-21 21:21:35,101.45958430005703,-0.7922007309437378,0.10897306763781384,1281.5481181864639,1151.127653919977,176.28641871849624,1.0,8,8,0,1213.46448562379,1,1099.1502782527668,120,-1.7817231469785522,MinBattery_NearestTask,1235.4772701211982,1648.142715048298,0.004323653411120176,0.002929439418949187,0.9243706241250038,0.0001,0.0003,0.0001,0.0003,,256,3,4,4,1,128,1,0.99,0.95,0.2,0.01,1,D:\Python project\HGNN_PPO_USV_Scheduling\models\best_u2_t20_seed0.pth,0.2957988999551162,0.31569319998379797,0.8555763999465853,0.001446699956431985,0.15582710003945976,0.13436269981320947
PPO_full_u2_t20_seed0_20260521_211953,PPO,full,u2_t20,2,20,0,141,2026-05-21 21:21:36,102.14555919996928,-0.820951158598939,0.1254683212648851,1328.05786630887,1112.6295059535441,202.97089453259767,1.0,8,8,0,,,1099.1502782527668,120,,MinBattery_NearestTask,1235.4772701211982,1648.142715048298,-0.059681554907001555,0.0030391775362659246,0.9523325935006142,0.0001,0.0003,0.0001,0.0003,,256,3,4,4,1,128,1,0.99,0.95,0.2,0.01,1,D:\Python project\HGNN_PPO_USV_Scheduling\models\best_u2_t20_seed0.pth,0.2977361000375822,0.2825114999432117,0.5803475000429899,0.0018070000223815441,0.14680250000674278,0.13130969984922558
PPO_full_u2_t20_seed0_20260521_211953,PPO,full,u2_t20,2,20,0,142,2026-05-21 21:21:36,103.08522400003858,-0.8018519803469258,0.1312082490574459,1297.161005208254,1132.7583153025976,212.2564119194844,1.0,8,8,0,,,1099.1502782527668,120,,MinBattery_NearestTask,1235.4772701211982,1648.142715048298,0.04894639109261334,0.003384538897080347,1.1234499514102936,0.0001,0.0003,0.0001,0.0003,,256,3,4,4,1,128,1,0.99,0.95,0.2,0.01,1,D:\Python project\HGNN_PPO_USV_Scheduling\models\best_u2_t20_seed0.pth,0.5041868999833241,0.34761250007431954,0.8519029000308365,0.0015440999995917082,0.1727348999120295,0.1692690000636503
PPO_full_u2_t20_seed0_20260521_211953,PPO,full,u2_t20,2,20,0,143,2026-05-21 21:21:37,103.75026310002431,-0.7854583067298726,0.09460178786468736,1270.6408560169375,1174.808564045866,153.03790880202487,1.0,8,8,0,,,1099.1502782527668,120,,MinBattery_NearestTask,1235.4772701211982,1648.142715048298,0.07520989491604269,0.0025271465710829943,1.0782253667712212,0.0001,0.0003,0.0001,0.0003,,256,3,4,4,1,128,1,0.99,0.95,0.2,0.01,1,D:\Python project\HGNN_PPO_USV_Scheduling\models\best_u2_t20_seed0.pth,0.30789429997093976,0.28802750003524125,0.5960235999664292,0.0013571999734267592,0.14689370011910796,0.12358060001861304
PPO_full_u2_t20_seed0_20260521_211953,PPO,full,u2_t20,2,20,0,144,2026-05-21 21:21:38,104.46838380000554,-0.9731166045641436,0.08834017329096686,1574.2168678253197,1212.0350369240957,142.90845541941948,1.0,8,8,0,,,1099.1502782527668,120,,MinBattery_NearestTask,1235.4772701211982,1648.142715048298,-0.019069343456067145,0.004375078366138041,1.123942717909813,0.0001,0.0003,0.0001,0.0003,,256,3,4,4,1,128,1,0.99,0.95,0.2,0.01,1,D:\Python project\HGNN_PPO_USV_Scheduling\models\best_u2_t20_seed0.pth,0.3300539000192657,0.30611709994263947,0.6362818999914452,0.0014945999719202518,0.1632254000287503,0.13675510010216385
PPO_full_u2_t20_seed0_20260521_211953,PPO,full,u2_t20,2,20,0,145,2026-05-21 21:21:39,105.15308950003237,-0.7587256601074064,0.08352635991753098,1227.3952849956222,1103.6290249210688,135.12111916857006,1.0,8,8,0,,,1099.1502782527668,120,,MinBattery_NearestTask,1235.4772701211982,1648.142715048298,-0.015169371734373271,0.004521436640061438,0.9451906308531761,0.0001,0.0003,0.0001,0.0003,,256,3,4,4,1,128,1,0.99,0.95,0.2,0.01,1,D:\Python project\HGNN_PPO_USV_Scheduling\models\best_u2_t20_seed0.pth,0.3299044999293983,0.2856404000194743,0.6156473999144509,0.0019351999508216977,0.1483923001214862,0.13265429984312505
PPO_full_u2_t20_seed0_20260521_211953,PPO,full,u2_t20,2,20,0,146,2026-05-21 21:21:39,105.82597850007005,-0.8648572911510419,0.12443564768428055,1399.0850938171832,1153.460339289084,201.30033196905634,1.0,8,8,0,,,1099.1502782527668,120,,MinBattery_NearestTask,1235.4772701211982,1648.142715048298,-0.006211227388121188,0.005021737015340477,1.041176900267601,0.0001,0.0003,0.0001,0.0003,,256,3,4,4,1,128,1,0.99,0.95,0.2,0.01,1,D:\Python project\HGNN_PPO_USV_Scheduling\models\best_u2_t20_seed0.pth,0.2848416999913752,0.3100037999683991,0.594957199995406,0.0016461999621242285,0.15898969990666956,0.14522129972465336
PPO_full_u2_t20_seed0_20260521_211953,PPO,full,u2_t20,2,20,0,147,2026-05-21 21:21:40,106.5008577000117,-0.8065540562377299,0.12303061969427988,1304.7675830288163,1127.4545739818213,199.0274093293113,1.0,8,8,0,,,1099.1502782527668,120,,MinBattery_NearestTask,1235.4772701211982,1648.142715048298,0.008598721353337169,0.0046890865778550506,1.039125069975853,0.0001,0.0003,0.0001,0.0003,,256,3,4,4,1,128,1,0.99,0.95,0.2,0.01,1,D:\Python project\HGNN_PPO_USV_Scheduling\models\best_u2_t20_seed0.pth,0.3255059999646619,0.2787880999967456,0.6043949999148026,0.0013549999566748738,0.14597960014361888,0.1289626999059692
PPO_full_u2_t20_seed0_20260521_211953,PPO,full,u2_t20,2,20,0,148,2026-05-21 21:21:41,107.2150078000268,-0.8373177608954445,0.12719733047697096,1354.53422205422,1149.8603845508528,205.76792363838507,1.0,8,8,0,,,1099.1502782527668,120,,MinBattery_NearestTask,1235.4772701211982,1648.142715048298,-0.029253035318106413,0.004247854376444593,0.9888854026794434,0.0001,0.0003,0.0001,0.0003,,256,3,4,4,1,128,1,0.99,0.95,0.2,0.01,1,D:\Python project\HGNN_PPO_USV_Scheduling\models\best_u2_t20_seed0.pth,0.3428747000871226,0.2942378999432549,0.6372147999936715,0.001515100011602044,0.1563569997670129,0.1323212997522205
PPO_full_u2_t20_seed0_20260521_211953,PPO,full,u2_t20,2,20,0,149,2026-05-21 21:21:41,107.89611930004321,-0.8266469097745615,0.129223435295765,1337.2719189039508,1144.04315652167,209.04556618067465,1.0,8,8,0,,,1099.1502782527668,120,,MinBattery_NearestTask,1235.4772701211982,1648.142715048298,0.05750199768226594,0.004258760978700593,1.0470726788043976,0.0001,0.0003,0.0001,0.0003,,256,3,4,4,1,128,1,0.99,0.95,0.2,0.01,1,D:\Python project\HGNN_PPO_USV_Scheduling\models\best_u2_t20_seed0.pth,0.3174653999740258,0.2927865000674501,0.6103531999979168,0.0016645999858155847,0.14766470016911626,0.13220439990982413
PPO_full_u2_t20_seed0_20260521_211953,PPO,full,u2_t20,2,20,0,150,2026-05-21 21:21:43,109.14946410001721,-0.8766057925099178,0.1181284651326806,1418.09071855328,1152.736834461121,191.09716298127697,1.0,8,8,0,1157.5843210145586,1,1099.1502782527668,120,-6.304684917351697,MinBattery_NearestTask,1235.4772701211982,1648.142715048298,-0.006511419080197811,0.0033923160517588258,0.9888469129800797,0.0001,0.0003,0.0001,0.0003,,256,3,4,4,1,128,1,0.99,0.95,0.2,0.01,1,D:\Python project\HGNN_PPO_USV_Scheduling\models\best_u2_t20_seed0.pth,0.4725492000579834,0.4524688000092283,1.1633953000418842,0.001990900025703013,0.2218334999633953,0.21302520018070936
PPO_full_u2_t20_seed0_20260521_211953,PPO,full,u2_t20,2,20,0,151,2026-05-21 21:21:43,109.8601147000445,-0.874863054340763,0.14375261619316476,1415.2714800270655,1143.301820542281,232.54951374163156,1.0,8,8,0,,,1099.1502782527668,120,,MinBattery_NearestTask,1235.4772701211982,1648.142715048298,-0.014191677910275757,0.004278182837879285,0.9628210812807083,0.0001,0.0003,0.0001,0.0003,,256,3,4,4,1,128,1,0.99,0.95,0.2,0.01,1,D:\Python project\HGNN_PPO_USV_Scheduling\models\best_u2_t20_seed0.pth,0.34494310000445694,0.2913385001011193,0.6363895001122728,0.0015750000020489097,0.1486702999100089,0.13707329984754324
PPO_full_u2_t20_seed0_20260521_211953,PPO,full,u2_t20,2,20,0,152,2026-05-21 21:21:44,110.55047400004696,-0.8343277153680321,0.1128448788954057,1349.6972065488415,1142.9854901443673,182.54987220613563,1.0,8,8,0,,,1099.1502782527668,120,,MinBattery_NearestTask,1235.4772701211982,1648.142715048298,0.033758356352336705,0.003265391831519082,1.0230823457241058,0.0001,0.0003,0.0001,0.0003,,256,3,4,4,1,128,1,0.99,0.95,0.2,0.01,1,D:\Python project\HGNN_PPO_USV_Scheduling\models\best_u2_t20_seed0.pth,0.3366312999278307,0.2698290999978781,0.6065595999825746,0.0015215999446809292,0.14248060004319996,0.1233880998333916
PPO_full_u2_t20_seed0_20260521_211953,PPO,full,u2_t20,2,20,0,153,2026-05-21 21:21:45,111.22181110002566,-0.7964342154961215,0.11048840891009576,1288.396652843855,1146.1962597168972,178.73779585064025,1.0,8,8,0,,,1099.1502782527668,120,,MinBattery_NearestTask,1235.4772701211982,1648.142715048298,-0.02045947837177664,0.0029763316561002284,0.9619088247418404,0.0001,0.0003,0.0001,0.0003,,256,3,4,4,1,128,1,0.99,0.95,0.2,0.01,1,D:\Python project\HGNN_PPO_USV_Scheduling\models\best_u2_t20_seed0.pth,0.29290730005595833,0.3039524999912828,0.5969661999261007,0.0013744999887421727,0.15367050014901906,0.13069939997512847
PPO_full_u2_t20_seed0_20260521_211953,PPO,full,u2_t20,2,20,0,154,2026-05-21 21:21:45,111.94043299998157,-0.7816103547841421,0.09869221813855704,1264.4159998885566,1153.3295682298822,159.65502365094176,1.0,8,8,0,,,1099.1502782527668,120,,MinBattery_NearestTask,1235.4772701211982,1648.142715048298,0.06860438059084117,0.0024271328729810193,0.8645665869116783,0.0001,0.0003,0.0001,0.0003,,256,3,4,4,1,128,1,0.99,0.95,0.2,0.01,1,D:\Python project\HGNN_PPO_USV_Scheduling\models\best_u2_t20_seed0.pth,0.3381252000108361,0.2984693000325933,0.6367053999565542,0.001814599963836372,0.15120719990227371,0.1424817998195067
PPO_full_u2_t20_seed0_20260521_211953,PPO,full,u2_t20,2,20,0,155,2026-05-21 21:21:46,112.60961140005384,-0.7507277638069418,0.0578004689878299,1214.4570377144055,1128.0414839323312,93.50418318019604,1.0,8,8,0,,,1099.1502782527668,120,,MinBattery_NearestTask,1235.4772701211982,1648.142715048298,0.029956018668599427,0.0017919388046720996,0.8076899498701096,0.0001,0.0003,0.0001,0.0003,,256,3,4,4,1,128,1,0.99,0.95,0.2,0.01,1,D:\Python project\HGNN_PPO_USV_Scheduling\models\best_u2_t20_seed0.pth,0.3280934999929741,0.2617682999698445,0.5899636999238282,0.0013287999900057912,0.1402609000215307,0.11644109978806227
PPO_full_u2_t20_seed0_20260521_211953,PPO,full,u2_t20,2,20,0,156,2026-05-21 21:21:47,113.33492880000267,-0.726131729625106,0.025598024587027743,1174.6678781121022,1103.822621599455,41.41008579948672,1.0,8,8,0,,,1099.1502782527668,120,,MinBattery_NearestTask,1235.4772701211982,1648.142715048298,-0.002258978260215372,0.0009249642243958078,0.82389847189188,0.0001,0.0003,0.0001,0.0003,,256,3,4,4,1,128,1,0.99,0.95,0.2,0.01,1,D:\Python project\HGNN_PPO_USV_Scheduling\models\best_u2_t20_seed0.pth,0.33695659996010363,0.3133376999758184,0.6503753999713808,0.0015695999609306455,0.1638738999608904,0.13221429998520762
PPO_full_u2_t20_seed0_20260521_211953,PPO,full,u2_t20,2,20,0,157,2026-05-21 21:21:47,113.98760500003118,-0.7763858114181232,0.11457459241563878,1255.9642231385797,1121.3311472828223,185.34804067565437,1.0,8,8,0,,,1099.1502782527668,120,,MinBattery_NearestTask,1235.4772701211982,1648.142715048298,0.019507447257637978,0.003020832984475419,0.8171752095222473,0.0001,0.0003,0.0001,0.0003,,256,3,4,4,1,128,1,0.99,0.95,0.2,0.01,1,D:\Python project\HGNN_PPO_USV_Scheduling\models\best_u2_t20_seed0.pth,0.3042085999622941,0.2782850000075996,0.5825949000427499,0.0014881000388413668,0.1455170997651294,0.1259139000903815
PPO_full_u2_t20_seed0_20260521_211953,PPO,full,u2_t20,2,20,0,158,2026-05-21 21:21:48,114.63412870001048,-0.8078059274433591,0.11153800130858316,1306.7927429726533,1135.3528317414366,180.43572809256324,1.0,8,8,0,,,1099.1502782527668,120,,MinBattery_NearestTask,1235.4772701211982,1648.142715048298,-0.026493018842302263,0.00288555896258913,0.8015208467841148,0.0001,0.0003,0.0001,0.0003,,256,3,4,4,1,128,1,0.99,0.95,0.2,0.01,1,D:\Python project\HGNN_PPO_USV_Scheduling\models\best_u2_t20_seed0.pth,0.31163619994185865,0.2612434000475332,0.5729622000362724,0.0021332999458536506,0.1352349000517279,0.11990460008382797
PPO_full_u2_t20_seed0_20260521_211953,PPO,full,u2_t20,2,20,0,159,2026-05-21 21:21:49,115.29362380004022,-0.8693425827072379,0.11073701771133944,1406.340978252575,1161.7201957894326,179.13997187617716,1.0,8,8,0,,,1099.1502782527668,120,,MinBattery_NearestTask,1235.4772701211982,1648.142715048298,-0.0006506261415779591,0.00363449176074937,0.8222093135118484,0.0001,0.0003,0.0001,0.0003,,256,3,4,4,1,128,1,0.99,0.95,0.2,0.01,1,D:\Python project\HGNN_PPO_USV_Scheduling\models\best_u2_t20_seed0.pth,0.30874720006249845,0.2787271999986842,0.5875768000259995,0.0013888999819755554,0.144820699817501,0.12857630010694265
PPO_full_u2_t20_seed0_20260521_211953,PPO,full,u2_t20,2,20,0,160,2026-05-21 21:21:50,116.16002640000079,-0.8056762450520409,0.10628103374046702,1303.3475423381158,1120.46230528298,171.93149850638156,1.0,8,8,0,1198.2761963101377,1,1099.1502782527668,120,-3.0110690589565547,MinBattery_NearestTask,1235.4772701211982,1648.142715048298,-0.023997332202270627,0.0036020230036228895,0.8694533854722977,0.0001,0.0003,0.0001,0.0003,,256,3,4,4,1,128,1,0.99,0.95,0.2,0.01,1,D:\Python project\HGNN_PPO_USV_Scheduling\models\best_u2_t20_seed0.pth,0.29788379999808967,0.28394590003881603,0.7897417000494897,0.0013439999893307686,0.1463264999911189,0.13229819992557168
PPO_full_u2_t20_seed0_20260521_211953,PPO,full,u2_t20,2,20,0,161,2026-05-21 21:21:50,116.9031647000229,-0.7736854331268209,0.10004997293537411,1251.5958041477422,1123.9635892794972,161.85147214796177,1.0,8,8,0,,,1099.1502782527668,120,,MinBattery_NearestTask,1235.4772701211982,1648.142715048298,-0.019262040965259075,0.0027216734597459435,0.8482780158519745,0.0001,0.0003,0.0001,0.0003,,256,3,4,4,1,128,1,0.99,0.95,0.2,0.01,1,D:\Python project\HGNN_PPO_USV_Scheduling\models\best_u2_t20_seed0.pth,0.3636905000312254,0.30621159996371716,0.6700144000351429,0.0019922000356018543,0.14941230020485818,0.1402562001021579
PPO_full_u2_t20_seed0_20260521_211953,PPO,full,u2_t20,2,20,0,162,2026-05-21 21:21:51,117.6023136000149,-0.7498801115416152,0.052281864667211096,1213.085785299362,1152.0069717233446,84.57670216956954,1.0,8,8,0,,,1099.1502782527668,120,,MinBattery_NearestTask,1235.4772701211982,1648.142715048298,0.07464178977534175,0.0012432248768163845,0.9128033667802811,0.0001,0.0003,0.0001,0.0003,,256,3,4,4,1,128,1,0.99,0.95,0.2,0.01,1,D:\Python project\HGNN_PPO_USV_Scheduling\models\best_u2_t20_seed0.pth,0.3033495999407023,0.29005720000714064,0.5936573999933898,0.0013371999375522137,0.1498679000651464,0.13112699997145683
PPO_full_u2_t20_seed0_20260521_211953,PPO,full,u2_t20,2,20,0,163,2026-05-21 21:21:52,118.26267800002825,-0.78081951809879,0.08265600515039796,1263.136658395526,1113.918531825075,133.713140773189,1.0,8,8,0,,,1099.1502782527668,120,,MinBattery_NearestTask,1235.4772701211982,1648.142715048298,0.008603368885815144,0.0021788578014820814,0.9483098089694977,0.0001,0.0003,0.0001,0.0003,,256,3,4,4,1,128,1,0.99,0.95,0.2,0.01,1,D:\Python project\HGNN_PPO_USV_Scheduling\models\best_u2_t20_seed0.pth,0.30258020001929253,0.28721680003218353,0.5899020000360906,0.0013766000047326088,0.15402509982232004,0.12770459987223148
PPO_full_u2_t20_seed0_20260521_211953,PPO,full,u2_t20,2,20,0,164,2026-05-21 21:21:52,118.95801659999415,-0.7708011611006915,0.07120904641243525,1246.9298991024127,1131.9392837980458,115.19532343651693,1.0,8,8,0,,,1099.1502782527668,120,,MinBattery_NearestTask,1235.4772701211982,1648.142715048298,0.009350704960525036,0.0018266344122821465,0.8777030780911446,0.0001,0.0003,0.0001,0.0003,,256,3,4,4,1,128,1,0.99,0.95,0.2,0.01,1,D:\Python project\HGNN_PPO_USV_Scheduling\models\best_u2_t20_seed0.pth,0.30256949993781745,0.31854350003413856,0.6211962999077514,0.0017363999504595995,0.1656819999916479,0.12932789989281446
PPO_full_u2_t20_seed0_20260521_211953,PPO,full,u2_t20,2,20,0,165,2026-05-21 21:21:53,119.61008820007555,-0.7898923258783733,0.09767691581202176,1277.8137967550688,1147.1781511125828,158.01256267465413,1.0,8,8,0,,,1099.1502782527668,120,,MinBattery_NearestTask,1235.4772701211982,1648.142715048298,0.007183855050243437,0.0026163949514739215,0.8229245692491531,0.0001,0.0003,0.0001,0.0003,,256,3,4,4,1,128,1,0.99,0.95,0.2,0.01,1,D:\Python project\HGNN_PPO_USV_Scheduling\models\best_u2_t20_seed0.pth,0.3005585999926552,0.27385330002289265,0.5744999999878928,0.0014104999136179686,0.1389485001564026,0.12988360016606748
PPO_full_u2_t20_seed0_20260521_211953,PPO,full,u2_t20,2,20,0,166,2026-05-21 21:21:54,120.28428330004681,-0.7947824688680195,0.11044728076409853,1285.7246119074082,1148.8387150689489,178.67126258950012,1.0,8,8,0,,,1099.1502782527668,120,,MinBattery_NearestTask,1235.4772701211982,1648.142715048298,0.00428251491393894,0.002739126532105729,0.822337880730629,0.0001,0.0003,0.0001,0.0003,,256,3,4,4,1,128,1,0.99,0.95,0.2,0.01,1,D:\Python project\HGNN_PPO_USV_Scheduling\models\best_u2_t20_seed0.pth,0.3132188000017777,0.28254639997612685,0.5958724999800324,0.0013507000403478742,0.14152579999063164,0.13543939997907728
PPO_full_u2_t20_seed0_20260521_211953,PPO,full,u2_t20,2,20,0,167,2026-05-21 21:21:54,120.96889110002667,-0.815993821812991,0.0819796290253584,1320.0383513285192,1191.0991341788063,132.6189628503813,1.0,8,8,0,,,1099.1502782527668,120,,MinBattery_NearestTask,1235.4772701211982,1648.142715048298,0.01696801616344601,0.002041093466687016,0.9221151024103165,0.0001,0.0003,0.0001,0.0003,,256,3,4,4,1,128,1,0.99,0.95,0.2,0.01,1,D:\Python project\HGNN_PPO_USV_Scheduling\models\best_u2_t20_seed0.pth,0.33833520009648055,0.27752389991655946,0.6159629001049325,0.0014312000712379813,0.1451245000353083,0.1273102997802198
PPO_full_u2_t20_seed0_20260521_211953,PPO,full,u2_t20,2,20,0,168,2026-05-21 21:21:55,121.6424837000668,-0.8241178991157223,0.11734859718932739,1333.1807224128193,1169.9538247173828,189.8355656913479,1.0,8,8,0,,,1099.1502782527668,120,,MinBattery_NearestTask,1235.4772701211982,1648.142715048298,-0.012534882524050772,0.002954281138954684,0.8268576413393021,0.0001,0.0003,0.0001,0.0003,,256,3,4,4,1,128,1,0.99,0.95,0.2,0.01,1,D:\Python project\HGNN_PPO_USV_Scheduling\models\best_u2_t20_seed0.pth,0.3159818999702111,0.2811614000238478,0.5972470999695361,0.0018032999942079186,0.14533379999920726,0.12998019997030497
PPO_full_u2_t20_seed0_20260521_211953,PPO,full,u2_t20,2,20,0,169,2026-05-21 21:21:56,122.40431200002786,-0.776816543324917,0.08762397073501421,1256.6610208604613,1165.772651301448,141.74985002817212,1.0,8,8,0,,,1099.1502782527668,120,,MinBattery_NearestTask,1235.4772701211982,1648.142715048298,-0.03853679809253663,0.0021699426288250834,0.8920272663235664,0.0001,0.0003,0.0001,0.0003,,256,3,4,4,1,128,1,0.99,0.95,0.2,0.01,1,D:\Python project\HGNN_PPO_USV_Scheduling\models\best_u2_t20_seed0.pth,0.39212790003512055,0.2981449000071734,0.6903813000535592,0.001351199927739799,0.1478671000804752,0.13024920015595853
PPO_full_u2_t20_seed0_20260521_211953,PPO,full,u2_t20,2,20,0,170,2026-05-21 21:21:57,123.3862638999708,-0.8336354857443513,0.10532876698783034,1348.5773823213076,1183.6800823629553,170.39101057550158,1.0,8,8,0,1129.0558318727442,1,1099.1502782527668,120,-8.613791675666706,MinBattery_NearestTask,1235.4772701211982,1648.142715048298,0.042006453266367316,0.0034777203982230276,0.9172516390681267,0.0001,0.0003,0.0001,0.0003,,256,3,4,4,1,128,1,0.99,0.95,0.2,0.01,1,D:\Python project\HGNN_PPO_USV_Scheduling\models\best_u2_t20_seed0.pth,0.3536096999887377,0.2915349999675527,0.8818848000373691,0.0014261999167501926,0.14720490004401654,0.1386693000094965
PPO_full_u2_t20_seed0_20260521_211953,PPO,full,u2_t20,2,20,0,171,2026-05-21 21:21:57,124.05211639998015,-0.7513721296470082,0.05717016947470623,1215.4994323973501,1150.856183527039,92.48454368305087,1.0,8,8,0,,,1099.1502782527668,120,,MinBattery_NearestTask,1235.4772701211982,1648.142715048298,-0.004935802076943219,0.0018608897225931287,0.8310046121478081,0.0001,0.0003,0.0001,0.0003,,256,3,4,4,1,128,1,0.99,0.95,0.2,0.01,1,D:\Python project\HGNN_PPO_USV_Scheduling\models\best_u2_t20_seed0.pth,0.3109048999613151,0.27673389995470643,0.5877410999964923,0.001563199912197888,0.14507760014384985,0.12639470014255494
PPO_full_u2_t20_seed0_20260521_211953,PPO,full,u2_t20,2,20,0,172,2026-05-21 21:21:58,124.7395762000233,-0.7751150600764052,0.08082980227883492,1253.9085206795307,1132.740164635903,130.75888087154723,1.0,8,8,0,,,1099.1502782527668,120,,MinBattery_NearestTask,1235.4772701211982,1648.142715048298,-0.010610469849780202,0.0018595315486891195,0.9925098642706871,0.0001,0.0003,0.0001,0.0003,,256,3,4,4,1,128,1,0.99,0.95,0.2,0.01,1,D:\Python project\HGNN_PPO_USV_Scheduling\models\best_u2_t20_seed0.pth,0.30903160001616925,0.29976510000415146,0.608877299935557,0.0019910000264644623,0.14944140007719398,0.1297796000726521
PPO_full_u2_t20_seed0_20260521_211953,PPO,full,u2_t20,2,20,0,173,2026-05-21 21:21:59,125.48337410006206,-0.8271719507750257,0.10262578496149441,1338.1212810413908,1156.549815632006,166.01837950608052,1.0,8,8,0,,,1099.1502782527668,120,,MinBattery_NearestTask,1235.4772701211982,1648.142715048298,-0.016420632717199624,0.002639962825924158,1.0578652992844582,0.0001,0.0003,0.0001,0.0003,,256,3,4,4,1,128,1,0.99,0.95,0.2,0.01,1,D:\Python project\HGNN_PPO_USV_Scheduling\models\best_u2_t20_seed0.pth,0.37919939996208996,0.2881292999954894,0.6674119000090286,0.0017553999787196517,0.14847820007707924,0.134332999936305
PPO_full_u2_t20_seed0_20260521_211953,PPO,full,u2_t20,2,20,0,174,2026-05-21 21:22:00,126.34355099999812,-0.8418760507550325,0.12483593752404851,1361.9081963053477,1163.871146458013,201.94788336713796,1.0,8,8,0,,,1099.1502782527668,120,,MinBattery_NearestTask,1235.4772701211982,1648.142715048298,-0.011040517129004002,0.0034105436934623867,1.043745681643486,0.0001,0.0003,0.0001,0.0003,,256,3,4,4,1,128,1,0.99,0.95,0.2,0.01,1,D:\Python project\HGNN_PPO_USV_Scheduling\models\best_u2_t20_seed0.pth,0.41923719993792474,0.3615769000025466,0.7809281999943778,0.0014190999791026115,0.18285500002093613,0.17302480002399534
PPO_full_u2_t20_seed0_20260521_211953,PPO,full,u2_t20,2,20,0,175,2026-05-21 21:22:01,127.12627210002393,-0.7582546180509253,0.05701959394157174,1226.6332772903897,1135.8486409901682,92.24095669354693,1.0,8,8,0,,,1099.1502782527668,120,,MinBattery_NearestTask,1235.4772701211982,1648.142715048298,0.0055865151807665825,0.0018478664715075865,0.9925373941659927,0.0001,0.0003,0.0001,0.0003,,256,3,4,4,1,128,1,0.99,0.95,0.2,0.01,1,D:\Python project\HGNN_PPO_USV_Scheduling\models\best_u2_t20_seed0.pth,0.40662759996484965,0.293246699962765,0.6999802999198437,0.0013456998858600855,0.14564160024747252,0.1277312998427078
PPO_full_u2_t20_seed0_20260521_211953,PPO,full,u2_t20,2,20,0,176,2026-05-21 21:22:01,127.85815560002811,-0.8512739165278419,0.13030468929053485,1377.111183030398,1125.061527952506,210.79471758656652,1.0,8,8,0,,,1099.1502782527668,120,,MinBattery_NearestTask,1235.4772701211982,1648.142715048298,0.025346339913085103,0.004134132090257481,1.050185851752758,0.0001,0.0003,0.0001,0.0003,,256,3,4,4,1,128,1,0.99,0.95,0.2,0.01,1,D:\Python project\HGNN_PPO_USV_Scheduling\models\best_u2_t20_seed0.pth,0.3315184999955818,0.3230211999034509,0.6546242999611422,0.0015671000583097339,0.17738000012468547,0.1406916999258101
PPO_full_u2_t20_seed0_20260521_211953,PPO,full,u2_t20,2,20,0,177,2026-05-21 21:22:02,128.51919420005288,-0.8290656591046498,0.13839842205026007,1341.1847449482377,1117.8461994731406,223.88800011228878,1.0,8,8,0,,,1099.1502782527668,120,,MinBattery_NearestTask,1235.4772701211982,1648.142715048298,0.010093570337630808,0.00381058850325644,0.9831554889678955,0.0001,0.0003,0.0001,0.0003,,256,3,4,4,1,128,1,0.99,0.95,0.2,0.01,1,D:\Python project\HGNN_PPO_USV_Scheduling\models\best_u2_t20_seed0.pth,0.2967156000668183,0.2947185999946669,0.591539700049907,0.0017245999770238996,0.14070170000195503,0.12563140003476292
PPO_full_u2_t20_seed0_20260521_211953,PPO,full,u2_t20,2,20,0,178,2026-05-21 21:22:03,129.2169595999876,-0.8146847612979097,0.12315152241068673,1317.9206758781365,1130.2379881525972,199.2229944160736,1.0,8,8,0,,,1099.1502782527668,120,,MinBattery_NearestTask,1235.4772701211982,1648.142715048298,0.03965627436991781,0.0038756917347200215,0.9191472753882408,0.0001,0.0003,0.0001,0.0003,,256,3,4,4,1,128,1,0.99,0.95,0.2,0.01,1,D:\Python project\HGNN_PPO_USV_Scheduling\models\best_u2_t20_seed0.pth,0.3450934999855235,0.2744378000497818,0.6196333999978378,0.0014724000357091427,0.14254869997967035,0.12651910004206002
PPO_full_u2_t20_seed0_20260521_211953,PPO,full,u2_t20,2,20,0,179,2026-05-21 21:22:03,129.8802157000173,-0.7729944404131615,0.08761807497034968,1250.4779808773499,1156.8130731946567,141.74031241249486,1.0,8,8,0,,,1099.1502782527668,120,,MinBattery_NearestTask,1235.4772701211982,1648.142715048298,-0.02734373277053237,0.00228691499796696,0.8530304208397865,0.0001,0.0003,0.0001,0.0003,,256,3,4,4,1,128,1,0.99,0.95,0.2,0.01,1,D:\Python project\HGNN_PPO_USV_Scheduling\models\best_u2_t20_seed0.pth,0.30651500006206334,0.28617279999889433,0.592790300026536,0.002234899904578924,0.14863179996609688,0.13115699996706098
PPO_full_u2_t20_seed0_20260521_211953,PPO,full,u2_t20,2,20,0,180,2026-05-21 21:22:04,130.7662602000637,-0.7749187204334043,0.07202711722572787,1253.5909008009003,1135.7400537292024,116.5187217500598,1.0,8,8,0,1131.828343115139,1,1099.1502782527668,120,-8.389383561535816,MinBattery_NearestTask,1235.4772701211982,1648.142715048298,-0.05049227480776608,0.0017237063439097255,0.8904597833752632,0.0001,0.0003,0.0001,0.0003,,256,3,4,4,1,128,1,0.99,0.95,0.2,0.01,1,D:\Python project\HGNN_PPO_USV_Scheduling\models\best_u2_t20_seed0.pth,0.3145884999539703,0.2823099000379443,0.8092241999693215,0.0013864999637007713,0.14517619973048568,0.13246889994479716
PPO_full_u2_t20_seed0_20260521_211953,PPO,full,u2_t20,2,20,0,181,2026-05-21 21:22:05,131.45653460000176,-0.7367211987976636,0.014592472653381958,1191.7985291713583,1141.5322154035794,23.606335033736823,1.0,8,8,0,,,1099.1502782527668,120,,MinBattery_NearestTask,1235.4772701211982,1648.142715048298,-0.019130374188534915,0.0009470963341300376,0.9074796736240387,0.0001,0.0003,0.0001,0.0003,,256,3,4,4,1,128,1,0.99,0.95,0.2,0.01,1,D:\Python project\HGNN_PPO_USV_Scheduling\models\best_u2_t20_seed0.pth,0.3196797000709921,0.2990978999296203,0.6188883000286296,0.0034742000279948115,0.14890750008635223,0.13164609984960407
PPO_full_u2_t20_seed0_20260521_211953,PPO,full,u2_t20,2,20,0,182,2026-05-21 21:22:06,132.15712780004833,-0.7489816479779242,0.05315952144893312,1211.6323351265305,1120.5343806048825,85.99649307999888,1.0,8,8,0,,,1099.1502782527668,120,,MinBattery_NearestTask,1235.4772701211982,1648.142715048298,-0.020133189391344786,0.0012149795293225907,0.7666487097740173,0.0001,0.0003,0.0001,0.0003,,256,3,4,4,1,128,1,0.99,0.95,0.2,0.01,1,D:\Python project\HGNN_PPO_USV_Scheduling\models\best_u2_t20_seed0.pth,0.30740159994456917,0.30607980000786483,0.6135696999263018,0.0014380000066012144,0.1636736000655219,0.13746439991518855
PPO_full_u2_t20_seed0_20260521_211953,PPO,full,u2_t20,2,20,0,183,2026-05-21 21:22:06,132.86963259999175,-0.7903715180914903,0.07791274302388235,1278.5889890200876,1182.2749260139065,126.03993571938933,1.0,8,8,0,,,1099.1502782527668,120,,MinBattery_NearestTask,1235.4772701211982,1648.142715048298,-0.07334928249474615,0.0017526326701045036,0.793047584593296,0.0001,0.0003,0.0001,0.0003,,256,3,4,4,1,128,1,0.99,0.95,0.2,0.01,1,D:\Python project\HGNN_PPO_USV_Scheduling\models\best_u2_t20_seed0.pth,0.36517599993385375,0.27691990009043366,0.6422013000119478,0.00165200000628829,0.1426000997889787,0.12857220007572323
PPO_full_u2_t20_seed0_20260521_211953,PPO,full,u2_t20,2,20,0,184,2026-05-21 21:22:07,133.56034980004188,-0.7966346642901205,0.1038620537869773,1288.720920121968,1129.4460764589646,168.01829938116416,1.0,8,8,0,,,1099.1502782527668,120,,MinBattery_NearestTask,1235.4772701211982,1648.142715048298,-0.01074740313924849,0.0023519187525380403,0.8693412616848946,0.0001,0.0003,0.0001,0.0003,,256,3,4,4,1,128,1,0.99,0.95,0.2,0.01,1,D:\Python project\HGNN_PPO_USV_Scheduling\models\best_u2_t20_seed0.pth,0.31702499999664724,0.2875225000316277,0.6046520000090823,0.001528099994175136,0.15049110003747046,0.13099950004834682
PPO_full_u2_t20_seed0_20260521_211953,PPO,full,u2_t20,2,20,0,185,2026-05-21 21:22:08,134.23735820001457,-0.7670929045057655,0.06121199189823093,1240.9310290239687,1146.8197178164946,99.02302530593627,1.0,8,8,0,,,1099.1502782527668,120,,MinBattery_NearestTask,1235.4772701211982,1648.142715048298,-0.017221384216099977,0.001766119195963256,0.7851288989186287,0.0001,0.0003,0.0001,0.0003,,256,3,4,4,1,128,1,0.99,0.95,0.2,0.01,1,D:\Python project\HGNN_PPO_USV_Scheduling\models\best_u2_t20_seed0.pth,0.297914499999024,0.30483989999629557,0.6028586000902578,0.0014090000186115503,0.15381690009962767,0.13055549981072545
PPO_full_u2_t20_seed0_20260521_211953,PPO,full,u2_t20,2,20,0,186,2026-05-21 21:22:08,134.9128081999952,-0.7761307146133036,0.09746521990163393,1255.551551428744,1127.2907033018644,157.67010086543294,1.0,8,8,0,,,1099.1502782527668,120,,MinBattery_NearestTask,1235.4772701211982,1648.142715048298,-0.007744816364720464,0.0024372180341742933,0.8677598163485527,0.0001,0.0003,0.0001,0.0003,,256,3,4,4,1,128,1,0.99,0.95,0.2,0.01,1,D:\Python project\HGNN_PPO_USV_Scheduling\models\best_u2_t20_seed0.pth,0.30678260000422597,0.29091059998609126,0.5978008999954909,0.0013099999632686377,0.15102290001232177,0.13440400001127273
PPO_full_u2_t20_seed0_20260521_211953,PPO,full,u2_t20,2,20,0,187,2026-05-21 21:22:09,135.59086410002783,-0.7363295179953153,0.02134346358248551,1191.1649046674004,1139.9355828703003,34.52745563252731,1.0,8,8,0,,,1099.1502782527668,120,,MinBattery_NearestTask,1235.4772701211982,1648.142715048298,0.021133556379936635,0.0010218593815807253,0.8453541025519371,0.0001,0.0003,0.0001,0.0003,,256,3,4,4,1,128,1,0.99,0.95,0.2,0.01,1,D:\Python project\HGNN_PPO_USV_Scheduling\models\best_u2_t20_seed0.pth,0.31375370000023395,0.2814695999259129,0.5953314999351278,0.0013632000191137195,0.14848640002310276,0.12778299988713115
PPO_full_u2_t20_seed0_20260521_211953,PPO,full,u2_t20,2,20,0,188,2026-05-21 21:22:10,136.26884080003947,-0.8260333002252557,0.1090075732425399,1336.2792788665238,1165.4699292702478,176.3422386528593,1.0,8,8,0,,,1099.1502782527668,120,,MinBattery_NearestTask,1235.4772701211982,1648.142715048298,0.01828356320038438,0.0034681395336519927,0.8482943698763847,0.0001,0.0003,0.0001,0.0003,,256,3,4,4,1,128,1,0.99,0.95,0.2,0.01,1,D:\Python project\HGNN_PPO_USV_Scheduling\models\best_u2_t20_seed0.pth,0.29679000005126,0.3004593999357894,0.59735619998537,0.0018170000985264778,0.15233229973819107,0.1320638001197949
PPO_full_u2_t20_seed0_20260521_211953,PPO,full,u2_t20,2,20,0,189,2026-05-21 21:22:10,136.95780970004853,-0.7883767179795311,0.09249561555942792,1275.3619882994572,1138.2832073540958,149.63074058196244,1.0,8,8,0,,,1099.1502782527668,120,,MinBattery_NearestTask,1235.4772701211982,1648.142715048298,0.046816191636025906,0.0022319023992167786,0.8759219720959663,0.0001,0.0003,0.0001,0.0003,,256,3,4,4,1,128,1,0.99,0.95,0.2,0.01,1,D:\Python project\HGNN_PPO_USV_Scheduling\models\best_u2_t20_seed0.pth,0.3276942999800667,0.2897983000148088,0.6176001999992877,0.0013676000526174903,0.14668350003194064,0.13724179996643215
PPO_full_u2_t20_seed0_20260521_211953,PPO,full,u2_t20,2,20,0,190,2026-05-21 21:22:11,137.8081992000807,-0.7697982037545805,0.08707524704233355,1245.3074086788067,1154.1737732702745,140.8621762501873,1.0,8,8,0,1129.0558318727442,1,1099.1502782527668,120,-8.613791675666706,MinBattery_NearestTask,1235.4772701211982,1648.142715048298,0.02844738552812487,0.0022781416337238625,0.8285059407353401,0.0001,0.0003,0.0001,0.0003,,256,3,4,4,1,128,1,0.99,0.95,0.2,0.01,1,D:\Python project\HGNN_PPO_USV_Scheduling\models\best_u2_t20_seed0.pth,0.2868047999218106,0.28347290004603565,0.770372899947688,0.0013461000053212047,0.14584889996331185,0.13270910014398396
PPO_full_u2_t20_seed0_20260521_211953,PPO,full,u2_t20,2,20,0,191,2026-05-21 21:22:12,138.60505420004483,-0.7563493620828119,0.07165363763711351,1223.5511326959377,1129.017503068369,115.9145414643391,1.0,8,8,0,,,1099.1502782527668,120,,MinBattery_NearestTask,1235.4772701211982,1648.142715048298,0.0030870394548401237,0.0016406138747697696,0.8072788342833519,0.0001,0.0003,0.0001,0.0003,,256,3,4,4,1,128,1,0.99,0.95,0.2,0.01,1,D:\Python project\HGNN_PPO_USV_Scheduling\models\best_u2_t20_seed0.pth,0.30545560002792627,0.38698179996572435,0.692567199934274,0.0017099999822676182,0.19746729999314994,0.174025000189431
PPO_full_u2_t20_seed0_20260521_211953,PPO,full,u2_t20,2,20,0,192,2026-05-21 21:22:13,139.33294980006758,-0.7113331254854656,0.026957383793688065,1150.7280828731487,1093.8584264613357,43.60912976042779,1.0,8,8,0,,,1099.1502782527668,120,,MinBattery_NearestTask,1235.4772701211982,1648.142715048298,0.015653456328436732,0.0010520627765799873,0.9031118750572205,0.0001,0.0003,0.0001,0.0003,,256,3,4,4,1,128,1,0.99,0.95,0.2,0.01,1,D:\Python project\HGNN_PPO_USV_Scheduling\models\best_u2_t20_seed0.pth,0.34632969996891916,0.3013906000414863,0.6478263000026345,0.0017050000606104732,0.14729400002397597,0.12728970020543784
PPO_full_u2_t20_seed0_20260521_211953,PPO,full,u2_t20,2,20,0,193,2026-05-21 21:22:13,140.0105819000164,-0.7929852212418308,0.1026662101738604,1282.8171930888047,1148.2035536216968,166.08377562705257,1.0,8,8,0,,,1099.1502782527668,120,,MinBattery_NearestTask,1235.4772701211982,1648.142715048298,0.00748645921703428,0.002330150906345807,0.8938154354691505,0.0001,0.0003,0.0001,0.0003,,256,3,4,4,1,128,1,0.99,0.95,0.2,0.01,1,D:\Python project\HGNN_PPO_USV_Scheduling\models\best_u2_t20_seed0.pth,0.32258669997099787,0.2838849000399932,0.6065562999574468,0.0014316999586299062,0.14546849997714162,0.1339628000278026
PPO_full_u2_t20_seed0_20260521_211953,PPO,full,u2_t20,2,20,0,194,2026-05-21 21:22:14,140.66046060004737,-0.807276042794624,0.12880868575928586,1305.9355452348611,1164.0323916232653,208.37462324003826,1.0,8,8,0,,,1099.1502782527668,120,,MinBattery_NearestTask,1235.4772701211982,1648.142715048298,-0.003101280890405178,0.0031027002551127225,0.8130811527371407,0.0001,0.0003,0.0001,0.0003,,256,3,4,4,1,128,1,0.99,0.95,0.2,0.01,1,D:\Python project\HGNN_PPO_USV_Scheduling\models\best_u2_t20_seed0.pth,0.2972925000358373,0.2738712999271229,0.5712494000326842,0.0019346000626683235,0.14054199971724302,0.12817440007347614
PPO_full_u2_t20_seed0_20260521_211953,PPO,full,u2_t20,2,20,0,195,2026-05-21 21:22:15,141.3529459000565,-0.7710990502914769,0.10153591500360935,1247.4117963248812,1115.0717129954703,164.2552900023235,1.0,8,8,0,,,1099.1502782527668,120,,MinBattery_NearestTask,1235.4772701211982,1648.142715048298,-0.06101217772811651,0.0022141773224575445,0.7363158538937569,0.0001,0.0003,0.0001,0.0003,,256,3,4,4,1,128,1,0.99,0.95,0.2,0.01,1,D:\Python project\HGNN_PPO_USV_Scheduling\models\best_u2_t20_seed0.pth,0.33371679997071624,0.2848183000460267,0.6186416000127792,0.0013049000408500433,0.1506375001044944,0.12928330013528466
PPO_full_u2_t20_seed0_20260521_211953,PPO,full,u2_t20,2,20,0,196,2026-05-21 21:22:15,142.03990009997506,-0.7194414449721046,0.02366060897639804,1163.8449624389852,1121.6451935499285,38.27591634853227,1.0,8,8,0,,,1099.1502782527668,120,,MinBattery_NearestTask,1235.4772701211982,1648.142715048298,-0.023562012473121285,0.0012531907559605315,0.6323127746582031,0.0001,0.0003,0.0001,0.0003,,256,3,4,4,1,128,1,0.99,0.95,0.2,0.01,1,D:\Python project\HGNN_PPO_USV_Scheduling\models\best_u2_t20_seed0.pth,0.3153950000414625,0.2905372999375686,0.6060386999743059,0.0013812000397592783,0.14783909998368472,0.13735990005079657
PPO_full_u2_t20_seed0_20260521_211953,PPO,full,u2_t20,2,20,0,197,2026-05-21 21:22:16,142.72259250003844,-0.7912747152578933,0.06857388272143866,1280.050096771877,1166.2386800155841,110.93240251584714,1.0,8,8,0,,,1099.1502782527668,120,,MinBattery_NearestTask,1235.4772701211982,1648.142715048298,-0.018654530867934227,0.00233944044157397,0.671323150396347,0.0001,0.0003,0.0001,0.0003,,256,3,4,4,1,128,1,0.99,0.95,0.2,0.01,1,D:\Python project\HGNN_PPO_USV_Scheduling\models\best_u2_t20_seed0.pth,0.30877220002003014,0.30351270001847297,0.6123888000147417,0.0013180000241845846,0.1519007998285815,0.13077020004857332
PPO_full_u2_t20_seed0_20260521_211953,PPO,full,u2_t20,2,20,0,198,2026-05-21 21:22:17,143.39208380004857,-0.7193110307031069,0.022484698862951357,1163.6339904536153,1101.0364938571777,36.37363914254091,1.0,8,8,0,,,1099.1502782527668,120,,MinBattery_NearestTask,1235.4772701211982,1648.142715048298,-0.024308776599355042,0.00163141600205563,0.6598279923200607,0.0001,0.0003,0.0001,0.0003,,256,3,4,4,1,128,1,0.99,0.95,0.2,0.01,1,D:\Python project\HGNN_PPO_USV_Scheduling\models\best_u2_t20_seed0.pth,0.30372530000749975,0.2859627000289038,0.5897928000194952,0.001542900106869638,0.14904209994710982,0.12936919985804707
PPO_full_u2_t20_seed0_20260521_211953,PPO,full,u2_t20,2,20,0,199,2026-05-21 21:22:17,144.06069579999894,-0.7466733922960578,0.07879899570605362,1207.8982553537626,1104.0663540310452,127.47363227218257,1.0,8,8,0,,,1099.1502782527668,120,,MinBattery_NearestTask,1235.4772701211982,1648.142715048298,-0.00641995866317302,0.0018647171382326633,0.7585148960351944,0.0001,0.0003,0.0001,0.0003,,256,3,4,4,1,128,1,0.99,0.95,0.2,0.01,1,D:\Python project\HGNN_PPO_USV_Scheduling\models\best_u2_t20_seed0.pth,0.3090949000325054,0.2763664999511093,0.585567899979651,0.002005400019697845,0.14406900014728308,0.12651309987995774
PPO_full_u2_t20_seed0_20260521_211953,PPO,full,u2_t20,2,20,0,200,2026-05-21 21:22:18,144.95259160001297,-0.7578546599522956,0.08360875675562553,1225.9862625520395,1132.905621755329,135.25441305316266,1.0,8,8,0,1129.0558318727442,1,1099.1502782527668,120,-8.613791675666706,MinBattery_NearestTask,1235.4772701211982,1648.142715048298,0.03828355128644034,0.0020765662047779188,0.7201782464981079,0.0001,0.0003,0.0001,0.0003,,256,3,4,4,1,128,1,0.99,0.95,0.2,0.01,1,D:\Python project\HGNN_PPO_USV_Scheduling\models\best_u2_t20_seed0.pth,0.3251420999877155,0.2710711000254378,0.8080112000461668,0.0014664999907836318,0.13888099999167025,0.1269492000574246
PPO_full_u2_t20_seed0_20260521_211953,PPO,full,u2_t20,2,20,0,201,2026-05-21 21:22:19,145.62264439999126,-0.7537492335878921,0.07495449172804065,1219.3448884328986,1128.0029714538564,121.25435394292182,1.0,8,8,0,,,1099.1502782527668,120,,MinBattery_NearestTask,1235.4772701211982,1648.142715048298,-0.017092205001972616,0.0012470323345041834,0.6763784810900688,0.0001,0.0003,0.0001,0.0003,,256,3,4,4,1,128,1,0.99,0.95,0.2,0.01,1,D:\Python project\HGNN_PPO_USV_Scheduling\models\best_u2_t20_seed0.pth,0.3151035999180749,0.27725040004588664,0.5924594999523833,0.0016569000435993075,0.1470670000417158,0.12482260004617274
PPO_full_u2_t20_seed0_20260521_211953,PPO,full,u2_t20,2,20,0,202,2026-05-21 21:22:20,146.31013750005513,-0.7363093271139786,0.021964589347200195,1191.1322417513352,1131.6908541938585,35.53225469902014,1.0,8,8,0,,,1099.1502782527668,120,,MinBattery_NearestTask,1235.4772701211982,1648.142715048298,0.049594042531680316,0.0007849130561226048,0.6891055926680565,0.0001,0.0003,0.0001,0.0003,,256,3,4,4,1,128,1,0.99,0.95,0.2,0.01,1,D:\Python project\HGNN_PPO_USV_Scheduling\models\best_u2_t20_seed0.pth,0.312936200061813,0.2897839999059215,0.6028268000809476,0.00132170005235821,0.14578280015848577,0.12756970000918955
PPO_full_u2_t20_seed0_20260521_211953,PPO,full,u2_t20,2,20,0,203,2026-05-21 21:22:20,147.00653860007878,-0.740903580191193,0.02320540941862222,1198.5643939264064,1134.2034495659432,37.53953715336044,1.0,8,8,0,,,1099.1502782527668,120,,MinBattery_NearestTask,1235.4772701211982,1648.142715048298,-0.056311400257982314,0.0007959637587191537,0.7669660001993179,0.0001,0.0003,0.0001,0.0003,,256,3,4,4,1,128,1,0.99,0.95,0.2,0.01,1,D:\Python project\HGNN_PPO_USV_Scheduling\models\best_u2_t20_seed0.pth,0.31973450002260506,0.30698379990644753,0.6267977999523282,0.0022468999959528446,0.15289159992244095,0.13481369998771697
PPO_full_u2_t20_seed0_20260521_211953,PPO,full,u2_t20,2,20,0,204,2026-05-21 21:22:21,147.67459160008002,-0.8973212055858836,0.08705979485582667,1451.6021729208283,1192.9447164054206,140.83717915063133,1.0,8,8,0,,,1099.1502782527668,120,,MinBattery_NearestTask,1235.4772701211982,1648.142715048298,-0.027071644086390734,0.003974271035986021,0.8831232637166977,0.0001,0.0003,0.0001,0.0003,,256,3,4,4,1,128,1,0.99,0.95,0.2,0.01,1,D:\Python project\HGNN_PPO_USV_Scheduling\models\best_u2_t20_seed0.pth,0.3027364999288693,0.28463750006631017,0.5874774999683723,0.0014115000376477838,0.14640689990483224,0.13305720000062138
PPO_full_u2_t20_seed0_20260521_211953,PPO,full,u2_t20,2,20,0,205,2026-05-21 21:22:22,148.32612019998487,-0.8805510782626471,0.09207765968821453,1424.473032195045,1202.8343502162681,148.95461073340692,1.0,8,8,0,,,1099.1502782527668,120,,MinBattery_NearestTask,1235.4772701211982,1648.142715048298,0.05535385594703257,0.0032223805028479546,0.8630954995751381,0.0001,0.0003,0.0001,0.0003,,256,3,4,4,1,128,1,0.99,0.95,0.2,0.01,1,D:\Python project\HGNN_PPO_USV_Scheduling\models\best_u2_t20_seed0.pth,0.2929637999041006,0.28635880001820624,0.5794280999107286,0.001687800046056509,0.14752469980157912,0.13322390033863485
PPO_full_u2_t20_seed0_20260521_211953,PPO,full,u2_t20,2,20,0,206,2026-05-21 21:22:22,148.96851090004202,-0.8343740609466894,0.12471144248563416,1349.772180083698,1176.7515276552233,201.74648695841034,1.0,8,8,0,,,1099.1502782527668,120,,MinBattery_NearestTask,1235.4772701211982,1648.142715048298,0.007031506160274148,0.0037106454255990684,0.8812803849577904,0.0001,0.0003,0.0001,0.0003,,256,3,4,4,1,128,1,0.99,0.95,0.2,0.01,1,D:\Python project\HGNN_PPO_USV_Scheduling\models\best_u2_t20_seed0.pth,0.2964753999840468,0.2667509999591857,0.5633302999194711,0.001374599989503622,0.13734080002177507,0.1240225003566593
PPO_full_u2_t20_seed0_20260521_211953,PPO,full,u2_t20,2,20,0,207,2026-05-21 21:22:23,149.63704240007792,-0.8389467721278214,0.11493166833011165,1357.1694837976302,1129.3639458550922,185.92568463427224,1.0,8,8,0,,,1099.1502782527668,120,,MinBattery_NearestTask,1235.4772701211982,1648.142715048298,-0.07677867112215608,0.003522019076626748,0.8444196805357933,0.0001,0.0003,0.0001,0.0003,,256,3,4,4,1,128,1,0.99,0.95,0.2,0.01,1,D:\Python project\HGNN_PPO_USV_Scheduling\models\best_u2_t20_seed0.pth,0.3062691999366507,0.2881004000082612,0.5944554000161588,0.0015209000557661057,0.15290489990729839,0.1304398999782279
PPO_full_u2_t20_seed0_20260521_211953,PPO,full,u2_t20,2,20,0,208,2026-05-21 21:22:24,150.34660270006862,-0.8196682825501208,0.09032370029170451,1325.9825496346848,1212.683784561961,146.11721955693696,1.0,8,8,0,,,1099.1502782527668,120,,MinBattery_NearestTask,1235.4772701211982,1648.142715048298,-0.007295205432455987,0.0024414984800387174,0.8844901099801064,0.0001,0.0003,0.0001,0.0003,,256,3,4,4,1,128,1,0.99,0.95,0.2,0.01,1,D:\Python project\HGNN_PPO_USV_Scheduling\models\best_u2_t20_seed0.pth,0.32984760007821023,0.30077089997939765,0.6307227000361308,0.0015963000478222966,0.14744930004235357,0.12687759997788817
PPO_full_u2_t20_seed0_20260521_211953,PPO,full,u2_t20,2,20,0,209,2026-05-21 21:22:24,151.04004390002228,-0.7760131166353962,0.08065388087233948,1255.361312438292,1119.9738736428271,130.47429170287234,1.0,8,8,0,,,1099.1502782527668,120,,MinBattery_NearestTask,1235.4772701211982,1648.142715048298,0.03264106868300587,0.0020659636647906154,0.8722063899040222,0.0001,0.0003,0.0001,0.0003,,256,3,4,4,1,128,1,0.99,0.95,0.2,0.01,1,D:\Python project\HGNN_PPO_USV_Scheduling\models\best_u2_t20_seed0.pth,0.3092540999641642,0.3074696999974549,0.6168280000565574,0.001344099990092218,0.15904820000287145,0.13049979996867478
PPO_full_u2_t20_seed0_20260521_211953,PPO,full,u2_t20,2,20,0,210,2026-05-21 21:22:25,151.88277560006827,-0.791663779500172,0.10060371271677074,1280.6794884501096,1154.6150460448634,162.74726048429463,1.0,8,8,0,1120.2187457506186,1,1099.1502782527668,120,-9.329068786451487,MinBattery_NearestTask,1235.4772701211982,1648.142715048298,-0.02143890829756856,0.002666021988261491,0.8353205695748329,0.0001,0.0003,0.0001,0.0003,,256,3,4,4,1,128,1,0.99,0.95,0.2,0.01,1,D:\Python project\HGNN_PPO_USV_Scheduling\models\best_u2_t20_seed0.pth,0.3038937000092119,0.26966260001063347,0.762599500012584,0.001274599926546216,0.14199050003662705,0.12316729978192598
PPO_full_u2_t20_seed0_20260521_211953,PPO,full,u2_t20,2,20,0,211,2026-05-21 21:22:26,152.58842110005207,-0.7604410422546978,0.056288042456770306,1230.1702695127572,1149.0979618239473,91.05752124330829,1.0,8,8,0,,,1099.1502782527668,120,,MinBattery_NearestTask,1235.4772701211982,1648.142715048298,0.03220893058460206,0.0012534859997685999,0.8560035973787308,0.0001,0.0003,0.0001,0.0003,,256,3,4,4,1,128,1,0.99,0.95,0.2,0.01,1,D:\Python project\HGNN_PPO_USV_Scheduling\models\best_u2_t20_seed0.pth,0.32590960001107305,0.2982589000603184,0.6242733000544831,0.0022411999525502324,0.14503929996863008,0.1294919002102688
PPO_full_u2_t20_seed0_20260521_211953,PPO,full,u2_t20,2,20,0,212,2026-05-21 21:22:27,153.27836250001565,-0.7346521021704466,0.023416546662411598,1188.4513385094701,1128.8575975493377,37.881095204102174,1.0,8,8,0,,,1099.1502782527668,120,,MinBattery_NearestTask,1235.4772701211982,1648.142715048298,-0.06702532595954835,0.0009011837391881272,0.8071141615509987,0.0001,0.0003,0.0001,0.0003,,256,3,4,4,1,128,1,0.99,0.95,0.2,0.01,1,D:\Python project\HGNN_PPO_USV_Scheduling\models\best_u2_t20_seed0.pth,0.3142949000466615,0.2851540999254212,0.59956040000543,0.0012729000300168991,0.14989410003181547,0.13110140000935644
PPO_full_u2_t20_seed0_20260521_211953,PPO,full,u2_t20,2,20,0,213,2026-05-21 21:22:27,153.99696630006656,-0.7334003046729852,0.029038233720827214,1186.4262978038007,1107.2182356344324,46.975333809718215,1.0,8,8,0,,,1099.1502782527668,120,,MinBattery_NearestTask,1235.4772701211982,1648.142715048298,0.006282059708610177,0.0008361711661564186,0.8019822388887405,0.0001,0.0003,0.0001,0.0003,,256,3,4,4,1,128,1,0.99,0.95,0.2,0.01,1,D:\Python project\HGNN_PPO_USV_Scheduling\models\best_u2_t20_seed0.pth,0.3401461000321433,0.3018668999429792,0.6421203999780118,0.001285000005736947,0.16198129998520017,0.13426790002267808
PPO_full_u2_t20_seed0_20260521_211953,PPO,full,u2_t20,2,20,0,214,2026-05-21 21:22:28,154.71884009998757,-0.768593931109884,0.07448018533181817,1243.3592492271541,1155.8584646755426,120.4870654947042,1.0,8,8,0,,,1099.1502782527668,120,,MinBattery_NearestTask,1235.4772701211982,1648.142715048298,-0.022145276190713048,0.0017230144294444472,0.7574949041008949,0.0001,0.0003,0.0001,0.0003,,256,3,4,4,1,128,1,0.99,0.95,0.2,0.01,1,D:\Python project\HGNN_PPO_USV_Scheduling\models\best_u2_t20_seed0.pth,0.31475280004087836,0.31858700001612306,0.6334471000591293,0.0017532000783830881,0.16752800019457936,0.14615900011267513
PPO_full_u2_t20_seed0_20260521_211953,PPO,full,u2_t20,2,20,0,215,2026-05-21 21:22:29,155.3787624000106,-0.7177293913007134,0.024815010463150083,1161.0753624183037,1108.2373353657547,40.14339891348315,1.0,8,8,0,,,1099.1502782527668,120,,MinBattery_NearestTask,1235.4772701211982,1648.142715048298,-0.062108970945701,0.0010732438749982975,0.6931079253554344,0.0001,0.0003,0.0001,0.0003,,256,3,4,4,1,128,1,0.99,0.95,0.2,0.01,1,D:\Python project\HGNN_PPO_USV_Scheduling\models\best_u2_t20_seed0.pth,0.31245640001725405,0.27464259997941554,0.5871958000352606,0.0012629999546334147,0.1439243999775499,0.12582530011422932
PPO_full_u2_t20_seed0_20260521_211953,PPO,full,u2_t20,2,20,0,216,2026-05-21 21:22:29,156.03513640002348,-0.7160337860640561,0.02534895424686051,1158.3323711342177,1106.7090304450114,41.00716313952252,1.0,8,8,0,,,1099.1502782527668,120,,MinBattery_NearestTask,1235.4772701211982,1648.142715048298,0.10220824473071843,0.0009446577605558559,0.728568822145462,0.0001,0.0003,0.0001,0.0003,,256,3,4,4,1,128,1,0.99,0.95,0.2,0.01,1,D:\Python project\HGNN_PPO_USV_Scheduling\models\best_u2_t20_seed0.pth,0.2901754999766126,0.284023700049147,0.5742957999464124,0.001517999917268753,0.14722020004410297,0.11955450009554625
PPO_full_u2_t20_seed0_20260521_211953,PPO,full,u2_t20,2,20,0,217,2026-05-21 21:22:30,156.7061304000672,-0.7094570413159031,0.028828662200105486,1147.693129681174,1105.2458636297126,46.636308639056665,1.0,8,8,0,,,1099.1502782527668,120,,MinBattery_NearestTask,1235.4772701211982,1648.142715048298,-0.008783679688349366,0.000852777789987158,0.6658313646912575,0.0001,0.0003,0.0001,0.0003,,256,3,4,4,1,128,1,0.99,0.95,0.2,0.01,1,D:\Python project\HGNN_PPO_USV_Scheduling\models\best_u2_t20_seed0.pth,0.30341369996313006,0.2887998999794945,0.5923191999318078,0.0014810999855399132,0.14596600004006177,0.13740160001907498
PPO_full_u2_t20_seed0_20260521_211953,PPO,full,u2_t20,2,20,0,218,2026-05-21 21:22:31,157.39786120003555,-0.766101783727586,0.08576772043253322,1239.3276866909487,1130.8266437774769,138.74698220805084,1.0,8,8,0,,,1099.1502782527668,120,,MinBattery_NearestTask,1235.4772701211982,1648.142715048298,-0.02405667572747916,0.0022206484427442774,0.9517878666520119,0.0001,0.0003,0.0001,0.0003,,256,3,4,4,1,128,1,0.99,0.95,0.2,0.01,1,D:\Python project\HGNN_PPO_USV_Scheduling\models\best_u2_t20_seed0.pth,0.32799190003424883,0.2801108000567183,0.6082048999378458,0.001526899985037744,0.14591459999792278,0.12965280015487224
PPO_full_u2_t20_seed0_20260521_211953,PPO,full,u2_t20,2,20,0,219,2026-05-21 21:22:31,158.05155049997848,-0.9241132662240635,0.12052646108248732,1494.9438583700376,1162.8427567253905,194.97641615140788,1.0,8,8,0,,,1099.1502782527668,120,,MinBattery_NearestTask,1235.4772701211982,1648.142715048298,-0.010187035310082138,0.005189039162360132,0.8949871435761452,0.0001,0.0003,0.0001,0.0003,,256,3,4,4,1,128,1,0.99,0.95,0.2,0.01,1,D:\Python project\HGNN_PPO_USV_Scheduling\models\best_u2_t20_seed0.pth,0.29413350007962435,0.2773420999292284,0.5715617999667302,0.0015901000006124377,0.14197149977553636,0.1300609998870641
PPO_full_u2_t20_seed0_20260521_211953,PPO,full,u2_t20,2,20,0,220,2026-05-21 21:22:32,159.03613260004204,-0.8088882886394406,0.11915768977378696,1308.5436855050896,1107.226585247887,192.7621461736425,1.0,8,8,0,1229.4415362052425,1,1099.1502782527668,120,-0.48853459807994637,MinBattery_NearestTask,1235.4772701211982,1648.142715048298,-0.08771661831997335,0.004519932350376621,0.7860425040125847,0.0001,0.0003,0.0001,0.0003,,256,3,4,4,1,128,1,0.99,0.95,0.2,0.01,1,D:\Python project\HGNN_PPO_USV_Scheduling\models\best_u2_t20_seed0.pth,0.3647569000022486,0.3083810000680387,0.900166800012812,0.0017588000046089292,0.151107799843885,0.15262549999170005
PPO_full_u2_t20_seed0_20260521_211953,PPO,full,u2_t20,2,20,0,221,2026-05-21 21:22:33,159.75382990005892,-0.7207541907217229,0.022685184321690532,1165.968599516518,1128.8324803771643,36.69796573343511,1.0,8,8,0,,,1099.1502782527668,120,,MinBattery_NearestTask,1235.4772701211982,1648.142715048298,0.040808372432366014,0.0013425646466203034,0.7412129268050194,0.0001,0.0003,0.0001,0.0003,,256,3,4,4,1,128,1,0.99,0.95,0.2,0.01,1,D:\Python project\HGNN_PPO_USV_Scheduling\models\best_u2_t20_seed0.pth,0.3187584000406787,0.3234184000175446,0.642277600010857,0.0016262999270111322,0.15747179999016225,0.13103370007593185
PPO_full_u2_t20_seed0_20260521_211953,PPO,full,u2_t20,2,20,0,222,2026-05-21 21:22:34,160.41585590003524,-0.7519377696034287,0.04610335368841279,1216.4144717218635,1122.889025629015,74.58168599653374,1.0,8,8,0,,,1099.1502782527668,120,,MinBattery_NearestTask,1235.4772701211982,1648.142715048298,-0.0042697470635175705,0.0011484921851661056,0.7400554418563843,0.0001,0.0003,0.0001,0.0003,,256,3,4,4,1,128,1,0.99,0.95,0.2,0.01,1,D:\Python project\HGNN_PPO_USV_Scheduling\models\best_u2_t20_seed0.pth,0.3059369999682531,0.26796259998809546,0.5740057000657544,0.0013093999586999416,0.13803279993589967,0.12496850022580475
PPO_full_u2_t20_seed0_20260521_211953,PPO,full,u2_t20,2,20,0,223,2026-05-21 21:22:34,161.10038429999258,-0.7677892492514031,0.08358594535492603,1242.057510310243,1100.8897347276109,135.2175109063989,1.0,8,8,0,,,1099.1502782527668,120,,MinBattery_NearestTask,1235.4772701211982,1648.142715048298,-0.050857934867963195,0.0017311374394921586,0.7734051421284676,0.0001,0.0003,0.0001,0.0003,,256,3,4,4,1,128,1,0.99,0.95,0.2,0.01,1,D:\Python project\HGNN_PPO_USV_Scheduling\models\best_u2_t20_seed0.pth,0.31922449998091906,0.2799582000588998,0.5992850000038743,0.0013017000164836645,0.1473540001315996,0.12845839990768582
PPO_full_u2_t20_seed0_20260521_211953,PPO,full,u2_t20,2,20,0,224,2026-05-21 21:22:35,161.7725974000059,-0.7906033786185811,0.1041379618441116,1278.9640712569103,1091.774230085014,168.46463758510868,1.0,8,8,0,,,1099.1502782527668,120,,MinBattery_NearestTask,1235.4772701211982,1648.142715048298,0.009699036832898855,0.002667847409611568,0.7469417303800583,0.0001,0.0003,0.0001,0.0003,,256,3,4,4,1,128,1,0.99,0.95,0.2,0.01,1,D:\Python project\HGNN_PPO_USV_Scheduling\models\best_u2_t20_seed0.pth,0.29789960000198334,0.30091760004870594,0.5989202000200748,0.0015179000329226255,0.1525115999393165,0.14293250010814518
PPO_full_u2_t20_seed0_20260521_211953,PPO,full,u2_t20,2,20,0,225,2026-05-21 21:22:36,162.44763040007092,-0.7390907727968998,0.025476678775655945,1195.631803972818,1128.0776606292488,41.21378391520522,1.0,8,8,0,,,1099.1502782527668,120,,MinBattery_NearestTask,1235.4772701211982,1648.142715048298,0.0025490180123597383,0.0009907425483106636,0.8506630659103394,0.0001,0.0003,0.0001,0.0003,,256,3,4,4,1,128,1,0.99,0.95,0.2,0.01,1,D:\Python project\HGNN_PPO_USV_Scheduling\models\best_u2_t20_seed0.pth,0.31107880000490695,0.2854114000219852,0.5965947000076994,0.001361300004646182,0.15075439994689077,0.1306331999367103
PPO_full_u2_t20_seed0_20260521_211953,PPO,full,u2_t20,2,20,0,226,2026-05-21 21:22:37,163.13163389998954,-0.7813621066623309,0.08069003975052955,1264.0144073364122,1151.0963390527797,130.5327861481438,1.0,8,8,0,,,1099.1502782527668,120,,MinBattery_NearestTask,1235.4772701211982,1648.142715048298,0.01841303543187678,0.002283523484948091,0.9099175557494164,0.0001,0.0003,0.0001,0.0003,,256,3,4,4,1,128,1,0.99,0.95,0.2,0.01,1,D:\Python project\HGNN_PPO_USV_Scheduling\models\best_u2_t20_seed0.pth,0.3159678999800235,0.2932765999576077,0.6093485000310466,0.0012916999403387308,0.1583272999851033,0.12925019999966025
PPO_full_u2_t20_seed0_20260521_211953,PPO,full,u2_t20,2,20,0,227,2026-05-21 21:22:37,163.80113380006514,-0.7899687681504258,0.11807425049171984,1277.9374579006248,1107.347057329515,191.00945961470887,1.0,8,8,0,,,1099.1502782527668,120,,MinBattery_NearestTask,1235.4772701211982,1648.142715048298,0.0004045548848807812,0.003585930884582922,0.857469342648983,0.0001,0.0003,0.0001,0.0003,,256,3,4,4,1,128,1,0.99,0.95,0.2,0.01,1,D:\Python project\HGNN_PPO_USV_Scheduling\models\best_u2_t20_seed0.pth,0.2966718999668956,0.2995873000472784,0.5963651000056416,0.0014279000461101532,0.14789040014147758,0.131834999890998
PPO_full_u2_t20_seed0_20260521_211953,PPO,full,u2_t20,2,20,0,228,2026-05-21 21:22:38,164.46794010000303,-0.7402542355258204,0.021187774843371344,1197.5139449663666,1147.6799394002812,34.27559697746536,1.0,8,8,0,,,1099.1502782527668,120,,MinBattery_NearestTask,1235.4772701211982,1648.142715048298,0.014235171023756266,0.001367835298879072,0.8884622007608414,0.0001,0.0003,0.0001,0.0003,,256,3,4,4,1,128,1,0.99,0.95,0.2,0.01,1,D:\Python project\HGNN_PPO_USV_Scheduling\models\best_u2_t20_seed0.pth,0.31093309994321316,0.2820956000359729,0.593133999966085,0.0014713000273332,0.14444219996221364,0.13251549995038658
PPO_full_u2_t20_seed0_20260521_211953,PPO,full,u2_t20,2,20,0,229,2026-05-21 21:22:39,165.15015270002186,-0.7141116047775986,0.024955030273193526,1155.2228463455465,1088.8326180222305,40.36990984317674,1.0,8,8,0,,,1099.1502782527668,120,,MinBattery_NearestTask,1235.4772701211982,1648.142715048298,0.03444361826404929,0.0008667546062497422,0.7286799922585487,0.0001,0.0003,0.0001,0.0003,,256,3,4,4,1,128,1,0.99,0.95,0.2,0.01,1,D:\Python project\HGNN_PPO_USV_Scheduling\models\best_u2_t20_seed0.pth,0.30821039993315935,0.2983339000493288,0.6066485999617726,0.0018100999295711517,0.14965609996579587,0.14283659995999187
PPO_full_u2_t20_seed0_20260521_211953,PPO,full,u2_t20,2,20,0,230,2026-05-21 21:22:40,166.14057400007732,-0.7207138980920931,0.024880032719347456,1165.9034178754741,1123.7796966849814,40.24858582737395,1.0,8,8,0,1092.678995986166,1,1092.678995986166,230,-11.558146603621768,MinBattery_NearestTask,1235.4772701211982,1648.142715048298,-0.016028037178330123,0.0006896353952470236,0.7784215807914734,0.0001,0.0003,0.0001,0.0003,,256,3,4,4,1,128,1,0.99,0.95,0.2,0.01,1,D:\Python project\HGNN_PPO_USV_Scheduling\models\best_u2_t20_seed0.pth,0.29203550005331635,0.2765551999909803,0.9192119999788702,0.0012668999843299389,0.14307299989741296,0.12882299965713173
PPO_full_u2_t20_seed0_20260521_211953,PPO,full,u2_t20,2,20,0,231,2026-05-21 21:22:40,166.83739560004324,-0.743369004506031,0.027644515423707088,1202.5527263878623,1142.2765626298167,44.72070693146657,1.0,8,8,0,,,1092.678995986166,230,,MinBattery_NearestTask,1235.4772701211982,1648.142715048298,-0.01973578945035115,0.0007388054291368462,0.752023458480835,0.0001,0.0003,0.0001,0.0003,,256,3,4,4,1,128,1,0.99,0.95,0.2,0.01,1,D:\Python project\HGNN_PPO_USV_Scheduling\models\best_u2_t20_seed0.pth,0.3080626999726519,0.3122129999101162,0.6203782999655232,0.0013689000625163317,0.15036820014938712,0.1287713999627158
PPO_full_u2_t20_seed0_20260521_211953,PPO,full,u2_t20,2,20,0,232,2026-05-21 21:22:41,167.5345847000135,-0.8246445357831234,0.09669370978472999,1334.0326658707256,1154.8110155327468,156.42202408405686,1.0,8,8,0,,,1092.678995986166,230,,MinBattery_NearestTask,1235.4772701211982,1648.142715048298,-0.020377651671878994,0.002551260869950056,0.7966659665107727,0.0001,0.0003,0.0001,0.0003,,256,3,4,4,1,128,1,0.99,0.95,0.2,0.01,1,D:\Python project\HGNN_PPO_USV_Scheduling\models\best_u2_t20_seed0.pth,0.3162332000210881,0.30200839997269213,0.6183505000080913,0.001858999952673912,0.1578863998875022,0.13841029989998788
PPO_full_u2_t20_seed0_20260521_211953,PPO,full,u2_t20,2,20,0,233,2026-05-21 21:22:42,168.2112224000739,-0.7299500363496444,0.023810469374713202,1180.8447769792133,1142.948666685336,38.51834645992932,1.0,8,8,0,,,1092.678995986166,230,,MinBattery_NearestTask,1235.4772701211982,1648.142715048298,-0.0059222267009317875,0.0016840260213939473,0.7250530049204826,0.0001,0.0003,0.0001,0.0003,,256,3,4,4,1,128,1,0.99,0.95,0.2,0.01,1,D:\Python project\HGNN_PPO_USV_Scheduling\models\best_u2_t20_seed0.pth,0.31916980003006756,0.28018799994606525,0.599441200029105,0.001425999915227294,0.14514860010240227,0.13011250004637986
PPO_full_u2_t20_seed0_20260521_211953,PPO,full,u2_t20,2,20,0,234,2026-05-21 21:22:42,168.9311048000818,-0.7205911730540839,0.007580550530432433,1165.704884807564,1139.589234567195,12.263104397189766,1.0,8,8,0,,,1092.678995986166,230,,MinBattery_NearestTask,1235.4772701211982,1648.142715048298,-0.009293204173445702,0.0008208565996028483,0.8243249952793121,0.0001,0.0003,0.0001,0.0003,,256,3,4,4,1,128,1,0.99,0.95,0.2,0.01,1,D:\Python project\HGNN_PPO_USV_Scheduling\models\best_u2_t20_seed0.pth,0.3261378000024706,0.3102841000072658,0.6365334999281913,0.002030799980275333,0.15805299999192357,0.14547380013391376
PPO_full_u2_t20_seed0_20260521_211953,PPO,full,u2_t20,2,20,0,235,2026-05-21 21:22:43,169.63192930002697,-0.7944796591161097,0.07397179617911265,1285.2347546621793,1173.6390870264402,119.66464115639288,1.0,8,8,0,,,1092.678995986166,230,,MinBattery_NearestTask,1235.4772701211982,1648.142715048298,0.04585035261698067,0.0020793070580111817,0.8647046014666557,0.0001,0.0003,0.0001,0.0003,,256,3,4,4,1,128,1,0.99,0.95,0.2,0.01,1,D:\Python project\HGNN_PPO_USV_Scheduling\models\best_u2_t20_seed0.pth,0.3072780000511557,0.30346039996948093,0.6108504000585526,0.0016338001005351543,0.1522505999309942,0.14548070007003844
PPO_full_u2_t20_seed0_20260521_211953,PPO,full,u2_t20,2,20,0,236,2026-05-21 21:22:44,170.37932349997573,-0.7510611603122398,0.07546756102430659,1214.9963753434752,1129.7845851464076,122.08434937898457,1.0,8,8,0,,,1092.678995986166,230,,MinBattery_NearestTask,1235.4772701211982,1648.142715048298,0.015328768990002573,0.0018519771401770413,0.7946501821279526,0.0001,0.0003,0.0001,0.0003,,256,3,4,4,1,128,1,0.99,0.95,0.2,0.01,1,D:\Python project\HGNN_PPO_USV_Scheduling\models\best_u2_t20_seed0.pth,0.37108319997787476,0.2971549000358209,0.668343500001356,0.0018215000163763762,0.14889459998812526,0.12995020009111613
PPO_full_u2_t20_seed0_20260521_211953,PPO,full,u2_t20,2,20,0,237,2026-05-21 21:22:44,171.03897360002156,-0.7668209761728626,0.0963519664529433,1240.49112884501,1123.8218579750946,155.8691837411398,1.0,8,8,0,,,1092.678995986166,230,,MinBattery_NearestTask,1235.4772701211982,1648.142715048298,0.06089561781845987,0.002148246960132383,0.877660796046257,0.0001,0.0003,0.0001,0.0003,,256,3,4,4,1,128,1,0.99,0.95,0.2,0.01,1,D:\Python project\HGNN_PPO_USV_Scheduling\models\best_u2_t20_seed0.pth,0.30625140003394336,0.2765040999511257,0.5828482999932021,0.0015885999891906977,0.14298450003843755,0.12773769989144057
PPO_full_u2_t20_seed0_20260521_211953,PPO,full,u2_t20,2,20,0,238,2026-05-21 21:22:45,171.72726970002986,-0.7908843925015028,0.11554111061315138,1279.418669187429,1106.1160492279946,186.91158325878175,1.0,8,8,0,,,1092.678995986166,230,,MinBattery_NearestTask,1235.4772701211982,1648.142715048298,-0.07332882634364069,0.002412531030131504,0.9489870220422745,0.0001,0.0003,0.0001,0.0003,,256,3,4,4,1,128,1,0.99,0.95,0.2,0.01,1,D:\Python project\HGNN_PPO_USV_Scheduling\models\best_u2_t20_seed0.pth,0.32140809996053576,0.28816450003068894,0.6096753999590874,0.001296499976888299,0.1455322998808697,0.1371246000053361
PPO_full_u2_t20_seed0_20260521_211953,PPO,full,u2_t20,2,20,0,239,2026-05-21 21:22:46,172.4451619000174,-0.8000333433539562,0.13044206770072572,1294.218984676124,1096.1299881239197,211.01695550706157,1.0,8,8,0,,,1092.678995986166,230,,MinBattery_NearestTask,1235.4772701211982,1648.142715048298,0.04087757144588977,0.0032967611332423985,0.9262680560350418,0.0001,0.0003,0.0001,0.0003,,256,3,4,4,1,128,1,0.99,0.95,0.2,0.01,1,D:\Python project\HGNN_PPO_USV_Scheduling\models\best_u2_t20_seed0.pth,0.3085086999926716,0.3329846999840811,0.6415935999248177,0.002211199956946075,0.17268169997259974,0.15383779990952462
PPO_full_u2_t20_seed0_20260521_211953,PPO,full,u2_t20,2,20,0,240,2026-05-21 21:22:47,173.35001260007266,-0.8587072574282484,0.10133795414762699,1389.1361454807686,1157.842054633234,163.9350474772295,1.0,8,8,0,1152.188278077655,1,1092.678995986166,230,-6.741442684362189,MinBattery_NearestTask,1235.4772701211982,1648.142715048298,0.01343733654357493,0.003213211050024256,0.9948082715272903,0.0001,0.0003,0.0001,0.0003,,256,3,4,4,1,128,1,0.99,0.95,0.2,0.01,1,D:\Python project\HGNN_PPO_USV_Scheduling\models\best_u2_t20_seed0.pth,0.3036530999233946,0.31372930004727095,0.8297883999766782,0.0013546999543905258,0.16055109992157668,0.12701729987747967
PPO_full_u2_t20_seed0_20260521_211953,PPO,full,u2_t20,2,20,0,241,2026-05-21 21:22:47,174.03183640004136,-0.7952985021644159,0.12106367163604734,1286.5594022251732,1113.3984708486626,195.8454650516337,1.0,8,8,0,,,1092.678995986166,230,,MinBattery_NearestTask,1235.4772701211982,1648.142715048298,-0.05720492056570947,0.002947510714875534,0.8999212980270386,0.0001,0.0003,0.0001,0.0003,,256,3,4,4,1,128,1,0.99,0.95,0.2,0.01,1,D:\Python project\HGNN_PPO_USV_Scheduling\models\best_u2_t20_seed0.pth,0.30987419991288334,0.29526090004947037,0.6052368999226019,0.001348900026641786,0.14210209983866662,0.13265689997933805
PPO_full_u2_t20_seed0_20260521_211953,PPO,full,u2_t20,2,20,0,242,2026-05-21 21:22:48,174.70072780002374,-0.7877530588799666,0.11500824612912643,1274.353091041202,1137.3636844120283,186.04956502264983,1.0,8,8,0,,,1092.678995986166,230,,MinBattery_NearestTask,1235.4772701211982,1648.142715048298,-0.0173096121288836,0.0024922455195337534,0.9154752492904663,0.0001,0.0003,0.0001,0.0003,,256,3,4,4,1,128,1,0.99,0.95,0.2,0.01,1,D:\Python project\HGNN_PPO_USV_Scheduling\models\best_u2_t20_seed0.pth,0.3097566000651568,0.28314750001300126,0.5930122000863776,0.0023277000291273,0.14473419997375458,0.1323309001745656
PPO_full_u2_t20_seed0_20260521_211953,PPO,full,u2_t20,2,20,0,243,2026-05-21 21:22:49,175.36804089997895,-0.751917021447781,0.08138653266109845,1216.3809072996314,1120.7841022973034,131.65950712176172,1.0,8,8,0,,,1092.678995986166,230,,MinBattery_NearestTask,1235.4772701211982,1648.142715048298,-0.008993659052066505,0.002055499848211184,0.8373899608850479,0.0001,0.0003,0.0001,0.0003,,256,3,4,4,1,128,1,0.99,0.95,0.2,0.01,1,D:\Python project\HGNN_PPO_USV_Scheduling\models\best_u2_t20_seed0.pth,0.30260749999433756,0.28611879993695766,0.5888324999250472,0.001365399919450283,0.14786419994197786,0.1330897001316771
PPO_full_u2_t20_seed0_20260521_211953,PPO,full,u2_t20,2,20,0,244,2026-05-21 21:22:49,176.03138760000002,-0.8188106318852305,0.11677068818730313,1324.5951227456153,1106.549943926131,188.90067865439104,1.0,8,8,0,,,1092.678995986166,230,,MinBattery_NearestTask,1235.4772701211982,1648.142715048298,0.049017980752978474,0.003153847879730165,0.9187147170305252,0.0001,0.0003,0.0001,0.0003,,256,3,4,4,1,128,1,0.99,0.95,0.2,0.01,1,D:\Python project\HGNN_PPO_USV_Scheduling\models\best_u2_t20_seed0.pth,0.303287300048396,0.2823151999618858,0.5857087000040337,0.0012780000688508153,0.1467137000290677,0.13074250030331314
PPO_full_u2_t20_seed0_20260521_211953,PPO,full,u2_t20,2,20,0,245,2026-05-21 21:22:50,176.74481760000344,-0.8855942684717248,0.13376468922297,1432.6314327993975,1123.2919312649917,216.39198129655477,1.0,8,8,0,,,1092.678995986166,230,,MinBattery_NearestTask,1235.4772701211982,1648.142715048298,-0.004221370909363031,0.003564332000678405,0.8892456665635109,0.0001,0.0003,0.0001,0.0003,,256,3,4,4,1,128,1,0.99,0.95,0.2,0.01,1,D:\Python project\HGNN_PPO_USV_Scheduling\models\best_u2_t20_seed0.pth,0.37163589999545366,0.26459309994243085,0.6363311000168324,0.0013304000021889806,0.13703540002461523,0.12243789993226528
PPO_full_u2_t20_seed0_20260521_211953,PPO,full,u2_t20,2,20,0,246,2026-05-21 21:22:51,177.4153304999927,-0.8026040836892243,0.10172406309513625,1298.3776875279684,1158.2279483602981,164.55965835647723,1.0,8,8,0,,,1092.678995986166,230,,MinBattery_NearestTask,1235.4772701211982,1648.142715048298,0.01870350120589137,0.0027561566093936563,0.8385619446635246,0.0001,0.0003,0.0001,0.0003,,256,3,4,4,1,128,1,0.99,0.95,0.2,0.01,1,D:\Python project\HGNN_PPO_USV_Scheduling\models\best_u2_t20_seed0.pth,0.2960580000653863,0.29535909998230636,0.5915028000017628,0.0013411999680101871,0.1523365998873487,0.13813849992584437
PPO_full_u2_t20_seed0_20260521_211953,PPO,full,u2_t20,2,20,0,247,2026-05-21 21:22:51,178.11482210003305,-0.7857836511587313,0.104681021466027,1271.167167751174,1135.634742365848,169.34314856009811,1.0,8,8,0,,,1092.678995986166,230,,MinBattery_NearestTask,1235.4772701211982,1648.142715048298,0.05075011285953224,0.0027183234342373908,0.9630132094025612,0.0001,0.0003,0.0001,0.0003,,256,3,4,4,1,128,1,0.99,0.95,0.2,0.01,1,D:\Python project\HGNN_PPO_USV_Scheduling\models\best_u2_t20_seed0.pth,0.30809309997130185,0.3046715999953449,0.6128789000213146,0.0014477999648079276,0.1501407001633197,0.13989850017242134
PPO_full_u2_t20_seed0_20260521_211953,PPO,full,u2_t20,2,20,0,248,2026-05-21 21:22:52,178.81170329998713,-0.8126163817311467,0.12756609004395741,1314.5746452094666,1111.1311250919998,206.3644683153532,1.0,8,8,0,,,1092.678995986166,230,,MinBattery_NearestTask,1235.4772701211982,1648.142715048298,0.022423822316341102,0.003002844750881195,0.8107530847191811,0.0001,0.0003,0.0001,0.0003,,256,3,4,4,1,128,1,0.99,0.95,0.2,0.01,1,D:\Python project\HGNN_PPO_USV_Scheduling\models\best_u2_t20_seed0.pth,0.3131751000182703,0.30674899998120964,0.620010899961926,0.0014888999285176396,0.15412370022386312,0.13274389994330704
PPO_full_u2_t20_seed0_20260521_211953,PPO,full,u2_t20,2,20,0,249,2026-05-21 21:22:53,179.48473550006747,-0.7536167219089207,0.07771635982581587,1219.1305234541876,1139.07047115457,125.72224538145487,1.0,8,8,0,,,1092.678995986166,230,,MinBattery_NearestTask,1235.4772701211982,1648.142715048298,0.030896933050826192,0.0018076182022923604,0.8954483047127724,0.0001,0.0003,0.0001,0.0003,,256,3,4,4,1,128,1,0.99,0.95,0.2,0.01,1,D:\Python project\HGNN_PPO_USV_Scheduling\models\best_u2_t20_seed0.pth,0.3049979000352323,0.2907171999104321,0.5958182000322267,0.001322000054642558,0.1536726001650095,0.1313365998212248
PPO_full_u2_t20_seed0_20260521_211953,PPO,full,u2_t20,2,20,0,250,2026-05-21 21:22:54,180.3789442999987,-0.8182071309018276,0.12711129916597108,1323.6188353989953,1112.5237773267888,205.62875024405395,1.0,8,8,0,1207.2779641670418,1,1092.678995986166,230,-2.282462545943086,MinBattery_NearestTask,1235.4772701211982,1648.142715048298,0.011595739517360926,0.0031086652888916433,0.9417282044887543,0.0001,0.0003,0.0001,0.0003,,256,3,4,4,1,128,1,0.99,0.95,0.2,0.01,1,D:\Python project\HGNN_PPO_USV_Scheduling\models\best_u2_t20_seed0.pth,0.3076831999933347,0.2790707000531256,0.8035897000227123,0.002132799942046404,0.1461781000252813,0.1271630999399349
PPO_full_u2_t20_seed0_20260521_211953,PPO,full,u2_t20,2,20,0,251,2026-05-21 21:22:54,181.07870339998044,-0.8037876501362239,0.09635227483943329,1300.2923504330306,1127.2223413354718,155.86968261990944,1.0,8,8,0,,,1092.678995986166,230,,MinBattery_NearestTask,1235.4772701211982,1648.142715048298,-0.07468835799954832,0.0023689453373663127,0.8964872881770134,0.0001,0.0003,0.0001,0.0003,,256,3,4,4,1,128,1,0.99,0.95,0.2,0.01,1,D:\Python project\HGNN_PPO_USV_Scheduling\models\best_u2_t20_seed0.pth,0.32972629996947944,0.2863194999517873,0.6161255999468267,0.0019126998959109187,0.14256169996224344,0.1270886999554932
PPO_full_u2_t20_seed0_20260521_211953,PPO,full,u2_t20,2,20,0,252,2026-05-21 21:22:55,181.8230171999894,-0.7695594245909976,0.06279212411799182,1244.9211341201008,1163.9373286174794,101.57921516239847,1.0,8,8,0,,,1092.678995986166,230,,MinBattery_NearestTask,1235.4772701211982,1648.142715048298,0.023242763127200305,0.0020505218562902883,0.8290387690067291,0.0001,0.0003,0.0001,0.0003,,256,3,4,4,1,128,1,0.99,0.95,0.2,0.01,1,D:\Python project\HGNN_PPO_USV_Scheduling\models\best_u2_t20_seed0.pth,0.3830113000003621,0.2898750000167638,0.6729954000329599,0.0011998999398201704,0.1429968000156805,0.1258067999733612
PPO_full_u2_t20_seed0_20260521_211953,PPO,full,u2_t20,2,20,0,253,2026-05-21 21:22:56,182.5020349000115,-0.7874237770290347,0.10345835072534912,1273.8204097144478,1120.5902381265505,167.36522639255514,1.0,8,8,0,,,1092.678995986166,230,,MinBattery_NearestTask,1235.4772701211982,1648.142715048298,-0.013282996136695147,0.0023598189000040293,0.8921652212738991,0.0001,0.0003,0.0001,0.0003,,256,3,4,4,1,128,1,0.99,0.95,0.2,0.01,1,D:\Python project\HGNN_PPO_USV_Scheduling\models\best_u2_t20_seed0.pth,0.3127095999661833,0.28826270007994026,0.6010769000276923,0.0013204000424593687,0.14970580011140555,0.13359780004248023
PPO_full_u2_t20_seed0_20260521_211953,PPO,full,u2_t20,2,20,0,254,2026-05-21 21:22:57,183.2394515000051,-0.8212409900556785,0.08515461931536104,1328.5267284841589,1160.703665330338,137.75516466449213,1.0,8,8,0,,,1092.678995986166,230,,MinBattery_NearestTask,1235.4772701211982,1648.142715048298,0.04704548418521881,0.002505536103853956,0.8236158490180969,0.0001,0.0003,0.0001,0.0003,,256,3,4,4,1,128,1,0.99,0.95,0.2,0.01,1,D:\Python project\HGNN_PPO_USV_Scheduling\models\best_u2_t20_seed0.pth,0.32664789992850274,0.33208269998431206,0.6588380999164656,0.0014509999891743064,0.17492830008268356,0.15184110030531883
PPO_full_u2_t20_seed0_20260521_211953,PPO,full,u2_t20,2,20,0,255,2026-05-21 21:22:57,183.94527350005228,-0.7909788074831255,0.11580143029018578,1279.5714048985956,1138.7310219517642,187.3327040419359,1.0,8,8,0,,,1092.678995986166,230,,MinBattery_NearestTask,1235.4772701211982,1648.142715048298,-0.03924141835886985,0.0027222803910262883,0.8205473870038986,0.0001,0.0003,0.0001,0.0003,,256,3,4,4,1,128,1,0.99,0.95,0.2,0.01,1,D:\Python project\HGNN_PPO_USV_Scheduling\models\best_u2_t20_seed0.pth,0.3444271000334993,0.28791409998666495,0.6324371000519022,0.001703399932011962,0.1493851999985054,0.13437700003851205
PPO_full_u2_t20_seed0_20260521_211953,PPO,full,u2_t20,2,20,0,256,2026-05-21 21:22:58,184.626885100035,-0.8656934447518438,0.12312546746762688,1400.4377447701127,1125.596350203716,199.18084517037923,1.0,8,8,0,,,1092.678995986166,230,,MinBattery_NearestTask,1235.4772701211982,1648.142715048298,-0.008079422870650887,0.003710124030476436,0.8547820374369621,0.0001,0.0003,0.0001,0.0003,,256,3,4,4,1,128,1,0.99,0.95,0.2,0.01,1,D:\Python project\HGNN_PPO_USV_Scheduling\models\best_u2_t20_seed0.pth,0.29675800004042685,0.30883869994431734,0.6057013000827283,0.0015891999937593937,0.16252740018535405,0.14066660008393228
PPO_full_u2_t20_seed0_20260521_211953,PPO,full,u2_t20,2,20,0,257,2026-05-21 21:22:59,185.29496269999072,-0.7845731609811706,0.10637043056085464,1269.2089501573982,1129.667700289624,172.07611630647258,1.0,8,8,0,,,1092.678995986166,230,,MinBattery_NearestTask,1235.4772701211982,1648.142715048298,0.1057090568356216,0.002803948795190081,0.8468309342861176,0.0001,0.0003,0.0001,0.0003,,256,3,4,4,1,128,1,0.99,0.95,0.2,0.01,1,D:\Python project\HGNN_PPO_USV_Scheduling\models\best_u2_t20_seed0.pth,0.3029956000391394,0.28653949999716133,0.5896310999523848,0.0014480000827461481,0.1476414998760447,0.12544849968980998
PPO_full_u2_t20_seed0_20260521_211953,PPO,full,u2_t20,2,20,0,258,2026-05-21 21:22:59,185.97961520007811,-0.7337538842161138,0.033916102595381185,1186.9982856604465,1112.7154276948268,54.86629304867012,1.0,8,8,0,,,1092.678995986166,230,,MinBattery_NearestTask,1235.4772701211982,1648.142715048298,-0.00781352911144495,0.0013272562791826203,0.846693143248558,0.0001,0.0003,0.0001,0.0003,,256,3,4,4,1,128,1,0.99,0.95,0.2,0.01,1,D:\Python project\HGNN_PPO_USV_Scheduling\models\best_u2_t20_seed0.pth,0.3016356999287382,0.30137340002693236,0.6031164999585599,0.0012586000375449657,0.1490827000234276,0.12943980004638433
PPO_full_u2_t20_seed0_20260521_211953,PPO,full,u2_t20,2,20,0,259,2026-05-21 21:23:00,186.6618985000532,-0.73862974068389,0.016651877372056496,1194.8859894162633,1156.3054556174932,26.93784703405731,1.0,8,8,0,,,1092.678995986166,230,,MinBattery_NearestTask,1235.4772701211982,1648.142715048298,-0.005061013624072075,0.0007291849215107504,0.8222318515181541,0.0001,0.0003,0.0001,0.0003,,256,3,4,4,1,128,1,0.99,0.95,0.2,0.01,1,D:\Python project\HGNN_PPO_USV_Scheduling\models\best_u2_t20_seed0.pth,0.31648470007348806,0.2879806999117136,0.6045621000230312,0.0018276000628247857,0.14684249984566122,0.13638569973409176
PPO_full_u2_t20_seed0_20260521_211953,PPO,full,u2_t20,2,20,0,260,2026-05-21 21:23:01,187.5307090000715,-0.734022986051982,0.027766637565975777,1187.4336133973277,1131.9251917332674,44.918264691135505,1.0,8,8,0,1101.7705266004498,1,1092.678995986166,230,-10.822274658896156,MinBattery_NearestTask,1235.4772701211982,1648.142715048298,-0.005071407125797123,0.00074645195127232,0.7597319111227989,0.0001,0.0003,0.0001,0.0003,,256,3,4,4,1,128,1,0.99,0.95,0.2,0.01,1,D:\Python project\HGNN_PPO_USV_Scheduling\models\best_u2_t20_seed0.pth,0.3036717000650242,0.27519369998481125,0.7884061000077054,0.001288199913688004,0.1450887998798862,0.12456389982253313
PPO_full_u2_t20_seed0_20260521_211953,PPO,full,u2_t20,2,20,0,261,2026-05-21 21:23:02,188.1965681000147,-0.7816696689599565,0.09006008405494062,1264.511952804816,1136.1182805184396,145.69076590831975,1.0,8,8,0,,,1092.678995986166,230,,MinBattery_NearestTask,1235.4772701211982,1648.142715048298,-0.0325689212186262,0.0019458146416582167,0.8811392784118652,0.0001,0.0003,0.0001,0.0003,,256,3,4,4,1,128,1,0.99,0.95,0.2,0.01,1,D:\Python project\HGNN_PPO_USV_Scheduling\models\best_u2_t20_seed0.pth,0.29916539997793734,0.28779900004155934,0.5870683999964967,0.0015796000370755792,0.14985330018680543,0.13269450014922768
PPO_full_u2_t20_seed0_20260521_211953,PPO,full,u2_t20,2,20,0,262,2026-05-21 21:23:02,188.87155669997446,-0.7571570069735486,0.06740344156326061,1224.8576649288143,1131.454999008064,109.03897247328179,1.0,8,8,0,,,1092.678995986166,230,,MinBattery_NearestTask,1235.4772701211982,1648.142715048298,-0.02415809966623783,0.0014859824368613772,0.8724766597151756,0.0001,0.0003,0.0001,0.0003,,256,3,4,4,1,128,1,0.99,0.95,0.2,0.01,1,D:\Python project\HGNN_PPO_USV_Scheduling\models\best_u2_t20_seed0.pth,0.31018949998542666,0.2883161000208929,0.5986083999741822,0.0013906999956816435,0.1454604002647102,0.12432050006464124
PPO_full_u2_t20_seed0_20260521_211953,PPO,full,u2_t20,2,20,0,263,2026-05-21 21:23:03,189.5865488999989,-0.7232467417828061,0.021698432822912908,1170.0008150864396,1111.2918601591944,35.10169161125703,1.0,8,8,0,,,1092.678995986166,230,,MinBattery_NearestTask,1235.4772701211982,1648.142715048298,-0.03476652246899903,0.0009904286343953572,0.9581635296344757,0.0001,0.0003,0.0001,0.0003,,256,3,4,4,1,128,1,0.99,0.95,0.2,0.01,1,D:\Python project\HGNN_PPO_USV_Scheduling\models\best_u2_t20_seed0.pth,0.31964589993003756,0.3046946000540629,0.6244437999557704,0.0016135000623762608,0.15294850000645965,0.12719809997361153
PPO_full_u2_t20_seed0_20260521_211953,PPO,full,u2_t20,2,20,0,264,2026-05-21 21:23:04,190.2423456000397,-0.7904483743373416,0.11529703223936273,1278.7133198536685,1130.0932973459726,186.51673613430842,1.0,8,8,0,,,1092.678995986166,230,,MinBattery_NearestTask,1235.4772701211982,1648.142715048298,0.014761088532395661,0.0028626143757719547,0.934032142162323,0.0001,0.0003,0.0001,0.0003,,256,3,4,4,1,128,1,0.99,0.95,0.2,0.01,1,D:\Python project\HGNN_PPO_USV_Scheduling\models\best_u2_t20_seed0.pth,0.30409830005373806,0.27603509998880327,0.5802284000674263,0.0013654000358656049,0.14256189984735101,0.12962950009386986
PPO_full_u2_t20_seed0_20260521_211953,PPO,full,u2_t20,2,20,0,265,2026-05-21 21:23:04,190.89658699999563,-0.7815701139505735,0.11634527850276206,1264.350902038328,1118.968050688207,188.21249072501055,1.0,8,8,0,,,1092.678995986166,230,,MinBattery_NearestTask,1235.4772701211982,1648.142715048298,-0.06223205465357751,0.002726299688220024,0.8573444411158562,0.0001,0.0003,0.0001,0.0003,,256,3,4,4,1,128,1,0.99,0.95,0.2,0.01,1,D:\Python project\HGNN_PPO_USV_Scheduling\models\best_u2_t20_seed0.pth,0.3021569000557065,0.27483679994475096,0.5770980999805033,0.001571600092574954,0.14608190022408962,0.12351639999542385
PPO_full_u2_t20_seed0_20260521_211953,PPO,full,u2_t20,2,20,0,266,2026-05-21 21:23:05,191.59301359998062,-0.7386684177716526,0.02219798067470822,1194.9485575850404,1158.174207477779,35.90981332133127,1.0,8,8,0,,,1092.678995986166,230,,MinBattery_NearestTask,1235.4772701211982,1648.142715048298,-0.005094213178381324,0.0009722493487061001,0.7822333797812462,0.0001,0.0003,0.0001,0.0003,,256,3,4,4,1,128,1,0.99,0.95,0.2,0.01,1,D:\Python project\HGNN_PPO_USV_Scheduling\models\best_u2_t20_seed0.pth,0.3232330000028014,0.28446839994285256,0.6078037000261247,0.0015881001017987728,0.14388369990047067,0.13653819996397942
PPO_full_u2_t20_seed0_20260521_211953,PPO,full,u2_t20,2,20,0,267,2026-05-21 21:23:06,192.25052440003492,-0.7457696906782048,0.07898508970702044,1206.4363315476812,1118.7899165048163,127.77467771108381,1.0,8,8,0,,,1092.678995986166,230,,MinBattery_NearestTask,1235.4772701211982,1648.142715048298,-0.019124683225527406,0.0016410578900831752,0.7939436957240105,0.0001,0.0003,0.0001,0.0003,,256,3,4,4,1,128,1,0.99,0.95,0.2,0.01,1,D:\Python project\HGNN_PPO_USV_Scheduling\models\best_u2_t20_seed0.pth,0.29472429992165416,0.2838308000937104,0.5786611000075936,0.0014582000439986587,0.14871069986838847,0.1296611001016572
PPO_full_u2_t20_seed0_20260521_211953,PPO,full,u2_t20,2,20,0,268,2026-05-21 21:23:06,192.93229760008398,-0.7332378918881806,0.05133107168825903,1186.1635616176225,1114.5052072326896,83.03859837167305,1.0,8,8,0,,,1092.678995986166,230,,MinBattery_NearestTask,1235.4772701211982,1648.142715048298,-0.004457921371795237,0.0013207068404881284,0.8044459670782089,0.0001,0.0003,0.0001,0.0003,,256,3,4,4,1,128,1,0.99,0.95,0.2,0.01,1,D:\Python project\HGNN_PPO_USV_Scheduling\models\best_u2_t20_seed0.pth,0.3097025000024587,0.29626299999654293,0.6060680999653414,0.001580999931320548,0.14644909999333322,0.12459729984402657
PPO_full_u2_t20_seed0_20260521_211953,PPO,full,u2_t20,2,20,0,269,2026-05-21 21:23:07,193.61153500003275,-0.7748215547618853,0.10653233910605413,1253.4337152813423,1116.0792995920303,172.33803678106182,1.0,8,8,0,,,1092.678995986166,230,,MinBattery_NearestTask,1235.4772701211982,1648.142715048298,0.016529522952623665,0.0024216658930527046,0.8769489377737045,0.0001,0.0003,0.0001,0.0003,,256,3,4,4,1,128,1,0.99,0.95,0.2,0.01,1,D:\Python project\HGNN_PPO_USV_Scheduling\models\best_u2_t20_seed0.pth,0.2964684999315068,0.2960960000054911,0.5926669000182301,0.001729800016619265,0.14701449975837022,0.12442249979358166
PPO_full_u2_t20_seed0_20260521_211953,PPO,full,u2_t20,2,20,0,270,2026-05-21 21:23:08,194.53332460008096,-0.7471889502513847,0.05184708894972845,1208.732276709282,1123.857481164513,83.8733627496357,1.0,8,8,0,1098.4287120169795,1,1092.678995986166,230,-11.092762401915698,MinBattery_NearestTask,1235.4772701211982,1648.142715048298,0.003466431109700352,0.0013541340304072946,0.8243754953145981,0.0001,0.0003,0.0001,0.0003,,256,3,4,4,1,128,1,0.99,0.95,0.2,0.01,1,D:\Python project\HGNN_PPO_USV_Scheduling\models\best_u2_t20_seed0.pth,0.3027643000241369,0.2939124000258744,0.8346386000048369,0.001604699995368719,0.1540735000744462,0.1355093999300152
PPO_full_u2_t20_seed0_20260521_211953,PPO,full,u2_t20,2,20,0,271,2026-05-21 21:23:09,195.21543069998734,-0.7630683348319675,0.09803278908818142,1234.4204572831147,1134.4339883362932,158.5882611176888,1.0,8,8,0,,,1092.678995986166,230,,MinBattery_NearestTask,1235.4772701211982,1648.142715048298,-0.018330205348320305,0.0021445579041028395,0.8400477543473244,0.0001,0.0003,0.0001,0.0003,,256,3,4,4,1,128,1,0.99,0.95,0.2,0.01,1,D:\Python project\HGNN_PPO_USV_Scheduling\models\best_u2_t20_seed0.pth,0.31937469996046275,0.2819923999486491,0.6014672999735922,0.0014764999505132437,0.13824639993254095,0.12013460008893162
PPO_full_u2_t20_seed0_20260521_211953,PPO,full,u2_t20,2,20,0,272,2026-05-21 21:23:09,195.89183310000226,-0.728136038163717,0.02558380474398338,1177.9102606744889,1114.6333564259398,41.38708226972136,1.0,8,8,0,,,1092.678995986166,230,,MinBattery_NearestTask,1235.4772701211982,1648.142715048298,0.014130989671684802,0.0008595566832809709,0.8399658724665642,0.0001,0.0003,0.0001,0.0003,,256,3,4,4,1,128,1,0.99,0.95,0.2,0.01,1,D:\Python project\HGNN_PPO_USV_Scheduling\models\best_u2_t20_seed0.pth,0.3201635000295937,0.27963369991630316,0.5999083999777213,0.0013496000319719315,0.1436954002128914,0.13082289998419583
PPO_full_u2_t20_seed0_20260521_211953,PPO,full,u2_t20,2,20,0,273,2026-05-21 21:23:10,196.5637186000822,-0.7103281387468252,0.021074407199763768,1149.10230948845,1117.2956085293804,34.09220142548776,1.0,8,8,0,,,1092.678995986166,230,,MinBattery_NearestTask,1235.4772701211982,1648.142715048298,-0.01017336011864245,0.0007272512593772262,0.7988090515136719,0.0001,0.0003,0.0001,0.0003,,256,3,4,4,1,128,1,0.99,0.95,0.2,0.01,1,D:\Python project\HGNN_PPO_USV_Scheduling\models\best_u2_t20_seed0.pth,0.3059254999971017,0.2756436000345275,0.5816583000123501,0.0013955000322312117,0.1431791998911649,0.1278298000106588
PPO_full_u2_t20_seed0_20260521_211953,PPO,full,u2_t20,2,20,0,274,2026-05-21 21:23:11,197.28876010002568,-0.7605781076023053,0.08156132336527441,1230.392000989937,1124.93728859812,131.942267146164,1.0,8,8,0,,,1092.678995986166,230,,MinBattery_NearestTask,1235.4772701211982,1648.142715048298,-0.010737576056271791,0.0015654492235626094,0.9063195735216141,0.0001,0.0003,0.0001,0.0003,,256,3,4,4,1,128,1,0.99,0.95,0.2,0.01,1,D:\Python project\HGNN_PPO_USV_Scheduling\models\best_u2_t20_seed0.pth,0.3257482999470085,0.32023369998205453,0.6460957999806851,0.0016239999094977975,0.1685502000618726,0.1458012000657618
PPO_full_u2_t20_seed0_20260521_211953,PPO,full,u2_t20,2,20,0,275,2026-05-21 21:23:11,197.97318580001593,-0.7428264193399112,0.031210607396812928,1201.674982943005,1107.2182356344324,50.489596404680384,1.0,8,8,0,,,1092.678995986166,230,,MinBattery_NearestTask,1235.4772701211982,1648.142715048298,0.012663694215007126,0.000979362943326123,0.8763961791992188,0.0001,0.0003,0.0001,0.0003,,256,3,4,4,1,128,1,0.99,0.95,0.2,0.01,1,D:\Python project\HGNN_PPO_USV_Scheduling\models\best_u2_t20_seed0.pth,0.30106119997799397,0.304141900036484,0.6053085000021383,0.001348799909465015,0.15118980000261217,0.13259400008246303
PPO_full_u2_t20_seed0_20260521_211953,PPO,full,u2_t20,2,20,0,276,2026-05-21 21:23:12,198.9549422999844,-0.8304323938663913,0.11077609788158208,1343.395720391145,1131.6908541938585,179.20319211402418,1.0,8,8,0,,,1092.678995986166,230,,MinBattery_NearestTask,1235.4772701211982,1648.142715048298,-0.02938946126960218,0.002882183325709775,0.8467734530568123,0.0001,0.0003,0.0001,0.0003,,256,3,4,4,1,128,1,0.99,0.95,0.2,0.01,1,D:\Python project\HGNN_PPO_USV_Scheduling\models\best_u2_t20_seed0.pth,0.3851808999897912,0.4716137999203056,0.8569183999206871,0.002268900047056377,0.2286812000675127,0.23626000003423542
PPO_full_u2_t20_seed0_20260521_211953,PPO,full,u2_t20,2,20,0,277,2026-05-21 21:23:13,199.71265720005613,-0.7462149041321804,0.02589241259402455,1207.1565561597617,1130.1157702202506,41.8863191348611,1.0,8,8,0,,,1092.678995986166,230,,MinBattery_NearestTask,1235.4772701211982,1648.142715048298,0.02456289017572999,0.0013413328561000526,0.7558154314756393,0.0001,0.0003,0.0001,0.0003,,256,3,4,4,1,128,1,0.99,0.95,0.2,0.01,1,D:\Python project\HGNN_PPO_USV_Scheduling\models\best_u2_t20_seed0.pth,0.3138871999690309,0.35644649993628263,0.6704248000169173,0.0015595000004395843,0.1838308001169935,0.16734930011443794
PPO_full_u2_t20_seed0_20260521_211953,PPO,full,u2_t20,2,20,0,278,2026-05-21 21:23:14,200.496136700036,-0.7383193211529699,0.019806756343061654,1194.383821783541,1138.2518796148327,32.04151464060082,1.0,8,8,0,,,1092.678995986166,230,,MinBattery_NearestTask,1235.4772701211982,1648.142715048298,0.005692077684216201,0.0007221689957077615,0.8763589262962341,0.0001,0.0003,0.0001,0.0003,,256,3,4,4,1,128,1,0.99,0.95,0.2,0.01,1,D:\Python project\HGNN_PPO_USV_Scheduling\models\best_u2_t20_seed0.pth,0.39486929995473474,0.3095020999899134,0.7044754000380635,0.0016196999931707978,0.1634156001964584,0.13194339990150183
PPO_full_u2_t20_seed0_20260521_211953,PPO,full,u2_t20,2,20,0,279,2026-05-21 21:23:15,201.18603920005262,-0.8002579293305786,0.11665796027884007,1294.5822988267796,1113.313367909008,188.71831800599094,1.0,8,8,0,,,1092.678995986166,230,,MinBattery_NearestTask,1235.4772701211982,1648.142715048298,-0.028386567253619432,0.0035147013841196895,0.9464357793331146,0.0001,0.0003,0.0001,0.0003,,256,3,4,4,1,128,1,0.99,0.95,0.2,0.01,1,D:\Python project\HGNN_PPO_USV_Scheduling\models\best_u2_t20_seed0.pth,0.3179018999217078,0.2914105000672862,0.6094210000010207,0.0014665999915450811,0.15333369991276413,0.13265780010260642
PPO_full_u2_t20_seed0_20260521_211953,PPO,full,u2_t20,2,20,0,280,2026-05-21 21:23:15,202.07312299998011,-0.7720611818625944,0.05138811226120255,1248.9682426348265,1172.641337237545,83.13087326623032,1.0,8,8,0,1169.0391698748072,1,1092.678995986166,230,-5.377525095210663,MinBattery_NearestTask,1235.4772701211982,1648.142715048298,0.019283380825072527,0.0015580010804114863,0.8682585880160332,0.0001,0.0003,0.0001,0.0003,,256,3,4,4,1,128,1,0.99,0.95,0.2,0.01,1,D:\Python project\HGNN_PPO_USV_Scheduling\models\best_u2_t20_seed0.pth,0.2945189999882132,0.28504420001991093,0.7891355999745429,0.0016018999740481377,0.1463061998365447,0.13310970016755164
PPO_full_u2_t20_seed0_20260521_211953,PPO,full,u2_t20,2,20,0,281,2026-05-21 21:23:16,202.87662810005713,-0.7709428903222226,0.053233939437312174,1247.15917535785,1163.3178503391118,86.11687952909097,1.0,8,8,0,,,1092.678995986166,230,,MinBattery_NearestTask,1235.4772701211982,1648.142715048298,0.07848884095437825,0.0014984127192292362,0.8498266935348511,0.0001,0.0003,0.0001,0.0003,,256,3,4,4,1,128,1,0.99,0.95,0.2,0.01,1,D:\Python project\HGNN_PPO_USV_Scheduling\models\best_u2_t20_seed0.pth,0.39719739998690784,0.31797959993127733,0.7152837000321597,0.002609600080177188,0.1517279000254348,0.1491727001266554
PPO_full_u2_t20_seed0_20260521_211953,PPO,full,u2_t20,2,20,0,282,2026-05-21 21:23:17,203.68789679999463,-0.8021959471361473,0.11149338167453027,1297.7174424522846,1133.9816941126624,180.36354662917768,1.0,8,8,0,,,1092.678995986166,230,,MinBattery_NearestTask,1235.4772701211982,1648.142715048298,0.024957332876510918,0.0030527476337738335,0.8720150217413902,0.0001,0.0003,0.0001,0.0003,,256,3,4,4,1,128,1,0.99,0.95,0.2,0.01,1,D:\Python project\HGNN_PPO_USV_Scheduling\models\best_u2_t20_seed0.pth,0.3621537999715656,0.2912419999483973,0.6535020999144763,0.0018566000508144498,0.158072900143452,0.12731929996516556
PPO_full_u2_t20_seed0_20260521_211953,PPO,full,u2_t20,2,20,0,283,2026-05-21 21:23:18,204.36920940002892,-0.7773768105728511,0.07976559618987433,1257.5673687205751,1110.2480958083,129.0373079703896,1.0,8,8,0,,,1092.678995986166,230,,MinBattery_NearestTask,1235.4772701211982,1648.142715048298,0.07048598397523165,0.001909210899611935,0.9059044271707535,0.0001,0.0003,0.0001,0.0003,,256,3,4,4,1,128,1,0.99,0.95,0.2,0.01,1,D:\Python project\HGNN_PPO_USV_Scheduling\models\best_u2_t20_seed0.pth,0.30821260006632656,0.29357739991974086,0.6018834999995306,0.0016589000588282943,0.15698460000567138,0.13162020000163466
PPO_full_u2_t20_seed0_20260521_211953,PPO,full,u2_t20,2,20,0,284,2026-05-21 21:23:19,205.13743640005123,-0.7476832454905462,0.014270597335842074,1209.531901234775,1169.5592569736523,23.08563530275767,1.0,8,8,0,,,1092.678995986166,230,,MinBattery_NearestTask,1235.4772701211982,1648.142715048298,-0.017811419442296028,0.0010843282980204094,0.8953789621591568,0.0001,0.0003,0.0001,0.0003,,256,3,4,4,1,128,1,0.99,0.95,0.2,0.01,1,D:\Python project\HGNN_PPO_USV_Scheduling\models\best_u2_t20_seed0.pth,0.30732939997687936,0.30268009996507317,0.6101729000220075,0.002043199958279729,0.1497439998202026,0.13006590027362108
PPO_full_u2_t20_seed0_20260521_211953,PPO,full,u2_t20,2,20,0,285,2026-05-21 21:23:19,205.8453950000694,-0.7369231099293758,0.019672127111218445,1192.1251620824116,1147.3379179372587,31.823724083255605,1.0,8,8,0,,,1092.678995986166,230,,MinBattery_NearestTask,1235.4772701211982,1648.142715048298,0.004578365827910602,0.0006731144094374031,0.9368192926049232,0.0001,0.0003,0.0001,0.0003,,256,3,4,4,1,128,1,0.99,0.95,0.2,0.01,1,D:\Python project\HGNN_PPO_USV_Scheduling\models\best_u2_t20_seed0.pth,0.3231612000381574,0.30333869997411966,0.6266089000273496,0.0015072999522089958,0.14973880001343787,0.1313669002847746
PPO_full_u2_t20_seed0_20260521_211953,PPO,full,u2_t20,2,20,0,286,2026-05-21 21:23:20,206.51760060002562,-0.726499734461624,0.02886208365658538,1175.263201856832,1122.171194420906,46.690374739964994,1.0,8,8,0,,,1092.678995986166,230,,MinBattery_NearestTask,1235.4772701211982,1648.142715048298,0.023370017763227224,0.000748868529626634,1.0323214828968048,0.0001,0.0003,0.0001,0.0003,,256,3,4,4,1,128,1,0.99,0.95,0.2,0.01,1,D:\Python project\HGNN_PPO_USV_Scheduling\models\best_u2_t20_seed0.pth,0.2941454000538215,0.28231669997330755,0.5765677000163123,0.0015298000071197748,0.14645800017751753,0.12949430011212826
PPO_full_u2_t20_seed0_20260521_211953,PPO,full,u2_t20,2,20,0,287,2026-05-21 21:23:21,207.17008259997237,-0.7779402958008343,0.10380924878229164,1258.4789223273074,1145.7580679797595,167.93287639208782,1.0,8,8,0,,,1092.678995986166,230,,MinBattery_NearestTask,1235.4772701211982,1648.142715048298,-0.0222367609385401,0.002035980112850666,0.9247426986694336,0.0001,0.0003,0.0001,0.0003,,256,3,4,4,1,128,1,0.99,0.95,0.2,0.01,1,D:\Python project\HGNN_PPO_USV_Scheduling\models\best_u2_t20_seed0.pth,0.3059231999795884,0.2674610000103712,0.5734696000581607,0.002232500002719462,0.13698959990870208,0.12499689997639507
PPO_full_u2_t20_seed0_20260521_211953,PPO,full,u2_t20,2,20,0,288,2026-05-21 21:23:21,207.86376179999206,-0.7604951536357176,0.09277470280782482,1230.257805835068,1129.2396386638648,150.08222178366097,1.0,8,8,0,,,1092.678995986166,230,,MinBattery_NearestTask,1235.4772701211982,1648.142715048298,-0.015699440147727728,0.002135749105946161,0.9690953493118286,0.0001,0.0003,0.0001,0.0003,,256,3,4,4,1,128,1,0.99,0.95,0.2,0.01,1,D:\Python project\HGNN_PPO_USV_Scheduling\models\best_u2_t20_seed0.pth,0.31331620004493743,0.2889236999908462,0.6023439000127837,0.001443199929781258,0.1519525001058355,0.13171040010638535
PPO_full_u2_t20_seed0_20260521_211953,PPO,full,u2_t20,2,20,0,289,2026-05-21 21:23:22,208.5733232999919,-0.774317892165711,0.08872993460823693,1252.6189371233381,1138.7104068230926,143.53897476026177,1.0,8,8,0,,,1092.678995986166,230,,MinBattery_NearestTask,1235.4772701211982,1648.142715048298,0.00231633719522506,0.0017059632518794388,0.989126980304718,0.0001,0.0003,0.0001,0.0003,,256,3,4,4,1,128,1,0.99,0.95,0.2,0.01,1,D:\Python project\HGNN_PPO_USV_Scheduling\models\best_u2_t20_seed0.pth,0.32887420000042766,0.29374649992678314,0.622704999987036,0.0014516999945044518,0.15560090017970651,0.133488500257954
PPO_full_u2_t20_seed0_20260521_211953,PPO,full,u2_t20,2,20,0,290,2026-05-21 21:23:23,209.47059849998914,-0.7466555607755341,0.04086004308276743,1207.8694091905631,1132.3974198082967,66.09954936466393,1.0,8,8,0,1163.8179565527248,1,1092.678995986166,230,-5.800132086723356,MinBattery_NearestTask,1235.4772701211982,1648.142715048298,0.0553939490346238,0.0010496953327674419,1.0451564639806747,0.0001,0.0003,0.0001,0.0003,,256,3,4,4,1,128,1,0.99,0.95,0.2,0.01,1,D:\Python project\HGNN_PPO_USV_Scheduling\models\best_u2_t20_seed0.pth,0.3157691000960767,0.2954114999156445,0.8063513000961393,0.0013630000175908208,0.15003710007295012,0.1285867999540642
PPO_full_u2_t20_seed0_20260521_211953,PPO,full,u2_t20,2,20,0,291,2026-05-21 21:23:24,210.24321980006061,-0.7691763422813805,0.08438624501981842,1244.3014194520579,1149.4573480188942,136.51216072110722,1.0,8,8,0,,,1092.678995986166,230,,MinBattery_NearestTask,1235.4772701211982,1648.142715048298,-0.022211319068446755,0.001692465302767232,1.0605923384428024,0.0001,0.0003,0.0001,0.0003,,256,3,4,4,1,128,1,0.99,0.95,0.2,0.01,1,D:\Python project\HGNN_PPO_USV_Scheduling\models\best_u2_t20_seed0.pth,0.3748534000478685,0.31684409989975393,0.6918027000501752,0.001729800016619265,0.16159950010478497,0.13731430005282164
PPO_full_u2_t20_seed0_20260521_211953,PPO,full,u2_t20,2,20,0,292,2026-05-21 21:23:24,211.1041582999751,-0.7627983118309984,0.09452597686225593,1233.983639371641,1139.1065424244514,152.9152688653158,1.0,8,8,0,,,1092.678995986166,230,,MinBattery_NearestTask,1235.4772701211982,1648.142715048298,-0.05088889121543616,0.0017978826217586175,1.0247108563780785,0.0001,0.0003,0.0001,0.0003,,256,3,4,4,1,128,1,0.99,0.95,0.2,0.01,1,D:\Python project\HGNN_PPO_USV_Scheduling\models\best_u2_t20_seed0.pth,0.3238151000114158,0.4208343999926001,0.7447669000830501,0.001814599963836372,0.2101695000892505,0.20452869997825474
PPO_full_u2_t20_seed0_20260521_211953,PPO,full,u2_t20,2,20,0,293,2026-05-21 21:23:25,211.8096007000422,-0.7437098888184086,0.020629442884753813,1203.104177089664,1169.6658736862244,33.37237984708324,1.0,8,8,0,,,1092.678995986166,230,,MinBattery_NearestTask,1235.4772701211982,1648.142715048298,0.024324378930032253,0.0007098312926245853,1.0229329615831375,0.0001,0.0003,0.0001,0.0003,,256,3,4,4,1,128,1,0.99,0.95,0.2,0.01,1,D:\Python project\HGNN_PPO_USV_Scheduling\models\best_u2_t20_seed0.pth,0.31374659994617105,0.3113688000012189,0.6252257999731228,0.0015453000087291002,0.15653740020934492,0.1355254998197779
PPO_full_u2_t20_seed0_20260521_211953,PPO,full,u2_t20,2,20,0,294,2026-05-21 21:23:26,212.49375770008191,-0.8327879592012843,0.12710287675240411,1347.206333287956,1171.66534078617,205.61512525251365,1.0,8,8,0,,,1092.678995986166,230,,MinBattery_NearestTask,1235.4772701211982,1648.142715048298,0.006662811269052327,0.003818566881818697,1.0501549765467644,0.0001,0.0003,0.0001,0.0003,,256,3,4,4,1,128,1,0.99,0.95,0.2,0.01,1,D:\Python project\HGNN_PPO_USV_Scheduling\models\best_u2_t20_seed0.pth,0.31080720003228635,0.28471049992367625,0.595621999935247,0.0015696000773459673,0.1425949998665601,0.13700779993087053
PPO_full_u2_t20_seed0_20260521_211953,PPO,full,u2_t20,2,20,0,295,2026-05-21 21:23:27,213.168194900034,-0.7770648711828196,0.07305024507916875,1257.0627424021839,1170.069422047909,118.17384213057169,1.0,8,8,0,,,1092.678995986166,230,,MinBattery_NearestTask,1235.4772701211982,1648.142715048298,0.008010328281670809,0.002298496838193387,1.0689700320363045,0.0001,0.0003,0.0001,0.0003,,256,3,4,4,1,128,1,0.99,0.95,0.2,0.01,1,D:\Python project\HGNN_PPO_USV_Scheduling\models\best_u2_t20_seed0.pth,0.3101353000383824,0.281643099966459,0.5918877000221983,0.001614399952813983,0.14441860001534224,0.13103909976780415
PPO_full_u2_t20_seed0_20260521_211953,PPO,full,u2_t20,2,20,0,296,2026-05-21 21:23:27,213.91277290007565,-0.7383622338163813,0.024279649791176885,1194.4532418697554,1137.9750992172678,39.27734257836596,1.0,8,8,0,,,1092.678995986166,230,,MinBattery_NearestTask,1235.4772701211982,1648.142715048298,0.004552006488665938,0.0009312691108789295,0.9381759315729141,0.0001,0.0003,0.0001,0.0003,,256,3,4,4,1,128,1,0.99,0.95,0.2,0.01,1,D:\Python project\HGNN_PPO_USV_Scheduling\models\best_u2_t20_seed0.pth,0.35229399998206645,0.3015695000067353,0.6539738000137731,0.0014359999913722277,0.1515460000373423,0.14463530015200377
PPO_full_u2_t20_seed0_20260521_211953,PPO,full,u2_t20,2,20,0,297,2026-05-21 21:23:28,214.6095155000221,-0.7742915791767425,0.10646635391958556,1252.57637043515,1121.2516310532505,172.2312921287989,1.0,8,8,0,,,1092.678995986166,230,,MinBattery_NearestTask,1235.4772701211982,1648.142715048298,-0.043902625679038465,0.0019679434481076896,0.9795714020729065,0.0001,0.0003,0.0001,0.0003,,256,3,4,4,1,128,1,0.99,0.95,0.2,0.01,1,D:\Python project\HGNN_PPO_USV_Scheduling\models\best_u2_t20_seed0.pth,0.3351894000079483,0.2728329000528902,0.6081310000736266,0.0016710999188944697,0.14213019993621856,0.1251380001194775
PPO_full_u2_t20_seed0_20260521_211953,PPO,full,u2_t20,2,20,0,298,2026-05-21 21:23:29,215.29011619999073,-0.7879227567068778,0.10947661736426358,1274.627612285937,1125.82225875256,177.10101428643551,1.0,8,8,0,,,1092.678995986166,230,,MinBattery_NearestTask,1235.4772701211982,1648.142715048298,-0.014397020800970495,0.0023645577603019774,0.9927419573068619,0.0001,0.0003,0.0001,0.0003,,256,3,4,4,1,128,1,0.99,0.95,0.2,0.01,1,D:\Python project\HGNN_PPO_USV_Scheduling\models\best_u2_t20_seed0.pth,0.2967400999041274,0.2911142000230029,0.5879626999376342,0.0013176000211387873,0.1479488997720182,0.1265938999131322
PPO_full_u2_t20_seed0_20260521_211953,PPO,full,u2_t20,2,20,0,299,2026-05-21 21:23:29,215.9980090999743,-0.7256707862903995,0.0224522841041595,1173.9222071727686,1112.992477792804,36.32120158283083,1.0,8,8,0,,,1092.678995986166,230,,MinBattery_NearestTask,1235.4772701211982,1648.142715048298,-0.02362499013543129,0.001186653258628212,0.7948910221457481,0.0001,0.0003,0.0001,0.0003,,256,3,4,4,1,128,1,0.99,0.95,0.2,0.01,1,D:\Python project\HGNN_PPO_USV_Scheduling\models\best_u2_t20_seed0.pth,0.324951299931854,0.2924934000475332,0.6175560998963192,0.0013067999389022589,0.14438790013082325,0.12423919979482889
PPO_full_u2_t20_seed0_20260521_211953,PPO,full,u2_t20,2,20,0,300,2026-05-21 21:23:30,216.96372880006675,-0.7392748184977261,0.0701869557618561,1195.9295358636653,1094.4777043111,113.54188094561533,1.0,8,8,0,1129.0558318727442,1,1092.678995986166,230,-8.613791675666706,MinBattery_NearestTask,1235.4772701211982,1648.142715048298,0.029500330332666636,0.001498550846008584,0.7626920193433762,0.0001,0.0003,0.0001,0.0003,,256,3,4,4,1,128,1,0.99,0.95,0.2,0.01,1,D:\Python project\HGNN_PPO_USV_Scheduling\models\best_u2_t20_seed0.pth,0.30181940004695207,0.3145382000366226,0.8699595000362024,0.0017972999485209584,0.1655405000783503,0.14271029992960393
PPO_full_u2_t20_seed0_20260521_211953,PPO,full,u2_t20,2,20,0,301,2026-05-21 21:23:31,217.69726450007875,-0.7109313731670386,0.018392106127392907,1150.0781656141178,1105.0082812818139,29.753026065713218,1.0,8,8,0,,,1092.678995986166,230,,MinBattery_NearestTask,1235.4772701211982,1648.142715048298,-0.03232918155845255,0.0006992899579927325,0.8678474798798561,0.0001,0.0003,0.0001,0.0003,,256,3,4,4,1,128,1,0.99,0.95,0.2,0.01,1,D:\Python project\HGNN_PPO_USV_Scheduling\models\best_u2_t20_seed0.pth,0.3640613000607118,0.28965900000184774,0.6538291999604553,0.0015130999963730574,0.15104409994091839,0.1331779999891296
PPO_full_u2_t20_seed0_20260521_211953,PPO,full,u2_t20,2,20,0,302,2026-05-21 21:23:32,218.37203460000455,-0.7494366541525851,0.08246404980600537,1212.3684014846178,1112.758962157053,133.40261340206533,1.0,8,8,0,,,1092.678995986166,230,,MinBattery_NearestTask,1235.4772701211982,1648.142715048298,0.03839493473060429,0.0018385423900326714,0.9285649955272675,0.0001,0.0003,0.0001,0.0003,,256,3,4,4,1,128,1,0.99,0.95,0.2,0.01,1,D:\Python project\HGNN_PPO_USV_Scheduling\models\best_u2_t20_seed0.pth,0.2978946999646723,0.2861278000054881,0.5841222999151796,0.0013652999186888337,0.1485631000250578,0.13353640004061162
PPO_full_u2_t20_seed0_20260521_211953,PPO,full,u2_t20,2,20,0,303,2026-05-21 21:23:32,219.06390760000795,-0.7913608239814168,0.12306247632775785,1280.1893953969359,1098.4668880344643,199.07894400618142,1.0,8,8,0,,,1092.678995986166,230,,MinBattery_NearestTask,1235.4772701211982,1648.142715048298,-0.02752047497779131,0.0025012611731654033,0.8415528312325478,0.0001,0.0003,0.0001,0.0003,,256,3,4,4,1,128,1,0.99,0.95,0.2,0.01,1,D:\Python project\HGNN_PPO_USV_Scheduling\models\best_u2_t20_seed0.pth,0.30656950001139194,0.29845699993893504,0.6051333999494091,0.0012930999509990215,0.15059100021608174,0.12987140018958598
PPO_full_u2_t20_seed0_20260521_211953,PPO,full,u2_t20,2,20,0,304,2026-05-21 21:23:33,219.82203649997246,-0.734156438965528,0.029215584283046315,1187.6495010171454,1125.9894761866997,47.262234932619755,1.0,8,8,0,,,1092.678995986166,230,,MinBattery_NearestTask,1235.4772701211982,1648.142715048298,-0.004455689457245171,0.0011948432074859738,0.8301303386688232,0.0001,0.0003,0.0001,0.0003,,256,3,4,4,1,128,1,0.99,0.95,0.2,0.01,1,D:\Python project\HGNN_PPO_USV_Scheduling\models\best_u2_t20_seed0.pth,0.3640185999684036,0.3039132000412792,0.6680301999440417,0.00136160000693053,0.16580449999310076,0.1340833998983726
PPO_full_u2_t20_seed0_20260521_211953,PPO,full,u2_t20,2,20,0,305,2026-05-21 21:23:34,220.58353459998034,-0.704644746362789,0.009616386993797887,1139.9082497884547,1107.5235810016343,15.556489882271693,1.0,8,8,0,,,1092.678995986166,230,,MinBattery_NearestTask,1235.4772701211982,1648.142715048298,0.011024756240658462,0.0007314359718293417,0.8215469717979431,0.0001,0.0003,0.0001,0.0003,,256,3,4,4,1,128,1,0.99,0.95,0.2,0.01,1,D:\Python project\HGNN_PPO_USV_Scheduling\models\best_u2_t20_seed0.pth,0.3950565999839455,0.27516650001052767,0.6703286999836564,0.0012391000054776669,0.14056560001336038,0.12992999982088804
PPO_full_u2_t20_seed0_20260521_211953,PPO,full,u2_t20,2,20,0,306,2026-05-21 21:23:35,221.36578670004383,-0.7223070902694289,0.026091505656669674,1168.4807349076634,1113.9348076662409,42.2083932378134,1.0,8,8,0,,,1092.678995986166,230,,MinBattery_NearestTask,1235.4772701211982,1648.142715048298,0.002828566124662757,0.0007051142092677765,0.8922992050647736,0.0001,0.0003,0.0001,0.0003,,256,3,4,4,1,128,1,0.99,0.95,0.2,0.01,1,D:\Python project\HGNN_PPO_USV_Scheduling\models\best_u2_t20_seed0.pth,0.3715073000639677,0.3180822000140324,0.6896938000572845,0.0018161999760195613,0.16478339990135282,0.13559800025541335
PPO_full_u2_t20_seed0_20260521_211953,PPO,full,u2_t20,2,20,0,307,2026-05-21 21:23:35,222.05805680004414,-0.7314372798879487,0.022637266441060722,1183.250700229913,1122.7303285547882,36.62044867576284,1.0,8,8,0,,,1092.678995986166,230,,MinBattery_NearestTask,1235.4772701211982,1648.142715048298,-0.03562615253031254,0.0006979215177125297,0.8723964095115662,0.0001,0.0003,0.0001,0.0003,,256,3,4,4,1,128,1,0.99,0.95,0.2,0.01,1,D:\Python project\HGNN_PPO_USV_Scheduling\models\best_u2_t20_seed0.pth,0.3280244000488892,0.27563829999417067,0.6037700000451878,0.0015256000915542245,0.1410742000443861,0.1288604000583291
PPO_full_u2_t20_seed0_20260521_211953,PPO,full,u2_t20,2,20,0,308,2026-05-21 21:23:36,222.83208710001782,-0.7191390564054471,0.02807068900856988,1163.3557865477947,1094.9069372700121,45.410130627214855,1.0,8,8,0,,,1092.678995986166,230,,MinBattery_NearestTask,1235.4772701211982,1648.142715048298,0.010094734898302704,0.000754652326577343,0.9048556461930275,0.0001,0.0003,0.0001,0.0003,,256,3,4,4,1,128,1,0.99,0.95,0.2,0.01,1,D:\Python project\HGNN_PPO_USV_Scheduling\models\best_u2_t20_seed0.pth,0.394619100028649,0.2849796999944374,0.6796936000464484,0.0013506999239325523,0.14785210008267313,0.13280409993603826
PPO_full_u2_t20_seed0_20260521_211953,PPO,full,u2_t20,2,20,0,309,2026-05-21 21:23:37,223.61839329998475,-0.77066827272197,0.0809297923740144,1246.7149247341408,1148.256738560016,130.92063547907193,1.0,8,8,0,,,1092.678995986166,230,,MinBattery_NearestTask,1235.4772701211982,1648.142715048298,-0.056895039742812514,0.0018922154267784208,0.8709141612052917,0.0001,0.0003,0.0001,0.0003,,256,3,4,4,1,128,1,0.99,0.95,0.2,0.01,1,D:\Python project\HGNN_PPO_USV_Scheduling\models\best_u2_t20_seed0.pth,0.3843773999251425,0.2837262999964878,0.6682126999367028,0.0015762000111863017,0.15106270008254796,0.12740880018100142
PPO_full_u2_t20_seed0_20260521_211953,PPO,full,u2_t20,2,20,0,310,2026-05-21 21:23:38,224.61841580003966,-0.7685441719469663,0.07377319897181496,1243.2787535155132,1139.053357805422,119.34336920176311,1.0,8,8,0,1158.8953143138344,1,1092.678995986166,230,-6.198572621239015,MinBattery_NearestTask,1235.4772701211982,1648.142715048298,0.012784374703187495,0.0015021476574474946,0.7109000906348228,0.0001,0.0003,0.0001,0.0003,,256,3,4,4,1,128,1,0.99,0.95,0.2,0.01,1,D:\Python project\HGNN_PPO_USV_Scheduling\models\best_u2_t20_seed0.pth,0.3365291999652982,0.3368473999435082,0.9007374999346212,0.001348499907180667,0.16886159998830408,0.1411140999989584
PPO_full_u2_t20_seed0_20260521_211953,PPO,full,u2_t20,2,20,0,311,2026-05-21 21:23:39,225.40168890007772,-0.727090386791092,0.030636755100358442,1176.2187038549564,1111.9276818525084,49.561271925905764,1.0,8,8,0,,,1092.678995986166,230,,MinBattery_NearestTask,1235.4772701211982,1648.142715048298,0.04125337302684784,0.0009367178281536326,0.7342561855912209,0.0001,0.0003,0.0001,0.0003,,256,3,4,4,1,128,1,0.99,0.95,0.2,0.01,1,D:\Python project\HGNN_PPO_USV_Scheduling\models\best_u2_t20_seed0.pth,0.390866200090386,0.3093146000755951,0.7002793999854475,0.001783299958333373,0.1721848000306636,0.12729910004418343
PPO_full_u2_t20_seed0_20260521_211953,PPO,full,u2_t20,2,20,0,312,2026-05-21 21:23:40,226.19132670003455,-0.7376121571995771,0.016891164383059112,1193.2398381966532,1133.3307301014006,27.324943140736643,1.0,8,8,0,,,1092.678995986166,230,,MinBattery_NearestTask,1235.4772701211982,1648.142715048298,-0.02961245580809191,0.0006693753639410716,0.7067719772458076,0.0001,0.0003,0.0001,0.0003,,256,3,4,4,1,128,1,0.99,0.95,0.2,0.01,1,D:\Python project\HGNN_PPO_USV_Scheduling\models\best_u2_t20_seed0.pth,0.3882813999662176,0.3098037000745535,0.6981881000101566,0.00119270000141114,0.14800420007668436,0.13916229992173612
PPO_full_u2_t20_seed0_20260521_211953,PPO,full,u2_t20,2,20,0,313,2026-05-21 21:23:40,226.87008230003994,-0.7313449847070024,0.030163896107977036,1183.1013937336686,1098.5856705028057,48.79632495200936,1.0,8,8,0,,,1092.678995986166,230,,MinBattery_NearestTask,1235.4772701211982,1648.142715048298,-0.023293304722756147,0.000802556867711246,0.6978810429573059,0.0001,0.0003,0.0001,0.0003,,256,3,4,4,1,128,1,0.99,0.95,0.2,0.01,1,D:\Python project\HGNN_PPO_USV_Scheduling\models\best_u2_t20_seed0.pth,0.3255964000709355,0.27388669992797077,0.5995838000671938,0.0014418000355362892,0.1429927001008764,0.12640439986716956
PPO_full_u2_t20_seed0_20260521_211953,PPO,full,u2_t20,2,20,0,314,2026-05-21 21:23:41,227.62341110000852,-0.792318354384497,0.08067347381377794,1281.7383983683317,1168.0867917652786,130.50598732779338,1.0,8,8,0,,,1092.678995986166,230,,MinBattery_NearestTask,1235.4772701211982,1648.142715048298,0.0019145694095641375,0.0017931481124833226,0.6907736584544182,0.0001,0.0003,0.0001,0.0003,,256,3,4,4,1,128,1,0.99,0.95,0.2,0.01,1,D:\Python project\HGNN_PPO_USV_Scheduling\models\best_u2_t20_seed0.pth,0.38626870000734925,0.26816179999150336,0.6545240000123158,0.0011744999792426825,0.14038230013102293,0.12327260000165552
PPO_full_u2_t20_seed0_20260521_211953,PPO,full,u2_t20,2,20,0,315,2026-05-21 21:23:42,228.3708811000688,-0.7607139402676186,0.059408556205074514,1230.611738349196,1129.4791335240063,96.10559601237618,1.0,8,8,0,,,1092.678995986166,230,,MinBattery_NearestTask,1235.4772701211982,1648.142715048298,-0.010193096939474344,0.001429478797945194,0.7436059415340424,0.0001,0.0003,0.0001,0.0003,,256,3,4,4,1,128,1,0.99,0.95,0.2,0.01,1,D:\Python project\HGNN_PPO_USV_Scheduling\models\best_u2_t20_seed0.pth,0.3519405999686569,0.2943181999726221,0.6463890000013635,0.0018381000263616443,0.15385799983050674,0.13574169983621687
PPO_full_u2_t20_seed0_20260521_211953,PPO,full,u2_t20,2,20,0,316,2026-05-21 21:23:43,229.26321930007543,-0.7279729360123605,0.021428631811162818,1177.6464092956924,1114.2204923429035,34.66523281314244,1.0,8,8,0,,,1092.678995986166,230,,MinBattery_NearestTask,1235.4772701211982,1648.142715048298,-0.00114337052218616,0.0007827954686945304,0.6710619255900383,0.0001,0.0003,0.0001,0.0003,,256,3,4,4,1,128,1,0.99,0.95,0.2,0.01,1,D:\Python project\HGNN_PPO_USV_Scheduling\models\best_u2_t20_seed0.pth,0.43433289998210967,0.36325870000291616,0.7977167000062764,0.0015323999105021358,0.18619369994848967,0.16203580040019006
PPO_full_u2_t20_seed0_20260521_211953,PPO,full,u2_t20,2,20,0,317,2026-05-21 21:23:44,230.14269210002385,-0.7387231271986048,0.02454655732972491,1195.0370613700268,1132.914268770726,39.70912058663477,1.0,8,8,0,,,1092.678995986166,230,,MinBattery_NearestTask,1235.4772701211982,1648.142715048298,0.005718941567465663,0.0007259194462676533,0.6923978701233864,0.0001,0.0003,0.0001,0.0003,,256,3,4,4,1,128,1,0.99,0.95,0.2,0.01,1,D:\Python project\HGNN_PPO_USV_Scheduling\models\best_u2_t20_seed0.pth,0.3732946999371052,0.3663912999909371,0.7397859999909997,0.001855999929830432,0.1743644999805838,0.1815749000525102
PPO_full_u2_t20_seed0_20260521_211953,PPO,full,u2_t20,2,20,0,318,2026-05-21 21:23:44,230.89474270003848,-0.7635784629564408,0.06443477710307205,1235.2456947670212,1106.71671519462,104.23654525518336,1.0,8,8,0,,,1092.678995986166,230,,MinBattery_NearestTask,1235.4772701211982,1648.142715048298,-0.04339291498763487,0.001216053744428791,0.7030924186110497,0.0001,0.0003,0.0001,0.0003,,256,3,4,4,1,128,1,0.99,0.95,0.2,0.01,1,D:\Python project\HGNN_PPO_USV_Scheduling\models\best_u2_t20_seed0.pth,0.3548678000224754,0.3055931000271812,0.6605626000091434,0.001312799984589219,0.16339319990947843,0.12646620022132993
PPO_full_u2_t20_seed0_20260521_211953,PPO,full,u2_t20,2,20,0,319,2026-05-21 21:23:45,231.62976250005886,-0.714876557317494,0.022741907401716752,1156.460314893243,1090.080659874644,36.78972701769798,1.0,8,8,0,,,1092.678995986166,230,,MinBattery_NearestTask,1235.4772701211982,1648.142715048298,-0.011289492133073509,0.0008636584170744754,0.6646478697657585,0.0001,0.0003,0.0001,0.0003,,256,3,4,4,1,128,1,0.99,0.95,0.2,0.01,1,D:\Python project\HGNN_PPO_USV_Scheduling\models\best_u2_t20_seed0.pth,0.33898000000044703,0.30257840000558645,0.6416577999480069,0.0019296000245958567,0.15070510003715754,0.13158070016652346
PPO_full_u2_t20_seed0_20260521_211953,PPO,full,u2_t20,2,20,0,320,2026-05-21 21:23:46,232.49527499999385,-0.7512398530021263,0.050709142151091645,1215.285447634768,1163.911387042516,82.03249903741465,1.0,8,8,0,1101.0364938571777,1,1092.678995986166,230,-10.881687548232444,MinBattery_NearestTask,1235.4772701211982,1648.142715048298,0.01814864994958043,0.0013108989587635733,0.7434473484754562,0.0001,0.0003,0.0001,0.0003,,256,3,4,4,1,128,1,0.99,0.95,0.2,0.01,1,D:\Python project\HGNN_PPO_USV_Scheduling\models\best_u2_t20_seed0.pth,0.298821400036104,0.27487840002868325,0.7667679000878707,0.001219899975694716,0.1392915000906214,0.1304768999107182
PPO_full_u2_t20_seed0_20260521_211953,PPO,full,u2_t20,2,20,0,321,2026-05-21 21:23:47,233.18215000000782,-0.7334325528749188,0.023715730792664595,1186.4784659234306,1115.27162017086,38.36508725831331,1.0,8,8,0,,,1092.678995986166,230,,MinBattery_NearestTask,1235.4772701211982,1648.142715048298,0.027351826836820692,0.0007176219078246504,0.730984628200531,0.0001,0.0003,0.0001,0.0003,,256,3,4,4,1,128,1,0.99,0.95,0.2,0.01,1,D:\Python project\HGNN_PPO_USV_Scheduling\models\best_u2_t20_seed0.pth,0.33414589997846633,0.2684791999636218,0.602747599943541,0.00168009998742491,0.14156459993682802,0.1214382000034675
PPO_full_u2_t20_seed0_20260521_211953,PPO,full,u2_t20,2,20,0,322,2026-05-21 21:23:47,233.94030060002115,-0.7212680602878905,0.025395556189817595,1166.7998895542473,1102.0898422068324,41.08255139652317,1.0,8,8,0,,,1092.678995986166,230,,MinBattery_NearestTask,1235.4772701211982,1648.142715048298,0.02870530856307596,0.0006385077358572744,0.7095604538917542,0.0001,0.0003,0.0001,0.0003,,256,3,4,4,1,128,1,0.99,0.95,0.2,0.01,1,D:\Python project\HGNN_PPO_USV_Scheduling\models\best_u2_t20_seed0.pth,0.3619071999564767,0.3004409000277519,0.6624496999429539,0.001316900015808642,0.14680550014600158,0.13666849990841
PPO_full_u2_t20_seed0_20260521_211953,PPO,full,u2_t20,2,20,0,323,2026-05-21 21:23:48,234.6426485000411,-0.7329675719652635,0.05115796658597256,1185.7262633736407,1093.413028729438,82.75856515607691,1.0,8,8,0,,,1092.678995986166,230,,MinBattery_NearestTask,1235.4772701211982,1648.142715048298,0.016168984584510326,0.0008982872059277724,0.7530294805765152,0.0001,0.0003,0.0001,0.0003,,256,3,4,4,1,128,1,0.99,0.95,0.2,0.01,1,D:\Python project\HGNN_PPO_USV_Scheduling\models\best_u2_t20_seed0.pth,0.32412969996221364,0.2968624000204727,0.6210981999756768,0.0014248999068513513,0.14829040016047657,0.1262340999674052
PPO_full_u2_t20_seed0_20260521_211953,PPO,full,u2_t20,2,20,0,324,2026-05-21 21:23:49,235.3249065000564,-0.7365541990749418,0.026107558158044955,1191.5283726667853,1129.3480381074949,42.234361470517705,1.0,8,8,0,,,1092.678995986166,230,,MinBattery_NearestTask,1235.4772701211982,1648.142715048298,0.0184867309872061,0.0007076568290358409,0.8146570175886154,0.0001,0.0003,0.0001,0.0003,,256,3,4,4,1,128,1,0.99,0.95,0.2,0.01,1,D:\Python project\HGNN_PPO_USV_Scheduling\models\best_u2_t20_seed0.pth,0.30791680002585053,0.2817175999516621,0.589711399981752,0.0019696999806910753,0.14890529995318502,0.1286162001779303
PPO_full_u2_t20_seed0_20260521_211953,PPO,full,u2_t20,2,20,0,325,2026-05-21 21:23:49,236.07003709999844,-0.7664857132736744,0.0735838574926531,1239.9487719387744,1106.0982543240477,119.0370702969067,1.0,8,8,0,,,1092.678995986166,230,,MinBattery_NearestTask,1235.4772701211982,1648.142715048298,0.02120139915496111,0.0015734860935481265,0.9376356899738312,0.0001,0.0003,0.0001,0.0003,,256,3,4,4,1,128,1,0.99,0.95,0.2,0.01,1,D:\Python project\HGNN_PPO_USV_Scheduling\models\best_u2_t20_seed0.pth,0.37230970000382513,0.279710799921304,0.6521259000292048,0.0018621000926941633,0.1471902000484988,0.12677329999860376
PPO_full_u2_t20_seed0_20260521_211953,PPO,full,u2_t20,2,20,0,326,2026-05-21 21:23:50,236.7495870999992,-0.7215450391211589,0.026582795466209872,1167.2479599594963,1099.003554561236,43.00315586085518,1.0,8,8,0,,,1092.678995986166,230,,MinBattery_NearestTask,1235.4772701211982,1648.142715048298,-0.02713393559679389,0.0009292699760408141,0.8521242290735245,0.0001,0.0003,0.0001,0.0003,,256,3,4,4,1,128,1,0.99,0.95,0.2,0.01,1,D:\Python project\HGNN_PPO_USV_Scheduling\models\best_u2_t20_seed0.pth,0.3067508999956772,0.28276149998418987,0.5896150000626221,0.0014223998878151178,0.1511083000805229,0.12781719991471618
PPO_full_u2_t20_seed0_20260521_211953,PPO,full,u2_t20,2,20,0,327,2026-05-21 21:23:51,237.45952749997377,-0.8083051255815336,0.09667179131293835,1307.600298948798,1179.8219842095439,156.38656643401836,1.0,8,8,0,,,1092.678995986166,230,,MinBattery_NearestTask,1235.4772701211982,1648.142715048298,0.057306693168357015,0.002576175582362339,0.8857370987534523,0.0001,0.0003,0.0001,0.0003,,256,3,4,4,1,128,1,0.99,0.95,0.2,0.01,1,D:\Python project\HGNN_PPO_USV_Scheduling\models\best_u2_t20_seed0.pth,0.35163639998063445,0.27681730000767857,0.6285644000163302,0.0013165000127628446,0.13923860003706068,0.12150579993613064
PPO_full_u2_t20_seed0_20260521_211953,PPO,full,u2_t20,2,20,0,328,2026-05-21 21:23:52,238.20853529998567,-0.7259129595762801,0.020401337726782407,1174.313972424519,1114.7432773976143,33.00337269456691,1.0,8,8,0,,,1092.678995986166,230,,MinBattery_NearestTask,1235.4772701211982,1648.142715048298,-0.014533015550114214,0.0013111056323396042,0.8505749553442001,0.0001,0.0003,0.0001,0.0003,,256,3,4,4,1,128,1,0.99,0.95,0.2,0.01,1,D:\Python project\HGNN_PPO_USV_Scheduling\models\best_u2_t20_seed0.pth,0.3471556999720633,0.30793150002136827,0.6551868000533432,0.0014797999756410718,0.14898529974743724,0.13306349981576204
PPO_full_u2_t20_seed0_20260521_211953,PPO,full,u2_t20,2,20,0,329,2026-05-21 21:23:52,238.91265389998443,-0.7623775045760052,0.09816225999957728,1233.3028968215633,1142.8266198781557,158.79770702751725,1.0,8,8,0,,,1092.678995986166,230,,MinBattery_NearestTask,1235.4772701211982,1648.142715048298,-0.029706190689466894,0.002183366712415591,0.8802464976906776,0.0001,0.0003,0.0001,0.0003,,256,3,4,4,1,128,1,0.99,0.95,0.2,0.01,1,D:\Python project\HGNN_PPO_USV_Scheduling\models\best_u2_t20_seed0.pth,0.33893289999105036,0.281254299916327,0.6202933999011293,0.0020568000618368387,0.1506436999188736,0.12436780007556081
PPO_full_u2_t20_seed0_20260521_211953,PPO,full,u2_t20,2,20,0,330,2026-05-21 21:23:53,239.84836020006333,-0.7524296563981874,0.09580266394120587,1217.210200091658,1128.7609643871085,154.98057360391672,1.0,8,8,0,1219.193630893768,1,1092.678995986166,230,-1.318003950475988,MinBattery_NearestTask,1235.4772701211982,1648.142715048298,0.01168026973027736,0.0021146284707356244,0.8339735567569733,0.0001,0.0003,0.0001,0.0003,,256,3,4,4,1,128,1,0.99,0.95,0.2,0.01,1,D:\Python project\HGNN_PPO_USV_Scheduling\models\best_u2_t20_seed0.pth,0.3237239000154659,0.28735610004514456,0.8389378000283614,0.0014230000087991357,0.15072950010653585,0.13229620002675802
PPO_full_u2_t20_seed0_20260521_211953,PPO,full,u2_t20,2,20,0,331,2026-05-21 21:23:54,240.58053849998396,-0.7672011147930202,0.12296553143093097,1241.1060814880511,1085.6541805213426,198.92211563523517,1.0,8,8,0,,,1092.678995986166,230,,MinBattery_NearestTask,1235.4772701211982,1648.142715048298,0.04876045021228492,0.0026757763262139633,0.7656403705477715,0.0001,0.0003,0.0001,0.0003,,256,3,4,4,1,128,1,0.99,0.95,0.2,0.01,1,D:\Python project\HGNN_PPO_USV_Scheduling\models\best_u2_t20_seed0.pth,0.3402779999887571,0.30111160001251847,0.6414884000550956,0.00200920004863292,0.14885459979996085,0.1277466998435557
PPO_full_u2_t20_seed0_20260521_211953,PPO,full,u2_t20,2,20,0,332,2026-05-21 21:23:55,241.33567509998102,-0.7158411311231918,0.0221175208032186,1158.02071202147,1099.4387730201113,35.77965287983032,1.0,8,8,0,,,1092.678995986166,230,,MinBattery_NearestTask,1235.4772701211982,1648.142715048298,-0.0318897181423381,0.0008235915956902318,0.7051179558038712,0.0001,0.0003,0.0001,0.0003,,256,3,4,4,1,128,1,0.99,0.95,0.2,0.01,1,D:\Python project\HGNN_PPO_USV_Scheduling\models\best_u2_t20_seed0.pth,0.3168580000055954,0.34324329998344183,0.6602130000246689,0.002148800063878298,0.16284109989646822,0.17376260028686374
PPO_full_u2_t20_seed0_20260521_211953,PPO,full,u2_t20,2,20,0,333,2026-05-21 21:23:55,242.0059159999946,-0.7394843559313456,0.07356753879488072,1196.2685058914064,1117.5283204928148,119.01067143661204,1.0,8,8,0,,,1092.678995986166,230,,MinBattery_NearestTask,1235.4772701211982,1648.142715048298,-0.0016989214345812798,0.0011975861561950296,0.6890601068735123,0.0001,0.0003,0.0001,0.0003,,256,3,4,4,1,128,1,0.99,0.95,0.2,0.01,1,D:\Python project\HGNN_PPO_USV_Scheduling\models\best_u2_t20_seed0.pth,0.3112693999428302,0.27998980006668717,0.5913584999507293,0.0014399000210687518,0.14489719993434846,0.13098589982837439
PPO_full_u2_t20_seed0_20260521_211953,PPO,full,u2_t20,2,20,0,334,2026-05-21 21:23:56,242.9993281000061,-0.7264157719238167,0.07580388400063126,1175.1273751299404,1081.1146979675082,122.6284211786891,1.0,8,8,0,,,1092.678995986166,230,,MinBattery_NearestTask,1235.4772701211982,1648.142715048298,0.0777118657133542,0.0014906641154084355,0.5919485613703728,0.0001,0.0003,0.0001,0.0003,,256,3,4,4,1,128,1,0.99,0.95,0.2,0.01,1,D:\Python project\HGNN_PPO_USV_Scheduling\models\best_u2_t20_seed0.pth,0.42754830000922084,0.4473755999933928,0.8751859000185505,0.0020661000162363052,0.21783570002298802,0.22148619999643415
PPO_full_u2_t20_seed0_20260521_211953,PPO,full,u2_t20,2,20,0,335,2026-05-21 21:23:57,243.81500639999285,-0.6992656841097855,0.022548024165020056,1131.2065068605827,1076.1209953781781,36.47608088303644,1.0,8,8,0,,,1092.678995986166,230,,MinBattery_NearestTask,1235.4772701211982,1648.142715048298,-0.044635448371991515,0.0006891744924359955,0.5965845584869385,0.0001,0.0003,0.0001,0.0003,,256,3,4,4,1,128,1,0.99,0.95,0.2,0.01,1,D:\Python project\HGNN_PPO_USV_Scheduling\models\best_u2_t20_seed0.pth,0.3376081999158487,0.36836540000513196,0.7060902999946848,0.0014769999543204904,0.20092919992748648,0.15710179996676743
PPO_full_u2_t20_seed0_20260521_211953,PPO,full,u2_t20,2,20,0,336,2026-05-21 21:23:58,244.70746629999485,-0.7164055348383371,0.02946301791123873,1158.9337514706767,1092.678995986166,47.66250987330087,1.0,8,8,0,,,1092.678995986166,230,,MinBattery_NearestTask,1235.4772701211982,1648.142715048298,0.030226738832425326,0.0007301045770873316,0.6019359454512596,0.0001,0.0003,0.0001,0.0003,,256,3,4,4,1,128,1,0.99,0.95,0.2,0.01,1,D:\Python project\HGNN_PPO_USV_Scheduling\models\best_u2_t20_seed0.pth,0.37278340000193566,0.3157029999420047,0.6886158999986947,0.0012697000056505203,0.16270209988579154,0.14696909999474883
PPO_full_u2_t20_seed0_20260521_211953,PPO,full,u2_t20,2,20,0,337,2026-05-21 21:23:59,245.55352389998734,-0.6966850221039048,0.02596439184159399,1127.0317536596208,1080.3749029781816,42.00276041756632,1.0,8,8,0,,,1092.678995986166,230,,MinBattery_NearestTask,1235.4772701211982,1648.142715048298,0.03598517016507685,0.0006869423596072011,0.6327707096934319,0.0001,0.0003,0.0001,0.0003,,256,3,4,4,1,128,1,0.99,0.95,0.2,0.01,1,D:\Python project\HGNN_PPO_USV_Scheduling\models\best_u2_t20_seed0.pth,0.43823089997749776,0.2961037999484688,0.7344359999988228,0.0017503999406471848,0.15212809992954135,0.13927159982267767
PPO_full_u2_t20_seed0_20260521_211953,PPO,full,u2_t20,2,20,0,338,2026-05-21 21:24:00,246.27559770003427,-0.7144052576224083,0.02633098805774272,1155.697890404415,1096.4840632832675,42.59580542824186,1.0,8,8,0,,,1092.678995986166,230,,MinBattery_NearestTask,1235.4772701211982,1648.142715048298,0.016736999328713864,0.0008755028247833252,0.5506001934409142,0.0001,0.0003,0.0001,0.0003,,256,3,4,4,1,128,1,0.99,0.95,0.2,0.01,1,D:\Python project\HGNN_PPO_USV_Scheduling\models\best_u2_t20_seed0.pth,0.34671529999468476,0.2940917999949306,0.6409097000723705,0.0017595000099390745,0.14676000003237277,0.141474699950777
PPO_full_u2_t20_seed0_20260521_211953,PPO,full,u2_t20,2,20,0,339,2026-05-21 21:24:00,247.0045127000194,-0.7128266873147033,0.02166248450363187,1153.1442272629351,1080.3749029781816,35.04353778846041,1.0,8,8,0,,,1092.678995986166,230,,MinBattery_NearestTask,1235.4772701211982,1648.142715048298,-0.029310089303180575,0.0006468680294346996,0.49125824123620987,0.0001,0.0003,0.0001,0.0003,,256,3,4,4,1,128,1,0.99,0.95,0.2,0.01,1,D:\Python project\HGNN_PPO_USV_Scheduling\models\best_u2_t20_seed0.pth,0.3245849999366328,0.3027385000605136,0.6274252999573946,0.0017177000408992171,0.15446799993515015,0.14388019975740463
PPO_full_u2_t20_seed0_20260521_211953,PPO,full,u2_t20,2,20,0,340,2026-05-21 21:24:01,248.02326460008044,-0.725540475950996,0.0648901566210275,1173.7114033149585,1080.3749029781816,104.97321557307261,1.0,8,8,0,1131.3932162466035,1,1092.678995986166,230,-8.424602895720149,MinBattery_NearestTask,1235.4772701211982,1648.142715048298,0.011966571910306811,0.0010785904160002246,0.39307979866862297,0.0001,0.0003,0.0001,0.0003,,256,3,4,4,1,128,1,0.99,0.95,0.2,0.01,1,D:\Python project\HGNN_PPO_USV_Scheduling\models\best_u2_t20_seed0.pth,0.33113789989147335,0.37992690003011376,0.9344215999590233,0.0019549999851733446,0.18254650011658669,0.17724209988955408
PPO_full_u2_t20_seed0_20260521_211953,PPO,full,u2_t20,2,20,0,341,2026-05-21 21:24:02,248.7381829000078,-0.7071028840614664,0.01420397582036294,1143.8847946449969,1109.099983059359,22.97786125704164,1.0,8,8,0,,,1092.678995986166,230,,MinBattery_NearestTask,1235.4772701211982,1648.142715048298,0.02190293523017317,0.0006902459790580906,0.49551161378622055,0.0001,0.0003,0.0001,0.0003,,256,3,4,4,1,128,1,0.99,0.95,0.2,0.01,1,D:\Python project\HGNN_PPO_USV_Scheduling\models\best_u2_t20_seed0.pth,0.31867179996334016,0.30628010001964867,0.6250761999981478,0.001534600043669343,0.15996039984747767,0.14007399999536574
PPO_full_u2_t20_seed0_20260521_211953,PPO,full,u2_t20,2,20,0,342,2026-05-21 21:24:03,249.55546200007666,-0.7389383757894918,0.08475454602379745,1195.3852703728958,1096.1299881239197,137.10796357780643,1.0,8,8,0,,,1092.678995986166,230,,MinBattery_NearestTask,1235.4772701211982,1648.142715048298,-0.015295093064196408,0.0018582159100333229,0.4916943795979023,0.0001,0.0003,0.0001,0.0003,,256,3,4,4,1,128,1,0.99,0.95,0.2,0.01,1,D:\Python project\HGNN_PPO_USV_Scheduling\models\best_u2_t20_seed0.pth,0.3598168999888003,0.3400723999366164,0.6999982999404892,0.001618300098925829,0.17115079995710403,0.1537169999210164
PPO_full_u2_t20_seed0_20260521_211953,PPO,full,u2_t20,2,20,0,343,2026-05-21 21:24:04,250.53086429997347,-0.7061701821819526,0.0350292913430598,1142.3759569327467,1083.398680994492,56.667105505728046,1.0,8,8,0,,,1092.678995986166,230,,MinBattery_NearestTask,1235.4772701211982,1648.142715048298,0.05567223858088255,0.0008426464410149492,0.4911540448665619,0.0001,0.0003,0.0001,0.0003,,256,3,4,4,1,128,1,0.99,0.95,0.2,0.01,1,D:\Python project\HGNN_PPO_USV_Scheduling\models\best_u2_t20_seed0.pth,0.37385870004072785,0.48939380003139377,0.8633722999366,0.0017024000408127904,0.23722010001074523,0.22692990000359714
PPO_full_u2_t20_seed0_20260521_211953,PPO,full,u2_t20,2,20,0,344,2026-05-21 21:24:05,251.38015910005197,-0.6993999755839813,0.018935005062477226,1131.423751025252,1083.7898833240267,30.631277096602698,1.0,8,8,0,,,1092.678995986166,230,,MinBattery_NearestTask,1235.4772701211982,1648.142715048298,0.0020896948408335447,0.0006680097467324231,0.5051988363265991,0.0001,0.0003,0.0001,0.0003,,256,3,4,4,1,128,1,0.99,0.95,0.2,0.01,1,D:\Python project\HGNN_PPO_USV_Scheduling\models\best_u2_t20_seed0.pth,0.3743979000719264,0.3684392999857664,0.74294100003317,0.0017041000537574291,0.19693490001372993,0.16647090017795563
PPO_full_u2_t20_seed0_20260521_211953,PPO,full,u2_t20,2,20,0,345,2026-05-21 21:24:05,252.09696009999607,-0.7038375065127296,0.01780993977909899,1138.6023727924355,1088.390549282715,28.81125189284821,1.0,8,8,0,,,1092.678995986166,230,,MinBattery_NearestTask,1235.4772701211982,1648.142715048298,-0.0030218109022825956,0.0006639685343543533,0.48186150938272476,0.0001,0.0003,0.0001,0.0003,,256,3,4,4,1,128,1,0.99,0.95,0.2,0.01,1,D:\Python project\HGNN_PPO_USV_Scheduling\models\best_u2_t20_seed0.pth,0.3329702001065016,0.28859650006052107,0.6216611000709236,0.001448499970138073,0.1546357999322936,0.12826240004505962
PPO_full_u2_t20_seed0_20260521_211953,PPO,full,u2_t20,2,20,0,346,2026-05-21 21:24:06,252.79132030007895,-0.691621862651302,0.019067025842151118,1118.8410486840887,1080.3749029781816,30.84484794442438,1.0,8,8,0,,,1092.678995986166,230,,MinBattery_NearestTask,1235.4772701211982,1648.142715048298,-0.014799060067161918,0.0005743326000811066,0.49635446071624756,0.0001,0.0003,0.0001,0.0003,,256,3,4,4,1,128,1,0.99,0.95,0.2,0.01,1,D:\Python project\HGNN_PPO_USV_Scheduling\models\best_u2_t20_seed0.pth,0.30812419997528195,0.30050749995280057,0.608710499946028,0.0013027999084442854,0.15016620012465864,0.146070999908261
PPO_full_u2_t20_seed0_20260521_211953,PPO,full,u2_t20,2,20,0,347,2026-05-21 21:24:07,253.5025604000548,-0.7047847769543196,0.02192227284009385,1140.1347781594277,1079.7795685008643,35.46379901861993,1.0,8,8,0,,,1092.678995986166,230,,MinBattery_NearestTask,1235.4772701211982,1648.142715048298,0.022815497359260917,0.0005971427563054021,0.5417461544275284,0.0001,0.0003,0.0001,0.0003,,256,3,4,4,1,128,1,0.99,0.95,0.2,0.01,1,D:\Python project\HGNN_PPO_USV_Scheduling\models\best_u2_t20_seed0.pth,0.3120786000508815,0.3039565000217408,0.6161398000549525,0.0014548999024555087,0.15829279995523393,0.13994089979678392
PPO_full_u2_t20_seed0_20260521_211953,PPO,full,u2_t20,2,20,0,348,2026-05-21 21:24:08,254.2567484000465,-0.6905499999558069,0.027376410177492205,1117.1070896422564,1077.2001555973345,44.286991383952206,1.0,8,8,0,,,1092.678995986166,230,,MinBattery_NearestTask,1235.4772701211982,1648.142715048298,0.005438924476038665,0.0006203388184076175,0.4314650632441044,0.0001,0.0003,0.0001,0.0003,,256,3,4,4,1,128,1,0.99,0.95,0.2,0.01,1,D:\Python project\HGNN_PPO_USV_Scheduling\models\best_u2_t20_seed0.pth,0.3006325999740511,0.3261768000666052,0.6269158000359312,0.0013665000442415476,0.16708459984511137,0.15452059998642653
PPO_full_u2_t20_seed0_20260521_211953,PPO,full,u2_t20,2,20,0,349,2026-05-21 21:24:08,255.09244949999265,-0.6828163056417276,0.021388071450559282,1104.5962435805131,1077.1190392680535,34.599618062014294,1.0,8,8,0,,,1092.678995986166,230,,MinBattery_NearestTask,1235.4772701211982,1648.142715048298,0.004783810407388955,0.0005517549616342876,0.3281575124710798,0.0001,0.0003,0.0001,0.0003,,256,3,4,4,1,128,1,0.99,0.95,0.2,0.01,1,D:\Python project\HGNN_PPO_USV_Scheduling\models\best_u2_t20_seed0.pth,0.3972645999165252,0.3277004000265151,0.7250703999307007,0.0019791999366134405,0.16725559998303652,0.14371229999233037
PPO_full_u2_t20_seed0_20260521_211953,PPO,full,u2_t20,2,20,0,350,2026-05-21 21:24:10,256.2207572000334,-0.6855914150898369,0.019889599895929644,1109.0855556349834,1077.2001555973345,32.17553117849952,1.0,8,8,0,1080.3749029781816,1,1080.3749029781816,350,-12.554044569982365,MinBattery_NearestTask,1235.4772701211982,1648.142715048298,0.06682442466262728,0.0005108735022076871,0.38446903228759766,0.0001,0.0003,0.0001,0.0003,,256,3,4,4,1,128,1,0.99,0.95,0.2,0.01,1,D:\Python project\HGNN_PPO_USV_Scheduling\models\best_u2_t20_seed0.pth,0.31165629997849464,0.30293640005402267,1.0405709999613464,0.0013834999408572912,0.15301470027770847,0.14548339997418225
PPO_full_u2_t20_seed0_20260521_211953,PPO,full,u2_t20,2,20,0,351,2026-05-21 21:24:10,256.9531075999839,-0.6717185647413224,0.003461757940516457,1086.6433581418787,1077.2001555973345,5.6001076507476775,1.0,8,8,0,,,1080.3749029781816,350,,MinBattery_NearestTask,1235.4772701211982,1648.142715048298,0.01298073900397867,0.0005263613966235425,0.36166336573660374,0.0001,0.0003,0.0001,0.0003,,256,3,4,4,1,128,1,0.99,0.95,0.2,0.01,1,D:\Python project\HGNN_PPO_USV_Scheduling\models\best_u2_t20_seed0.pth,0.340226799948141,0.30456359998788685,0.6448897999944165,0.0020016999915242195,0.158235999988392,0.14041359990369529
PPO_full_u2_t20_seed0_20260521_211953,PPO,full,u2_t20,2,20,0,352,2026-05-21 21:24:11,257.73194229998626,-0.7116569265978544,0.012751894029397099,1151.2518979745992,1126.8923227226599,20.62881938674671,1.0,8,8,0,,,1080.3749029781816,350,,MinBattery_NearestTask,1235.4772701211982,1648.142715048298,0.04487232450628653,0.0006482502794824541,0.5119190961122513,0.0001,0.0003,0.0001,0.0003,,256,3,4,4,1,128,1,0.99,0.95,0.2,0.01,1,D:\Python project\HGNN_PPO_USV_Scheduling\models\best_u2_t20_seed0.pth,0.35510369995608926,0.333483700058423,0.6887153999414295,0.0014670999953523278,0.1722087999805808,0.14267429988831282
PPO_full_u2_t20_seed0_20260521_211953,PPO,full,u2_t20,2,20,0,353,2026-05-21 21:24:12,258.4790246000048,-0.6862557372469968,0.017266423742911034,1110.1602337779382,1077.2001555973345,27.93200257361189,1.0,8,8,0,,,1080.3749029781816,350,,MinBattery_NearestTask,1235.4772701211982,1648.142715048298,0.07675428237416781,0.0005506602683453821,0.38925448432564735,0.0001,0.0003,0.0001,0.0003,,256,3,4,4,1,128,1,0.99,0.95,0.2,0.01,1,D:\Python project\HGNN_PPO_USV_Scheduling\models\best_u2_t20_seed0.pth,0.3515752999810502,0.29384569998364896,0.6455255999462679,0.001325800083577633,0.15142809983808547,0.13632589986082166
PPO_full_u2_t20_seed0_20260521_211953,PPO,full,u2_t20,2,20,0,354,2026-05-21 21:24:13,259.37521359999664,-0.6993505758368073,0.0270648211718146,1131.3438367427261,1077.2001555973345,43.78293188453953,1.0,8,8,0,,,1080.3749029781816,350,,MinBattery_NearestTask,1235.4772701211982,1648.142715048298,0.00084032112499699,0.0006386980385286734,0.4127657078206539,0.0001,0.0003,0.0001,0.0003,,256,3,4,4,1,128,1,0.99,0.95,0.2,0.01,1,D:\Python project\HGNN_PPO_USV_Scheduling\models\best_u2_t20_seed0.pth,0.43073140003252774,0.3324608999537304,0.7633256000699475,0.0021467999322339892,0.16664379998110235,0.1465372001985088
PPO_full_u2_t20_seed0_20260521_211953,PPO,full,u2_t20,2,20,0,355,2026-05-21 21:24:14,260.18189430003986,-0.6933786293311741,0.019069590038072657,1121.682981220557,1080.3749029781816,30.848996060336894,1.0,8,8,0,,,1080.3749029781816,350,,MinBattery_NearestTask,1235.4772701211982,1648.142715048298,-0.030535956844687462,0.0005873303816770203,0.34460268169641495,0.0001,0.0003,0.0001,0.0003,,256,3,4,4,1,128,1,0.99,0.95,0.2,0.01,1,D:\Python project\HGNN_PPO_USV_Scheduling\models\best_u2_t20_seed0.pth,0.37930809997487813,0.30483560007996857,0.684260500012897,0.002010200056247413,0.15473300009034574,0.14337889989838004
PPO_full_u2_t20_seed0_20260521_211953,PPO,full,u2_t20,2,20,0,356,2026-05-21 21:24:14,261.0599409000715,-0.6852952466641689,0.017644957758822334,1108.606442105097,1077.7931937013868,28.54435943824496,1.0,8,8,0,,,1080.3749029781816,350,,MinBattery_NearestTask,1235.4772701211982,1648.142715048298,-0.028330882836598903,0.0005870968016097322,0.29400700703263283,0.0001,0.0003,0.0001,0.0003,,256,3,4,4,1,128,1,0.99,0.95,0.2,0.01,1,D:\Python project\HGNN_PPO_USV_Scheduling\models\best_u2_t20_seed0.pth,0.404408699949272,0.32509669999126345,0.7296199999982491,0.0016598999500274658,0.16824959975201637,0.1503080998081714
PPO_full_u2_t20_seed0_20260521_211953,PPO,full,u2_t20,2,20,0,357,2026-05-21 21:24:15,261.88055470003746,-0.6786776985125498,0.013831373829303939,1097.9011927289534,1077.2001555973345,22.375100666420426,1.0,8,8,0,,,1080.3749029781816,350,,MinBattery_NearestTask,1235.4772701211982,1648.142715048298,-0.031484986655414104,0.00042617367216735147,0.3571130484342575,0.0001,0.0003,0.0001,0.0003,,256,3,4,4,1,128,1,0.99,0.95,0.2,0.01,1,D:\Python project\HGNN_PPO_USV_Scheduling\models\best_u2_t20_seed0.pth,0.35763890005182475,0.34011959994677454,0.6978732000570744,0.0015953000402078032,0.16993749991524965,0.14083759998902678
PPO_full_u2_t20_seed0_20260521_211953,PPO,full,u2_t20,2,20,0,358,2026-05-21 21:24:16,262.67267150001135,-0.6850523941095683,0.015299063221445362,1108.2135779960543,1080.5966536415324,24.74939105156106,1.0,8,8,0,,,1080.3749029781816,350,,MinBattery_NearestTask,1235.4772701211982,1648.142715048298,-0.023936656099976972,0.000500405079947086,0.3414842486381531,0.0001,0.0003,0.0001,0.0003,,256,3,4,4,1,128,1,0.99,0.95,0.2,0.01,1,D:\Python project\HGNN_PPO_USV_Scheduling\models\best_u2_t20_seed0.pth,0.3725639999611303,0.3151157000102103,0.6877830000594258,0.0024690000573173165,0.1640526003902778,0.14416319981683046
PPO_full_u2_t20_seed0_20260521_211953,PPO,full,u2_t20,2,20,0,359,2026-05-21 21:24:17,263.40616290003527,-0.6866038944240596,0.02574367861181238,1110.7234498388048,1080.3749029781816,41.6457112338973,1.0,8,8,0,,,1080.3749029781816,350,,MinBattery_NearestTask,1235.4772701211982,1648.142715048298,0.002058822719845921,0.0005342428194126114,0.30450560711324215,0.0001,0.0003,0.0001,0.0003,,256,3,4,4,1,128,1,0.99,0.95,0.2,0.01,1,D:\Python project\HGNN_PPO_USV_Scheduling\models\best_u2_t20_seed0.pth,0.35606959997676313,0.2874288000166416,0.6436038999818265,0.001473599928431213,0.1547392999054864,0.12710549996700138
PPO_full_u2_t20_seed0_20260521_211953,PPO,full,u2_t20,2,20,0,360,2026-05-21 21:24:18,264.56895410001744,-0.6747877825492148,0.012609968783487684,1091.6084511446625,1077.7931937013868,20.39922602143674,1.0,8,8,0,1077.7931937013868,1,1077.7931937013868,360,-12.763009100470368,MinBattery_NearestTask,1235.4772701211982,1648.142715048298,0.058387048658914864,0.00048233203779091127,0.3051372766494751,0.0001,0.0003,0.0001,0.0003,,256,3,4,4,1,128,1,0.99,0.95,0.2,0.01,1,D:\Python project\HGNN_PPO_USV_Scheduling\models\best_u2_t20_seed0.pth,0.3609940999886021,0.3094645000528544,1.0582502000033855,0.0020230000372976065,0.1598967999452725,0.1433015998918563
PPO_full_u2_t20_seed0_20260521_211953,PPO,full,u2_t20,2,20,0,361,2026-05-21 21:24:19,265.33028080000076,-0.6837586655434496,0.016284730562970605,1106.1207051361941,1084.22185829657,26.34391132571518,1.0,8,8,0,,,1077.7931937013868,360,,MinBattery_NearestTask,1235.4772701211982,1648.142715048298,0.04307271586731076,0.0005026762446505018,0.32482654601335526,0.0001,0.0003,0.0001,0.0003,,256,3,4,4,1,128,1,0.99,0.95,0.2,0.01,1,D:\Python project\HGNN_PPO_USV_Scheduling\models\best_u2_t20_seed0.pth,0.322379200020805,0.3335944999707863,0.6560781999723986,0.0019576000049710274,0.17003100004512817,0.14650949998758733
PPO_full_u2_t20_seed0_20260521_211953,PPO,full,u2_t20,2,20,0,362,2026-05-21 21:24:19,266.1100397000555,-0.6691413385042417,0.0029530155861277,1082.474163005771,1077.7931937013868,4.777111935846021,1.0,8,8,0,,,1077.7931937013868,360,,MinBattery_NearestTask,1235.4772701211982,1648.142715048298,0.03548941048211418,0.0005057583621237427,0.26505258306860924,0.0001,0.0003,0.0001,0.0003,,256,3,4,4,1,128,1,0.99,0.95,0.2,0.01,1,D:\Python project\HGNN_PPO_USV_Scheduling\models\best_u2_t20_seed0.pth,0.3647034999448806,0.3175608000019565,0.6823506000218913,0.0017665999475866556,0.17076929984614253,0.14063869998790324
PPO_full_u2_t20_seed0_20260521_211953,PPO,full,u2_t20,2,20,0,363,2026-05-21 21:24:20,266.8708029000554,-0.6823205527928273,0.010960979019948936,1103.7942610705538,1085.8088400059203,17.731644882178838,1.0,8,8,0,,,1077.7931937013868,360,,MinBattery_NearestTask,1235.4772701211982,1648.142715048298,-0.017900475417263806,0.00046924099115130957,0.263198621571064,0.0001,0.0003,0.0001,0.0003,,256,3,4,4,1,128,1,0.99,0.95,0.2,0.01,1,D:\Python project\HGNN_PPO_USV_Scheduling\models\best_u2_t20_seed0.pth,0.35608460009098053,0.3131422000005841,0.6693728000391275,0.00137489999178797,0.16486610018182546,0.14201530010905117
PPO_full_u2_t20_seed0_20260521_211953,PPO,full,u2_t20,2,20,0,364,2026-05-21 21:24:21,267.6757989000762,-0.7001968285521365,0.04025738625044592,1132.712825096913,1077.7931937013868,65.12462760657141,1.0,8,8,0,,,1077.7931937013868,360,,MinBattery_NearestTask,1235.4772701211982,1648.142715048298,0.00952923228032887,0.0008757960240473039,0.27771429158747196,0.0001,0.0003,0.0001,0.0003,,256,3,4,4,1,128,1,0.99,0.95,0.2,0.01,1,D:\Python project\HGNN_PPO_USV_Scheduling\models\best_u2_t20_seed0.pth,0.3894719999516383,0.32256879995111376,0.7121499999193475,0.0016564999241381884,0.16476080019492656,0.14014519995544106
PPO_full_u2_t20_seed0_20260521_211953,PPO,full,u2_t20,2,20,0,365,2026-05-21 21:24:22,268.557718200027,-0.6782773636258397,0.016653491634011513,1097.2535684581499,1077.7931937013868,26.94045843580169,1.0,8,8,0,,,1077.7931937013868,360,,MinBattery_NearestTask,1235.4772701211982,1648.142715048298,0.04881417425349355,0.0005199842344154604,0.31230147927999496,0.0001,0.0003,0.0001,0.0003,,256,3,4,4,1,128,1,0.99,0.95,0.2,0.01,1,D:\Python project\HGNN_PPO_USV_Scheduling\models\best_u2_t20_seed0.pth,0.37712389999069273,0.32512430008500814,0.7023990000598133,0.00144320004619658,0.1764054000377655,0.1416147000854835
PPO_full_u2_t20_seed0_20260521_211953,PPO,full,u2_t20,2,20,0,366,2026-05-21 21:24:23,269.427352800034,-0.6892971429176142,0.026610089736265358,1115.0803349108642,1077.7931937013868,43.04730997364572,1.0,8,8,0,,,1077.7931937013868,360,,MinBattery_NearestTask,1235.4772701211982,1648.142715048298,0.016328794677974656,0.0006152386413305067,0.2598672490566969,0.0001,0.0003,0.0001,0.0003,,256,3,4,4,1,128,1,0.99,0.95,0.2,0.01,1,D:\Python project\HGNN_PPO_USV_Scheduling\models\best_u2_t20_seed0.pth,0.36518900003284216,0.3628243999555707,0.7281315000727773,0.0016063000075519085,0.19582469994202256,0.16076499980408698
PPO_full_u2_t20_seed0_20260521_211953,PPO,full,u2_t20,2,20,0,367,2026-05-21 21:24:24,270.3069255000446,-0.6691933405191568,0.003290628885823397,1082.558286993232,1077.7931937013868,5.323271099804828,1.0,8,8,0,,,1077.7931937013868,360,,MinBattery_NearestTask,1235.4772701211982,1648.142715048298,0.00012113287812098861,0.0004618030106939841,0.2802559304982424,0.0001,0.0003,0.0001,0.0003,,256,3,4,4,1,128,1,0.99,0.95,0.2,0.01,1,D:\Python project\HGNN_PPO_USV_Scheduling\models\best_u2_t20_seed0.pth,0.4415778999682516,0.3400779999792576,0.7817744000349194,0.0018401999259367585,0.17407539987470955,0.1591410000110045
PPO_full_u2_t20_seed0_20260521_211953,PPO,full,u2_t20,2,20,0,368,2026-05-21 21:24:24,271.11696050001774,-0.6790764049395399,0.03098294719553887,1098.5461826301992,1077.7931937013868,50.121309061419396,1.0,8,8,0,,,1077.7931937013868,360,,MinBattery_NearestTask,1235.4772701211982,1648.142715048298,0.025298478780314326,0.0006145292936707847,0.319279445335269,0.0001,0.0003,0.0001,0.0003,,256,3,4,4,1,128,1,0.99,0.95,0.2,0.01,1,D:\Python project\HGNN_PPO_USV_Scheduling\models\best_u2_t20_seed0.pth,0.3797902000369504,0.31433530000504106,0.6943655000068247,0.001360700000077486,0.1611243998631835,0.1465736001264304
PPO_full_u2_t20_seed0_20260521_211953,PPO,full,u2_t20,2,20,0,369,2026-05-21 21:24:25,271.94691040006,-0.7559311142912063,0.14210281322650262,1222.8745306059227,1077.7931937013868,229.88061707855272,1.0,8,8,0,,,1077.7931937013868,360,,MinBattery_NearestTask,1235.4772701211982,1648.142715048298,0.004243870032951236,0.0031087994866538793,0.4596838504076004,0.0001,0.0003,0.0001,0.0003,,256,3,4,4,1,128,1,0.99,0.95,0.2,0.01,1,D:\Python project\HGNN_PPO_USV_Scheduling\models\best_u2_t20_seed0.pth,0.3518334000837058,0.3713616000022739,0.7233543000184,0.0015626000240445137,0.19020380021538585,0.1573692997917533
PPO_full_u2_t20_seed0_20260521_211953,PPO,full,u2_t20,2,20,0,370,2026-05-21 21:24:26,273.1043029000284,-0.7175353916499388,0.08632966651836789,1160.7615279598542,1077.7931937013868,139.65604593482348,1.0,8,8,0,1077.7931937013868,1,1077.7931937013868,360,-12.763009100470368,MinBattery_NearestTask,1235.4772701211982,1648.142715048298,0.01567653546226211,0.0016571356827626005,0.2903362289071083,0.0001,0.0003,0.0001,0.0003,,256,3,4,4,1,128,1,0.99,0.95,0.2,0.01,1,D:\Python project\HGNN_PPO_USV_Scheduling\models\best_u2_t20_seed0.pth,0.39489879994653165,0.3782132000196725,1.03721899993252,0.0023032999597489834,0.20275050005875528,0.16827629995532334
PPO_full_u2_t20_seed0_20260521_211953,PPO,full,u2_t20,2,20,0,371,2026-05-21 21:24:27,274.05513320001774,-0.7059827452301691,0.07407740844119509,1142.0727389938406,1077.7931937013868,119.83549077877069,1.0,8,8,0,,,1077.7931937013868,360,,MinBattery_NearestTask,1235.4772701211982,1648.142715048298,0.03956678416579962,0.0015496761916438118,0.2699868604540825,0.0001,0.0003,0.0001,0.0003,,256,3,4,4,1,128,1,0.99,0.95,0.2,0.01,1,D:\Python project\HGNN_PPO_USV_Scheduling\models\best_u2_t20_seed0.pth,0.41395970003213733,0.41631040000356734,0.8303809999488294,0.002847400028258562,0.22318440000526607,0.1852371001150459
PPO_full_u2_t20_seed0_20260521_211953,PPO,full,u2_t20,2,20,0,372,2026-05-21 21:24:28,274.8737348000286,-0.6790987784471615,0.014385351964525195,1098.5823763945693,1077.7931937013868,23.27127458923859,1.0,8,8,0,,,1077.7931937013868,360,,MinBattery_NearestTask,1235.4772701211982,1648.142715048298,-0.08159835814149119,0.0005545965432247613,0.25345002114772797,0.0001,0.0003,0.0001,0.0003,,256,3,4,4,1,128,1,0.99,0.95,0.2,0.01,1,D:\Python project\HGNN_PPO_USV_Scheduling\models\best_u2_t20_seed0.pth,0.38703909993637353,0.3303550999844447,0.7175313999177888,0.0017966999439522624,0.168883899692446,0.14206139999441803
PPO_full_u2_t20_seed0_20260521_211953,PPO,full,u2_t20,2,20,0,373,2026-05-21 21:24:29,275.59603130002506,-0.6734425775103889,0.016981770861119495,1089.4323044702855,1077.7931937013868,27.471517811673174,1.0,8,8,0,,,1077.7931937013868,360,,MinBattery_NearestTask,1235.4772701211982,1648.142715048298,0.018735451507382095,0.0005120993773743976,0.2964501827955246,0.0001,0.0003,0.0001,0.0003,,256,3,4,4,1,128,1,0.99,0.95,0.2,0.01,1,D:\Python project\HGNN_PPO_USV_Scheduling\models\best_u2_t20_seed0.pth,0.30979530001059175,0.3067979000043124,0.6167051000520587,0.001347400015220046,0.15910980000626296,0.141544500249438
PPO_full_u2_t20_seed0_20260521_211953,PPO,full,u2_t20,2,20,0,374,2026-05-21 21:24:30,276.5763931000838,-0.684304916122231,0.027987875759891086,1107.0043781422282,1077.7931937013868,45.27616311259412,1.0,8,8,0,,,1077.7931937013868,360,,MinBattery_NearestTask,1235.4772701211982,1648.142715048298,0.0017854811158031225,0.000641701917629689,0.34499647468328476,0.0001,0.0003,0.0001,0.0003,,256,3,4,4,1,128,1,0.99,0.95,0.2,0.01,1,D:\Python project\HGNN_PPO_USV_Scheduling\models\best_u2_t20_seed0.pth,0.37100290006492287,0.39301440003328025,0.7642404000507668,0.0022375999251380563,0.20480599999427795,0.1804274000460282
PPO_full_u2_t20_seed0_20260521_211953,PPO,full,u2_t20,2,20,0,375,2026-05-21 21:24:31,277.3980389999924,-0.6873850479226881,0.025285225429060525,1111.9871267796093,1077.7931937013868,40.90406862908381,1.0,8,8,0,,,1077.7931937013868,360,,MinBattery_NearestTask,1235.4772701211982,1648.142715048298,-0.007607991457916796,0.0005784646346000955,0.3343604691326618,0.0001,0.0003,0.0001,0.0003,,256,3,4,4,1,128,1,0.99,0.95,0.2,0.01,1,D:\Python project\HGNN_PPO_USV_Scheduling\models\best_u2_t20_seed0.pth,0.36535510001704097,0.3439250000519678,0.7093924999935552,0.0019854999845847487,0.17440929997246712,0.14994740020483732
PPO_full_u2_t20_seed0_20260521_211953,PPO,full,u2_t20,2,20,0,376,2026-05-21 21:24:32,278.1743081000168,-0.685386218494668,0.020884397833786737,1108.7536078089777,1077.7931937013868,33.78482207591862,1.0,8,8,0,,,1077.7931937013868,360,,MinBattery_NearestTask,1235.4772701211982,1648.142715048298,0.05474445145227946,0.0005759699270129204,0.2755443826317787,0.0001,0.0003,0.0001,0.0003,,256,3,4,4,1,128,1,0.99,0.95,0.2,0.01,1,D:\Python project\HGNN_PPO_USV_Scheduling\models\best_u2_t20_seed0.pth,0.3443220000481233,0.3283355999737978,0.672780100023374,0.0015490999212488532,0.1760395000455901,0.1460128998151049
PPO_full_u2_t20_seed0_20260521_211953,PPO,full,u2_t20,2,20,0,377,2026-05-21 21:24:32,278.9009042000398,-0.6696892004255988,0.006037954457168091,1083.3604426908514,1077.7931937013868,9.767637001623628,1.0,8,8,0,,,1077.7931937013868,360,,MinBattery_NearestTask,1235.4772701211982,1648.142715048298,0.026742696209112182,0.0005210562812862918,0.23106495290994644,0.0001,0.0003,0.0001,0.0003,,256,3,4,4,1,128,1,0.99,0.95,0.2,0.01,1,D:\Python project\HGNN_PPO_USV_Scheduling\models\best_u2_t20_seed0.pth,0.3199195000343025,0.3195318999933079,0.6396180000156164,0.0020462999818846583,0.17191959987394512,0.1411803999217227
PPO_full_u2_t20_seed0_20260521_211953,PPO,full,u2_t20,2,20,0,378,2026-05-21 21:24:33,279.5865372000262,-0.7120270298683742,0.0859560560044009,1151.8506163692468,1077.7931937013868,139.05165385033408,1.0,8,8,0,,,1077.7931937013868,360,,MinBattery_NearestTask,1235.4772701211982,1648.142715048298,0.031576819252222776,0.0019082943472312763,0.24553752318024635,0.0001,0.0003,0.0001,0.0003,,256,3,4,4,1,128,1,0.99,0.95,0.2,0.01,1,D:\Python project\HGNN_PPO_USV_Scheduling\models\best_u2_t20_seed0.pth,0.30416539998259395,0.27613999997265637,0.5804051999002695,0.001503499923273921,0.14535970008000731,0.12681040016468614
PPO_full_u2_t20_seed0_20260521_211953,PPO,full,u2_t20,2,20,0,379,2026-05-21 21:24:34,280.29867639997974,-0.6686584388651367,0.002086254940590381,1081.692973214352,1077.7931937013868,3.3749477736353217,1.0,8,8,0,,,1077.7931937013868,360,,MinBattery_NearestTask,1235.4772701211982,1648.142715048298,0.013462857197737321,0.000637560136965476,0.2908928655087948,0.0001,0.0003,0.0001,0.0003,,256,3,4,4,1,128,1,0.99,0.95,0.2,0.01,1,D:\Python project\HGNN_PPO_USV_Scheduling\models\best_u2_t20_seed0.pth,0.3090897999936715,0.3036690999288112,0.6129034999758005,0.0016096000326797366,0.15828120009973645,0.14057449984829873
PPO_full_u2_t20_seed0_20260521_211953,PPO,full,u2_t20,2,20,0,380,2026-05-21 21:24:35,281.244678499992,-0.6876073404634935,0.03492813573176549,1112.3467308246807,1077.7931937013868,56.50346543543454,1.0,8,8,0,1077.7931937013868,1,1077.7931937013868,360,-12.763009100470368,MinBattery_NearestTask,1235.4772701211982,1648.142715048298,0.0036780033260583878,0.0007788726798025891,0.5987478755414486,0.0001,0.0003,0.0001,0.0003,,256,3,4,4,1,128,1,0.99,0.95,0.2,0.01,1,D:\Python project\HGNN_PPO_USV_Scheduling\models\best_u2_t20_seed0.pth,0.31858610000927,0.308576799929142,0.8537639999995008,0.002226600074209273,0.15944370010402054,0.1424250000854954
PPO_full_u2_t20_seed0_20260521_211953,PPO,full,u2_t20,2,20,0,381,2026-05-21 21:24:35,282.0266744000837,-0.735741279320983,0.09098726004517985,1190.21330725441,1077.2001555973345,147.19066435464313,1.0,8,8,0,,,1077.7931937013868,360,,MinBattery_NearestTask,1235.4772701211982,1648.142715048298,0.02979016024619341,0.00200231971393805,0.7353480309247971,0.0001,0.0003,0.0001,0.0003,,256,3,4,4,1,128,1,0.99,0.95,0.2,0.01,1,D:\Python project\HGNN_PPO_USV_Scheduling\models\best_u2_t20_seed0.pth,0.33373940002638847,0.33630610001273453,0.6701513000298291,0.002128999913111329,0.15990359999705106,0.14901970024220645
PPO_full_u2_t20_seed0_20260521_211953,PPO,full,u2_t20,2,20,0,382,2026-05-21 21:24:36,282.7338286000304,-0.7120773551899326,0.02329497712394031,1151.9320279592907,1085.134685572587,37.68443139508118,1.0,8,8,0,,,1077.7931937013868,360,,MinBattery_NearestTask,1235.4772701211982,1648.142715048298,0.029074155958369374,0.0006550504040205851,0.7000915929675102,0.0001,0.0003,0.0001,0.0003,,256,3,4,4,1,128,1,0.99,0.95,0.2,0.01,1,D:\Python project\HGNN_PPO_USV_Scheduling\models\best_u2_t20_seed0.pth,0.32557660003658384,0.2958356000017375,0.621508999960497,0.0017320000333711505,0.15610770019702613,0.13508139981422573
PPO_full_u2_t20_seed0_20260521_211953,PPO,full,u2_t20,2,20,0,383,2026-05-21 21:24:37,283.41536320000887,-0.7623351233436855,0.09145435413850948,1233.234336434777,1077.2001555973345,147.94628541498915,1.0,8,8,0,,,1077.7931937013868,360,,MinBattery_NearestTask,1235.4772701211982,1648.142715048298,-0.010302862850949168,0.0018193596333730966,0.6219025328755379,0.0001,0.0003,0.0001,0.0003,,256,3,4,4,1,128,1,0.99,0.95,0.2,0.01,1,D:\Python project\HGNN_PPO_USV_Scheduling\models\best_u2_t20_seed0.pth,0.3109161000465974,0.28253700002096593,0.5936020000372082,0.0014389000134542584,0.14621770021039993,0.13087270013056695
PPO_full_u2_t20_seed0_20260521_211953,PPO,full,u2_t20,2,20,0,384,2026-05-21 21:24:38,284.15815070003737,-0.7367298531462649,0.07456458413702487,1191.8125293656663,1090.3143435743955,120.62359797411887,1.0,8,8,0,,,1077.7931937013868,360,,MinBattery_NearestTask,1235.4772701211982,1648.142715048298,0.015911428024992347,0.0016215243667829782,0.4875364415347576,0.0001,0.0003,0.0001,0.0003,,256,3,4,4,1,128,1,0.99,0.95,0.2,0.01,1,D:\Python project\HGNN_PPO_USV_Scheduling\models\best_u2_t20_seed0.pth,0.3497029000427574,0.2886984000215307,0.6385145999956876,0.00197929993737489,0.14592349994927645,0.13593389990273863
PPO_full_u2_t20_seed0_20260521_211953,PPO,full,u2_t20,2,20,0,385,2026-05-21 21:24:38,284.89719110005535,-0.6975556159309658,0.0314739781762668,1128.440118783755,1077.2001555973345,50.915652975459324,1.0,8,8,0,,,1077.7931937013868,360,,MinBattery_NearestTask,1235.4772701211982,1648.142715048298,0.020084006362594664,0.0007921233627712354,0.4914012476801872,0.0001,0.0003,0.0001,0.0003,,256,3,4,4,1,128,1,0.99,0.95,0.2,0.01,1,D:\Python project\HGNN_PPO_USV_Scheduling\models\best_u2_t20_seed0.pth,0.3347315000137314,0.31480769999325275,0.6496450999984518,0.002014599973335862,0.15792150027118623,0.14034460007678717
PPO_full_u2_t20_seed0_20260521_211953,PPO,full,u2_t20,2,20,0,386,2026-05-21 21:24:39,285.6109721000539,-0.7001922686545292,0.020652316186943964,1132.7054485217982,1080.5966536415324,33.40938213227876,1.0,8,8,0,,,1077.7931937013868,360,,MinBattery_NearestTask,1235.4772701211982,1648.142715048298,-0.0007831299444660544,0.0005886696089874022,0.4860844574868679,0.0001,0.0003,0.0001,0.0003,,256,3,4,4,1,128,1,0.99,0.95,0.2,0.01,1,D:\Python project\HGNN_PPO_USV_Scheduling\models\best_u2_t20_seed0.pth,0.30952270003035665,0.29559979995246977,0.6052291999803856,0.0013425000943243504,0.14516850002110004,0.12498039996717125
PPO_full_u2_t20_seed0_20260521_211953,PPO,full,u2_t20,2,20,0,387,2026-05-21 21:24:40,286.35804550000466,-0.6815470661093871,0.0274048797531069,1102.5429867850273,1080.3749029781816,44.33304679595751,1.0,8,8,0,,,1077.7931937013868,360,,MinBattery_NearestTask,1235.4772701211982,1648.142715048298,-0.025840184360276908,0.0006648686867265496,0.4637996070086956,0.0001,0.0003,0.0001,0.0003,,256,3,4,4,1,128,1,0.99,0.95,0.2,0.01,1,D:\Python project\HGNN_PPO_USV_Scheduling\models\best_u2_t20_seed0.pth,0.33230610005557537,0.30358870001509786,0.636016600066796,0.001586899976246059,0.1595749001717195,0.13769970019347966
PPO_full_u2_t20_seed0_20260521_211953,PPO,full,u2_t20,2,20,0,388,2026-05-21 21:24:41,287.1304702999769,-0.702981955245312,0.026812664833033774,1137.2183421118973,1080.3749029781816,43.375016985157544,1.0,8,8,0,,,1077.7931937013868,360,,MinBattery_NearestTask,1235.4772701211982,1648.142715048298,-0.0059490755666047335,0.0005433300611912273,0.526172649115324,0.0001,0.0003,0.0001,0.0003,,256,3,4,4,1,128,1,0.99,0.95,0.2,0.01,1,D:\Python project\HGNN_PPO_USV_Scheduling\models\best_u2_t20_seed0.pth,0.35777830006554723,0.30090160004328936,0.6587926999200135,0.0020219999132677913,0.1603507000254467,0.1336242000106722
PPO_full_u2_t20_seed0_20260521_211953,PPO,full,u2_t20,2,20,0,389,2026-05-21 21:24:41,287.84036580007523,-0.7335108137749937,0.0760262424556719,1186.6050690750071,1088.390549282715,122.98813185363468,1.0,8,8,0,,,1077.7931937013868,360,,MinBattery_NearestTask,1235.4772701211982,1648.142715048298,-0.048357563209719956,0.0013785735209239647,0.6081902608275414,0.0001,0.0003,0.0001,0.0003,,256,3,4,4,1,128,1,0.99,0.95,0.2,0.01,1,D:\Python project\HGNN_PPO_USV_Scheduling\models\best_u2_t20_seed0.pth,0.31561369996052235,0.29528160009067506,0.6110077999765053,0.0016431000549346209,0.15501579991541803,0.13447080017067492
PPO_full_u2_t20_seed0_20260521_211953,PPO,full,u2_t20,2,20,0,390,2026-05-21 21:24:42,288.87669920001645,-0.7102983637262008,0.028653931121573505,1149.05414224982,1080.3749029781816,46.35364507143463,1.0,8,8,0,1080.3749029781816,1,1077.7931937013868,360,-12.554044569982365,MinBattery_NearestTask,1235.4772701211982,1648.142715048298,-0.010815838468261063,0.0006895476617501117,0.5783353447914124,0.0001,0.0003,0.0001,0.0003,,256,3,4,4,1,128,1,0.99,0.95,0.2,0.01,1,D:\Python project\HGNN_PPO_USV_Scheduling\models\best_u2_t20_seed0.pth,0.32809150009416044,0.31641279999166727,0.9340893999906257,0.0019157000351697206,0.1592287999810651,0.13639189989771694
PPO_full_u2_t20_seed0_20260521_211953,PPO,full,u2_t20,2,20,0,391,2026-05-21 21:24:43,289.57511770003475,-0.7050518383084725,0.02632294884276643,1140.5668049961707,1085.4443686980164,42.58280033947823,1.0,8,8,0,,,1077.7931937013868,360,,MinBattery_NearestTask,1235.4772701211982,1648.142715048298,-0.022445818642154336,0.0007008973625488579,0.5419471561908722,0.0001,0.0003,0.0001,0.0003,,256,3,4,4,1,128,1,0.99,0.95,0.2,0.01,1,D:\Python project\HGNN_PPO_USV_Scheduling\models\best_u2_t20_seed0.pth,0.3000360999722034,0.29358000005595386,0.593722700024955,0.00136160000693053,0.15361439995467663,0.13323699997272342
PPO_full_u2_t20_seed0_20260521_211953,PPO,full,u2_t20,2,20,0,392,2026-05-21 21:24:44,290.3271993000526,-0.6796260203378635,0.025261352650891987,1099.4352989260256,1077.2001555973345,40.865449485295265,1.0,8,8,0,,,1077.7931937013868,360,,MinBattery_NearestTask,1235.4772701211982,1648.142715048298,-0.03384177619591355,0.0005707149794034194,0.44435496628284454,0.0001,0.0003,0.0001,0.0003,,256,3,4,4,1,128,1,0.99,0.95,0.2,0.01,1,D:\Python project\HGNN_PPO_USV_Scheduling\models\best_u2_t20_seed0.pth,0.30952720006462187,0.3108914999756962,0.6205286000622436,0.0014751000562682748,0.15644309995695949,0.13933120016008615
PPO_full_u2_t20_seed0_20260521_211953,PPO,full,u2_t20,2,20,0,393,2026-05-21 21:24:44,291.06397250003647,-0.6888109515304781,0.01892234919312583,1114.2938200378971,1077.7931937013868,30.61080361694313,1.0,8,8,0,,,1077.7931937013868,360,,MinBattery_NearestTask,1235.4772701211982,1648.142715048298,0.008723708509933203,0.0005114058185426984,0.5075379498302937,0.0001,0.0003,0.0001,0.0003,,256,3,4,4,1,128,1,0.99,0.95,0.2,0.01,1,D:\Python project\HGNN_PPO_USV_Scheduling\models\best_u2_t20_seed0.pth,0.3066439999965951,0.32622690009884536,0.6329808000009507,0.0013770000077784061,0.16773099976126105,0.14033560000825673
PPO_full_u2_t20_seed0_20260521_211953,PPO,full,u2_t20,2,20,0,394,2026-05-21 21:24:45,291.7985841999762,-0.7006301658918641,0.03606907203233093,1133.4138376440817,1077.7931937013868,58.34916528377773,1.0,8,8,0,,,1077.7931937013868,360,,MinBattery_NearestTask,1235.4772701211982,1648.142715048298,0.0010350279626436532,0.0006269918012549169,0.5156233161687851,0.0001,0.0003,0.0001,0.0003,,256,3,4,4,1,128,1,0.99,0.95,0.2,0.01,1,D:\Python project\HGNN_PPO_USV_Scheduling\models\best_u2_t20_seed0.pth,0.3328085000393912,0.3002826999872923,0.6332483000587672,0.0015678999479860067,0.15571260021533817,0.13865009986329824
PPO_full_u2_t20_seed0_20260521_211953,PPO,full,u2_t20,2,20,0,395,2026-05-21 21:24:46,292.5674168000696,-0.7009381654073228,0.030103130081344135,1133.9120904025312,1080.3749029781816,48.6980233675255,1.0,8,8,0,,,1077.7931937013868,360,,MinBattery_NearestTask,1235.4772701211982,1648.142715048298,-0.023459753778297454,0.0005867806321475655,0.4438481219112873,0.0001,0.0003,0.0001,0.0003,,256,3,4,4,1,128,1,0.99,0.95,0.2,0.01,1,D:\Python project\HGNN_PPO_USV_Scheduling\models\best_u2_t20_seed0.pth,0.33103070000652224,0.3354914999799803,0.6666303999954835,0.002250000019557774,0.1723551998147741,0.1564752998529002
PPO_full_u2_t20_seed0_20260521_211953,PPO,full,u2_t20,2,20,0,396,2026-05-21 21:24:47,293.2665140000172,-0.6772784482716213,0.01604226187759866,1095.637616790318,1077.7931937013868,25.95166820434441,1.0,8,8,0,,,1077.7931937013868,360,,MinBattery_NearestTask,1235.4772701211982,1648.142715048298,0.019673993811011314,0.0004824691677640658,0.3868754021823406,0.0001,0.0003,0.0001,0.0003,,256,3,4,4,1,128,1,0.99,0.95,0.2,0.01,1,D:\Python project\HGNN_PPO_USV_Scheduling\models\best_u2_t20_seed0.pth,0.3020906000165269,0.29388230002950877,0.5960768000222743,0.0013392999535426497,0.15356200002133846,0.13510650012176484
PPO_full_u2_t20_seed0_20260521_211953,PPO,full,u2_t20,2,20,0,397,2026-05-21 21:24:47,293.999427700066,-0.6739840358135727,0.010844835026586704,1090.3082249818644,1077.7931937013868,17.543758011694973,1.0,8,8,0,,,1077.7931937013868,360,,MinBattery_NearestTask,1235.4772701211982,1648.142715048298,0.03681578778196126,0.00045393653272185475,0.3362228684127331,0.0001,0.0003,0.0001,0.0003,,256,3,4,4,1,128,1,0.99,0.95,0.2,0.01,1,D:\Python project\HGNN_PPO_USV_Scheduling\models\best_u2_t20_seed0.pth,0.313660699990578,0.32727559993509203,0.6410756999393925,0.001997100072912872,0.15768669988028705,0.13520620006602257
PPO_full_u2_t20_seed0_20260521_211953,PPO,full,u2_t20,2,20,0,398,2026-05-21 21:24:48,294.7378256000811,-0.6770944532327177,0.01478537081362014,1095.3399668555826,1077.7931937013868,23.918387603999406,1.0,8,8,0,,,1077.7931937013868,360,,MinBattery_NearestTask,1235.4772701211982,1648.142715048298,-0.03895590876345523,0.0004504929092945531,0.36977241933345795,0.0001,0.0003,0.0001,0.0003,,256,3,4,4,1,128,1,0.99,0.95,0.2,0.01,1,D:\Python project\HGNN_PPO_USV_Scheduling\models\best_u2_t20_seed0.pth,0.34444120002444834,0.3014798000222072,0.646031100070104,0.0015616000164300203,0.1578048998489976,0.13762110006064177
PPO_full_u2_t20_seed0_20260521_211953,PPO,full,u2_t20,2,20,0,399,2026-05-21 21:24:49,295.43955700006336,-0.6854812653745266,0.026257039996545956,1108.9073657459048,1077.7931937013868,42.4761791833161,1.0,8,8,0,,,1077.7931937013868,360,,MinBattery_NearestTask,1235.4772701211982,1648.142715048298,0.02177867421414703,0.0005529217050934676,0.3312082141637802,0.0001,0.0003,0.0001,0.0003,,256,3,4,4,1,128,1,0.99,0.95,0.2,0.01,1,D:\Python project\HGNN_PPO_USV_Scheduling\models\best_u2_t20_seed0.pth,0.2857074999483302,0.30860490002669394,0.5944276000373065,0.001482499996200204,0.1629849000601098,0.13963369966950268
PPO_full_u2_t20_seed0_20260521_211953,PPO,full,u2_t20,2,20,0,400,2026-05-21 21:24:50,296.3956187000731,-0.6729656309356109,0.006794181866516937,1088.6607449885691,1074.7275253869216,10.990990850612782,1.0,8,8,0,1077.7931937013868,1,1077.7931937013868,360,-12.763009100470368,MinBattery_NearestTask,1235.4772701211982,1648.142715048298,-0.031513535184785724,0.0004234158477629535,0.26551491767168045,0.0001,0.0003,0.0001,0.0003,,256,3,4,4,1,128,1,0.99,0.95,0.2,0.01,1,D:\Python project\HGNN_PPO_USV_Scheduling\models\best_u2_t20_seed0.pth,0.34469529998023063,0.3003243999555707,0.8673022999428213,0.001437300001271069,0.151908699888736,0.14145130012184381
PPO_full_u2_t20_seed0_20260521_211953,PPO,full,u2_t20,2,20,0,401,2026-05-21 21:24:51,297.1317220000783,-0.704235502917443,0.09026699288682803,1139.2462140861667,1077.7931937013868,146.02548363046273,1.0,8,8,0,,,1077.7931937013868,360,,MinBattery_NearestTask,1235.4772701211982,1648.142715048298,0.03531350055709481,0.0016600552626186982,0.2953060753643513,0.0001,0.0003,0.0001,0.0003,,256,3,4,4,1,128,1,0.99,0.95,0.2,0.01,1,D:\Python project\HGNN_PPO_USV_Scheduling\models\best_u2_t20_seed0.pth,0.31449300004169345,0.31205899990163743,0.6266563000390306,0.0019591000163927674,0.1542379999300465,0.14222179993521422
PPO_full_u2_t20_seed0_20260521_211953,PPO,full,u2_t20,2,20,0,402,2026-05-21 21:24:51,297.9237267000135,-0.6987062923567074,0.07299065524433468,1130.3015752940187,1074.7275253869216,118.07744327897798,1.0,8,8,0,,,1077.7931937013868,360,,MinBattery_NearestTask,1235.4772701211982,1648.142715048298,-0.009419788140803576,0.0013094280948280357,0.3334585353732109,0.0001,0.0003,0.0001,0.0003,,256,3,4,4,1,128,1,0.99,0.95,0.2,0.01,1,D:\Python project\HGNN_PPO_USV_Scheduling\models\best_u2_t20_seed0.pth,0.33788090001326054,0.31143940007314086,0.649441400077194,0.00137339998036623,0.16883949970360845,0.13684479997027665
PPO_full_u2_t20_seed0_20260521_211953,PPO,full,u2_t20,2,20,0,403,2026-05-21 21:24:52,298.64300130004995,-0.6887954493726849,0.026323554690155702,1114.2687420994757,1077.7931937013868,42.58378042262039,1.0,8,8,0,,,1077.7931937013868,360,,MinBattery_NearestTask,1235.4772701211982,1648.142715048298,0.02039336960297078,0.0005868575753993355,0.3095571845769882,0.0001,0.0003,0.0001,0.0003,,256,3,4,4,1,128,1,0.99,0.95,0.2,0.01,1,D:\Python project\HGNN_PPO_USV_Scheduling\models\best_u2_t20_seed0.pth,0.3249718000879511,0.30370820011012256,0.6287891999818385,0.0018145000794902444,0.15566240006592125,0.14197180001065135
PPO_full_u2_t20_seed0_20260521_211953,PPO,full,u2_t20,2,20,0,404,2026-05-21 21:24:53,299.3505073999986,-0.678281413956069,0.022974950082634546,1097.2601207029036,1077.2001555973345,37.16672163222147,1.0,8,8,0,,,1077.7931937013868,360,,MinBattery_NearestTask,1235.4772701211982,1648.142715048298,0.07078096843906678,0.0006046697526471689,0.25580219738185406,0.0001,0.0003,0.0001,0.0003,,256,3,4,4,1,128,1,0.99,0.95,0.2,0.01,1,D:\Python project\HGNN_PPO_USV_Scheduling\models\best_u2_t20_seed0.pth,0.3137886000331491,0.3046681999694556,0.6186649000737816,0.0018681999063119292,0.14888280001468956,0.12884909997228533
PPO_full_u2_t20_seed0_20260521_211953,PPO,full,u2_t20,2,20,0,405,2026-05-21 21:24:53,300.0833187000826,-0.6777426425497441,0.02469486174668007,1096.388546801317,1077.7931937013868,39.94903357717345,1.0,8,8,0,,,1077.7931937013868,360,,MinBattery_NearestTask,1235.4772701211982,1648.142715048298,0.029258787631988525,0.0005289012369757984,0.3312325105071068,0.0001,0.0003,0.0001,0.0003,,256,3,4,4,1,128,1,0.99,0.95,0.2,0.01,1,D:\Python project\HGNN_PPO_USV_Scheduling\models\best_u2_t20_seed0.pth,0.31006529997102916,0.3003463000059128,0.6105278000468388,0.0019954999443143606,0.15764669980853796,0.13618599995970726
PPO_full_u2_t20_seed0_20260521_211953,PPO,full,u2_t20,2,20,0,406,2026-05-21 21:24:54,300.81138369999826,-0.7560746809126564,0.11404285379590025,1223.1067792347958,1077.2071389808514,184.4878437572783,1.0,8,8,0,,,1077.7931937013868,360,,MinBattery_NearestTask,1235.4772701211982,1648.142715048298,0.025065050343982875,0.003234831470763311,0.27399816922843456,0.0001,0.0003,0.0001,0.0003,,256,3,4,4,1,128,1,0.99,0.95,0.2,0.01,1,D:\Python project\HGNN_PPO_USV_Scheduling\models\best_u2_t20_seed0.pth,0.33081059996038675,0.3029890999896452,0.6339060999453068,0.0015654000453650951,0.15601980010978878,0.1408813998568803
PPO_full_u2_t20_seed0_20260521_211953,PPO,full,u2_t20,2,20,0,407,2026-05-21 21:24:55,301.6221550999908,-0.7007086917339382,0.0817182940279208,1133.5408693940012,1077.7931937013868,132.19619957700812,1.0,8,8,0,,,1077.7931937013868,360,,MinBattery_NearestTask,1235.4772701211982,1648.142715048298,-0.02348213631194085,0.0019193796906620264,0.24490156210958958,0.0001,0.0003,0.0001,0.0003,,256,3,4,4,1,128,1,0.99,0.95,0.2,0.01,1,D:\Python project\HGNN_PPO_USV_Scheduling\models\best_u2_t20_seed0.pth,0.3279605999123305,0.3594701000256464,0.6875637000193819,0.0017648000502958894,0.17844840022735298,0.16820760001428425
PPO_full_u2_t20_seed0_20260521_211953,PPO,full,u2_t20,2,20,0,408,2026-05-21 21:24:56,302.4564176000422,-0.6667444966206196,0.0013142564658067048,1078.5967767757847,1077.7931937013868,2.1260809726375376,1.0,8,8,0,,,1077.7931937013868,360,,MinBattery_NearestTask,1235.4772701211982,1648.142715048298,0.025962103391066194,0.0005084541844553314,0.20496016182005405,0.0001,0.0003,0.0001,0.0003,,256,3,4,4,1,128,1,0.99,0.95,0.2,0.01,1,D:\Python project\HGNN_PPO_USV_Scheduling\models\best_u2_t20_seed0.pth,0.37279439996927977,0.3245924999937415,0.6974768999498338,0.001805800013244152,0.16088300035335124,0.13775090011768043
PPO_full_u2_t20_seed0_20260521_211953,PPO,full,u2_t20,2,20,0,409,2026-05-21 21:24:57,303.21100600005593,-0.6774161201933366,0.005743108978327284,1095.8603295262567,1077.7931937013868,9.290663611162225,1.0,8,8,0,,,1077.7931937013868,360,,MinBattery_NearestTask,1235.4772701211982,1648.142715048298,0.01977128768339753,0.0005030417305533774,0.2703768089413643,0.0001,0.0003,0.0001,0.0003,,256,3,4,4,1,128,1,0.99,0.95,0.2,0.01,1,D:\Python project\HGNN_PPO_USV_Scheduling\models\best_u2_t20_seed0.pth,0.3242013000417501,0.33838480000849813,0.6626923000440001,0.002093300106935203,0.17740460007917136,0.15422440005932003
PPO_full_u2_t20_seed0_20260521_211953,PPO,full,u2_t20,2,20,0,410,2026-05-21 21:24:58,304.2449316000566,-0.6858540056246007,0.010127171221047684,1109.5103499990068,1077.7931937013868,16.38278874777701,1.0,8,8,0,1114.0388527199084,1,1077.7931937013868,360,-9.829271678092217,MinBattery_NearestTask,1235.4772701211982,1648.142715048298,-0.06461586931254715,0.00047402220297954045,0.26083870604634285,0.0001,0.0003,0.0001,0.0003,,256,3,4,4,1,128,1,0.99,0.95,0.2,0.01,1,D:\Python project\HGNN_PPO_USV_Scheduling\models\best_u2_t20_seed0.pth,0.3010738999582827,0.3984710000222549,0.9228776999516413,0.0020798000041395426,0.20510239992290735,0.18667900015134364
PPO_full_u2_t20_seed0_20260521_211953,PPO,full,u2_t20,2,20,0,411,2026-05-21 21:24:58,304.9759929999709,-0.6849730238735318,0.01420741687305608,1108.085180264697,1082.743171691455,22.983427869683076,1.0,8,8,0,,,1077.7931937013868,360,,MinBattery_NearestTask,1235.4772701211982,1648.142715048298,0.013646122068166733,0.0005196036981942598,0.26790432073175907,0.0001,0.0003,0.0001,0.0003,,256,3,4,4,1,128,1,0.99,0.95,0.2,0.01,1,D:\Python project\HGNN_PPO_USV_Scheduling\models\best_u2_t20_seed0.pth,0.30490590003319085,0.33314539992716163,0.6381530000362545,0.0019968999549746513,0.1563994000898674,0.13994460017420352
PPO_full_u2_t20_seed0_20260521_211953,PPO,full,u2_t20,2,20,0,412,2026-05-21 21:24:59,305.6725079000462,-0.7657416156665151,0.10493141012380652,1238.7450405472796,1083.9749354786416,169.74820387077725,1.0,8,8,0,,,1077.7931937013868,360,,MinBattery_NearestTask,1235.4772701211982,1648.142715048298,0.036621900217141956,0.003092889877734706,0.2529692091047764,0.0001,0.0003,0.0001,0.0003,,256,3,4,4,1,128,1,0.99,0.95,0.2,0.01,1,D:\Python project\HGNN_PPO_USV_Scheduling\models\best_u2_t20_seed0.pth,0.31203150004148483,0.2899205998983234,0.6020915999542922,0.0013242000713944435,0.1524251002119854,0.13169809966348112
PPO_full_u2_t20_seed0_20260521_211953,PPO,full,u2_t20,2,20,0,413,2026-05-21 21:25:00,306.40669850003906,-0.6797479871412497,0.009848185171614468,1099.6326053930047,1077.7931937013868,15.931471256280231,1.0,8,8,0,,,1077.7931937013868,360,,MinBattery_NearestTask,1235.4772701211982,1648.142715048298,-0.03965612966567278,0.0013611507529276423,0.28512498550117016,0.0001,0.0003,0.0001,0.0003,,256,3,4,4,1,128,1,0.99,0.95,0.2,0.01,1,D:\Python project\HGNN_PPO_USV_Scheduling\models\best_u2_t20_seed0.pth,0.3133944000583142,0.30438979994505644,0.6180241000838578,0.0014430000446736813,0.15915959991980344,0.13827220001257956
PPO_full_u2_t20_seed0_20260521_211953,PPO,full,u2_t20,2,20,0,414,2026-05-21 21:25:00,307.1159531000303,-0.7353243459489333,0.10663443296309869,1189.5388315091998,1077.2071389808514,172.50319465742214,1.0,8,8,0,,,1077.7931937013868,360,,MinBattery_NearestTask,1235.4772701211982,1648.142715048298,-0.008161163772456348,0.002577624109108001,0.31293936632573605,0.0001,0.0003,0.0001,0.0003,,256,3,4,4,1,128,1,0.99,0.95,0.2,0.01,1,D:\Python project\HGNN_PPO_USV_Scheduling\models\best_u2_t20_seed0.pth,0.31622939999215305,0.2899771999800578,0.6063106999499723,0.0013945000246167183,0.1503078998066485,0.13430329994298518
PPO_full_u2_t20_seed0_20260521_211953,PPO,full,u2_t20,2,20,0,415,2026-05-21 21:25:01,307.83463160006795,-0.680029488652634,0.019376430077320015,1100.0879921631629,1074.7275253869216,31.345373126807452,1.0,8,8,0,,,1077.7931937013868,360,,MinBattery_NearestTask,1235.4772701211982,1648.142715048298,-0.00397563586011529,0.0009753078920766711,0.3466225378215313,0.0001,0.0003,0.0001,0.0003,,256,3,4,4,1,128,1,0.99,0.95,0.2,0.01,1,D:\Python project\HGNN_PPO_USV_Scheduling\models\best_u2_t20_seed0.pth,0.31947549991309643,0.30232770007569343,0.6219270000001416,0.0014160999562591314,0.15644660021644086,0.14006580004934222
PPO_full_u2_t20_seed0_20260521_211953,PPO,full,u2_t20,2,20,0,416,2026-05-21 21:25:02,308.57432370004244,-0.6979010759795555,0.025996189718829305,1128.9989716828823,1077.7931937013868,42.05420004409214,1.0,8,8,0,,,1077.7931937013868,360,,MinBattery_NearestTask,1235.4772701211982,1648.142715048298,0.012017325789202005,0.0008830206425045617,0.39890506491065025,0.0001,0.0003,0.0001,0.0003,,256,3,4,4,1,128,1,0.99,0.95,0.2,0.01,1,D:\Python project\HGNN_PPO_USV_Scheduling\models\best_u2_t20_seed0.pth,0.319710599957034,0.3133085999870673,0.6331203000154346,0.001843299949541688,0.1647373002488166,0.14243749994784594
PPO_full_u2_t20_seed0_20260521_211953,PPO,full,u2_t20,2,20,0,417,2026-05-21 21:25:03,309.3015601000516,-0.7101652168863091,0.03429550491566909,1148.838749767283,1085.8088400059203,55.480054574768836,1.0,8,8,0,,,1077.7931937013868,360,,MinBattery_NearestTask,1235.4772701211982,1648.142715048298,0.017862765700556338,0.001052090578014031,0.40989381074905396,0.0001,0.0003,0.0001,0.0003,,256,3,4,4,1,128,1,0.99,0.95,0.2,0.01,1,D:\Python project\HGNN_PPO_USV_Scheduling\models\best_u2_t20_seed0.pth,0.3086068000411615,0.298750999965705,0.6074629999930039,0.0013151000021025538,0.15201019996311516,0.12920750002376735
PPO_full_u2_t20_seed0_20260521_211953,PPO,full,u2_t20,2,20,0,418,2026-05-21 21:25:03,310.0083201000234,-0.6869710572212575,0.015867449596525012,1111.3174114112167,1085.8088400059203,25.66887327485869,1.0,8,8,0,,,1077.7931937013868,360,,MinBattery_NearestTask,1235.4772701211982,1648.142715048298,-0.025253505213186145,0.0006323740381048992,0.34632574394345284,0.0001,0.0003,0.0001,0.0003,,256,3,4,4,1,128,1,0.99,0.95,0.2,0.01,1,D:\Python project\HGNN_PPO_USV_Scheduling\models\best_u2_t20_seed0.pth,0.31258769996929914,0.302679100073874,0.6153798999730498,0.0018972000107169151,0.15131439990364015,0.14502239995636046
PPO_full_u2_t20_seed0_20260521_211953,PPO,full,u2_t20,2,20,0,419,2026-05-21 21:25:04,310.71490390005056,-0.6767562953968645,0.006923137451380366,1094.792926792048,1077.7931937013868,11.199603113459979,1.0,8,8,0,,,1077.7931937013868,360,,MinBattery_NearestTask,1235.4772701211982,1648.142715048298,-0.00673960882704705,0.00043874515904462896,0.26199297327548265,0.0001,0.0003,0.0001,0.0003,,256,3,4,4,1,128,1,0.99,0.95,0.2,0.01,1,D:\Python project\HGNN_PPO_USV_Scheduling\models\best_u2_t20_seed0.pth,0.3202466000802815,0.2924240999855101,0.6127562000183389,0.0012669999850913882,0.1487662997096777,0.13860349997412413
PPO_full_u2_t20_seed0_20260521_211953,PPO,full,u2_t20,2,20,0,420,2026-05-21 21:25:05,311.7096397000132,-0.682363140869692,0.012775926975433345,1103.8631560710646,1077.7931937013868,20.667697635104986,1.0,8,8,0,1077.7931937013868,1,1077.7931937013868,360,-12.763009100470368,MinBattery_NearestTask,1235.4772701211982,1648.142715048298,0.005357339279726148,0.0004970555819454603,0.23705612309277058,0.0001,0.0003,0.0001,0.0003,,256,3,4,4,1,128,1,0.99,0.95,0.2,0.01,1,D:\Python project\HGNN_PPO_USV_Scheduling\models\best_u2_t20_seed0.pth,0.31813290005084127,0.33051589992828667,0.8891706999856979,0.0017631000373512506,0.16263319982681423,0.14942599995993078
PPO_full_u2_t20_seed0_20260521_211953,PPO,full,u2_t20,2,20,0,421,2026-05-21 21:25:06,312.3835113000823,-0.6747063355590808,0.008250409992797142,1091.4766938351056,1077.7931937013868,13.346740273693207,1.0,8,8,0,,,1077.7931937013868,360,,MinBattery_NearestTask,1235.4772701211982,1648.142715048298,0.01104113063775003,0.00043213080061832443,0.23606154136359692,0.0001,0.0003,0.0001,0.0003,,256,3,4,4,1,128,1,0.99,0.95,0.2,0.01,1,D:\Python project\HGNN_PPO_USV_Scheduling\models\best_u2_t20_seed0.pth,0.30745210009627044,0.27130829996895045,0.5788632000330836,0.0011570000788196921,0.14397790003567934,0.12253380008041859
PPO_full_u2_t20_seed0_20260521_211953,PPO,full,u2_t20,2,20,0,422,2026-05-21 21:25:07,313.12876440002583,-0.6740678876922588,0.00867437083529968,1090.4438726947978,1077.7931937013868,14.032584402171391,1.0,8,8,0,,,1077.7931937013868,360,,MinBattery_NearestTask,1235.4772701211982,1648.142715048298,0.06947452272288501,0.00046807120088487864,0.3119274973869324,0.0001,0.0003,0.0001,0.0003,,256,3,4,4,1,128,1,0.99,0.95,0.2,0.01,1,D:\Python project\HGNN_PPO_USV_Scheduling\models\best_u2_t20_seed0.pth,0.3243730999529362,0.2958339999895543,0.620316999964416,0.0019371999660506845,0.15321649983525276,0.13691740005742759
PPO_full_u2_t20_seed0_20260521_211953,PPO,full,u2_t20,2,20,0,423,2026-05-21 21:25:07,313.8440897000255,-0.8140085551640053,0.1389811321726582,1316.8267729510605,1099.8984603321471,224.83065395195123,1.0,8,8,0,,,1077.7931937013868,360,,MinBattery_NearestTask,1235.4772701211982,1648.142715048298,0.07313139131292701,0.0046376719255931675,0.5539252758026123,0.0001,0.0003,0.0001,0.0003,,256,3,4,4,1,128,1,0.99,0.95,0.2,0.01,1,D:\Python project\HGNN_PPO_USV_Scheduling\models\best_u2_t20_seed0.pth,0.3110853999387473,0.31187830003909767,0.6230459000216797,0.0011401999508962035,0.15470870002172887,0.1388849999057129
PPO_full_u2_t20_seed0_20260521_211953,PPO,full,u2_t20,2,20,0,424,2026-05-21 21:25:08,314.70722340000793,-0.8039395926494559,0.11796773826438738,1300.5381487948584,1089.2761957826974,190.83715411287073,1.0,8,8,0,,,1077.7931937013868,360,,MinBattery_NearestTask,1235.4772701211982,1648.142715048298,0.0029966250294819474,0.002861898625269532,0.5534060932695866,0.0001,0.0003,0.0001,0.0003,,256,3,4,4,1,128,1,0.99,0.95,0.2,0.01,1,D:\Python project\HGNN_PPO_USV_Scheduling\models\best_u2_t20_seed0.pth,0.46720090007875115,0.29978519992437214,0.7670952000189573,0.0015607000095769763,0.15609760000370443,0.1368365999078378
PPO_full_u2_t20_seed0_20260521_211953,PPO,full,u2_t20,2,20,0,425,2026-05-21 21:25:09,315.4050066000782,-0.7253045549045702,0.08706387771354338,1173.3297523504016,1077.7931937013868,140.84378401530674,1.0,8,8,0,,,1077.7931937013868,360,,MinBattery_NearestTask,1235.4772701211982,1648.142715048298,0.04132866929285228,0.0019915336451958865,0.3892894759774208,0.0001,0.0003,0.0001,0.0003,,256,3,4,4,1,128,1,0.99,0.95,0.2,0.01,1,D:\Python project\HGNN_PPO_USV_Scheduling\models\best_u2_t20_seed0.pth,0.31183110002893955,0.2910086999181658,0.6029209999833256,0.0020647000055760145,0.1495376998791471,0.13613189989700913
PPO_full_u2_t20_seed0_20260521_211953,PPO,full,u2_t20,2,20,0,426,2026-05-21 21:25:10,316.2553533000173,-0.6795212340023215,0.01249396383859995,1099.2657854102208,1077.7931937013868,20.211564090546975,1.0,8,8,0,,,1077.7931937013868,360,,MinBattery_NearestTask,1235.4772701211982,1648.142715048298,-0.017506413161754608,0.0007471280114259571,0.24084436893463135,0.0001,0.0003,0.0001,0.0003,,256,3,4,4,1,128,1,0.99,0.95,0.2,0.01,1,D:\Python project\HGNN_PPO_USV_Scheduling\models\best_u2_t20_seed0.pth,0.30889720004051924,0.3143079000292346,0.6233111000619829,0.001587799983099103,0.16437380015850067,0.14408569992519915
PPO_full_u2_t20_seed0_20260521_211953,PPO,full,u2_t20,2,20,0,427,2026-05-21 21:25:10,317.00086819997523,-0.7069342086050908,0.08345995051875464,1143.6119272955245,1077.7931937013868,135.01368826538183,1.0,8,8,0,,,1077.7931937013868,360,,MinBattery_NearestTask,1235.4772701211982,1648.142715048298,-0.05762982042506337,0.0016102360241347924,0.25548835285007954,0.0001,0.0003,0.0001,0.0003,,256,3,4,4,1,128,1,0.99,0.95,0.2,0.01,1,D:\Python project\HGNN_PPO_USV_Scheduling\models\best_u2_t20_seed0.pth,0.3168052000692114,0.3227910998975858,0.6397304000565782,0.0012249000137671828,0.1629249999532476,0.13005459995474666
PPO_full_u2_t20_seed0_20260521_211953,PPO,full,u2_t20,2,20,0,428,2026-05-21 21:25:11,317.75083170004655,-0.6693445951984256,0.0023988025923242255,1082.80297264172,1077.7931937013868,3.8805580808183615,1.0,8,8,0,,,1077.7931937013868,360,,MinBattery_NearestTask,1235.4772701211982,1648.142715048298,-0.05016800621524453,0.00046137703611748293,0.29148996248841286,0.0001,0.0003,0.0001,0.0003,,256,3,4,4,1,128,1,0.99,0.95,0.2,0.01,1,D:\Python project\HGNN_PPO_USV_Scheduling\models\best_u2_t20_seed0.pth,0.33511839993298054,0.31170040008146316,0.6469279000302777,0.001233799965120852,0.1537924997974187,0.15237490006256849
PPO_full_u2_t20_seed0_20260521_211953,PPO,full,u2_t20,2,20,0,429,2026-05-21 21:25:12,318.5378620000556,-0.6921059875733606,0.02903986295724571,1119.6242206234683,1077.7931937013868,46.977969435746594,1.0,8,8,0,,,1077.7931937013868,360,,MinBattery_NearestTask,1235.4772701211982,1648.142715048298,-0.010515430651139468,0.0006515016139019281,0.3557894602417946,0.0001,0.0003,0.0001,0.0003,,256,3,4,4,1,128,1,0.99,0.95,0.2,0.01,1,D:\Python project\HGNN_PPO_USV_Scheduling\models\best_u2_t20_seed0.pth,0.3036565000656992,0.30918629991356283,0.6129449000582099,0.0014633000828325748,0.16162220004480332,0.14196330006234348
PPO_full_u2_t20_seed0_20260521_211953,PPO,full,u2_t20,2,20,0,430,2026-05-21 21:25:13,319.55245660000946,-0.6817072315108854,0.015446965391808275,1102.802087365059,1080.3749029781816,24.988653325250766,1.0,8,8,0,1077.7931937013868,1,1077.7931937013868,360,-12.763009100470368,MinBattery_NearestTask,1235.4772701211982,1648.142715048298,-0.011074243113398552,0.0005066643971076701,0.4089270755648613,0.0001,0.0003,0.0001,0.0003,,256,3,4,4,1,128,1,0.99,0.95,0.2,0.01,1,D:\Python project\HGNN_PPO_USV_Scheduling\models\best_u2_t20_seed0.pth,0.33975369995459914,0.3218815999571234,0.9096339999232441,0.001942100003361702,0.16725039994344115,0.14820050005801022
PPO_full_u2_t20_seed0_20260521_211953,PPO,full,u2_t20,2,20,0,431,2026-05-21 21:25:14,320.45193370000925,-0.6888125318476539,0.02658843613706632,1114.2963765269583,1080.3749029781816,43.012280809670536,1.0,8,8,0,,,1077.7931937013868,360,,MinBattery_NearestTask,1235.4772701211982,1648.142715048298,0.037602081371005625,0.0005682318333128933,0.4694771319627762,0.0001,0.0003,0.0001,0.0003,,256,3,4,4,1,128,1,0.99,0.95,0.2,0.01,1,D:\Python project\HGNN_PPO_USV_Scheduling\models\best_u2_t20_seed0.pth,0.36079679999966174,0.3439494000049308,0.704854300012812,0.001351199927739799,0.17475490004289895,0.15082070010248572
PPO_full_u2_t20_seed0_20260521_211953,PPO,full,u2_t20,2,20,0,432,2026-05-21 21:25:15,321.1745384000242,-0.6991563993445441,0.030426281678680042,1131.0297162066854,1083.9749354786416,49.22078774437909,1.0,8,8,0,,,1077.7931937013868,360,,MinBattery_NearestTask,1235.4772701211982,1648.142715048298,0.036697783682029694,0.0006177701834531035,0.47673023864626884,0.0001,0.0003,0.0001,0.0003,,256,3,4,4,1,128,1,0.99,0.95,0.2,0.01,1,D:\Python project\HGNN_PPO_USV_Scheduling\models\best_u2_t20_seed0.pth,0.3154088999144733,0.3031738999998197,0.6186965999659151,0.0011680000461637974,0.15824000001884997,0.1390619999729097
PPO_full_u2_t20_seed0_20260521_211953,PPO,full,u2_t20,2,20,0,433,2026-05-21 21:25:15,321.92167850001715,-0.681600997097943,0.016180368529774766,1102.6302312853113,1074.7275253869216,26.175084206491327,1.0,8,8,0,,,1077.7931937013868,360,,MinBattery_NearestTask,1235.4772701211982,1648.142715048298,-0.03772195661440492,0.0005385884942370467,0.421874213963747,0.0001,0.0003,0.0001,0.0003,,256,3,4,4,1,128,1,0.99,0.95,0.2,0.01,1,D:\Python project\HGNN_PPO_USV_Scheduling\models\best_u2_t20_seed0.pth,0.3384796000318602,0.30368949996773154,0.6423051001038402,0.0013379999436438084,0.15538969996850938,0.14161149971187115
PPO_full_u2_t20_seed0_20260521_211953,PPO,full,u2_t20,2,20,0,434,2026-05-21 21:25:16,322.6710457999725,-0.6892331270614613,0.025887960687518,1114.976776056672,1077.7931937013868,41.87911725763109,1.0,8,8,0,,,1077.7931937013868,360,,MinBattery_NearestTask,1235.4772701211982,1648.142715048298,-0.04561673919670284,0.00056324611796299,0.36246659606695175,0.0001,0.0003,0.0001,0.0003,,256,3,4,4,1,128,1,0.99,0.95,0.2,0.01,1,D:\Python project\HGNN_PPO_USV_Scheduling\models\best_u2_t20_seed0.pth,0.35199210001155734,0.3000741000287235,0.6521785000804812,0.0012731000315397978,0.1588230001507327,0.1352028998080641
PPO_full_u2_t20_seed0_20260521_211953,PPO,full,u2_t20,2,20,0,435,2026-05-21 21:25:17,323.457180300029,-0.6766528106156853,0.006828455899583647,1094.6255188089435,1077.7931937013868,11.046436170042094,1.0,8,8,0,,,1077.7931937013868,360,,MinBattery_NearestTask,1235.4772701211982,1648.142715048298,0.008559823036193848,0.0005267562264634762,0.307087741792202,0.0001,0.0003,0.0001,0.0003,,256,3,4,4,1,128,1,0.99,0.95,0.2,0.01,1,D:\Python project\HGNN_PPO_USV_Scheduling\models\best_u2_t20_seed0.pth,0.3422683000098914,0.34023690002504736,0.6826352999778464,0.0016227999003604054,0.17216009984258562,0.1410626001888886
PPO_full_u2_t20_seed0_20260521_211953,PPO,full,u2_t20,2,20,0,436,2026-05-21 21:25:18,324.1820421000011,-0.6717778954274155,0.003967150625964376,1086.73933776692,1074.7275253869216,6.4176845850802,1.0,8,8,0,,,1077.7931937013868,360,,MinBattery_NearestTask,1235.4772701211982,1648.142715048298,-0.02220460193348117,0.0004791745595866814,0.31552268750965595,0.0001,0.0003,0.0001,0.0003,,256,3,4,4,1,128,1,0.99,0.95,0.2,0.01,1,D:\Python project\HGNN_PPO_USV_Scheduling\models\best_u2_t20_seed0.pth,0.35225439991336316,0.2795860000187531,0.6319459999212995,0.0012523999903351068,0.14769340003840625,0.12671379989478737
PPO_full_u2_t20_seed0_20260521_211953,PPO,full,u2_t20,2,20,0,437,2026-05-21 21:25:18,324.9035748000024,-0.744958710910443,0.10894222727376002,1205.1244044632108,1074.7275253869216,176.23652806708245,1.0,8,8,0,,,1077.7931937013868,360,,MinBattery_NearestTask,1235.4772701211982,1648.142715048298,-0.003692964295623824,0.002556717809056863,0.3852912485599518,0.0001,0.0003,0.0001,0.0003,,256,3,4,4,1,128,1,0.99,0.95,0.2,0.01,1,D:\Python project\HGNN_PPO_USV_Scheduling\models\best_u2_t20_seed0.pth,0.3274915999500081,0.297952700057067,0.625545599963516,0.0015843999572098255,0.1586370998993516,0.13365980028174818
PPO_full_u2_t20_seed0_20260521_211953,PPO,full,u2_t20,2,20,0,438,2026-05-21 21:25:19,325.61081310000736,-0.6971437184495319,0.01770333030043203,1127.7737896305512,1085.8088400059203,28.6387890669131,1.0,8,8,0,,,1077.7931937013868,360,,MinBattery_NearestTask,1235.4772701211982,1648.142715048298,-0.03940319060347974,0.000752767788071651,0.3413584716618061,0.0001,0.0003,0.0001,0.0003,,256,3,4,4,1,128,1,0.99,0.95,0.2,0.01,1,D:\Python project\HGNN_PPO_USV_Scheduling\models\best_u2_t20_seed0.pth,0.29716419999022037,0.3020507999463007,0.5993777000112459,0.0016958999913185835,0.15284430014435202,0.1434608999406919
PPO_full_u2_t20_seed0_20260521_211953,PPO,full,u2_t20,2,20,0,439,2026-05-21 21:25:20,326.3046322000446,-0.6905136097295308,0.02241371148016023,1117.0482209437273,1077.7931937013868,36.258802405742415,1.0,8,8,0,,,1077.7931937013868,360,,MinBattery_NearestTask,1235.4772701211982,1648.142715048298,-0.018506667111068964,0.0006813731379224919,0.2755006514489651,0.0001,0.0003,0.0001,0.0003,,256,3,4,4,1,128,1,0.99,0.95,0.2,0.01,1,D:\Python project\HGNN_PPO_USV_Scheduling\models\best_u2_t20_seed0.pth,0.30290340003557503,0.2976931999437511,0.6007053999928758,0.001410899916663766,0.14924229984171689,0.13251259992830455
PPO_full_u2_t20_seed0_20260521_211953,PPO,full,u2_t20,2,20,0,440,2026-05-21 21:25:21,327.21449639997445,-0.6732551847545618,0.007871280840254066,1089.1291580274567,1077.7931937013868,12.733420652777962,1.0,8,8,0,1099.8712284128524,1,1077.7931937013868,360,-10.976004576356402,MinBattery_NearestTask,1235.4772701211982,1648.142715048298,-0.04432291304692626,0.00043243810432613827,0.2560237627476454,0.0001,0.0003,0.0001,0.0003,,256,3,4,4,1,128,1,0.99,0.95,0.2,0.01,1,D:\Python project\HGNN_PPO_USV_Scheduling\models\best_u2_t20_seed0.pth,0.2988175000064075,0.302101599983871,0.8154290999518707,0.001976699917577207,0.15971129992976785,0.13133259990718216
PPO_full_u2_t20_seed0_20260521_211953,PPO,full,u2_t20,2,20,0,441,2026-05-21 21:25:21,327.9639761999715,-0.6804912346680613,0.010762235038808625,1100.8349616041605,1077.2071389808514,17.410135490578245,1.0,8,8,0,,,1077.7931937013868,360,,MinBattery_NearestTask,1235.4772701211982,1648.142715048298,-0.021892369957640767,0.0005105965610709973,0.23973418027162552,0.0001,0.0003,0.0001,0.0003,,256,3,4,4,1,128,1,0.99,0.95,0.2,0.01,1,D:\Python project\HGNN_PPO_USV_Scheduling\models\best_u2_t20_seed0.pth,0.33755280007608235,0.3059628000482917,0.6436287000542507,0.001282299985177815,0.16578279994428158,0.13459140004124492
PPO_full_u2_t20_seed0_20260521_211953,PPO,full,u2_t20,2,20,0,442,2026-05-21 21:25:22,328.67249040002935,-0.6747880506791571,0.005883010156265332,1091.608884900161,1077.7931937013868,9.516982628950792,1.0,8,8,0,,,1077.7931937013868,360,,MinBattery_NearestTask,1235.4772701211982,1648.142715048298,-0.019168277183780447,0.00044039841304766014,0.22595551051199436,0.0001,0.0003,0.0001,0.0003,,256,3,4,4,1,128,1,0.99,0.95,0.2,0.01,1,D:\Python project\HGNN_PPO_USV_Scheduling\models\best_u2_t20_seed0.pth,0.31269849999807775,0.2992541999556124,0.6120315999723971,0.001197999925352633,0.15130160003900528,0.13143229996785522
PPO_full_u2_t20_seed0_20260521_211953,PPO,full,u2_t20,2,20,0,443,2026-05-21 21:25:23,329.40630660008173,-0.6815090220498792,0.01882536043094721,1102.48144267005,1077.7931937013868,30.453904284740847,1.0,8,8,0,,,1077.7931937013868,360,,MinBattery_NearestTask,1235.4772701211982,1648.142715048298,0.014330403733765706,0.0005121787035022862,0.27235217951238155,0.0001,0.0003,0.0001,0.0003,,256,3,4,4,1,128,1,0.99,0.95,0.2,0.01,1,D:\Python project\HGNN_PPO_USV_Scheduling\models\best_u2_t20_seed0.pth,0.31330829998478293,0.32040690002031624,0.6338055999949574,0.0014169999631121755,0.16500659997109324,0.13842529989778996
PPO_full_u2_t20_seed0_20260521_211953,PPO,full,u2_t20,2,20,0,444,2026-05-21 21:25:24,330.27486580004916,-0.7156502718401152,0.09165037485317219,1157.7119577556493,1077.7931937013868,148.26338936123565,1.0,8,8,0,,,1077.7931937013868,360,,MinBattery_NearestTask,1235.4772701211982,1648.142715048298,0.021986385458149016,0.0015355284413089976,0.3316527083516121,0.0001,0.0003,0.0001,0.0003,,256,3,4,4,1,128,1,0.99,0.95,0.2,0.01,1,D:\Python project\HGNN_PPO_USV_Scheduling\models\best_u2_t20_seed0.pth,0.30682019994128495,0.3000920000486076,0.6070199999958277,0.0017140000127255917,0.15665389993228018,0.13840409996919334
PPO_full_u2_t20_seed0_20260521_211953,PPO,full,u2_t20,2,20,0,445,2026-05-21 21:25:24,331.01263790007215,-0.6740081269677611,0.006656559136660864,1090.3471973939177,1077.2071389808514,10.768357692654645,1.0,8,8,0,,,1077.7931937013868,360,,MinBattery_NearestTask,1235.4772701211982,1648.142715048298,-0.017540740431286395,0.0005588161875493824,0.21846091747283936,0.0001,0.0003,0.0001,0.0003,,256,3,4,4,1,128,1,0.99,0.95,0.2,0.01,1,D:\Python project\HGNN_PPO_USV_Scheduling\models\best_u2_t20_seed0.pth,0.33648010005708784,0.3024431000230834,0.6390309000853449,0.0014936000807210803,0.15782710013445467,0.1384268996771425
PPO_full_u2_t20_seed0_20260521_211953,PPO,full,u2_t20,2,20,0,446,2026-05-21 21:25:25,331.7830935000675,-0.6705462981488352,0.006795235122477311,1084.74697508272,1077.7931937013868,10.99269470942186,1.0,8,8,0,,,1077.7931937013868,360,,MinBattery_NearestTask,1235.4772701211982,1648.142715048298,-0.03028742945753038,0.00047366772923851386,0.17475173249840736,0.0001,0.0003,0.0001,0.0003,,256,3,4,4,1,128,1,0.99,0.95,0.2,0.01,1,D:\Python project\HGNN_PPO_USV_Scheduling\models\best_u2_t20_seed0.pth,0.34134069993160665,0.3196662000846118,0.6611103999894112,0.0011350000277161598,0.16247969993855804,0.1372884000884369
PPO_full_u2_t20_seed0_20260521_211953,PPO,full,u2_t20,2,20,0,447,2026-05-21 21:25:26,332.59984520007856,-0.6792570375688993,0.0295900410532748,1098.8383931738108,1077.7931937013868,47.86799601119996,1.0,8,8,0,,,1077.7931937013868,360,,MinBattery_NearestTask,1235.4772701211982,1648.142715048298,0.03343194304034114,0.0006306387513177469,0.18063220009207726,0.0001,0.0003,0.0001,0.0003,,256,3,4,4,1,128,1,0.99,0.95,0.2,0.01,1,D:\Python project\HGNN_PPO_USV_Scheduling\models\best_u2_t20_seed0.pth,0.36203010007739067,0.3305911000352353,0.692725499975495,0.0017349999397993088,0.17149729980155826,0.1526070999680087
PPO_full_u2_t20_seed0_20260521_211953,PPO,full,u2_t20,2,20,0,448,2026-05-21 21:25:27,333.3312214000616,-0.6695444456922668,0.005399178373505406,1083.1262720458947,1077.7931937013868,8.734284902863017,1.0,8,8,0,,,1077.7931937013868,360,,MinBattery_NearestTask,1235.4772701211982,1648.142715048298,-0.011475216131657362,0.000435612462752033,0.1992247775197029,0.0001,0.0003,0.0001,0.0003,,256,3,4,4,1,128,1,0.99,0.95,0.2,0.01,1,D:\Python project\HGNN_PPO_USV_Scheduling\models\best_u2_t20_seed0.pth,0.32282470003701746,0.30532589997164905,0.6282573000062257,0.00172180007211864,0.15724530001170933,0.14260220003779978
PPO_full_u2_t20_seed0_20260521_211953,PPO,full,u2_t20,2,20,0,449,2026-05-21 21:25:28,334.26515550003387,-0.7182907700682869,0.11204422909407527,1161.9835083907476,1077.7931937013868,181.25465597350342,1.0,8,8,0,,,1077.7931937013868,360,,MinBattery_NearestTask,1235.4772701211982,1648.142715048298,0.07003349415026605,0.002189872437156737,0.28772865049540997,0.0001,0.0003,0.0001,0.0003,,256,3,4,4,1,128,1,0.99,0.95,0.2,0.01,1,D:\Python project\HGNN_PPO_USV_Scheduling\models\best_u2_t20_seed0.pth,0.32464160001836717,0.34250549995340407,0.6672461000271142,0.0014928000746294856,0.1755284999962896,0.16072729986626655
PPO_full_u2_t20_seed0_20260521_211953,PPO,full,u2_t20,2,20,0,450,2026-05-21 21:25:29,335.2355869000312,-0.6854575792961399,0.027140633106298738,1108.869048627531,1077.7931937013868,43.90557332903625,1.0,8,8,0,1077.7931937013868,1,1077.7931937013868,360,-12.763009100470368,MinBattery_NearestTask,1235.4772701211982,1648.142715048298,0.010378020800999366,0.0006440243705583271,0.19783966802060604,0.0001,0.0003,0.0001,0.0003,,256,3,4,4,1,128,1,0.99,0.95,0.2,0.01,1,D:\Python project\HGNN_PPO_USV_Scheduling\models\best_u2_t20_seed0.pth,0.3323689999524504,0.32633320009335876,0.8727061999961734,0.0014554000226780772,0.16536330024246126,0.1408872000174597
PPO_full_u2_t20_seed0_20260521_211953,PPO,full,u2_t20,2,20,0,451,2026-05-21 21:25:30,336.19812910002656,-0.6946262376002521,0.031724656856182365,1123.7012449850522,1077.7931937013868,51.3211774567767,1.0,8,8,0,,,1077.7931937013868,360,,MinBattery_NearestTask,1235.4772701211982,1648.142715048298,-0.02987981296610087,0.0006976681179367006,0.288991242647171,0.0001,0.0003,0.0001,0.0003,,256,3,4,4,1,128,1,0.99,0.95,0.2,0.01,1,D:\Python project\HGNN_PPO_USV_Scheduling\models\best_u2_t20_seed0.pth,0.3944315999979153,0.29525419999845326,0.6897656999062747,0.0015387000748887658,0.15233459998853505,0.13803859998006374
PPO_full_u2_t20_seed0_20260521_211953,PPO,full,u2_t20,2,20,0,452,2026-05-21 21:25:30,336.94758629996795,-0.6944362049641581,0.03468905888051967,1123.3938279912682,1077.7931937013868,56.116709305519066,1.0,8,8,0,,,1077.7931937013868,360,,MinBattery_NearestTask,1235.4772701211982,1648.142715048298,0.03965932462597266,0.0006324421483441256,0.2518435399979353,0.0001,0.0003,0.0001,0.0003,,256,3,4,4,1,128,1,0.99,0.95,0.2,0.01,1,D:\Python project\HGNN_PPO_USV_Scheduling\models\best_u2_t20_seed0.pth,0.33626569993793964,0.3145679000299424,0.6509380999486893,0.0013258999679237604,0.16147779976017773,0.14702020003460348
PPO_full_u2_t20_seed0_20260521_211953,PPO,full,u2_t20,2,20,0,453,2026-05-21 21:25:31,337.73742500005756,-0.7306281314371668,0.08337261258753066,1181.9417356784693,1077.7931937013868,134.87240114327435,1.0,8,8,0,,,1077.7931937013868,360,,MinBattery_NearestTask,1235.4772701211982,1648.142715048298,-0.004562307149171829,0.001438626932213083,0.26069725677371025,0.0001,0.0003,0.0001,0.0003,,256,3,4,4,1,128,1,0.99,0.95,0.2,0.01,1,D:\Python project\HGNN_PPO_USV_Scheduling\models\best_u2_t20_seed0.pth,0.37662830005865544,0.3073904999764636,0.6841213000006974,0.0013304000021889806,0.15845809993334115,0.1328651001676917
PPO_full_u2_t20_seed0_20260521_211953,PPO,full,u2_t20,2,20,0,454,2026-05-21 21:25:32,338.5836814000504,-0.669809920152731,0.002999864971971102,1083.5557317547102,1077.7931937013868,4.852900482764275,1.0,8,8,0,,,1077.7931937013868,360,,MinBattery_NearestTask,1235.4772701211982,1648.142715048298,-0.0066824438399635255,0.0006285015588218812,0.22484800033271313,0.0001,0.0003,0.0001,0.0003,,256,3,4,4,1,128,1,0.99,0.95,0.2,0.01,1,D:\Python project\HGNN_PPO_USV_Scheduling\models\best_u2_t20_seed0.pth,0.3160079999361187,0.3444279000395909,0.6605619000038132,0.001868500025011599,0.17571350012440234,0.15093709994107485
PPO_full_u2_t20_seed0_20260521_211953,PPO,full,u2_t20,2,20,0,455,2026-05-21 21:25:33,339.3465186000103,-0.6896549009282336,0.017413969301989556,1115.6590823007198,1077.7931937013868,28.170687954978064,1.0,8,8,0,,,1077.7931937013868,360,,MinBattery_NearestTask,1235.4772701211982,1648.142715048298,-0.023741253651678562,0.000555686725419946,0.38998203724622726,0.0001,0.0003,0.0001,0.0003,,256,3,4,4,1,128,1,0.99,0.95,0.2,0.01,1,D:\Python project\HGNN_PPO_USV_Scheduling\models\best_u2_t20_seed0.pth,0.3501693999860436,0.3028389000101015,0.6531171000096947,0.0015146000077947974,0.15966439992189407,0.13886110007297248
PPO_full_u2_t20_seed0_20260521_211953,PPO,full,u2_t20,2,20,0,456,2026-05-21 21:25:33,340.05374670005403,-0.6976847127098491,0.0314123894278569,1128.6489594570585,1084.22185829657,50.816020468768514,1.0,8,8,0,,,1077.7931937013868,360,,MinBattery_NearestTask,1235.4772701211982,1648.142715048298,0.020624833181500435,0.0005891534347028937,0.4281364940106869,0.0001,0.0003,0.0001,0.0003,,256,3,4,4,1,128,1,0.99,0.95,0.2,0.01,1,D:\Python project\HGNN_PPO_USV_Scheduling\models\best_u2_t20_seed0.pth,0.30354820005595684,0.3010852999286726,0.6047412999905646,0.001574800000526011,0.1590320001123473,0.13629249995574355
PPO_full_u2_t20_seed0_20260521_211953,PPO,full,u2_t20,2,20,0,457,2026-05-21 21:25:34,340.80460739997216,-0.6922091031073535,0.02676528464041088,1119.7910312730712,1077.7931937013868,43.29836974876475,1.0,8,8,0,,,1077.7931937013868,360,,MinBattery_NearestTask,1235.4772701211982,1648.142715048298,0.10102388309314847,0.0007132046375772916,0.39366511441767216,0.0001,0.0003,0.0001,0.0003,,256,3,4,4,1,128,1,0.99,0.95,0.2,0.01,1,D:\Python project\HGNN_PPO_USV_Scheduling\models\best_u2_t20_seed0.pth,0.3202260999241844,0.3322374999988824,0.6525716999312863,0.0014341999776661396,0.16761470003984869,0.14845809992402792
PPO_full_u2_t20_seed0_20260521_211953,PPO,full,u2_t20,2,20,0,458,2026-05-21 21:25:35,341.5824833000079,-0.6827316713475156,0.02053963187124137,1104.4593301490493,1074.7275253869216,33.22709200416223,1.0,8,8,0,,,1077.7931937013868,360,,MinBattery_NearestTask,1235.4772701211982,1648.142715048298,0.03509291470982134,0.00048118744598468766,0.317057054489851,0.0001,0.0003,0.0001,0.0003,,256,3,4,4,1,128,1,0.99,0.95,0.2,0.01,1,D:\Python project\HGNN_PPO_USV_Scheduling\models\best_u2_t20_seed0.pth,0.3163301999447867,0.3362688000779599,0.6527169999899343,0.0014097000239416957,0.17095079994760454,0.15905619994737208
PPO_full_u2_t20_seed0_20260521_211953,PPO,full,u2_t20,2,20,0,459,2026-05-21 21:25:36,342.29707309999503,-0.672462791246611,0.007361176341803417,1087.84729805269,1072.6541890764167,11.90822138883747,1.0,8,8,0,,,1077.7931937013868,360,,MinBattery_NearestTask,1235.4772701211982,1648.142715048298,0.010496906819753349,0.0004376869219413493,0.2788564059883356,0.0001,0.0003,0.0001,0.0003,,256,3,4,4,1,128,1,0.99,0.95,0.2,0.01,1,D:\Python project\HGNN_PPO_USV_Scheduling\models\best_u2_t20_seed0.pth,0.3163963999832049,0.2891149999340996,0.6056190999224782,0.0017907998990267515,0.1515856997575611,0.13107799994759262
PPO_full_u2_t20_seed0_20260521_211953,PPO,full,u2_t20,2,20,0,460,2026-05-21 21:25:37,343.24447190004867,-0.6764361488994293,0.019352413050487086,1094.2750237842542,1074.7275253869216,31.306520631044798,1.0,8,8,0,1077.7931937013868,1,1077.7931937013868,360,-12.763009100470368,MinBattery_NearestTask,1235.4772701211982,1648.142715048298,0.045911729568615556,0.0005696682310372125,0.2511664666235447,0.0001,0.0003,0.0001,0.0003,,256,3,4,4,1,128,1,0.99,0.95,0.2,0.01,1,D:\Python project\HGNN_PPO_USV_Scheduling\models\best_u2_t20_seed0.pth,0.3358423999743536,0.29771519999485463,0.846992600010708,0.0013914000010117888,0.15350669994950294,0.13858150003943592
PPO_full_u2_t20_seed0_20260521_211953,PPO,full,u2_t20,2,20,0,461,2026-05-21 21:25:37,344.05681800004095,-0.6697669086041143,0.0054009274051200875,1083.4861517012755,1077.7931937013868,8.737114322335747,1.0,8,8,0,,,1077.7931937013868,360,,MinBattery_NearestTask,1235.4772701211982,1648.142715048298,0.028119635302573442,0.0003809182235272601,0.25212715193629265,0.0001,0.0003,0.0001,0.0003,,256,3,4,4,1,128,1,0.99,0.95,0.2,0.01,1,D:\Python project\HGNN_PPO_USV_Scheduling\models\best_u2_t20_seed0.pth,0.3606126999948174,0.32432769995648414,0.6850466999458149,0.0016773000825196505,0.1612502000061795,0.1423117999220267
PPO_full_u2_t20_seed0_20260521_211953,PPO,full,u2_t20,2,20,0,462,2026-05-21 21:25:38,344.7886416000547,-0.6719432688325642,0.006718136472913436,1087.006863367299,1077.7931937013868,10.867971737826515,1.0,8,8,0,,,1077.7931937013868,360,,MinBattery_NearestTask,1235.4772701211982,1648.142715048298,0.02438676601741463,0.00043765001100837253,0.24518595077097416,0.0001,0.0003,0.0001,0.0003,,256,3,4,4,1,128,1,0.99,0.95,0.2,0.01,1,D:\Python project\HGNN_PPO_USV_Scheduling\models\best_u2_t20_seed0.pth,0.3212616000091657,0.2952246000058949,0.6165791000239551,0.0015018000267446041,0.1520871000830084,0.13769360003061593
PPO_full_u2_t20_seed0_20260521_211953,PPO,full,u2_t20,2,20,0,463,2026-05-21 21:25:39,345.5040495999856,-0.6754657502657269,0.0162205798290547,1092.705203795032,1077.7931937013868,26.240134278915114,1.0,8,8,0,,,1077.7931937013868,360,,MinBattery_NearestTask,1235.4772701211982,1648.142715048298,-0.005527606932446361,0.0004275591127225198,0.25055732391774654,0.0001,0.0003,0.0001,0.0003,,256,3,4,4,1,128,1,0.99,0.95,0.2,0.01,1,D:\Python project\HGNN_PPO_USV_Scheduling\models\best_u2_t20_seed0.pth,0.31918380002025515,0.29015010001603514,0.6094402000308037,0.001386099960654974,0.1497049998724833,0.13503789994865656
PPO_full_u2_t20_seed0_20260521_211953,PPO,full,u2_t20,2,20,0,464,2026-05-21 21:25:40,346.27760859997943,-0.6679477023547877,0.002538566309330962,1080.5432102795476,1074.7275253869216,4.106654727191499,1.0,8,8,0,,,1077.7931937013868,360,,MinBattery_NearestTask,1235.4772701211982,1648.142715048298,0.03794399998150766,0.0004325513837102335,0.24352186359465122,0.0001,0.0003,0.0001,0.0003,,256,3,4,4,1,128,1,0.99,0.95,0.2,0.01,1,D:\Python project\HGNN_PPO_USV_Scheduling\models\best_u2_t20_seed0.pth,0.34035860002040863,0.33838509989436716,0.6788574999663979,0.0019543999806046486,0.16746869985945523,0.1533329002559185
PPO_full_u2_t20_seed0_20260521_211953,PPO,full,u2_t20,2,20,0,465,2026-05-21 21:25:40,346.97830640000757,-0.6770839379113665,0.019821199560690173,1095.3229561539215,1077.7931937013868,32.06487952483966,1.0,8,8,0,,,1077.7931937013868,360,,MinBattery_NearestTask,1235.4772701211982,1648.142715048298,-0.028236074140295386,0.00044230207276996225,0.2803943622857332,0.0001,0.0003,0.0001,0.0003,,256,3,4,4,1,128,1,0.99,0.95,0.2,0.01,1,D:\Python project\HGNN_PPO_USV_Scheduling\models\best_u2_t20_seed0.pth,0.29497829999309033,0.2983820999506861,0.59346739994362,0.0013858999591320753,0.15757779986597598,0.13511169992852956
PPO_full_u2_t20_seed0_20260521_211953,PPO,full,u2_t20,2,20,0,466,2026-05-21 21:25:41,347.7304975000443,-0.708895369567994,0.030898608454462614,1146.7845097525937,1077.7931937013868,49.984873748127356,1.0,8,8,0,,,1077.7931937013868,360,,MinBattery_NearestTask,1235.4772701211982,1648.142715048298,0.0004651524359360337,0.0007327092462219298,0.3552353046834469,0.0001,0.0003,0.0001,0.0003,,256,3,4,4,1,128,1,0.99,0.95,0.2,0.01,1,D:\Python project\HGNN_PPO_USV_Scheduling\models\best_u2_t20_seed0.pth,0.33259330003056675,0.3141155999619514,0.6468449000967667,0.002075199969112873,0.16321389970835298,0.14420160034205765
PPO_full_u2_t20_seed0_20260521_211953,PPO,full,u2_t20,2,20,0,467,2026-05-21 21:25:42,348.4318525000708,-0.6886173244266971,0.02664102181768368,1113.9805882510686,1077.7931937013868,43.09734899681859,1.0,8,8,0,,,1077.7931937013868,360,,MinBattery_NearestTask,1235.4772701211982,1648.142715048298,0.030625204322859645,0.0006500717427115887,0.261866657063365,0.0001,0.0003,0.0001,0.0003,,256,3,4,4,1,128,1,0.99,0.95,0.2,0.01,1,D:\Python project\HGNN_PPO_USV_Scheduling\models\best_u2_t20_seed0.pth,0.310285700019449,0.2943129000486806,0.6047116999980062,0.0012998000020161271,0.1518291000975296,0.13671609992161393
PPO_full_u2_t20_seed0_20260521_211953,PPO,full,u2_t20,2,20,0,468,2026-05-21 21:25:43,349.2700132000027,-0.6790480373808331,0.020735638767555343,1098.500292251589,1077.7931937013868,33.54417359637868,1.0,8,8,0,,,1077.7931937013868,360,,MinBattery_NearestTask,1235.4772701211982,1648.142715048298,0.006652221432887018,0.0004798515474249143,0.27301815897226334,0.0001,0.0003,0.0001,0.0003,,256,3,4,4,1,128,1,0.99,0.95,0.2,0.01,1,D:\Python project\HGNN_PPO_USV_Scheduling\models\best_u2_t20_seed0.pth,0.3866470999782905,0.3383428000379354,0.7250956000061706,0.002251699916087091,0.1631864997325465,0.1557385001797229
PPO_full_u2_t20_seed0_20260521_211953,PPO,full,u2_t20,2,20,0,469,2026-05-21 21:25:43,349.98199640004896,-0.6871428151120724,0.02447814065595817,1111.5952652343194,1077.7931937013868,39.59844250203636,1.0,8,8,0,,,1077.7931937013868,360,,MinBattery_NearestTask,1235.4772701211982,1648.142715048298,-0.02249486988876015,0.000430402116762707,0.26749573461711407,0.0001,0.0003,0.0001,0.0003,,256,3,4,4,1,128,1,0.99,0.95,0.2,0.01,1,D:\Python project\HGNN_PPO_USV_Scheduling\models\best_u2_t20_seed0.pth,0.31601579999551177,0.29944659990724176,0.6155713999178261,0.0017334000440314412,0.15384109981823713,0.14000110002234578
PPO_full_u2_t20_seed0_20260521_211953,PPO,full,u2_t20,2,20,0,470,2026-05-21 21:25:44,350.9862419000128,-0.6676859791106997,0.0020946945837422353,1080.1198189371194,1077.7931937013868,3.3886006375837385,1.0,8,8,0,1077.7931937013868,1,1077.7931937013868,360,-12.763009100470368,MinBattery_NearestTask,1235.4772701211982,1648.142715048298,0.026762309251353145,0.00047384183562826365,0.17695020325481892,0.0001,0.0003,0.0001,0.0003,,256,3,4,4,1,128,1,0.99,0.95,0.2,0.01,1,D:\Python project\HGNN_PPO_USV_Scheduling\models\best_u2_t20_seed0.pth,0.3692190001020208,0.28960819996427745,0.8860338000813499,0.0014584000455215573,0.15183600003365427,0.1319945998257026
PPO_full_u2_t20_seed0_20260521_211953,PPO,full,u2_t20,2,20,0,471,2026-05-21 21:25:45,351.7627379000187,-0.6712799242768859,0.006937235103787615,1085.933766696426,1077.7931937013868,11.222408974661123,1.0,8,8,0,,,1077.7931937013868,360,,MinBattery_NearestTask,1235.4772701211982,1648.142715048298,-0.02301233832258731,0.000376263604266569,0.1706360187381506,0.0001,0.0003,0.0001,0.0003,,256,3,4,4,1,128,1,0.99,0.95,0.2,0.01,1,D:\Python project\HGNN_PPO_USV_Scheduling\models\best_u2_t20_seed0.pth,0.33353740000166,0.3305047999601811,0.6643005999503657,0.0015447000041604042,0.1682648001005873,0.1437686999561265
PPO_full_u2_t20_seed0_20260521_211953,PPO,full,u2_t20,2,20,0,472,2026-05-21 21:25:46,352.5008049000753,-0.6702999203018982,0.0016047468534383402,1084.348408086034,1077.7931937013868,2.596009104585917,1.0,8,8,0,,,1077.7931937013868,360,,MinBattery_NearestTask,1235.4772701211982,1648.142715048298,0.03130264091305435,0.00043469554657349363,0.16659222170710564,0.0001,0.0003,0.0001,0.0003,,256,3,4,4,1,128,1,0.99,0.95,0.2,0.01,1,D:\Python project\HGNN_PPO_USV_Scheduling\models\best_u2_t20_seed0.pth,0.30712040001526475,0.3185962000861764,0.6258289000252262,0.0017294000135734677,0.1618555000750348,0.15213860000949353
PPO_full_u2_t20_seed0_20260521_211953,PPO,full,u2_t20,2,20,0,473,2026-05-21 21:25:47,353.2281772000715,-0.6707529076587728,0.003092028263682031,1085.0812085898572,1077.7931937013868,5.001993620960835,1.0,8,8,0,,,1077.7931937013868,360,,MinBattery_NearestTask,1235.4772701211982,1648.142715048298,0.0592819299781695,0.0003872551169479266,0.1520391497761011,0.0001,0.0003,0.0001,0.0003,,256,3,4,4,1,128,1,0.99,0.95,0.2,0.01,1,D:\Python project\HGNN_PPO_USV_Scheduling\models\best_u2_t20_seed0.pth,0.32495340006425977,0.2976843999931589,0.6227467000717297,0.001227900036610663,0.1575753999641165,0.13454790017567575
PPO_full_u2_t20_seed0_20260521_211953,PPO,full,u2_t20,2,20,0,474,2026-05-21 21:25:47,353.9448821999831,-0.6685711838206096,0.003186223423481295,1081.551820178577,1077.7931937013868,5.154373724977168,1.0,8,8,0,,,1077.7931937013868,360,,MinBattery_NearestTask,1235.4772701211982,1648.142715048298,-0.015230042161419988,0.0003766336685657734,0.16686061955988407,0.0001,0.0003,0.0001,0.0003,,256,3,4,4,1,128,1,0.99,0.95,0.2,0.01,1,D:\Python project\HGNN_PPO_USV_Scheduling\models\best_u2_t20_seed0.pth,0.31298450008034706,0.3017430999316275,0.6148392000468448,0.0013388000661507249,0.15704820002429187,0.14009169989731163
PPO_full_u2_t20_seed0_20260521_211953,PPO,full,u2_t20,2,20,0,475,2026-05-21 21:25:48,354.69067959999666,-0.6674864907002435,0.002145554264415883,1079.7971052775201,1077.7931937013868,3.4708766637384114,1.0,8,8,0,,,1077.7931937013868,360,,MinBattery_NearestTask,1235.4772701211982,1648.142715048298,0.021627662470564246,0.0003760216131922789,0.2516258656978607,0.0001,0.0003,0.0001,0.0003,,256,3,4,4,1,128,1,0.99,0.95,0.2,0.01,1,D:\Python project\HGNN_PPO_USV_Scheduling\models\best_u2_t20_seed0.pth,0.33877489995211363,0.3072674999712035,0.6461748000001535,0.001741299987770617,0.15797160007059574,0.14285250019747764
PPO_full_u2_t20_seed0_20260521_211953,PPO,full,u2_t20,2,20,0,476,2026-05-21 21:25:49,355.36401330004446,-0.8240877696562973,0.12693591264452417,1333.1319817963067,1142.7747190771556,205.3450263622953,1.0,8,8,0,,,1077.7931937013868,360,,MinBattery_NearestTask,1235.4772701211982,1648.142715048298,0.0025648127775639296,0.004248434503097087,0.552436601370573,0.0001,0.0003,0.0001,0.0003,,256,3,4,4,1,128,1,0.99,0.95,0.2,0.01,1,D:\Python project\HGNN_PPO_USV_Scheduling\models\best_u2_t20_seed0.pth,0.30735119991004467,0.2718965000240132,0.5793448999756947,0.0012691000010818243,0.14234500005841255,0.1258011998143047
PPO_full_u2_t20_seed0_20260521_211953,PPO,full,u2_t20,2,20,0,477,2026-05-21 21:25:50,356.15137570002116,-0.7202342920602066,0.07303953870558225,1165.1275561732227,1077.2071389808514,118.1565223625047,1.0,8,8,0,,,1077.7931937013868,360,,MinBattery_NearestTask,1235.4772701211982,1648.142715048298,0.02505606086924672,0.0015964211197569966,0.32887620851397514,0.0001,0.0003,0.0001,0.0003,,256,3,4,4,1,128,1,0.99,0.95,0.2,0.01,1,D:\Python project\HGNN_PPO_USV_Scheduling\models\best_u2_t20_seed0.pth,0.33517940004821867,0.3309943999629468,0.6662750999676064,0.002263600006699562,0.16216199996415526,0.16267970018088818
PPO_full_u2_t20_seed0_20260521_211953,PPO,full,u2_t20,2,20,0,478,2026-05-21 21:25:50,356.87267339997925,-0.7137024225954479,0.03425319048250328,1154.5609097491163,1077.2071389808514,55.411602249395244,1.0,8,8,0,,,1077.7931937013868,360,,MinBattery_NearestTask,1235.4772701211982,1648.142715048298,-0.014235766837373376,0.0010353808174841106,0.34029651433229446,0.0001,0.0003,0.0001,0.0003,,256,3,4,4,1,128,1,0.99,0.95,0.2,0.01,1,D:\Python project\HGNN_PPO_USV_Scheduling\models\best_u2_t20_seed0.pth,0.3098005000501871,0.3143331999890506,0.6242117999354377,0.0015718999784439802,0.15912950003985316,0.13750449987128377
PPO_full_u2_t20_seed0_20260521_211953,PPO,full,u2_t20,2,20,0,479,2026-05-21 21:25:51,357.60749319999013,-0.7163052908891338,0.021865636186825396,1158.7715862018968,1099.8712284128524,35.37217754746817,1.0,8,8,0,,,1077.7931937013868,360,,MinBattery_NearestTask,1235.4772701211982,1648.142715048298,-0.002589814248494804,0.0006188662009662949,0.31687157042324543,0.0001,0.0003,0.0001,0.0003,,256,3,4,4,1,128,1,0.99,0.95,0.2,0.01,1,D:\Python project\HGNN_PPO_USV_Scheduling\models\best_u2_t20_seed0.pth,0.31695890007540584,0.3058191000018269,0.6228824000572786,0.001335300039499998,0.1526032000547275,0.12765350006520748
PPO_full_u2_t20_seed0_20260521_211953,PPO,full,u2_t20,2,20,0,480,2026-05-21 21:25:52,358.6267656000564,-0.6915258607477057,0.023750614852361813,1118.6857457992382,1077.2071389808514,38.421519421669686,1.0,8,8,0,1099.8712284128524,1,1077.7931937013868,360,-10.976004576356402,MinBattery_NearestTask,1235.4772701211982,1648.142715048298,0.007615614449605346,0.0006183730583870783,0.27832566760480404,0.0001,0.0003,0.0001,0.0003,,256,3,4,4,1,128,1,0.99,0.95,0.2,0.01,1,D:\Python project\HGNN_PPO_USV_Scheduling\models\best_u2_t20_seed0.pth,0.31711159995757043,0.32119519996922463,0.9057395999552682,0.0016995000187307596,0.16131169977597892,0.1542981999227777
PPO_full_u2_t20_seed0_20260521_211953,PPO,full,u2_t20,2,20,0,481,2026-05-21 21:25:53,359.3381183000747,-0.704065078969682,0.07620543194458647,1138.970518191154,1077.2071389808514,123.27800781984797,1.0,8,8,0,,,1077.7931937013868,360,,MinBattery_NearestTask,1235.4772701211982,1648.142715048298,0.07408891397062689,0.0013653830756084062,0.21811514534056187,0.0001,0.0003,0.0001,0.0003,,256,3,4,4,1,128,1,0.99,0.95,0.2,0.01,1,D:\Python project\HGNN_PPO_USV_Scheduling\models\best_u2_t20_seed0.pth,0.3242355000693351,0.2945919999619946,0.6189083000645041,0.001214600051753223,0.15670829999726266,0.13420469989068806
PPO_full_u2_t20_seed0_20260521_211953,PPO,full,u2_t20,2,20,0,482,2026-05-21 21:25:53,360.09819789999165,-0.6927424260967734,0.029953896638978322,1120.653791236272,1077.7931937013868,48.45660748672147,1.0,8,8,0,,,1077.7931937013868,360,,MinBattery_NearestTask,1235.4772701211982,1648.142715048298,0.02629798708949238,0.000629424142971402,0.2709057033061981,0.0001,0.0003,0.0001,0.0003,,256,3,4,4,1,128,1,0.99,0.95,0.2,0.01,1,D:\Python project\HGNN_PPO_USV_Scheduling\models\best_u2_t20_seed0.pth,0.3111018999479711,0.3243518000235781,0.6355559999356046,0.0012503999751061201,0.16244720004033297,0.1384552998933941
PPO_full_u2_t20_seed0_20260521_211953,PPO,full,u2_t20,2,20,0,483,2026-05-21 21:25:54,360.8279524000827,-0.7025321069943824,0.07518911763661333,1136.4906197595565,1077.7931937013868,121.63390975480675,1.0,8,8,0,,,1077.7931937013868,360,,MinBattery_NearestTask,1235.4772701211982,1648.142715048298,-0.04093767993617803,0.0013509964919649065,0.20189041551202536,0.0001,0.0003,0.0001,0.0003,,256,3,4,4,1,128,1,0.99,0.95,0.2,0.01,1,D:\Python project\HGNN_PPO_USV_Scheduling\models\best_u2_t20_seed0.pth,0.32918579992838204,0.3003420999739319,0.6296262999530882,0.0019002000335603952,0.1592961000278592,0.13644479971844703
PPO_full_u2_t20_seed0_20260521_211953,PPO,full,u2_t20,2,20,0,484,2026-05-21 21:25:55,361.59874440007843,-0.6670034791125558,0.003524190405088284,1079.0157343861729,1074.7275253869216,5.701105042394148,1.0,8,8,0,,,1077.7931937013868,360,,MinBattery_NearestTask,1235.4772701211982,1648.142715048298,0.01431269443128258,0.000515656061907066,0.20608827471733093,0.0001,0.0003,0.0001,0.0003,,256,3,4,4,1,128,1,0.99,0.95,0.2,0.01,1,D:\Python project\HGNN_PPO_USV_Scheduling\models\best_u2_t20_seed0.pth,0.3595738000003621,0.29875069996342063,0.6584323999704793,0.0016931999707594514,0.1535383000737056,0.13939280027989298
PPO_full_u2_t20_seed0_20260521_211953,PPO,full,u2_t20,2,20,0,485,2026-05-21 21:25:56,362.3525152000366,-0.7125091910555401,0.1115891937785691,1152.630611562307,1077.7931937013868,180.51854247408698,1.0,8,8,0,,,1077.7931937013868,360,,MinBattery_NearestTask,1235.4772701211982,1648.142715048298,-0.04406895293504931,0.002608564551337622,0.22728064469993114,0.0001,0.0003,0.0001,0.0003,,256,3,4,4,1,128,1,0.99,0.95,0.2,0.01,1,D:\Python project\HGNN_PPO_USV_Scheduling\models\best_u2_t20_seed0.pth,0.3309847000055015,0.31944989995099604,0.6505348000209779,0.001613000058569014,0.1614817997906357,0.13999880000483245
PPO_full_u2_t20_seed0_20260521_211953,PPO,full,u2_t20,2,20,0,486,2026-05-21 21:25:56,363.10430930007715,-0.6712504131651245,0.007659596259066206,1085.8860263848278,1077.7931937013868,12.390977170875026,1.0,8,8,0,,,1077.7931937013868,360,,MinBattery_NearestTask,1235.4772701211982,1648.142715048298,-0.0681020945776254,0.0006922202010173351,0.20698631182312965,0.0001,0.0003,0.0001,0.0003,,256,3,4,4,1,128,1,0.99,0.95,0.2,0.01,1,D:\Python project\HGNN_PPO_USV_Scheduling\models\best_u2_t20_seed0.pth,0.3263370000058785,0.3128099999157712,0.6392577999504283,0.0013495000312104821,0.16615950013510883,0.14102480001747608
PPO_full_u2_t20_seed0_20260521_211953,PPO,full,u2_t20,2,20,0,487,2026-05-21 21:25:57,363.8725439000409,-0.6917822868741659,0.03210120905321509,1119.1005679610753,1077.7931937013868,51.930328320512224,1.0,8,8,0,,,1077.7931937013868,360,,MinBattery_NearestTask,1235.4772701211982,1648.142715048298,-0.04505239721038379,0.0007239538681460544,0.2976464629173279,0.0001,0.0003,0.0001,0.0003,,256,3,4,4,1,128,1,0.99,0.95,0.2,0.01,1,D:\Python project\HGNN_PPO_USV_Scheduling\models\best_u2_t20_seed0.pth,0.3243989999173209,0.32367800001520663,0.6481860999483615,0.0013325000181794167,0.16363700001966208,0.1549423000542447
PPO_full_u2_t20_seed0_20260521_211953,PPO,full,u2_t20,2,20,0,488,2026-05-21 21:25:58,364.6514522000216,-0.722212509590959,0.0929745480609877,1168.3277311476625,1082.743171691455,150.40551270995718,1.0,8,8,0,,,1077.7931937013868,360,,MinBattery_NearestTask,1235.4772701211982,1648.142715048298,0.02143301081378013,0.001779155238182284,0.3977167569100857,0.0001,0.0003,0.0001,0.0003,,256,3,4,4,1,128,1,0.99,0.95,0.2,0.01,1,D:\Python project\HGNN_PPO_USV_Scheduling\models\best_u2_t20_seed0.pth,0.31802350003272295,0.3282711999490857,0.6464158999733627,0.0014248000225052238,0.1692787001375109,0.13511610007844865
PPO_full_u2_t20_seed0_20260521_211953,PPO,full,u2_t20,2,20,0,489,2026-05-21 21:25:59,365.3922865000786,-0.7016706164757573,0.030151760326968004,1135.0969811148861,1077.7931937013868,48.77669282254097,1.0,8,8,0,,,1077.7931937013868,360,,MinBattery_NearestTask,1235.4772701211982,1648.142715048298,0.02044724766165018,0.0006729339074809104,0.30639486759901047,0.0001,0.0003,0.0001,0.0003,,256,3,4,4,1,128,1,0.99,0.95,0.2,0.01,1,D:\Python project\HGNN_PPO_USV_Scheduling\models\best_u2_t20_seed0.pth,0.3440981999738142,0.3020467000314966,0.6462257000384852,0.001348000019788742,0.15027950005605817,0.13139259989839047
PPO_full_u2_t20_seed0_20260521_211953,PPO,full,u2_t20,2,20,0,490,2026-05-21 21:26:00,366.38406379998196,-0.6722917280839034,0.007994266941968876,1087.5705680956276,1077.2071389808514,12.932376045091106,1.0,8,8,0,1077.7931937013868,1,1077.7931937013868,360,-12.763009100470368,MinBattery_NearestTask,1235.4772701211982,1648.142715048298,-0.04392577105318196,0.00044357526530802716,0.19280985742807388,0.0001,0.0003,0.0001,0.0003,,256,3,4,4,1,128,1,0.99,0.95,0.2,0.01,1,D:\Python project\HGNN_PPO_USV_Scheduling\models\best_u2_t20_seed0.pth,0.31213910004589707,0.3260454999981448,0.882039500051178,0.0016220000106841326,0.15866210008971393,0.16106410010252148
PPO_full_u2_t20_seed0_20260521_211953,PPO,full,u2_t20,2,20,0,491,2026-05-21 21:26:01,367.2671969999792,-0.672453135301055,0.00680201836207532,1087.8316775686721,1077.7931937013868,11.00366799889572,1.0,8,8,0,,,1077.7931937013868,360,,MinBattery_NearestTask,1235.4772701211982,1648.142715048298,0.007729270961135626,0.00044583252019947395,0.22288311086595058,0.0001,0.0003,0.0001,0.0003,,256,3,4,4,1,128,1,0.99,0.95,0.2,0.01,1,D:\Python project\HGNN_PPO_USV_Scheduling\models\best_u2_t20_seed0.pth,0.39256840001326054,0.3744125999510288,0.7670944000128657,0.0020553000504150987,0.19462149997707456,0.16152720025274903
PPO_full_u2_t20_seed0_20260521_211953,PPO,full,u2_t20,2,20,0,492,2026-05-21 21:26:02,368.1594525000546,-0.7227495142051423,0.10553022220832256,1169.1964468984602,1085.8088400059203,170.71690595609928,1.0,8,8,0,,,1077.7931937013868,360,,MinBattery_NearestTask,1235.4772701211982,1648.142715048298,0.09192573081236333,0.001861279975855723,0.35353293642401695,0.0001,0.0003,0.0001,0.0003,,256,3,4,4,1,128,1,0.99,0.95,0.2,0.01,1,D:\Python project\HGNN_PPO_USV_Scheduling\models\best_u2_t20_seed0.pth,0.3642075000097975,0.3760456000454724,0.7403462000656873,0.0024441999848932028,0.20327409997116774,0.16707700013648719
PPO_full_u2_t20_seed0_20260521_211953,PPO,full,u2_t20,2,20,0,493,2026-05-21 21:26:02,368.984702500049,-0.6843095242527762,0.013388105108646974,1107.011832744071,1077.7931937013868,21.658022061693416,1.0,8,8,0,,,1077.7931937013868,360,,MinBattery_NearestTask,1235.4772701211982,1648.142715048298,-0.01394142396748066,0.0005687142256647348,0.26681902445852757,0.0001,0.0003,0.0001,0.0003,,256,3,4,4,1,128,1,0.99,0.95,0.2,0.01,1,D:\Python project\HGNN_PPO_USV_Scheduling\models\best_u2_t20_seed0.pth,0.3838557999115437,0.3225089000770822,0.7065126999514177,0.0018656000029295683,0.16643319989088923,0.14779010030906647
PPO_full_u2_t20_seed0_20260521_211953,PPO,full,u2_t20,2,20,0,494,2026-05-21 21:26:03,369.75519360008184,-0.6734169479358814,0.006180293446986789,1089.3908433459806,1077.7931937013868,9.997899683064736,1.0,8,8,0,,,1077.7931937013868,360,,MinBattery_NearestTask,1235.4772701211982,1648.142715048298,0.03553069895133376,0.0004695401767094154,0.22859198227524757,0.0001,0.0003,0.0001,0.0003,,256,3,4,4,1,128,1,0.99,0.95,0.2,0.01,1,D:\Python project\HGNN_PPO_USV_Scheduling\models\best_u2_t20_seed0.pth,0.34728099999483675,0.3219882999546826,0.6693869000300765,0.0017978999530896544,0.1652079001069069,0.1350485000293702
PPO_full_u2_t20_seed0_20260521_211953,PPO,full,u2_t20,2,20,0,495,2026-05-21 21:26:04,370.6570126999868,-0.6848059268628331,0.0163937549785255,1107.8148663767506,1077.7931937013868,26.520280810282923,1.0,8,8,0,,,1077.7931937013868,360,,MinBattery_NearestTask,1235.4772701211982,1648.142715048298,0.008611536817625165,0.0004435632290551439,0.2447469998151064,0.0001,0.0003,0.0001,0.0003,,256,3,4,4,1,128,1,0.99,0.95,0.2,0.01,1,D:\Python project\HGNN_PPO_USV_Scheduling\models\best_u2_t20_seed0.pth,0.34573980001732707,0.34415969997644424,0.6900232000043616,0.0012830999912694097,0.17975020012818277,0.15788100007921457
PPO_full_u2_t20_seed0_20260521_211953,PPO,full,u2_t20,2,20,0,496,2026-05-21 21:26:05,371.4658456000034,-0.6768685860390993,0.009561419602638087,1094.974580072113,1077.7931937013868,15.467568786959712,1.0,8,8,0,,,1077.7931937013868,360,,MinBattery_NearestTask,1235.4772701211982,1648.142715048298,-0.006860316963866353,0.00041650471757748164,0.17229233216494322,0.0001,0.0003,0.0001,0.0003,,256,3,4,4,1,128,1,0.99,0.95,0.2,0.01,1,D:\Python project\HGNN_PPO_USV_Scheduling\models\best_u2_t20_seed0.pth,0.4053684000391513,0.30220419995021075,0.7076904000714421,0.0014538000104948878,0.15569670009426773,0.14013370010070503
PPO_full_u2_t20_seed0_20260521_211953,PPO,full,u2_t20,2,20,0,497,2026-05-21 21:26:06,372.3439631999936,-0.6715259253792054,0.006867892123632887,1086.3317242309686,1077.7931937013868,11.110232398377388,1.0,8,8,0,,,1077.7931937013868,360,,MinBattery_NearestTask,1235.4772701211982,1648.142715048298,0.04351007053628564,0.0004018377912871074,0.24972687289118767,0.0001,0.0003,0.0001,0.0003,,256,3,4,4,1,128,1,0.99,0.95,0.2,0.01,1,D:\Python project\HGNN_PPO_USV_Scheduling\models\best_u2_t20_seed0.pth,0.36458789999596775,0.3609121999470517,0.725616000010632,0.0013565999688580632,0.19625170016661286,0.16000219981651753
PPO_full_u2_t20_seed0_20260521_211953,PPO,full,u2_t20,2,20,0,498,2026-05-21 21:26:07,373.12494920007885,-0.7298761146062548,0.11721551764373903,1180.72519330877,1077.1190392680535,189.6202820712299,1.0,8,8,0,,,1077.7931937013868,360,,MinBattery_NearestTask,1235.4772701211982,1648.142715048298,0.012440771562978625,0.002061561885057017,0.4940422363579273,0.0001,0.0003,0.0001,0.0003,,256,3,4,4,1,128,1,0.99,0.95,0.2,0.01,1,D:\Python project\HGNN_PPO_USV_Scheduling\models\best_u2_t20_seed0.pth,0.3959634000202641,0.2761091999709606,0.6721737999469042,0.001256300020031631,0.14649780024774373,0.12447010003961623
PPO_full_u2_t20_seed0_20260521_211953,PPO,full,u2_t20,2,20,0,499,2026-05-21 21:26:07,373.85801860003266,-0.6719387252512106,0.007109257421658998,1086.9995131870905,1074.8235283046274,11.500690563080616,1.0,8,8,0,,,1077.7931937013868,360,,MinBattery_NearestTask,1235.4772701211982,1648.142715048298,0.05430229677585885,0.0007119830406736583,0.20814838260412216,0.0001,0.0003,0.0001,0.0003,,256,3,4,4,1,128,1,0.99,0.95,0.2,0.01,1,D:\Python project\HGNN_PPO_USV_Scheduling\models\best_u2_t20_seed0.pth,0.32976670004427433,0.2947409999324009,0.6246058000251651,0.00136009999550879,0.14613230002578348,0.1272746998583898
PPO_full_u2_t20_seed0_20260521_211953,PPO,full,u2_t20,2,20,0,500,2026-05-21 21:26:08,374.8247804000275,-0.673115225198557,0.008310119703625133,1088.9027445711013,1077.7931937013868,13.44333304943825,1.0,8,8,0,1077.7931937013868,1,1077.7931937013868,360,-12.763009100470368,MinBattery_NearestTask,1235.4772701211982,1648.142715048298,0.08956198219675571,0.0004472196669667028,0.20286889374256134,0.0001,0.0003,0.0001,0.0003,,256,3,4,4,1,128,1,0.99,0.95,0.2,0.01,1,D:\Python project\HGNN_PPO_USV_Scheduling\models\best_u2_t20_seed0.pth,0.35451029997784644,0.2980694000143558,0.8746492000063881,0.0013368999352678657,0.158633999992162,0.13450859987642616
PPO_full_u2_t20_seed0_20260521_211953,PPO,full,u2_t20,2,20,0,501,2026-05-21 21:26:09,375.5352481000591,-0.6686026011188018,0.002373926264071889,1081.6026441399847,1077.7931937013868,3.840315487730652,1.0,8,8,0,,,1077.7931937013868,360,,MinBattery_NearestTask,1235.4772701211982,1648.142715048298,0.028934778121765703,0.0003790832888626028,0.15293182246387005,0.0001,0.0003,0.0001,0.0003,,256,3,4,4,1,128,1,0.99,0.95,0.2,0.01,1,D:\Python project\HGNN_PPO_USV_Scheduling\models\best_u2_t20_seed0.pth,0.32559900009073317,0.2766195998992771,0.6023521000752226,0.0013691000640392303,0.14524280012119561,0.12610439991112798
PPO_full_u2_t20_seed0_20260521_211953,PPO,full,u2_t20,2,20,0,502,2026-05-21 21:26:10,376.2642364000203,-0.6674864907002435,0.002145554264415883,1079.7971052775201,1077.7931937013868,3.4708766637384114,1.0,8,8,0,,,1077.7931937013868,360,,MinBattery_NearestTask,1235.4772701211982,1648.142715048298,0.012063953967299312,0.0003794750118686352,0.13132252730429173,0.0001,0.0003,0.0001,0.0003,,256,3,4,4,1,128,1,0.99,0.95,0.2,0.01,1,D:\Python project\HGNN_PPO_USV_Scheduling\models\best_u2_t20_seed0.pth,0.3249857999617234,0.3083703999873251,0.6334513999754563,0.0019250999903306365,0.15382120013237,0.13748350006062537
PPO_full_u2_t20_seed0_20260521_211953,PPO,full,u2_t20,2,20,0,503,2026-05-21 21:26:10,376.9319816000061,-0.666247754368122,0.0,1077.7931937013868,1077.7931937013868,0.0,1.0,8,8,0,,,1077.7931937013868,360,,MinBattery_NearestTask,1235.4772701211982,1648.142715048298,0.02240217011421919,0.00041462923036306165,0.12281154841184616,0.0001,0.0003,0.0001,0.0003,,256,3,4,4,1,128,1,0.99,0.95,0.2,0.01,1,D:\Python project\HGNN_PPO_USV_Scheduling\models\best_u2_t20_seed0.pth,0.28980499994941056,0.2691780000459403,0.55908969999291,0.0017339999321848154,0.13887550018262118,0.12466209998819977
PPO_full_u2_t20_seed0_20260521_211953,PPO,full,u2_t20,2,20,0,504,2026-05-21 21:26:11,377.64819780003745,-0.6776818567892499,0.01851262908511199,1096.2902132932413,1077.7931937013868,29.947996814451564,1.0,8,8,0,,,1077.7931937013868,360,,MinBattery_NearestTask,1235.4772701211982,1648.142715048298,0.006787081714719534,0.00047269955393858254,0.1934552239254117,0.0001,0.0003,0.0001,0.0003,,256,3,4,4,1,128,1,0.99,0.95,0.2,0.01,1,D:\Python project\HGNN_PPO_USV_Scheduling\models\best_u2_t20_seed0.pth,0.3261210999917239,0.2838664000155404,0.6100814999081194,0.0014775000745430589,0.1480502999620512,0.13145449990406632
PPO_full_u2_t20_seed0_20260521_211953,PPO,full,u2_t20,2,20,0,505,2026-05-21 21:26:12,378.3756663000677,-0.671255562766276,0.010382113053108146,1085.894356927085,1077.7931937013868,16.79520975720332,1.0,8,8,0,,,1077.7931937013868,360,,MinBattery_NearestTask,1235.4772701211982,1648.142715048298,0.011838157530291937,0.0004924097993352916,0.19834054261446,0.0001,0.0003,0.0001,0.0003,,256,3,4,4,1,128,1,0.99,0.95,0.2,0.01,1,D:\Python project\HGNN_PPO_USV_Scheduling\models\best_u2_t20_seed0.pth,0.32415980007499456,0.28402399993501604,0.6082865000935271,0.00125070009380579,0.14777940011117607,0.13126890012063086
PPO_full_u2_t20_seed0_20260521_211953,PPO,full,u2_t20,2,20,0,506,2026-05-21 21:26:13,379.14574740000535,-0.6704523322715046,0.004072998253602624,1084.5949658903992,1077.7931937013868,6.588914959801918,1.0,8,8,0,,,1077.7931937013868,360,,MinBattery_NearestTask,1235.4772701211982,1648.142715048298,-0.04182058712467551,0.000424296609708108,0.16760022472590208,0.0001,0.0003,0.0001,0.0003,,256,3,4,4,1,128,1,0.99,0.95,0.2,0.01,1,D:\Python project\HGNN_PPO_USV_Scheduling\models\best_u2_t20_seed0.pth,0.338365999981761,0.32865789998322725,0.6671225000172853,0.0015463000163435936,0.16208930010907352,0.1502468001563102
PPO_full_u2_t20_seed0_20260521_211953,PPO,full,u2_t20,2,20,0,507,2026-05-21 21:26:13,379.82746200007387,-0.6687252270323649,0.002477472664242919,1081.8010168536534,1077.7931937013868,4.007823152266724,1.0,8,8,0,,,1077.7931937013868,360,,MinBattery_NearestTask,1235.4772701211982,1648.142715048298,-0.015302204759791493,0.0003567822786862962,0.140605085529387,0.0001,0.0003,0.0001,0.0003,,256,3,4,4,1,128,1,0.99,0.95,0.2,0.01,1,D:\Python project\HGNN_PPO_USV_Scheduling\models\best_u2_t20_seed0.pth,0.29845190001651645,0.28519159997813404,0.5837455000728369,0.0012194999726489186,0.153337299823761,0.12514480005484074
PPO_full_u2_t20_seed0_20260521_211953,PPO,full,u2_t20,2,20,0,508,2026-05-21 21:26:14,380.58860999997705,-0.6684799752052386,0.0022590057067381087,1081.404271426316,1077.7931937013868,3.6544077774252304,1.0,8,8,0,,,1077.7931937013868,360,,MinBattery_NearestTask,1235.4772701211982,1648.142715048298,0.0176507746509742,0.0003738057021109853,0.142307979054749,0.0001,0.0003,0.0001,0.0003,,256,3,4,4,1,128,1,0.99,0.95,0.2,0.01,1,D:\Python project\HGNN_PPO_USV_Scheduling\models\best_u2_t20_seed0.pth,0.33539260004181415,0.3166291000088677,0.6521193999797106,0.0016911000711843371,0.16854179999791086,0.14314169995486736
PPO_full_u2_t20_seed0_20260521_211953,PPO,full,u2_t20,2,20,0,509,2026-05-21 21:26:15,381.40531130007,-0.6703085685916594,0.0059058588059916805,1084.3623984789178,1077.7931937013868,9.5539450337002,1.0,8,8,0,,,1077.7931937013868,360,,MinBattery_NearestTask,1235.4772701211982,1648.142715048298,0.006644186330959201,0.0003892668100888841,0.15894619282335043,0.0001,0.0003,0.0001,0.0003,,256,3,4,4,1,128,1,0.99,0.95,0.2,0.01,1,D:\Python project\HGNN_PPO_USV_Scheduling\models\best_u2_t20_seed0.pth,0.3338272999972105,0.299625699990429,0.6335744999814779,0.0024370000464841723,0.15387020003981888,0.12915389996487647
PPO_full_u2_t20_seed0_20260521_211953,PPO,full,u2_t20,2,20,0,510,2026-05-21 21:26:16,382.41921409999486,-0.6877437023860515,0.033194691652239657,1112.567324366722,1077.7931937013868,53.699262016622534,1.0,8,8,0,1077.7931937013868,1,1077.7931937013868,360,-12.763009100470368,MinBattery_NearestTask,1235.4772701211982,1648.142715048298,0.024518916383385658,0.0006807365498389117,0.16691182181239128,0.0001,0.0003,0.0001,0.0003,,256,3,4,4,1,128,1,0.99,0.95,0.2,0.01,1,D:\Python project\HGNN_PPO_USV_Scheduling\models\best_u2_t20_seed0.pth,0.34945989993866533,0.3296868000179529,0.903688499936834,0.0018070000223815441,0.16300590022001415,0.13729869993403554
PPO_full_u2_t20_seed0_20260521_211953,PPO,full,u2_t20,2,20,0,511,2026-05-21 21:26:17,383.241519000032,-0.6699639633644864,0.002145554264415883,1083.8049284297867,1077.7931937013868,3.470876663738411,1.0,8,8,0,,,1077.7931937013868,360,,MinBattery_NearestTask,1235.4772701211982,1648.142715048298,0.007660782139282674,0.0004091976734343916,0.11856566276401281,0.0001,0.0003,0.0001,0.0003,,256,3,4,4,1,128,1,0.99,0.95,0.2,0.01,1,D:\Python project\HGNN_PPO_USV_Scheduling\models\best_u2_t20_seed0.pth,0.35440970002673566,0.2918079000664875,0.6463147000176832,0.0013692000648006797,0.14951169991400093,0.1380344999488443
PPO_full_u2_t20_seed0_20260521_211953,PPO,full,u2_t20,2,20,0,512,2026-05-21 21:26:17,383.9496170000639,-0.6674864907002435,0.002145554264415883,1079.7971052775201,1077.7931937013868,3.4708766637384114,1.0,8,8,0,,,1077.7931937013868,360,,MinBattery_NearestTask,1235.4772701211982,1648.142715048298,-0.0013823146000504494,0.0004245474119670689,0.08605538355186582,0.0001,0.0003,0.0001,0.0003,,256,3,4,4,1,128,1,0.99,0.95,0.2,0.01,1,D:\Python project\HGNN_PPO_USV_Scheduling\models\best_u2_t20_seed0.pth,0.3046625000424683,0.3043040999909863,0.6090690999990329,0.001617099973373115,0.15126279985997826,0.13286220002919436
PPO_full_u2_t20_seed0_20260521_211953,PPO,full,u2_t20,2,20,0,513,2026-05-21 21:26:18,384.78809990000445,-0.666247754368122,0.0,1077.7931937013868,1077.7931937013868,0.0,1.0,8,8,0,,,1077.7931937013868,360,,MinBattery_NearestTask,1235.4772701211982,1648.142715048298,0.013028416549786925,0.00040454131885780953,0.11653074901551008,0.0001,0.0003,0.0001,0.0003,,256,3,4,4,1,128,1,0.99,0.95,0.2,0.01,1,D:\Python project\HGNN_PPO_USV_Scheduling\models\best_u2_t20_seed0.pth,0.35682620003353804,0.301413599983789,0.6583510000491515,0.0018273999448865652,0.15309529972728342,0.1418312998721376
PPO_full_u2_t20_seed0_20260521_211953,PPO,full,u2_t20,2,20,0,514,2026-05-21 21:26:19,385.6318213000195,-0.666247754368122,0.0,1077.7931937013868,1077.7931937013868,0.0,1.0,8,8,0,,,1077.7931937013868,360,,MinBattery_NearestTask,1235.4772701211982,1648.142715048298,-0.0598535998724401,0.00033336235355818644,0.11661740951240063,0.0001,0.0003,0.0001,0.0003,,256,3,4,4,1,128,1,0.99,0.95,0.2,0.01,1,D:\Python project\HGNN_PPO_USV_Scheduling\models\best_u2_t20_seed0.pth,0.38471120002213866,0.3372238000156358,0.7220535000087693,0.0015711999731138349,0.19005259999539703,0.14124290004838258
PPO_full_u2_t20_seed0_20260521_211953,PPO,full,u2_t20,2,20,0,515,2026-05-21 21:26:20,386.4625752000138,-0.6737302992535249,0.012673707301576596,1089.8977537485737,1077.7931937013868,20.502336224094,1.0,8,8,0,,,1077.7931937013868,360,,MinBattery_NearestTask,1235.4772701211982,1648.142715048298,0.032179486064706,0.00036253686630516313,0.1505134580656886,0.0001,0.0003,0.0001,0.0003,,256,3,4,4,1,128,1,0.99,0.95,0.2,0.01,1,D:\Python project\HGNN_PPO_USV_Scheduling\models\best_u2_t20_seed0.pth,0.34226740000303835,0.3170702999923378,0.6594467000104487,0.0021211999701336026,0.1605927998898551,0.13775590003933758
PPO_full_u2_t20_seed0_20260521_211953,PPO,full,u2_t20,2,20,0,516,2026-05-21 21:26:21,387.2838767999783,-0.6787142198796987,0.024620005673997858,1097.9602735748997,1077.7931937013868,39.8279384363417,1.0,8,8,0,,,1077.7931937013868,360,,MinBattery_NearestTask,1235.4772701211982,1648.142715048298,-0.04268527799285948,0.0004528771787590813,0.18095669709146023,0.0001,0.0003,0.0001,0.0003,,256,3,4,4,1,128,1,0.99,0.95,0.2,0.01,1,D:\Python project\HGNN_PPO_USV_Scheduling\models\best_u2_t20_seed0.pth,0.3628984000533819,0.3363031999906525,0.6993110999464989,0.0016435000579804182,0.17479169997386634,0.15524280013050884
PPO_full_u2_t20_seed0_20260521_211953,PPO,full,u2_t20,2,20,0,517,2026-05-21 21:26:21,388.10798319999594,-0.6778477935871221,0.024800627661806737,1096.558650297582,1077.7931937013868,40.120131765049955,1.0,8,8,0,,,1077.7931937013868,360,,MinBattery_NearestTask,1235.4772701211982,1648.142715048298,0.001659982168348506,0.0004615453253791202,0.15347603987902403,0.0001,0.0003,0.0001,0.0003,,256,3,4,4,1,128,1,0.99,0.95,0.2,0.01,1,D:\Python project\HGNN_PPO_USV_Scheduling\models\best_u2_t20_seed0.pth,0.33342310006264597,0.2945942999795079,0.6281221000244841,0.0019342000596225262,0.1524633999215439,0.1360254999017343
PPO_full_u2_t20_seed0_20260521_211953,PPO,full,u2_t20,2,20,0,518,2026-05-21 21:26:22,388.8822443999816,-0.6668671225341827,0.0016386941373868467,1078.7951494894535,1077.7931937013868,2.650925839906176,1.0,8,8,0,,,1077.7931937013868,360,,MinBattery_NearestTask,1235.4772701211982,1648.142715048298,0.04152966756373644,0.0003773400458157994,0.12048412952572107,0.0001,0.0003,0.0001,0.0003,,256,3,4,4,1,128,1,0.99,0.95,0.2,0.01,1,D:\Python project\HGNN_PPO_USV_Scheduling\models\best_u2_t20_seed0.pth,0.3573562999954447,0.3151094000786543,0.6725584000814706,0.0015588999958708882,0.1686681000282988,0.12684480019379407
PPO_full_u2_t20_seed0_20260521_211953,PPO,full,u2_t20,2,20,0,519,2026-05-21 21:26:23,389.7334734000033,-0.6722240764979408,0.012687825774946667,1087.4611276983946,1077.7931937013868,20.52517576749802,1.0,8,8,0,,,1077.7931937013868,360,,MinBattery_NearestTask,1235.4772701211982,1648.142715048298,0.05126478626334574,0.0003909100378223229,0.12227464467287064,0.0001,0.0003,0.0001,0.0003,,256,3,4,4,1,128,1,0.99,0.95,0.2,0.01,1,D:\Python project\HGNN_PPO_USV_Scheduling\models\best_u2_t20_seed0.pth,0.36024289997294545,0.3104111000429839,0.6707568999845535,0.0020095999352633953,0.15848059998825192,0.14491879974957556
PPO_full_u2_t20_seed0_20260521_211953,PPO,full,u2_t20,2,20,0,520,2026-05-21 21:26:24,390.8446174999699,-0.6668671225341827,0.0016386941373868467,1078.7951494894535,1077.7931937013868,2.650925839906176,1.0,8,8,0,1077.7931937013868,1,1077.7931937013868,360,-12.763009100470368,MinBattery_NearestTask,1235.4772701211982,1648.142715048298,-0.010963753331452608,0.0003112396734650247,0.10162662481889129,0.0001,0.0003,0.0001,0.0003,,256,3,4,4,1,128,1,0.99,0.95,0.2,0.01,1,D:\Python project\HGNN_PPO_USV_Scheduling\models\best_u2_t20_seed0.pth,0.37378879997413605,0.3537602999713272,1.0071473999414593,0.0015351999318227172,0.19126759970095009,0.15512619982473552
PPO_full_u2_t20_seed0_20260521_211953,PPO,full,u2_t20,2,20,0,521,2026-05-21 21:26:25,391.72798620001413,-0.666247754368122,0.0,1077.7931937013868,1077.7931937013868,0.0,1.0,8,8,0,,,1077.7931937013868,360,,MinBattery_NearestTask,1235.4772701211982,1648.142715048298,-0.0031816603150218725,0.00031751686947245616,0.10340394987724721,0.0001,0.0003,0.0001,0.0003,,256,3,4,4,1,128,1,0.99,0.95,0.2,0.01,1,D:\Python project\HGNN_PPO_USV_Scheduling\models\best_u2_t20_seed0.pth,0.3836220999946818,0.30123640003148466,0.6849611999932677,0.0016006999649107456,0.1574641001643613,0.13759489974472672
PPO_full_u2_t20_seed0_20260521_211953,PPO,full,u2_t20,2,20,0,522,2026-05-21 21:26:26,392.44732430006843,-0.6714431032169205,0.00800259923758984,1086.1977422967514,1077.7931937013868,12.945855252261898,1.0,8,8,0,,,1077.7931937013868,360,,MinBattery_NearestTask,1235.4772701211982,1648.142715048298,0.01677184272557497,0.0003759899045689963,0.13193833455443382,0.0001,0.0003,0.0001,0.0003,,256,3,4,4,1,128,1,0.99,0.95,0.2,0.01,1,D:\Python project\HGNN_PPO_USV_Scheduling\models\best_u2_t20_seed0.pth,0.3195299000944942,0.30056739994324744,0.6202235999517143,0.0013241000706329942,0.1459243999561295,0.1337860997300595
PPO_full_u2_t20_seed0_20260521_211953,PPO,full,u2_t20,2,20,0,523,2026-05-21 21:26:27,393.30843680002727,-0.6697565109008761,0.003085695869917688,1083.4693312711777,1077.7931937013868,4.991749667635203,1.0,8,8,0,,,1077.7931937013868,360,,MinBattery_NearestTask,1235.4772701211982,1648.142715048298,0.015953025314956903,0.0003441288208705373,0.13710734341293573,0.0001,0.0003,0.0001,0.0003,,256,3,4,4,1,128,1,0.99,0.95,0.2,0.01,1,D:\Python project\HGNN_PPO_USV_Scheduling\models\best_u2_t20_seed0.pth,0.3541677000466734,0.368804799974896,0.723090200102888,0.0013555999612435699,0.19244780007284135,0.16995570005383343
PPO_full_u2_t20_seed0_20260521_211953,PPO,full,u2_t20,2,20,0,524,2026-05-21 21:26:28,394.25289370003156,-0.6681058588663042,0.0023988025923242363,1080.7990610655868,1077.7931937013868,3.8805580808183837,1.0,8,8,0,,,1077.7931937013868,360,,MinBattery_NearestTask,1235.4772701211982,1648.142715048298,0.03868463123217225,0.00034824158137780614,0.1585849318653345,0.0001,0.0003,0.0001,0.0003,,256,3,4,4,1,128,1,0.99,0.95,0.2,0.01,1,D:\Python project\HGNN_PPO_USV_Scheduling\models\best_u2_t20_seed0.pth,0.4836896000197157,0.3496034999843687,0.833385800011456,0.0024766999995335937,0.1810585999628529,0.16139019990805537
PPO_full_u2_t20_seed0_20260521_211953,PPO,full,u2_t20,2,20,0,525,2026-05-21 21:26:28,394.9922938999953,-0.6955532470466472,0.03183719546712974,1125.2008740123488,1093.4994359912885,51.50323187739195,1.0,8,8,0,,,1077.7931937013868,360,,MinBattery_NearestTask,1235.4772701211982,1648.142715048298,0.0681323753669858,0.0006827457618783228,0.3034237418323755,0.0001,0.0003,0.0001,0.0003,,256,3,4,4,1,128,1,0.99,0.95,0.2,0.01,1,D:\Python project\HGNN_PPO_USV_Scheduling\models\best_u2_t20_seed0.pth,0.31636319996323436,0.30572489998303354,0.622192099923268,0.0020604999735951424,0.15712280001025647,0.14175089972559363
PPO_full_u2_t20_seed0_20260521_211953,PPO,full,u2_t20,2,20,0,526,2026-05-21 21:26:29,395.74230849999003,-0.7271975132995607,0.11035985269577572,1176.3920030832624,1093.7048558086062,178.52982965203967,1.0,8,8,0,,,1077.7931937013868,360,,MinBattery_NearestTask,1235.4772701211982,1648.142715048298,0.03635321743786335,0.001802054510335438,0.2740642987191677,0.0001,0.0003,0.0001,0.0003,,256,3,4,4,1,128,1,0.99,0.95,0.2,0.01,1,D:\Python project\HGNN_PPO_USV_Scheduling\models\best_u2_t20_seed0.pth,0.34914890001527965,0.29459479998331517,0.6438488999847323,0.001383999944664538,0.1489379999693483,0.13179739995393902
PPO_full_u2_t20_seed0_20260521_211953,PPO,full,u2_t20,2,20,0,527,2026-05-21 21:26:30,396.5021055000834,-0.674310360591674,0.007153223287212972,1090.8361226332531,1077.7931937013868,11.571814421042758,1.0,8,8,0,,,1077.7931937013868,360,,MinBattery_NearestTask,1235.4772701211982,1648.142715048298,-0.024076563422568142,0.0005203362889005803,0.23719974048435688,0.0001,0.0003,0.0001,0.0003,,256,3,4,4,1,128,1,0.99,0.95,0.2,0.01,1,D:\Python project\HGNN_PPO_USV_Scheduling\models\best_u2_t20_seed0.pth,0.32306700001936406,0.3129927000263706,0.6361488000256941,0.0020499000092968345,0.15423909993842244,0.13931789994239807
PPO_full_u2_t20_seed0_20260521_211953,PPO,full,u2_t20,2,20,0,528,2026-05-21 21:26:31,397.30632490001153,-0.6808636448473495,0.019269564779230072,1101.4374118996702,1077.7931937013868,31.172496460178415,1.0,8,8,0,,,1077.7931937013868,360,,MinBattery_NearestTask,1235.4772701211982,1648.142715048298,-0.07893446879461408,0.00043265379645163193,0.35662804916501045,0.0001,0.0003,0.0001,0.0003,,256,3,4,4,1,128,1,0.99,0.95,0.2,0.01,1,D:\Python project\HGNN_PPO_USV_Scheduling\models\best_u2_t20_seed0.pth,0.385552299907431,0.2964135000947863,0.6820781999267638,0.001461300067603588,0.15309739974327385,0.13776210008654743
PPO_full_u2_t20_seed0_20260521_211953,PPO,full,u2_t20,2,20,0,529,2026-05-21 21:26:32,398.13041109999176,-0.678151454980622,0.018047027178292884,1097.049885248782,1074.7275253869216,29.19478967363356,1.0,8,8,0,,,1077.7931937013868,360,,MinBattery_NearestTask,1235.4772701211982,1648.142715048298,-0.06051825743634254,0.00036023745269631036,0.28676240891218185,0.0001,0.0003,0.0001,0.0003,,256,3,4,4,1,128,1,0.99,0.95,0.2,0.01,1,D:\Python project\HGNN_PPO_USV_Scheduling\models\best_u2_t20_seed0.pth,0.38297990011051297,0.3075073999352753,0.6905997000867501,0.0015332000330090523,0.1608694999013096,0.14031899999827147
PPO_full_u2_t20_seed0_20260521_211953,PPO,full,u2_t20,2,20,0,530,2026-05-21 21:26:33,399.20733820006717,-0.6694607180275592,0.003683587585620322,1082.9908252746977,1077.7931937013868,5.9589628665238195,1.0,8,8,0,1077.7931937013868,1,1077.7931937013868,360,-12.763009100470368,MinBattery_NearestTask,1235.4772701211982,1648.142715048298,-0.01495437731500715,0.00040423764585284516,0.2219031285494566,0.0001,0.0003,0.0001,0.0003,,256,3,4,4,1,128,1,0.99,0.95,0.2,0.01,1,D:\Python project\HGNN_PPO_USV_Scheduling\models\best_u2_t20_seed0.pth,0.41236059996299446,0.33352730004116893,0.967940800008364,0.0018981000175699592,0.17024539993144572,0.14505409996490926
PPO_full_u2_t20_seed0_20260521_211953,PPO,full,u2_t20,2,20,0,531,2026-05-21 21:26:33,399.94750480004586,-0.7059166877185066,0.08574643455601143,1141.9658773406552,1077.7931937013868,138.71254791136957,1.0,8,8,0,,,1077.7931937013868,360,,MinBattery_NearestTask,1235.4772701211982,1648.142715048298,0.09890437265858054,0.0016957740008365363,0.2687354926019907,0.0001,0.0003,0.0001,0.0003,,256,3,4,4,1,128,1,0.99,0.95,0.2,0.01,1,D:\Python project\HGNN_PPO_USV_Scheduling\models\best_u2_t20_seed0.pth,0.31673960003536195,0.3088325000135228,0.6257105999393389,0.002186099998652935,0.1584604998352006,0.14398389996495098
PPO_full_u2_t20_seed0_20260521_211953,PPO,full,u2_t20,2,20,0,532,2026-05-21 21:26:34,400.7157276000362,-0.6789240506564576,0.016532975636342147,1098.2997181456872,1077.7931937013868,26.745498946379662,1.0,8,8,0,,,1077.7931937013868,360,,MinBattery_NearestTask,1235.4772701211982,1648.142715048298,0.013515520229702815,0.0005366956538637169,0.250889603048563,0.0001,0.0003,0.0001,0.0003,,256,3,4,4,1,128,1,0.99,0.95,0.2,0.01,1,D:\Python project\HGNN_PPO_USV_Scheduling\models\best_u2_t20_seed0.pth,0.34208850003778934,0.3220027999486774,0.6641980999847874,0.001429300056770444,0.16176559997256845,0.14485159993637353
PPO_full_u2_t20_seed0_20260521_211953,PPO,full,u2_t20,2,20,0,533,2026-05-21 21:26:35,401.4284639999969,-0.6797863148054022,0.00915516055135638,1099.6946082970044,1077.7931937013868,14.810360957769655,1.0,8,8,0,,,1077.7931937013868,360,,MinBattery_NearestTask,1235.4772701211982,1648.142715048298,-0.00071434945857618,0.00046497982475557365,0.17076481692492962,0.0001,0.0003,0.0001,0.0003,,256,3,4,4,1,128,1,0.99,0.95,0.2,0.01,1,D:\Python project\HGNN_PPO_USV_Scheduling\models\best_u2_t20_seed0.pth,0.2938330000033602,0.3082632999867201,0.6022053000051528,0.0014657999854534864,0.151915900176391,0.13168669992592186
PPO_full_u2_t20_seed0_20260521_211953,PPO,full,u2_t20,2,20,0,534,2026-05-21 21:26:36,402.2237807000056,-0.6818506145667194,0.009121798512511185,1103.0340390386768,1077.7931937013868,14.756390977143672,1.0,8,8,0,,,1077.7931937013868,360,,MinBattery_NearestTask,1235.4772701211982,1648.142715048298,0.0008004570845514536,0.0003920495837519411,0.24067757464945316,0.0001,0.0003,0.0001,0.0003,,256,3,4,4,1,128,1,0.99,0.95,0.2,0.01,1,D:\Python project\HGNN_PPO_USV_Scheduling\models\best_u2_t20_seed0.pth,0.33976450003683567,0.32298569998238236,0.6628609000472352,0.0015223000664263964,0.17471289995592088,0.14377080008853227
PPO_full_u2_t20_seed0_20260521_211953,PPO,full,u2_t20,2,20,0,535,2026-05-21 21:26:36,403.0248523000628,-0.8795551027106456,0.0795217928674159,1422.8618362637985,1083.9749354786416,128.6429057981876,1.0,8,8,0,,,1077.7931937013868,360,,MinBattery_NearestTask,1235.4772701211982,1648.142715048298,-0.029788917338009924,0.0049375517992302775,0.222042391076684,0.0001,0.0003,0.0001,0.0003,,256,3,4,4,1,128,1,0.99,0.95,0.2,0.01,1,D:\Python project\HGNN_PPO_USV_Scheduling\models\best_u2_t20_seed0.pth,0.3762880000285804,0.3094565999926999,0.6858444000827149,0.0014194999821484089,0.15800150006543845,0.14583670010324568
PPO_full_u2_t20_seed0_20260521_211953,PPO,full,u2_t20,2,20,0,536,2026-05-21 21:26:37,403.7574870000826,-0.822263478498499,0.11073002132074675,1330.180814486078,1091.8309129098407,179.1286537709951,1.0,8,8,0,,,1077.7931937013868,360,,MinBattery_NearestTask,1235.4772701211982,1648.142715048298,0.00689062790479511,0.0037320304254535586,0.2253511007875204,0.0001,0.0003,0.0001,0.0003,,256,3,4,4,1,128,1,0.99,0.95,0.2,0.01,1,D:\Python project\HGNN_PPO_USV_Scheduling\models\best_u2_t20_seed0.pth,0.3174754000501707,0.3093498001107946,0.6269338999409229,0.0016969999996945262,0.1535258999792859,0.13700110011268407
PPO_full_u2_t20_seed0_20260521_211953,PPO,full,u2_t20,2,20,0,537,2026-05-21 21:26:38,404.5941190000158,-0.7427062131538267,0.10163736874203771,1201.4805246377377,1077.7931937013868,164.41941235476187,1.0,8,8,0,,,1077.7931937013868,360,,MinBattery_NearestTask,1235.4772701211982,1648.142715048298,-0.06668053544126451,0.002837911932147108,0.21698245219886303,0.0001,0.0003,0.0001,0.0003,,256,3,4,4,1,128,1,0.99,0.95,0.2,0.01,1,D:\Python project\HGNN_PPO_USV_Scheduling\models\best_u2_t20_seed0.pth,0.33995369996409863,0.3576550999423489,0.6977652999339625,0.0016318000853061676,0.17786469985730946,0.1734637999907136
PPO_full_u2_t20_seed0_20260521_211953,PPO,full,u2_t20,2,20,0,538,2026-05-21 21:26:39,405.29508010006975,-0.6927433959394991,0.03054492335162361,1120.655360156965,1083.9749354786416,49.41271512687241,1.0,8,8,0,,,1077.7931937013868,360,,MinBattery_NearestTask,1235.4772701211982,1648.142715048298,0.013217725092545152,0.000938509481784422,0.2721619103103876,0.0001,0.0003,0.0001,0.0003,,256,3,4,4,1,128,1,0.99,0.95,0.2,0.01,1,D:\Python project\HGNN_PPO_USV_Scheduling\models\best_u2_t20_seed0.pth,0.3109959000721574,0.2852650999557227,0.5963750000810251,0.00143440009560436,0.14723759959451854,0.13277629995718598
PPO_full_u2_t20_seed0_20260521_211953,PPO,full,u2_t20,2,20,0,539,2026-05-21 21:26:39,406.01306660007685,-0.6716418846288523,0.0020354919870661653,1086.5193122403793,1083.9749354786416,3.2928282236001825,1.0,8,8,0,,,1077.7931937013868,360,,MinBattery_NearestTask,1235.4772701211982,1648.142715048298,0.03373618589830585,0.0005007225045119412,0.2857350464910269,0.0001,0.0003,0.0001,0.0003,,256,3,4,4,1,128,1,0.99,0.95,0.2,0.01,1,D:\Python project\HGNN_PPO_USV_Scheduling\models\best_u2_t20_seed0.pth,0.31539619993418455,0.29547270003240556,0.6109745999565348,0.0013451999984681606,0.15461630013305694,0.13501910003833473
PPO_full_u2_t20_seed0_20260521_211953,PPO,full,u2_t20,2,20,0,540,2026-05-21 21:26:40,407.0026920000091,-0.6796131639449493,0.011907318111389892,1099.4145010581342,1077.7931937013868,19.26254359816166,1.0,8,8,0,1077.7931937013868,1,1077.7931937013868,360,-12.763009100470368,MinBattery_NearestTask,1235.4772701211982,1648.142715048298,0.0008546081371605396,0.000471499177365331,0.30974896624684334,0.0001,0.0003,0.0001,0.0003,,256,3,4,4,1,128,1,0.99,0.95,0.2,0.01,1,D:\Python project\HGNN_PPO_USV_Scheduling\models\best_u2_t20_seed0.pth,0.3469340999145061,0.3112383000552654,0.8830938999308273,0.001414499944075942,0.15315099991858006,0.13136650004889816
PPO_full_u2_t20_seed0_20260521_211953,PPO,full,u2_t20,2,20,0,541,2026-05-21 21:26:41,407.77509430004284,-0.68211474420517,0.009911198305219849,1103.4613232204401,1083.9749354786416,16.033407999884094,1.0,8,8,0,,,1077.7931937013868,360,,MinBattery_NearestTask,1235.4772701211982,1648.142715048298,-0.04350545542547479,0.0003961858856200706,0.27470144629478455,0.0001,0.0003,0.0001,0.0003,,256,3,4,4,1,128,1,0.99,0.95,0.2,0.01,1,D:\Python project\HGNN_PPO_USV_Scheduling\models\best_u2_t20_seed0.pth,0.3184694000519812,0.32418220001272857,0.6427594000706449,0.0016419000457972288,0.15753790026064962,0.16088270000182092
PPO_full_u2_t20_seed0_20260521_211953,PPO,full,u2_t20,2,20,0,542,2026-05-21 21:26:42,408.50807470001746,-0.6849643364038638,0.018585079647640532,1108.0711264902309,1077.7931937013868,30.06520054633833,1.0,8,8,0,,,1077.7931937013868,360,,MinBattery_NearestTask,1235.4772701211982,1648.142715048298,0.05779200597316958,0.0004590695971273817,0.30613867565989494,0.0001,0.0003,0.0001,0.0003,,256,3,4,4,1,128,1,0.99,0.95,0.2,0.01,1,D:\Python project\HGNN_PPO_USV_Scheduling\models\best_u2_t20_seed0.pth,0.3409117000410333,0.2883363999426365,0.6293647000566125,0.0014531000051647425,0.1448171999072656,0.1267481001559645
PPO_full_u2_t20_seed0_20260521_211953,PPO,full,u2_t20,2,20,0,543,2026-05-21 21:26:43,409.42003819998354,-0.6956173574637461,0.024257219178420775,1125.3045858383798,1083.9749354786416,39.241056434659555,1.0,8,8,0,,,1077.7931937013868,360,,MinBattery_NearestTask,1235.4772701211982,1648.142715048298,-0.0538583128945902,0.0005255578907963354,0.2554946430027485,0.0001,0.0003,0.0001,0.0003,,256,3,4,4,1,128,1,0.99,0.95,0.2,0.01,1,D:\Python project\HGNN_PPO_USV_Scheduling\models\best_u2_t20_seed0.pth,0.36960209999233484,0.4181140000000596,0.7878482999512926,0.0019694999791681767,0.2114214999601245,0.19374490017071366
PPO_full_u2_t20_seed0_20260521_211953,PPO,full,u2_t20,2,20,0,544,2026-05-21 21:26:44,410.1429751000833,-0.6883038571597635,0.023905875658976825,1113.4734902765772,1077.7931937013868,38.67268580762917,1.0,8,8,0,,,1077.7931937013868,360,,MinBattery_NearestTask,1235.4772701211982,1648.142715048298,-0.0415967991866637,0.0004834276369365398,0.2064962387084961,0.0001,0.0003,0.0001,0.0003,,256,3,4,4,1,128,1,0.99,0.95,0.2,0.01,1,D:\Python project\HGNN_PPO_USV_Scheduling\models\best_u2_t20_seed0.pth,0.3300617999630049,0.2805078000528738,0.6106749000027776,0.0014239000156521797,0.14438009995501488,0.1308403997682035
PPO_full_u2_t20_seed0_20260521_211953,PPO,full,u2_t20,2,20,0,545,2026-05-21 21:26:44,410.8837514000479,-0.6735500446039485,0.007851959802973388,1089.6061546652409,1077.7931937013868,12.702164888927603,1.0,8,8,0,,,1077.7931937013868,360,,MinBattery_NearestTask,1235.4772701211982,1648.142715048298,0.05457964027300477,0.00035473614479997195,0.24952728301286697,0.0001,0.0003,0.0001,0.0003,,256,3,4,4,1,128,1,0.99,0.95,0.2,0.01,1,D:\Python project\HGNN_PPO_USV_Scheduling\models\best_u2_t20_seed0.pth,0.3306956000160426,0.28131550003308803,0.6121479000430554,0.001640099915675819,0.1443546999944374,0.13107270002365112
PPO_full_u2_t20_seed0_20260521_211953,PPO,full,u2_t20,2,20,0,546,2026-05-21 21:26:45,411.64772200002335,-0.6719912503335108,0.006955776265923443,1087.0844833439587,1077.7931937013868,11.252403129571636,1.0,8,8,0,,,1077.7931937013868,360,,MinBattery_NearestTask,1235.4772701211982,1648.142715048298,-0.009809553070226684,0.0003839543314825278,0.3336494751274586,0.0001,0.0003,0.0001,0.0003,,256,3,4,4,1,128,1,0.99,0.95,0.2,0.01,1,D:\Python project\HGNN_PPO_USV_Scheduling\models\best_u2_t20_seed0.pth,0.3431861000135541,0.3034209000179544,0.6467250999994576,0.001622700016014278,0.16007540025748312,0.13719760009553283
PPO_full_u2_t20_seed0_20260521_211953,PPO,full,u2_t20,2,20,0,547,2026-05-21 21:26:46,412.4836475000484,-0.8149339309898739,0.14693080287465135,1318.3237592601292,1099.8712284128524,237.69088637840295,1.0,8,8,0,,,1077.7931937013868,360,,MinBattery_NearestTask,1235.4772701211982,1648.142715048298,0.012544897617772222,0.003814986994257197,0.5238958969712257,0.0001,0.0003,0.0001,0.0003,,256,3,4,4,1,128,1,0.99,0.95,0.2,0.01,1,D:\Python project\HGNN_PPO_USV_Scheduling\models\best_u2_t20_seed0.pth,0.37759389996062964,0.34135490003973246,0.7190609999233857,0.0014974999940022826,0.17900779971387237,0.15649990004021674
PPO_full_u2_t20_seed0_20260521_211953,PPO,full,u2_t20,2,20,0,548,2026-05-21 21:26:47,413.3708366000792,-0.6901173880725349,0.013975804544257859,1116.4072506705706,1093.7048558086062,22.608747144803512,1.0,8,8,0,,,1077.7931937013868,360,,MinBattery_NearestTask,1235.4772701211982,1648.142715048298,-0.026654374174540862,0.0015613733557984233,0.3007111418992281,0.0001,0.0003,0.0001,0.0003,,256,3,4,4,1,128,1,0.99,0.95,0.2,0.01,1,D:\Python project\HGNN_PPO_USV_Scheduling\models\best_u2_t20_seed0.pth,0.4195637999800965,0.3437579999445006,0.7634872000198811,0.0020251000532880425,0.17891819996293634,0.15806339995469898
PPO_full_u2_t20_seed0_20260521_211953,PPO,full,u2_t20,2,20,0,549,2026-05-21 21:26:48,414.2510121000232,-0.6829912227118912,0.007230834632324457,1104.8792080279704,1085.8088400059203,11.697366783458627,1.0,8,8,0,,,1077.7931937013868,360,,MinBattery_NearestTask,1235.4772701211982,1648.142715048298,-0.05402367957867682,0.0007453188227373175,0.2369381319731474,0.0001,0.0003,0.0001,0.0003,,256,3,4,4,1,128,1,0.99,0.95,0.2,0.01,1,D:\Python project\HGNN_PPO_USV_Scheduling\models\best_u2_t20_seed0.pth,0.3926776999142021,0.36976170004345477,0.762554100016132,0.00207140005659312,0.1817755000665784,0.16284499980974942
PPO_full_u2_t20_seed0_20260521_211953,PPO,full,u2_t20,2,20,0,550,2026-05-21 21:26:49,415.2292866000207,-0.6854974194853924,0.0186520286870419,1108.933498352923,1077.7931937013868,30.17350442956881,1.0,8,8,0,1077.7931937013868,1,1077.7931937013868,360,-12.763009100470368,MinBattery_NearestTask,1235.4772701211982,1648.142715048298,-0.019274126272648573,0.0004617279191734269,0.26897950656712055,0.0001,0.0003,0.0001,0.0003,,256,3,4,4,1,128,1,0.99,0.95,0.2,0.01,1,D:\Python project\HGNN_PPO_USV_Scheduling\models\best_u2_t20_seed0.pth,0.36631919990759343,0.290331199998036,0.8684992999769747,0.0014245000202208757,0.15003930020611733,0.13511100003961474
PPO_full_u2_t20_seed0_20260521_211953,PPO,full,u2_t20,2,20,0,551,2026-05-21 21:26:49,415.9780835000565,-0.6799965236255788,0.011526927390765657,1100.034664431013,1077.7931937013868,18.64718313060594,1.0,8,8,0,,,1077.7931937013868,360,,MinBattery_NearestTask,1235.4772701211982,1648.142715048298,-0.009248554619261995,0.0003959884634241462,0.26767886988818645,0.0001,0.0003,0.0001,0.0003,,256,3,4,4,1,128,1,0.99,0.95,0.2,0.01,1,D:\Python project\HGNN_PPO_USV_Scheduling\models\best_u2_t20_seed0.pth,0.32297039998229593,0.3102180000860244,0.6332950000651181,0.001401199959218502,0.16349929990246892,0.14089929964393377
PPO_full_u2_t20_seed0_20260521_211953,PPO,full,u2_t20,2,20,0,552,2026-05-21 21:26:50,416.7100977000082,-0.674354970740307,0.0052723537974586,1090.9082887520149,1077.1190392680535,8.529119986416935,1.0,8,8,0,,,1077.7931937013868,360,,MinBattery_NearestTask,1235.4772701211982,1648.142715048298,-0.014913042890839279,0.0003379365116416011,0.43294987082481384,0.0001,0.0003,0.0001,0.0003,,256,3,4,4,1,128,1,0.99,0.95,0.2,0.01,1,D:\Python project\HGNN_PPO_USV_Scheduling\models\best_u2_t20_seed0.pth,0.34075179998762906,0.29107440006919205,0.6319375999737531,0.0016392000252380967,0.15211609983816743,0.13320010027382523
PPO_full_u2_t20_seed0_20260521_211953,PPO,full,u2_t20,2,20,0,553,2026-05-21 21:26:51,417.43870469997637,-0.7571457139932334,0.10898952139952225,1224.839396203343,1085.215801901868,176.31303607257192,1.0,8,8,0,,,1077.7931937013868,360,,MinBattery_NearestTask,1235.4772701211982,1648.142715048298,0.04060725576709956,0.0022059094480937347,0.4920017793774605,0.0001,0.0003,0.0001,0.0003,,256,3,4,4,1,128,1,0.99,0.95,0.2,0.01,1,D:\Python project\HGNN_PPO_USV_Scheduling\models\best_u2_t20_seed0.pth,0.3208767999894917,0.29487810004502535,0.6158947000512853,0.0018514000112190843,0.15293070010375232,0.13593290012795478
PPO_full_u2_t20_seed0_20260521_211953,PPO,full,u2_t20,2,20,0,554,2026-05-21 21:26:52,418.18373689998407,-0.7243130130091089,0.018499291416455226,1171.725728773299,1132.979696266884,29.926420383756124,1.0,8,8,0,,,1077.7931937013868,360,,MinBattery_NearestTask,1235.4772701211982,1648.142715048298,0.01374892657622695,0.0007022692261671182,0.5566492937505245,0.0001,0.0003,0.0001,0.0003,,256,3,4,4,1,128,1,0.99,0.95,0.2,0.01,1,D:\Python project\HGNN_PPO_USV_Scheduling\models\best_u2_t20_seed0.pth,0.3233689999906346,0.31708219996653497,0.6405845999252051,0.0014637999702244997,0.16414489992894232,0.13607720017898828
PPO_full_u2_t20_seed0_20260521_211953,PPO,full,u2_t20,2,20,0,555,2026-05-21 21:26:52,418.9233940000413,-0.7590467748647842,0.0975082511452677,1227.9147543636311,1077.2001555973345,157.7397127796209,1.0,8,8,0,,,1077.7931937013868,360,,MinBattery_NearestTask,1235.4772701211982,1648.142715048298,0.02721660677343607,0.0019278202307759784,0.4946511536836624,0.0001,0.0003,0.0001,0.0003,,256,3,4,4,1,128,1,0.99,0.95,0.2,0.01,1,D:\Python project\HGNN_PPO_USV_Scheduling\models\best_u2_t20_seed0.pth,0.31522760004736483,0.31385309994220734,0.6291935000335798,0.0015326999127864838,0.16443259990774095,0.14365910028573126
PPO_full_u2_t20_seed0_20260521_211953,PPO,full,u2_t20,2,20,0,556,2026-05-21 21:26:53,419.66464350000024,-0.7118902802789066,0.017065244842040517,1151.629395696001,1086.5170093680345,27.60655419700881,1.0,8,8,0,,,1077.7931937013868,360,,MinBattery_NearestTask,1235.4772701211982,1648.142715048298,-0.01744129668804817,0.0006795678491471335,0.48477665334939957,0.0001,0.0003,0.0001,0.0003,,256,3,4,4,1,128,1,0.99,0.95,0.2,0.01,1,D:\Python project\HGNN_PPO_USV_Scheduling\models\best_u2_t20_seed0.pth,0.3409663999918848,0.2971451999619603,0.6382528999820352,0.0018470999784767628,0.1506629998330027,0.1398923002416268
PPO_full_u2_t20_seed0_20260521_211953,PPO,full,u2_t20,2,20,0,557,2026-05-21 21:26:54,420.44941350002773,-0.6999561834609871,0.029456588513388955,1132.3235320154158,1083.3196694540272,47.65210899585449,1.0,8,8,0,,,1077.7931937013868,360,,MinBattery_NearestTask,1235.4772701211982,1648.142715048298,-0.008687826688401401,0.000549405587662477,0.4881684258580208,0.0001,0.0003,0.0001,0.0003,,256,3,4,4,1,128,1,0.99,0.95,0.2,0.01,1,D:\Python project\HGNN_PPO_USV_Scheduling\models\best_u2_t20_seed0.pth,0.344232700066641,0.32397479994688183,0.6683115001069382,0.0019366000778973103,0.16521790018305182,0.152398900128901
PPO_full_u2_t20_seed0_20260521_211953,PPO,full,u2_t20,2,20,0,558,2026-05-21 21:26:55,421.2199290000135,-0.7514085859236257,0.07773426429771906,1215.5584079459331,1077.7931937013868,125.75120955856087,1.0,8,8,0,,,1077.7931937013868,360,,MinBattery_NearestTask,1235.4772701211982,1648.142715048298,-0.004262697824742645,0.0016789889195933938,0.5493319593369961,0.0001,0.0003,0.0001,0.0003,,256,3,4,4,1,128,1,0.99,0.95,0.2,0.01,1,D:\Python project\HGNN_PPO_USV_Scheduling\models\best_u2_t20_seed0.pth,0.3229674999602139,0.3393900999799371,0.6624645999399945,0.0022618999937549233,0.1662753999698907,0.1399806000990793
PPO_full_u2_t20_seed0_20260521_211953,PPO,full,u2_t20,2,20,0,559,2026-05-21 21:26:55,421.94838790001813,-0.6955934166376319,0.01859243827340635,1125.2658566130003,1085.8088400059203,30.077104641644258,1.0,8,8,0,,,1077.7931937013868,360,,MinBattery_NearestTask,1235.4772701211982,1648.142715048298,0.003729307558387518,0.0007227961905300617,0.4356425665318966,0.0001,0.0003,0.0001,0.0003,,256,3,4,4,1,128,1,0.99,0.95,0.2,0.01,1,D:\Python project\HGNN_PPO_USV_Scheduling\models\best_u2_t20_seed0.pth,0.3146670999703929,0.29714239994063973,0.611916899913922,0.001878499984741211,0.15207170008216053,0.13838100025895983
PPO_full_u2_t20_seed0_20260521_211953,PPO,full,u2_t20,2,20,0,560,2026-05-21 21:26:56,422.90987019997556,-0.7563990419012844,0.10407006010222686,1223.631500051569,1080.3749029781816,168.354792509063,1.0,8,8,0,1077.7931937013868,1,1077.7931937013868,360,-12.763009100470368,MinBattery_NearestTask,1235.4772701211982,1648.142715048298,0.0023464031983166933,0.002508976758690551,0.4824870191514492,0.0001,0.0003,0.0001,0.0003,,256,3,4,4,1,128,1,0.99,0.95,0.2,0.01,1,D:\Python project\HGNN_PPO_USV_Scheduling\models\best_u2_t20_seed0.pth,0.32017029996495694,0.29582969995681196,0.8498743999516591,0.0014312999555841088,0.15551210020203143,0.13429969979915768
PPO_full_u2_t20_seed0_20260521_211953,PPO,full,u2_t20,2,20,0,561,2026-05-21 21:26:57,423.8029230000684,-0.687863412928539,0.03292421108528755,1112.7609808662173,1077.7931937013868,53.26170389777232,1.0,8,8,0,,,1077.7931937013868,360,,MinBattery_NearestTask,1235.4772701211982,1648.142715048298,-0.004173827212071046,0.0009302242906414904,0.3333049565553665,0.0001,0.0003,0.0001,0.0003,,256,3,4,4,1,128,1,0.99,0.95,0.2,0.01,1,D:\Python project\HGNN_PPO_USV_Scheduling\models\best_u2_t20_seed0.pth,0.362294299993664,0.3897932000691071,0.7522055000299588,0.0017651000525802374,0.20091080002021044,0.16770750016439706
PPO_full_u2_t20_seed0_20260521_211953,PPO,full,u2_t20,2,20,0,562,2026-05-21 21:26:58,424.73507679998875,-0.6803436879406608,0.02184861583418403,1100.5962743327925,1077.7931937013868,35.344643615667266,1.0,8,8,0,,,1077.7931937013868,360,,MinBattery_NearestTask,1235.4772701211982,1648.142715048298,-0.023071304545737803,0.0005700575093214866,0.3437373507767916,0.0001,0.0003,0.0001,0.0003,,256,3,4,4,1,128,1,0.99,0.95,0.2,0.01,1,D:\Python project\HGNN_PPO_USV_Scheduling\models\best_u2_t20_seed0.pth,0.45311740005854517,0.3392502999631688,0.7924790000542998,0.0014556999085471034,0.16916369984392077,0.16368880006484687
PPO_full_u2_t20_seed0_20260521_211953,PPO,full,u2_t20,2,20,0,563,2026-05-21 21:26:59,425.5182775000576,-0.6763430273742683,0.021744673384624463,1094.124380505763,1077.1190392680535,35.176495259537795,1.0,8,8,0,,,1077.7931937013868,360,,MinBattery_NearestTask,1235.4772701211982,1648.142715048298,0.028757381718605757,0.00042026720620924607,0.29928420297801495,0.0001,0.0003,0.0001,0.0003,,256,3,4,4,1,128,1,0.99,0.95,0.2,0.01,1,D:\Python project\HGNN_PPO_USV_Scheduling\models\best_u2_t20_seed0.pth,0.3596470000920817,0.307914900011383,0.6677150001050904,0.0013493000296875834,0.1553330001188442,0.14646909991279244
PPO_full_u2_t20_seed0_20260521_211953,PPO,full,u2_t20,2,20,0,564,2026-05-21 21:27:00,426.24724489997607,-0.6752028328419561,0.021303661734459484,1092.2798806206006,1077.7931937013868,34.46306793197905,1.0,8,8,0,,,1077.7931937013868,360,,MinBattery_NearestTask,1235.4772701211982,1648.142715048298,-0.0023392722359858453,0.0004552197642624378,0.22998171113431454,0.0001,0.0003,0.0001,0.0003,,256,3,4,4,1,128,1,0.99,0.95,0.2,0.01,1,D:\Python project\HGNN_PPO_USV_Scheduling\models\best_u2_t20_seed0.pth,0.3079974000575021,0.3055849999655038,0.613688400015235,0.0016431000549346209,0.14187530009076,0.14089340018108487
PPO_full_u2_t20_seed0_20260521_211953,PPO,full,u2_t20,2,20,0,565,2026-05-21 21:27:00,426.9370362000773,-0.6821829224733464,0.031657745280476345,1103.5716156348117,1077.7931937013868,51.21293417880252,1.0,8,8,0,,,1077.7931937013868,360,,MinBattery_NearestTask,1235.4772701211982,1648.142715048298,-0.048707031179219484,0.0004965739171893802,0.2137615941464901,0.0001,0.0003,0.0001,0.0003,,256,3,4,4,1,128,1,0.99,0.95,0.2,0.01,1,D:\Python project\HGNN_PPO_USV_Scheduling\models\best_u2_t20_seed0.pth,0.2925397999351844,0.2865583000238985,0.5792057999642566,0.0016064000083133578,0.15206389990635216,0.12829579995013773
PPO_full_u2_t20_seed0_20260521_211953,PPO,full,u2_t20,2,20,0,566,2026-05-21 21:27:01,427.6173517999705,-0.6753926631405496,0.012482397076250672,1092.5869702917341,1077.7931937013868,20.192852466152754,1.0,8,8,0,,,1077.7931937013868,360,,MinBattery_NearestTask,1235.4772701211982,1648.142715048298,-0.03042963147163391,0.00040714331407798454,0.2599995918571949,0.0001,0.0003,0.0001,0.0003,,256,3,4,4,1,128,1,0.99,0.95,0.2,0.01,1,D:\Python project\HGNN_PPO_USV_Scheduling\models\best_u2_t20_seed0.pth,0.2923112000571564,0.2871214000042528,0.5795231000520289,0.001786900102160871,0.14584960020147264,0.13554150017444044
PPO_full_u2_t20_seed0_20260521_211953,PPO,full,u2_t20,2,20,0,567,2026-05-21 21:27:02,428.30192110000644,-0.6771399090109735,0.01908459241918533,1095.4135009547183,1074.7275253869216,30.8732655068702,1.0,8,8,0,,,1077.7931937013868,360,,MinBattery_NearestTask,1235.4772701211982,1648.142715048298,0.017170005361549556,0.0004325064437580295,0.2582565378397703,0.0001,0.0003,0.0001,0.0003,,256,3,4,4,1,128,1,0.99,0.95,0.2,0.01,1,D:\Python project\HGNN_PPO_USV_Scheduling\models\best_u2_t20_seed0.pth,0.28852229996118695,0.29054079996421933,0.5791792999953032,0.00131720001809299,0.1496388998348266,0.13528990000486374
PPO_full_u2_t20_seed0_20260521_211953,PPO,full,u2_t20,2,20,0,568,2026-05-21 21:27:02,429.06799940008204,-0.6671733955730358,0.00240202000871619,1079.2906093158106,1072.6541890764167,3.8857629156051434,1.0,8,8,0,,,1077.7931937013868,360,,MinBattery_NearestTask,1235.4772701211982,1648.142715048298,-0.0017819153727032244,0.00036637251105275936,0.26348550245165825,0.0001,0.0003,0.0001,0.0003,,256,3,4,4,1,128,1,0.99,0.95,0.2,0.01,1,D:\Python project\HGNN_PPO_USV_Scheduling\models\best_u2_t20_seed0.pth,0.336330599966459,0.3242780000437051,0.660699600004591,0.0017464999109506607,0.17089969979133457,0.133438799995929
PPO_full_u2_t20_seed0_20260521_211953,PPO,full,u2_t20,2,20,0,569,2026-05-21 21:27:03,429.91471899999306,-0.6681191145376763,0.0032748023399737283,1080.8205048487575,1077.7931937013868,5.297668396779154,1.0,8,8,0,,,1077.7931937013868,360,,MinBattery_NearestTask,1235.4772701211982,1648.142715048298,-0.029140602215193212,0.0003261020719946828,0.24542062729597092,0.0001,0.0003,0.0001,0.0003,,256,3,4,4,1,128,1,0.99,0.95,0.2,0.01,1,D:\Python project\HGNN_PPO_USV_Scheduling\models\best_u2_t20_seed0.pth,0.29871800006367266,0.3652226999402046,0.6640823000343516,0.0014877000357955694,0.17971260019112378,0.178558100014925
PPO_full_u2_t20_seed0_20260521_211953,PPO,full,u2_t20,2,20,0,570,2026-05-21 21:27:04,430.90982860000804,-0.6700212429808761,0.007212246596077097,1083.8975900264345,1077.7931937013868,11.667296800002292,1.0,8,8,0,1077.7931937013868,1,1077.7931937013868,360,-12.763009100470368,MinBattery_NearestTask,1235.4772701211982,1648.142715048298,-0.01779500860720873,0.00032604861371510196,0.2262610923498869,0.0001,0.0003,0.0001,0.0003,,256,3,4,4,1,128,1,0.99,0.95,0.2,0.01,1,D:\Python project\HGNN_PPO_USV_Scheduling\models\best_u2_t20_seed0.pth,0.3387178999837488,0.295765099930577,0.871554399956949,0.001379600027576089,0.1567835999885574,0.13336509990040213
PPO_full_u2_t20_seed0_20260521_211953,PPO,full,u2_t20,2,20,0,571,2026-05-21 21:27:05,431.7770107999677,-0.6679026021721203,0.002497965134523328,1080.4702514296378,1077.7931937013868,4.04097395066799,1.0,8,8,0,,,1077.7931937013868,360,,MinBattery_NearestTask,1235.4772701211982,1648.142715048298,-0.07353399461135268,0.0003934222550014965,0.2104993276298046,0.0001,0.0003,0.0001,0.0003,,256,3,4,4,1,128,1,0.99,0.95,0.2,0.01,1,D:\Python project\HGNN_PPO_USV_Scheduling\models\best_u2_t20_seed0.pth,0.3434052000520751,0.3066409999737516,0.6502057000761852,0.0019488000543788075,0.1561296998988837,0.13039050006773323
PPO_full_u2_t20_seed0_20260521_211953,PPO,full,u2_t20,2,20,0,572,2026-05-21 21:27:06,432.4762761000311,-0.6664643774295426,0.0005731307487603512,1078.143626193905,1077.7931937013868,0.9271572265196462,1.0,8,8,0,,,1077.7931937013868,360,,MinBattery_NearestTask,1235.4772701211982,1648.142715048298,0.00738783273845911,0.00040594347956357524,0.23312769830226898,0.0001,0.0003,0.0001,0.0003,,256,3,4,4,1,128,1,0.99,0.95,0.2,0.01,1,D:\Python project\HGNN_PPO_USV_Scheduling\models\best_u2_t20_seed0.pth,0.30823580001015216,0.2879857999505475,0.5963288999628276,0.0013180999085307121,0.1491160001605749,0.13365179987158626
PPO_full_u2_t20_seed0_20260521_211953,PPO,full,u2_t20,2,20,0,573,2026-05-21 21:27:07,433.2526325000217,-0.6666467311890344,0.0006910481248625185,1078.4386210205855,1077.7931937013868,1.1179129094451041,1.0,8,8,0,,,1077.7931937013868,360,,MinBattery_NearestTask,1235.4772701211982,1648.142715048298,-0.01869602606166154,0.0003267672327638138,0.2333540078252554,0.0001,0.0003,0.0001,0.0003,,256,3,4,4,1,128,1,0.99,0.95,0.2,0.01,1,D:\Python project\HGNN_PPO_USV_Scheduling\models\best_u2_t20_seed0.pth,0.30370550008956343,0.34447239991277456,0.6483103000791743,0.0016342999879270792,0.17669909982942045,0.16310649982187897
PPO_full_u2_t20_seed0_20260521_211953,PPO,full,u2_t20,2,20,0,574,2026-05-21 21:27:07,434.03011849999893,-0.667557672143368,0.0021001436541245692,1079.9122559469438,1077.1190392680535,3.3974156331039294,1.0,8,8,0,,,1077.7931937013868,360,,MinBattery_NearestTask,1235.4772701211982,1648.142715048298,-0.02582672209246084,0.00031404222318087704,0.30018624290823936,0.0001,0.0003,0.0001,0.0003,,256,3,4,4,1,128,1,0.99,0.95,0.2,0.01,1,D:\Python project\HGNN_PPO_USV_Scheduling\models\best_u2_t20_seed0.pth,0.3228274999419227,0.35577490006107837,0.6786845999304205,0.0017757000168785453,0.18566120008472353,0.16537129995413125
PPO_full_u2_t20_seed0_20260521_211953,PPO,full,u2_t20,2,20,0,575,2026-05-21 21:27:08,434.73768220003694,-0.6836805079759887,0.03049173522229075,1105.9942691464394,1077.2001555973345,49.326672354638156,1.0,8,8,0,,,1077.7931937013868,360,,MinBattery_NearestTask,1235.4772701211982,1648.142715048298,0.016475169453769922,0.00043791389543912373,0.2929549776017666,0.0001,0.0003,0.0001,0.0003,,256,3,4,4,1,128,1,0.99,0.95,0.2,0.01,1,D:\Python project\HGNN_PPO_USV_Scheduling\models\best_u2_t20_seed0.pth,0.2889722000109032,0.3100535999983549,0.5991214999230579,0.0013931000139564276,0.17153200006578118,0.1323274999158457
PPO_full_u2_t20_seed0_20260521_211953,PPO,full,u2_t20,2,20,0,576,2026-05-21 21:27:09,435.46878970006946,-0.6723782391528366,0.006660941694259378,1087.7105175973925,1077.7931937013868,10.775447383718843,1.0,8,8,0,,,1077.7931937013868,360,,MinBattery_NearestTask,1235.4772701211982,1648.142715048298,0.0724344493355602,0.00031916146872390527,0.319335225969553,0.0001,0.0003,0.0001,0.0003,,256,3,4,4,1,128,1,0.99,0.95,0.2,0.01,1,D:\Python project\HGNN_PPO_USV_Scheduling\models\best_u2_t20_seed0.pth,0.30541979998815805,0.3249831999419257,0.6304992999648675,0.0018892999505624175,0.1643292000517249,0.14196639985311776
PPO_full_u2_t20_seed0_20260521_211953,PPO,full,u2_t20,2,20,0,577,2026-05-21 21:27:10,436.17808350000996,-0.6929352135393673,0.022164396965788112,1120.965664697903,1077.7931937013868,35.85548474362722,1.0,8,8,0,,,1077.7931937013868,360,,MinBattery_NearestTask,1235.4772701211982,1648.142715048298,0.019329476868733764,0.00040763113065622747,0.33796077966690063,0.0001,0.0003,0.0001,0.0003,,256,3,4,4,1,128,1,0.99,0.95,0.2,0.01,1,D:\Python project\HGNN_PPO_USV_Scheduling\models\best_u2_t20_seed0.pth,0.30097680003382266,0.30724160000681877,0.6083089000312611,0.0014666999923065305,0.154796399991028,0.12661470007151365
PPO_full_u2_t20_seed0_20260521_211953,PPO,full,u2_t20,2,20,0,578,2026-05-21 21:27:10,436.8904801000608,-0.6742256124309356,0.016218564696978324,1090.6990249991916,1077.7931937013868,26.236874387047404,1.0,8,8,0,,,1077.7931937013868,360,,MinBattery_NearestTask,1235.4772701211982,1648.142715048298,-0.010215264046564698,0.00044132965558674186,0.27104973420500755,0.0001,0.0003,0.0001,0.0003,,256,3,4,4,1,128,1,0.99,0.95,0.2,0.01,1,D:\Python project\HGNN_PPO_USV_Scheduling\models\best_u2_t20_seed0.pth,0.31807389995083213,0.2909334000432864,0.6092453999444842,0.001693099969998002,0.14528499997686595,0.13960540003608912
PPO_full_u2_t20_seed0_20260521_211953,PPO,full,u2_t20,2,20,0,579,2026-05-21 21:27:11,437.663996300078,-0.6878881608896361,0.030372802319608833,1112.8010157989484,1077.7931937013868,49.13427384796058,1.0,8,8,0,,,1077.7931937013868,360,,MinBattery_NearestTask,1235.4772701211982,1648.142715048298,-0.024777556071057916,0.0005019759191782214,0.29806411266326904,0.0001,0.0003,0.0001,0.0003,,256,3,4,4,1,128,1,0.99,0.95,0.2,0.01,1,D:\Python project\HGNN_PPO_USV_Scheduling\models\best_u2_t20_seed0.pth,0.3458530999487266,0.32208189996890724,0.6680462999502197,0.0019117000047117472,0.1643661999842152,0.1506113997893408
PPO_full_u2_t20_seed0_20260521_211953,PPO,full,u2_t20,2,20,0,580,2026-05-21 21:27:12,438.59207850007806,-0.6701064532045526,0.004648925847897597,1084.035435142625,1077.7931937013868,7.520596660980252,1.0,8,8,0,1080.3749029781816,1,1077.7931937013868,360,-12.554044569982365,MinBattery_NearestTask,1235.4772701211982,1648.142715048298,0.01077011611778289,0.00036430735963222105,0.2238532043993473,0.0001,0.0003,0.0001,0.0003,,256,3,4,4,1,128,1,0.99,0.95,0.2,0.01,1,D:\Python project\HGNN_PPO_USV_Scheduling\models\best_u2_t20_seed0.pth,0.30740970000624657,0.2963304000440985,0.8425601000199094,0.0015359999379143119,0.15888620004989207,0.13128569978289306
PPO_full_u2_t20_seed0_20260521_211953,PPO,full,u2_t20,2,20,0,581,2026-05-21 21:27:13,439.29021140001714,-0.7213352154914214,0.09365316663374895,1166.9085269504903,1077.7931937013868,151.50331825458548,1.0,8,8,0,,,1077.7931937013868,360,,MinBattery_NearestTask,1235.4772701211982,1648.142715048298,0.018989478063303977,0.001958863082109019,0.2368040233850479,0.0001,0.0003,0.0001,0.0003,,256,3,4,4,1,128,1,0.99,0.95,0.2,0.01,1,D:\Python project\HGNN_PPO_USV_Scheduling\models\best_u2_t20_seed0.pth,0.2857600999996066,0.3180252000456676,0.6038878000108525,0.001291800057515502,0.15071259997785091,0.14907000004313886
PPO_full_u2_t20_seed0_20260521_211953,PPO,full,u2_t20,2,20,0,582,2026-05-21 21:27:13,439.96815069997683,-0.6693686672630759,0.0045325145424099916,1082.8419141725071,1077.7931937013868,7.332277357985511,1.0,8,8,0,,,1077.7931937013868,360,,MinBattery_NearestTask,1235.4772701211982,1648.142715048298,0.004318339750170708,0.0006079120321373921,0.21119066327810287,0.0001,0.0003,0.0001,0.0003,,256,3,4,4,1,128,1,0.99,0.95,0.2,0.01,1,D:\Python project\HGNN_PPO_USV_Scheduling\models\best_u2_t20_seed0.pth,0.2809135999996215,0.29784699995070696,0.578870499972254,0.0013116999762132764,0.1548105002148077,0.1376945999218151
PPO_full_u2_t20_seed0_20260521_211953,PPO,full,u2_t20,2,20,0,583,2026-05-21 21:27:14,440.65514589997474,-0.6672451964204029,0.000772615291458177,1079.4067619993834,1077.7931937013868,1.2498646292219098,1.0,8,8,0,,,1077.7931937013868,360,,MinBattery_NearestTask,1235.4772701211982,1648.142715048298,-0.005881953868083656,0.00044302107198745944,0.23239274881780148,0.0001,0.0003,0.0001,0.0003,,256,3,4,4,1,128,1,0.99,0.95,0.2,0.01,1,D:\Python project\HGNN_PPO_USV_Scheduling\models\best_u2_t20_seed0.pth,0.2800436000106856,0.30825959995854646,0.5883979999925941,0.001313400105573237,0.15745109994895756,0.14578349993098527
PPO_full_u2_t20_seed0_20260521_211953,PPO,full,u2_t20,2,20,0,584,2026-05-21 21:27:15,441.38043050002307,-0.6940059039209385,0.034543328027232735,1122.697727280108,1077.7931937013868,55.880959585155736,1.0,8,8,0,,,1077.7931937013868,360,,MinBattery_NearestTask,1235.4772701211982,1648.142715048298,0.05005729931872338,0.0006495122324849945,0.32069788314402103,0.0001,0.0003,0.0001,0.0003,,256,3,4,4,1,128,1,0.99,0.95,0.2,0.01,1,D:\Python project\HGNN_PPO_USV_Scheduling\models\best_u2_t20_seed0.pth,0.2968616000143811,0.3099264999618754,0.6069058999419212,0.0013918000040575862,0.14998019998893142,0.1334928999422118
PPO_full_u2_t20_seed0_20260521_211953,PPO,full,u2_t20,2,20,0,585,2026-05-21 21:27:16,442.23430870007724,-0.6766682109931822,0.018837928132481162,1094.6504320967374,1077.7931937013868,30.47423513476618,1.0,8,8,0,,,1077.7931937013868,360,,MinBattery_NearestTask,1235.4772701211982,1648.142715048298,-0.009653052082285285,0.0004626671361620538,0.27810085751116276,0.0001,0.0003,0.0001,0.0003,,256,3,4,4,1,128,1,0.99,0.95,0.2,0.01,1,D:\Python project\HGNN_PPO_USV_Scheduling\models\best_u2_t20_seed0.pth,0.3814267999259755,0.3640759000554681,0.7456307000247762,0.0019564999965950847,0.19082569982856512,0.14400450000539422
PPO_full_u2_t20_seed0_20260521_211953,PPO,full,u2_t20,2,20,0,586,2026-05-21 21:27:16,442.8979290999705,-0.6845661492978685,0.03278705485993279,1107.4269766978337,1077.7931937013868,53.03982540708784,1.0,8,8,0,,,1077.7931937013868,360,,MinBattery_NearestTask,1235.4772701211982,1648.142715048298,-0.035691664612386376,0.0004792418603756232,0.3461194895207882,0.0001,0.0003,0.0001,0.0003,,256,3,4,4,1,128,1,0.99,0.95,0.2,0.01,1,D:\Python project\HGNN_PPO_USV_Scheduling\models\best_u2_t20_seed0.pth,0.28584510006476194,0.2718285999726504,0.5577803000342101,0.0013381000608205795,0.1397429999196902,0.12637180008459836
PPO_full_u2_t20_seed0_20260521_211953,PPO,full,u2_t20,2,20,0,587,2026-05-21 21:27:17,443.6435983000556,-0.6721934095436884,0.006202201980741642,1087.4115175731101,1077.2001555973345,10.033341256278488,1.0,8,8,0,,,1077.7931937013868,360,,MinBattery_NearestTask,1235.4772701211982,1648.142715048298,-0.0003154934092890471,0.0003741028158401605,0.29375816881656647,0.0001,0.0003,0.0001,0.0003,,256,3,4,4,1,128,1,0.99,0.95,0.2,0.01,1,D:\Python project\HGNN_PPO_USV_Scheduling\models\best_u2_t20_seed0.pth,0.297512200078927,0.3451483999378979,0.6427545000333339,0.0017417999915778637,0.17865949997212738,0.160732900374569
PPO_full_u2_t20_seed0_20260521_211953,PPO,full,u2_t20,2,20,0,588,2026-05-21 21:27:18,444.326642,-0.6809226764634697,0.021959874969874414,1101.5329077173305,1077.7931937013868,35.524628221090694,1.0,8,8,0,,,1077.7931937013868,360,,MinBattery_NearestTask,1235.4772701211982,1648.142715048298,0.0798912710743025,0.0004299702304706443,0.30463193729519844,0.0001,0.0003,0.0001,0.0003,,256,3,4,4,1,128,1,0.99,0.95,0.2,0.01,1,D:\Python project\HGNN_PPO_USV_Scheduling\models\best_u2_t20_seed0.pth,0.2864865999436006,0.2867384999990463,0.5733285999158397,0.001268099993467331,0.1527528999140486,0.12886279996018857
PPO_full_u2_t20_seed0_20260521_211953,PPO,full,u2_t20,2,20,0,589,2026-05-21 21:27:18,445.0009781999979,-0.6688204469268063,0.002191299809338919,1081.9550546773626,1077.7931937013868,3.544879520238792,1.0,8,8,0,,,1077.7931937013868,360,,MinBattery_NearestTask,1235.4772701211982,1648.142715048298,0.03572469457867555,0.0003534715324349236,0.24106597900390625,0.0001,0.0003,0.0001,0.0003,,256,3,4,4,1,128,1,0.99,0.95,0.2,0.01,1,D:\Python project\HGNN_PPO_USV_Scheduling\models\best_u2_t20_seed0.pth,0.29158059996552765,0.28285149997100234,0.5745408999500796,0.0013415999710559845,0.14768860000185668,0.12892969977110624
PPO_full_u2_t20_seed0_20260521_211953,PPO,full,u2_t20,2,20,0,590,2026-05-21 21:27:19,446.00042960001156,-0.6726744168330614,0.004425213221947776,1088.189646098434,1077.7931937013868,7.158695335215227,1.0,8,8,0,1077.7931937013868,1,1077.7931937013868,360,-12.763009100470368,MinBattery_NearestTask,1235.4772701211982,1648.142715048298,-0.059718085918575525,0.0003416005965846125,0.31057924032211304,0.0001,0.0003,0.0001,0.0003,,256,3,4,4,1,128,1,0.99,0.95,0.2,0.01,1,D:\Python project\HGNN_PPO_USV_Scheduling\models\best_u2_t20_seed0.pth,0.35982859996147454,0.3336502000456676,0.9163412000052631,0.0015391999622806907,0.16960399982053787,0.14170280017424375
PPO_full_u2_t20_seed0_20260521_211953,PPO,full,u2_t20,2,20,0,591,2026-05-21 21:27:20,446.6776380999945,-0.6800881160459278,0.030075712418064112,1100.1828340670074,1077.7931937013868,48.653669640737455,1.0,8,8,0,,,1077.7931937013868,360,,MinBattery_NearestTask,1235.4772701211982,1648.142715048298,0.010387145914137363,0.0005060052571934648,0.27941655181348324,0.0001,0.0003,0.0001,0.0003,,256,3,4,4,1,128,1,0.99,0.95,0.2,0.01,1,D:\Python project\HGNN_PPO_USV_Scheduling\models\best_u2_t20_seed0.pth,0.29970570001751184,0.27676969999447465,0.5765678000170738,0.0014909000601619482,0.13687269994989038,0.13455600012093782
PPO_full_u2_t20_seed0_20260521_211953,PPO,full,u2_t20,2,20,0,592,2026-05-21 21:27:21,447.3837867999682,-0.6737386083903953,0.01818033428316583,1089.9111954916877,1077.7931937013868,29.41044141784151,1.0,8,8,0,,,1077.7931937013868,360,,MinBattery_NearestTask,1235.4772701211982,1648.142715048298,0.13656701752915978,0.00037162886656005867,0.22052396461367607,0.0001,0.0003,0.0001,0.0003,,256,3,4,4,1,128,1,0.99,0.95,0.2,0.01,1,D:\Python project\HGNN_PPO_USV_Scheduling\models\best_u2_t20_seed0.pth,0.29681780003011227,0.29835349996574223,0.5952827000292018,0.0016795999836176634,0.15201019996311516,0.14059620012994856
PPO_full_u2_t20_seed0_20260521_211953,PPO,full,u2_t20,2,20,0,593,2026-05-21 21:27:21,448.09800410002936,-0.6754938244075825,0.020822756888389228,1092.7506195113515,1077.7931937013868,33.68510512983185,1.0,8,8,0,,,1077.7931937013868,360,,MinBattery_NearestTask,1235.4772701211982,1648.142715048298,0.018219982273876667,0.0003645319084171206,0.22753406688570976,0.0001,0.0003,0.0001,0.0003,,256,3,4,4,1,128,1,0.99,0.95,0.2,0.01,1,D:\Python project\HGNN_PPO_USV_Scheduling\models\best_u2_t20_seed0.pth,0.3182834000326693,0.2982994000194594,0.6166862000245601,0.0017371000722050667,0.1421390000032261,0.13591219985391945
PPO_full_u2_t20_seed0_20260521_211953,PPO,full,u2_t20,2,20,0,594,2026-05-21 21:27:22,448.787513300078,-0.6727593944302341,0.010638385971596479,1088.327114893262,1077.2001555973345,17.20978407353801,1.0,8,8,0,,,1077.7931937013868,360,,MinBattery_NearestTask,1235.4772701211982,1648.142715048298,0.050851997919380665,0.0003607398866734002,0.24005926959216595,0.0001,0.0003,0.0001,0.0003,,256,3,4,4,1,128,1,0.99,0.95,0.2,0.01,1,D:\Python project\HGNN_PPO_USV_Scheduling\models\best_u2_t20_seed0.pth,0.2934254000429064,0.3057091999799013,0.5992369999876246,0.0012818999821320176,0.15517869987525046,0.12148050009272993
PPO_full_u2_t20_seed0_20260521_211953,PPO,full,u2_t20,2,20,0,595,2026-05-21 21:27:23,449.5160337999696,-0.6676650761760075,0.002076175006564783,1080.0860041278509,1077.7931937013868,3.358641400796494,1.0,8,8,0,,,1077.7931937013868,360,,MinBattery_NearestTask,1235.4772701211982,1648.142715048298,0.03618959686718881,0.0003087453078478575,0.2237985711544752,0.0001,0.0003,0.0001,0.0003,,256,3,4,4,1,128,1,0.99,0.95,0.2,0.01,1,D:\Python project\HGNN_PPO_USV_Scheduling\models\best_u2_t20_seed0.pth,0.284540000022389,0.30388749996200204,0.5885418000398204,0.0014432999305427074,0.16393130004871637,0.13406810001470149
PPO_full_u2_t20_seed0_20260521_211953,PPO,full,u2_t20,2,20,0,596,2026-05-21 21:27:24,450.21342510008253,-0.6896328084377776,0.023782752441617018,1115.6233431395908,1083.2169352040794,38.473508602472386,1.0,8,8,0,,,1077.7931937013868,360,,MinBattery_NearestTask,1235.4772701211982,1648.142715048298,-0.0506392817478627,0.0005334444358595647,0.40129561349749565,0.0001,0.0003,0.0001,0.0003,,256,3,4,4,1,128,1,0.99,0.95,0.2,0.01,1,D:\Python project\HGNN_PPO_USV_Scheduling\models\best_u2_t20_seed0.pth,0.31204090011306107,0.2902106000110507,0.6023496999405324,0.0017371000722050667,0.14095229981467128,0.14377300010528415
PPO_full_u2_t20_seed0_20260521_211953,PPO,full,u2_t20,2,20,0,597,2026-05-21 21:27:24,450.9120447000023,-0.6897521764439785,0.019082994964771317,1115.8164455159745,1077.7931937013868,30.870681294790792,1.0,8,8,0,,,1077.7931937013868,360,,MinBattery_NearestTask,1235.4772701211982,1648.142715048298,-0.005477428436279297,0.0004317114799050614,0.45550860837101936,0.0001,0.0003,0.0001,0.0003,,256,3,4,4,1,128,1,0.99,0.95,0.2,0.01,1,D:\Python project\HGNN_PPO_USV_Scheduling\models\best_u2_t20_seed0.pth,0.30669450003188103,0.2904558000154793,0.5972545000258833,0.0015236999606713653,0.15001720027066767,0.134671600186266
PPO_full_u2_t20_seed0_20260521_211953,PPO,full,u2_t20,2,20,0,598,2026-05-21 21:27:25,451.58037420001347,-0.6852914284326619,0.016225408955682804,1108.6002653279097,1082.450970042199,26.24794638751459,1.0,8,8,0,,,1077.7931937013868,360,,MinBattery_NearestTask,1235.4772701211982,1648.142715048298,0.044187985360622406,0.0004064250460942276,0.41630010306835175,0.0001,0.0003,0.0001,0.0003,,256,3,4,4,1,128,1,0.99,0.95,0.2,0.01,1,D:\Python project\HGNN_PPO_USV_Scheduling\models\best_u2_t20_seed0.pth,0.27394270000513643,0.2805487000150606,0.5545784001005813,0.001272300025448203,0.15098179981578141,0.12461119994986802
PPO_full_u2_t20_seed0_20260521_211953,PPO,full,u2_t20,2,20,0,599,2026-05-21 21:27:26,452.3161971999798,-0.6791685656874622,0.017187990390893484,1098.6952716532926,1080.5966536415324,27.80512044544047,1.0,8,8,0,,,1077.7931937013868,360,,MinBattery_NearestTask,1235.4772701211982,1648.142715048298,0.0016871967818588018,0.00038834258521092124,0.41303956881165504,0.0001,0.0003,0.0001,0.0003,,256,3,4,4,1,128,1,0.99,0.95,0.2,0.01,1,D:\Python project\HGNN_PPO_USV_Scheduling\models\best_u2_t20_seed0.pth,0.28579639992676675,0.3446285000536591,0.6305292999604717,0.0013408999657258391,0.1554830998647958,0.16911130002699792
PPO_full_u2_t20_seed0_20260521_211953,PPO,full,u2_t20,2,20,0,600,2026-05-21 21:27:27,453.25048990000505,-0.6993896046346917,0.031244357855742658,1131.406973875185,1072.6541890764167,50.54419473492658,1.0,8,8,0,1127.5811164560625,1,1077.7931937013868,360,-8.73315570221306,MinBattery_NearestTask,1235.4772701211982,1648.142715048298,0.0573348049656488,0.0005349745151761454,0.6076714731752872,0.0001,0.0003,0.0001,0.0003,,256,3,4,4,1,128,1,0.99,0.95,0.2,0.01,1,D:\Python project\HGNN_PPO_USV_Scheduling\models\best_u2_t20_seed0.pth,0.3120196999516338,0.3094474000390619,0.839546800008975,0.001554699963890016,0.1480758999241516,0.15574619977269322
PPO_full_u2_t20_seed0_20260521_211953,PPO,full,u2_t20,2,20,0,601,2026-05-21 21:27:27,453.9835225000279,-0.780876869519679,0.10664638482403989,1263.2294361507652,1121.9125777240874,172.52252925823709,1.0,8,8,0,,,1077.7931937013868,360,,MinBattery_NearestTask,1235.4772701211982,1648.142715048298,-0.061645559733733535,0.0026794165169121698,0.7195316553115845,0.0001,0.0003,0.0001,0.0003,,256,3,4,4,1,128,1,0.99,0.95,0.2,0.01,1,D:\Python project\HGNN_PPO_USV_Scheduling\models\best_u2_t20_seed0.pth,0.3121243000496179,0.3210211000405252,0.6332351000746712,0.001866400009021163,0.14801679993979633,0.14646509976591915
PPO_full_u2_t20_seed0_20260521_211953,PPO,full,u2_t20,2,20,0,602,2026-05-21 21:27:28,454.7502528000623,-0.8109269304401998,0.12968785390352733,1311.8416092021644,1080.5966536415324,209.79685909114633,1.0,8,8,0,,,1077.7931937013868,360,,MinBattery_NearestTask,1235.4772701211982,1648.142715048298,0.0009586207452230155,0.002819061919581145,0.6915479823946953,0.0001,0.0003,0.0001,0.0003,,256,3,4,4,1,128,1,0.99,0.95,0.2,0.01,1,D:\Python project\HGNN_PPO_USV_Scheduling\models\best_u2_t20_seed0.pth,0.3155342999380082,0.34905520000029355,0.6647033999906853,0.0015713999746367335,0.17402040003798902,0.1436153999529779
PPO_full_u2_t20_seed0_20260521_211953,PPO,full,u2_t20,2,20,0,603,2026-05-21 21:27:29,455.4153963000281,-0.7834970014270386,0.12484569197622908,1267.4680400602524,1097.0614303602151,201.9636632059435,1.0,8,8,0,,,1077.7931937013868,360,,MinBattery_NearestTask,1235.4772701211982,1648.142715048298,0.006344681431073695,0.002640267586684786,0.6301184818148613,0.0001,0.0003,0.0001,0.0003,,256,3,4,4,1,128,1,0.99,0.95,0.2,0.01,1,D:\Python project\HGNN_PPO_USV_Scheduling\models\best_u2_t20_seed0.pth,0.2836736999452114,0.2783623000141233,0.5621921999845654,0.0013466000091284513,0.14776659989729524,0.12348690000362694
PPO_full_u2_t20_seed0_20260521_211953,PPO,full,u2_t20,2,20,0,604,2026-05-21 21:27:29,456.0821482000174,-0.700060987533668,0.02792369265126398,1132.4930742247025,1077.2001555973345,45.172333693019596,1.0,8,8,0,,,1077.7931937013868,360,,MinBattery_NearestTask,1235.4772701211982,1648.142715048298,0.01630364207085222,0.0009899118886096403,0.48729971051216125,0.0001,0.0003,0.0001,0.0003,,256,3,4,4,1,128,1,0.99,0.95,0.2,0.01,1,D:\Python project\HGNN_PPO_USV_Scheduling\models\best_u2_t20_seed0.pth,0.2829515999183059,0.272565699997358,0.5556189999915659,0.0013416999718174338,0.14197589992545545,0.12502489995677024
PPO_full_u2_t20_seed0_20260521_211953,PPO,full,u2_t20,2,20,0,605,2026-05-21 21:27:30,456.7581904999679,-0.7379212567466342,0.11908364205968687,1193.739870483157,1074.3115351384224,192.64235871958653,1.0,8,8,0,,,1077.7931937013868,360,,MinBattery_NearestTask,1235.4772701211982,1648.142715048298,0.010719217476435006,0.00300384103320539,0.4932050183415413,0.0001,0.0003,0.0001,0.0003,,256,3,4,4,1,128,1,0.99,0.95,0.2,0.01,1,D:\Python project\HGNN_PPO_USV_Scheduling\models\best_u2_t20_seed0.pth,0.2986877999501303,0.27918970002792776,0.577969399979338,0.0012839999981224537,0.14662689995020628,0.12744209996890277
PPO_full_u2_t20_seed0_20260521_211953,PPO,full,u2_t20,2,20,0,606,2026-05-21 21:27:31,457.43198560003657,-0.734293953180003,0.08265350723691442,1187.8719586290872,1084.22185829657,133.70909988279433,1.0,8,8,0,,,1077.7931937013868,360,,MinBattery_NearestTask,1235.4772701211982,1648.142715048298,-0.009547335968818516,0.0018384869035799056,0.4942546375095844,0.0001,0.0003,0.0001,0.0003,,256,3,4,4,1,128,1,0.99,0.95,0.2,0.01,1,D:\Python project\HGNN_PPO_USV_Scheduling\models\best_u2_t20_seed0.pth,0.28604620008263737,0.2810043999925256,0.5671801000135019,0.0012848000042140484,0.14934869995340705,0.12512390012852848
PPO_full_u2_t20_seed0_20260521_211953,PPO,full,u2_t20,2,20,0,607,2026-05-21 21:27:31,458.08871070004534,-0.7081465691255955,0.07085867683735615,1145.5731705548756,1072.6541890764167,114.6285283654274,1.0,8,8,0,,,1077.7931937013868,360,,MinBattery_NearestTask,1235.4772701211982,1648.142715048298,0.015227065305225551,0.0013966204860480502,0.40226639062166214,0.0001,0.0003,0.0001,0.0003,,256,3,4,4,1,128,1,0.99,0.95,0.2,0.01,1,D:\Python project\HGNN_PPO_USV_Scheduling\models\best_u2_t20_seed0.pth,0.27464469999540597,0.27965339994989336,0.5543859999161214,0.0013246000744402409,0.1472534000640735,0.12722820008639246
PPO_full_u2_t20_seed0_20260521_211953,PPO,full,u2_t20,2,20,0,608,2026-05-21 21:27:32,458.8268291000277,-0.6912807907132603,0.024420999397704573,1118.289294459067,1077.1190392680535,39.50600472821802,1.0,8,8,0,,,1077.7931937013868,360,,MinBattery_NearestTask,1235.4772701211982,1648.142715048298,-0.0068311814102344215,0.0004763256438309327,0.4740626625716686,0.0001,0.0003,0.0001,0.0003,,256,3,4,4,1,128,1,0.99,0.95,0.2,0.01,1,D:\Python project\HGNN_PPO_USV_Scheduling\models\best_u2_t20_seed0.pth,0.328404099913314,0.30682320008054376,0.6353262999327853,0.0015904000028967857,0.1504852999933064,0.13165880006272346
PPO_full_u2_t20_seed0_20260521_211953,PPO,full,u2_t20,2,20,0,609,2026-05-21 21:27:33,459.5037322000135,-0.6728721717213684,0.011759862146717594,1088.5095554283212,1077.2001555973345,19.02400315423151,1.0,8,8,0,,,1077.7931937013868,360,,MinBattery_NearestTask,1235.4772701211982,1648.142715048298,-0.0032376807648688555,0.0003334854391141562,0.4088803753256798,0.0001,0.0003,0.0001,0.0003,,256,3,4,4,1,128,1,0.99,0.95,0.2,0.01,1,D:\Python project\HGNN_PPO_USV_Scheduling\models\best_u2_t20_seed0.pth,0.28621779999230057,0.2950530999805778,0.5813588999444619,0.001309499959461391,0.14622510015033185,0.1213788001332432
PPO_full_u2_t20_seed0_20260521_211953,PPO,full,u2_t20,2,20,0,610,2026-05-21 21:27:34,460.3910397000145,-0.6835508042620522,0.014198048038751989,1105.7844466304728,1076.095253414415,22.968271847348067,1.0,8,8,0,1097.0614303602151,1,1077.7931937013868,360,-11.203430699085605,MinBattery_NearestTask,1235.4772701211982,1648.142715048298,0.0003330197068862617,0.0004041346983285621,0.4351041167974472,0.0001,0.0003,0.0001,0.0003,,256,3,4,4,1,128,1,0.99,0.95,0.2,0.01,1,D:\Python project\HGNN_PPO_USV_Scheduling\models\best_u2_t20_seed0.pth,0.28171789995394647,0.3193450999679044,0.7929622000083327,0.0012420999119058251,0.15612120018340647,0.13727310008835047
PPO_full_u2_t20_seed0_20260521_211953,PPO,full,u2_t20,2,20,0,611,2026-05-21 21:27:35,461.1287145999959,-0.694364257564418,0.02767589454746155,1123.2774382289972,1083.9749354786416,44.77146913784569,1.0,8,8,0,,,1077.7931937013868,360,,MinBattery_NearestTask,1235.4772701211982,1648.142715048298,0.002834539220202714,0.0005261774713289924,0.48283711075782776,0.0001,0.0003,0.0001,0.0003,,256,3,4,4,1,128,1,0.99,0.95,0.2,0.01,1,D:\Python project\HGNN_PPO_USV_Scheduling\models\best_u2_t20_seed0.pth,0.28126489999704063,0.35355639993213117,0.6349087000126019,0.0013294999953359365,0.16738020000047982,0.17095590010285378
PPO_full_u2_t20_seed0_20260521_211953,PPO,full,u2_t20,2,20,0,612,2026-05-21 21:27:35,461.8574827000266,-0.692490605542492,0.024579603778885347,1120.246419537592,1085.0615038331694,39.76258003583761,1.0,8,8,0,,,1077.7931937013868,360,,MinBattery_NearestTask,1235.4772701211982,1648.142715048298,-0.021556747029535472,0.00047784212802071124,0.40336108580231667,0.0001,0.0003,0.0001,0.0003,,256,3,4,4,1,128,1,0.99,0.95,0.2,0.01,1,D:\Python project\HGNN_PPO_USV_Scheduling\models\best_u2_t20_seed0.pth,0.2984938001027331,0.32362350006587803,0.622209700057283,0.0013614000054076314,0.16111760027706623,0.14063350018113852
PPO_full_u2_t20_seed0_20260521_211953,PPO,full,u2_t20,2,20,0,613,2026-05-21 21:27:36,462.5854260000633,-0.6897171663121763,0.029996361763022582,1115.759809404979,1077.7931937013868,48.525303585679396,1.0,8,8,0,,,1077.7931937013868,360,,MinBattery_NearestTask,1235.4772701211982,1648.142715048298,0.029047383781289682,0.000548773674381664,0.3499257527291775,0.0001,0.0003,0.0001,0.0003,,256,3,4,4,1,128,1,0.99,0.95,0.2,0.01,1,D:\Python project\HGNN_PPO_USV_Scheduling\models\best_u2_t20_seed0.pth,0.30044480005744845,0.3098435999127105,0.6103839999996126,0.001328500104136765,0.15240940009243786,0.1277258002664894
PPO_full_u2_t20_seed0_20260521_211953,PPO,full,u2_t20,2,20,0,614,2026-05-21 21:27:37,463.30922459997237,-0.6730250314826787,0.005799768258542514,1088.7568376281495,1077.7931937013868,9.38232168606852,1.0,8,8,0,,,1077.7931937013868,360,,MinBattery_NearestTask,1235.4772701211982,1648.142715048298,0.010920585948042572,0.0003570078370103147,0.26343977451324463,0.0001,0.0003,0.0001,0.0003,,256,3,4,4,1,128,1,0.99,0.95,0.2,0.01,1,D:\Python project\HGNN_PPO_USV_Scheduling\models\best_u2_t20_seed0.pth,0.32364590000361204,0.29713610000908375,0.6208989000879228,0.0015113999834284186,0.15950969990808517,0.13184710021596402
PPO_full_u2_t20_seed0_20260521_211953,PPO,full,u2_t20,2,20,0,615,2026-05-21 21:27:37,463.99453020002693,-0.6835826166186145,0.024355317727949664,1105.8359096802972,1077.7931937013868,39.399751076856845,1.0,8,8,0,,,1077.7931937013868,360,,MinBattery_NearestTask,1235.4772701211982,1648.142715048298,-0.01869347711908631,0.0003858152595057618,0.29709188640117645,0.0001,0.0003,0.0001,0.0003,,256,3,4,4,1,128,1,0.99,0.95,0.2,0.01,1,D:\Python project\HGNN_PPO_USV_Scheduling\models\best_u2_t20_seed0.pth,0.28854340000543743,0.2952931000618264,0.5839347000000998,0.0013546999543905258,0.15237420005723834,0.13755590002983809
PPO_full_u2_t20_seed0_20260521_211953,PPO,full,u2_t20,2,20,0,616,2026-05-21 21:27:38,464.68288630002644,-0.6692127317030476,0.00446034924206269,1082.5896562336961,1077.2001555973345,7.215535096528211,1.0,8,8,0,,,1077.7931937013868,360,,MinBattery_NearestTask,1235.4772701211982,1648.142715048298,0.07963144686073065,0.00029561427618318703,0.2851284556090832,0.0001,0.0003,0.0001,0.0003,,256,3,4,4,1,128,1,0.99,0.95,0.2,0.01,1,D:\Python project\HGNN_PPO_USV_Scheduling\models\best_u2_t20_seed0.pth,0.30066459998488426,0.2877277999650687,0.5884827999398112,0.001601099967956543,0.15262690000236034,0.12957410013768822
PPO_full_u2_t20_seed0_20260521_211953,PPO,full,u2_t20,2,20,0,617,2026-05-21 21:27:39,465.3737038000254,-0.6787427746325574,0.025839365053515594,1098.0064667786696,1077.7931937013868,41.800503794053895,1.0,8,8,0,,,1077.7931937013868,360,,MinBattery_NearestTask,1235.4772701211982,1648.142715048298,0.019533769693225622,0.0004691318936238531,0.26077409088611603,0.0001,0.0003,0.0001,0.0003,,256,3,4,4,1,128,1,0.99,0.95,0.2,0.01,1,D:\Python project\HGNN_PPO_USV_Scheduling\models\best_u2_t20_seed0.pth,0.3210628000088036,0.27137029997538775,0.5925938000436872,0.0016414000419899821,0.13688769983127713,0.12887519993819296
PPO_full_u2_t20_seed0_20260521_211953,PPO,full,u2_t20,2,20,0,618,2026-05-21 21:27:39,466.08321429998614,-0.6684932308766107,0.0019478274794219427,1081.425715209487,1077.7931937013868,3.151012796758457,1.0,8,8,0,,,1077.7931937013868,360,,MinBattery_NearestTask,1235.4772701211982,1648.142715048298,-0.00877667378517799,0.0003540070683811791,0.2337634079158306,0.0001,0.0003,0.0001,0.0003,,256,3,4,4,1,128,1,0.99,0.95,0.2,0.01,1,D:\Python project\HGNN_PPO_USV_Scheduling\models\best_u2_t20_seed0.pth,0.28353049990255386,0.3037744000321254,0.5874121999368072,0.0013189000310376287,0.14121609972789884,0.14008450007531792
PPO_full_u2_t20_seed0_20260521_211953,PPO,full,u2_t20,2,20,0,619,2026-05-21 21:27:40,466.76480270002503,-0.6798977041658472,0.031504273584834985,1099.8748035678345,1077.2001555973345,50.96466204894751,1.0,8,8,0,,,1077.7931937013868,360,,MinBattery_NearestTask,1235.4772701211982,1648.142715048298,0.043535961594898254,0.00047059075950528495,0.24220014177262783,0.0001,0.0003,0.0001,0.0003,,256,3,4,4,1,128,1,0.99,0.95,0.2,0.01,1,D:\Python project\HGNN_PPO_USV_Scheduling\models\best_u2_t20_seed0.pth,0.29632280010264367,0.2821439999388531,0.5786626000190154,0.0012201000936329365,0.1491526000900194,0.12780880031641573
PPO_full_u2_t20_seed0_20260521_211953,PPO,full,u2_t20,2,20,0,620,2026-05-21 21:27:41,467.68537179997656,-0.6705635399544331,0.007195962846399937,1084.7748672603652,1077.7931937013868,11.640954475461728,1.0,8,8,0,1077.7931937013868,1,1077.7931937013868,360,-12.763009100470368,MinBattery_NearestTask,1235.4772701211982,1648.142715048298,-0.02960153529420495,0.00038559552922379225,0.20389648713171482,0.0001,0.0003,0.0001,0.0003,,256,3,4,4,1,128,1,0.99,0.95,0.2,0.01,1,D:\Python project\HGNN_PPO_USV_Scheduling\models\best_u2_t20_seed0.pth,0.3021101999329403,0.3167560000438243,0.8359687000047415,0.001753699965775013,0.17723729996941984,0.13307280000299215
PPO_full_u2_t20_seed0_20260521_211953,PPO,full,u2_t20,2,20,0,621,2026-05-21 21:27:42,468.4463409000309,-0.6689070054186048,0.0030652569763738604,1082.095080895396,1077.7931937013868,4.958685540658595,1.0,8,8,0,,,1077.7931937013868,360,,MinBattery_NearestTask,1235.4772701211982,1648.142715048298,-0.008151635964168236,0.00031166174812824465,0.19738623313605785,0.0001,0.0003,0.0001,0.0003,,256,3,4,4,1,128,1,0.99,0.95,0.2,0.01,1,D:\Python project\HGNN_PPO_USV_Scheduling\models\best_u2_t20_seed0.pth,0.3361293999478221,0.31637699995189905,0.6526148999109864,0.0015891999937593937,0.15149229997768998,0.14393710007425398
PPO_full_u2_t20_seed0_20260521_211953,PPO,full,u2_t20,2,20,0,622,2026-05-21 21:27:43,469.1550759000238,-0.6956964891707716,0.0749288343722707,1125.4325976998518,1077.7931937013868,121.21284787669362,1.0,8,8,0,,,1077.7931937013868,360,,MinBattery_NearestTask,1235.4772701211982,1648.142715048298,0.028025524443364702,0.001495389180490747,0.17307275161147118,0.0001,0.0003,0.0001,0.0003,,256,3,4,4,1,128,1,0.99,0.95,0.2,0.01,1,D:\Python project\HGNN_PPO_USV_Scheduling\models\best_u2_t20_seed0.pth,0.29069530009292066,0.3049047999083996,0.5956835999386385,0.001361000002361834,0.143284400110133,0.1325949003221467
PPO_full_u2_t20_seed0_20260521_211953,PPO,full,u2_t20,2,20,0,623,2026-05-21 21:27:43,469.843381499988,-0.666247754368122,0.0,1077.7931937013868,1077.7931937013868,0.0,1.0,8,8,0,,,1077.7931937013868,360,,MinBattery_NearestTask,1235.4772701211982,1648.142715048298,-0.04468928987625986,0.0004266212672519032,0.16621361952275038,0.0001,0.0003,0.0001,0.0003,,256,3,4,4,1,128,1,0.99,0.95,0.2,0.01,1,D:\Python project\HGNN_PPO_USV_Scheduling\models\best_u2_t20_seed0.pth,0.312356699956581,0.2752706001047045,0.587743500014767,0.0015981000615283847,0.14264490001369268,0.1265871999785304
PPO_full_u2_t20_seed0_20260521_211953,PPO,full,u2_t20,2,20,0,624,2026-05-21 21:27:44,470.55439190007746,-0.6680230367040193,0.004696955567710125,1080.6650791313696,1077.7931937013868,7.598294641603753,1.0,8,8,0,,,1077.7931937013868,360,,MinBattery_NearestTask,1235.4772701211982,1648.142715048298,0.026347747654654086,0.00034967625470017083,0.1598924808204174,0.0001,0.0003,0.0001,0.0003,,256,3,4,4,1,128,1,0.99,0.95,0.2,0.01,1,D:\Python project\HGNN_PPO_USV_Scheduling\models\best_u2_t20_seed0.pth,0.28725429996848106,0.31312780000735074,0.6004767999984324,0.0013098999625071883,0.16575700009707361,0.14083879999816418
PPO_full_u2_t20_seed0_20260521_211953,PPO,full,u2_t20,2,20,0,625,2026-05-21 21:27:45,471.2335333999945,-0.6752726836145744,0.024601809330130977,1092.3928786559545,1074.7275253869216,39.798502096119236,1.0,8,8,0,,,1077.7931937013868,360,,MinBattery_NearestTask,1235.4772701211982,1648.142715048298,0.018205953878350556,0.00042056652091559954,0.20356806181371212,0.0001,0.0003,0.0001,0.0003,,256,3,4,4,1,128,1,0.99,0.95,0.2,0.01,1,D:\Python project\HGNN_PPO_USV_Scheduling\models\best_u2_t20_seed0.pth,0.28662919998168945,0.2944223000667989,0.5811447000596672,0.0015181000344455242,0.14950030006002635,0.11974430014379323
PPO_full_u2_t20_seed0_20260521_211953,PPO,full,u2_t20,2,20,0,626,2026-05-21 21:27:45,471.93899150006473,-0.666247754368122,0.0,1077.7931937013868,1077.7931937013868,0.0,1.0,8,8,0,,,1077.7931937013868,360,,MinBattery_NearestTask,1235.4772701211982,1648.142715048298,-0.018143117078579962,0.00029480965531547554,0.12790267542004585,0.0001,0.0003,0.0001,0.0003,,256,3,4,4,1,128,1,0.99,0.95,0.2,0.01,1,D:\Python project\HGNN_PPO_USV_Scheduling\models\best_u2_t20_seed0.pth,0.2915052999742329,0.3117502999957651,0.6033477999735624,0.001828799955546856,0.15806010004598647,0.1479988001519814
PPO_full_u2_t20_seed0_20260521_211953,PPO,full,u2_t20,2,20,0,627,2026-05-21 21:27:46,472.66452290001325,-0.6679518156545489,0.003094767173163986,1080.5498643905103,1077.7931937013868,5.006424372101777,1.0,8,8,0,,,1077.7931937013868,360,,MinBattery_NearestTask,1235.4772701211982,1648.142715048298,0.003537899348884821,0.00033410331161576323,0.16888149455189705,0.0001,0.0003,0.0001,0.0003,,256,3,4,4,1,128,1,0.99,0.95,0.2,0.01,1,D:\Python project\HGNN_PPO_USV_Scheduling\models\best_u2_t20_seed0.pth,0.3107935000443831,0.29436239995993674,0.6052456999896094,0.002016299986280501,0.14220750017557293,0.1464659001212567
PPO_full_u2_t20_seed0_20260521_211953,PPO,full,u2_t20,2,20,0,628,2026-05-21 21:27:47,473.32973080000374,-0.668431384392716,0.005777342000449468,1081.325665762477,1077.7931937013868,9.346042586927991,1.0,8,8,0,,,1077.7931937013868,360,,MinBattery_NearestTask,1235.4772701211982,1648.142715048298,-0.027394585602451116,0.00032450189974042587,0.11129568982869387,0.0001,0.0003,0.0001,0.0003,,256,3,4,4,1,128,1,0.99,0.95,0.2,0.01,1,D:\Python project\HGNN_PPO_USV_Scheduling\models\best_u2_t20_seed0.pth,0.2898020000429824,0.2590307999635115,0.5489380999933928,0.0012752000475302339,0.13512240001000464,0.11859590013045818
PPO_full_u2_t20_seed0_20260521_211953,PPO,full,u2_t20,2,20,0,629,2026-05-21 21:27:47,474.01198150007986,-0.6668671225341827,0.0016386941373868467,1078.7951494894535,1077.7931937013868,2.650925839906176,1.0,8,8,0,,,1077.7931937013868,360,,MinBattery_NearestTask,1235.4772701211982,1648.142715048298,-0.016792690817965195,0.0003567472485883627,0.126680473331362,0.0001,0.0003,0.0001,0.0003,,256,3,4,4,1,128,1,0.99,0.95,0.2,0.01,1,D:\Python project\HGNN_PPO_USV_Scheduling\models\best_u2_t20_seed0.pth,0.3012649000156671,0.28002169996034354,0.5813753999536857,0.001297999988310039,0.1486604001838714,0.1261190000222996
PPO_full_u2_t20_seed0_20260521_211953,PPO,full,u2_t20,2,20,0,630,2026-05-21 21:27:48,474.92028269998264,-0.6968384445065189,0.03051467767772788,1127.2799460478348,1099.8712284128524,49.36378650947752,1.0,8,8,0,1099.8712284128524,1,1077.7931937013868,360,-10.976004576356402,MinBattery_NearestTask,1235.4772701211982,1648.142715048298,0.027037473279051483,0.0004929229980916716,0.14371034316718578,0.0001,0.0003,0.0001,0.0003,,256,3,4,4,1,128,1,0.99,0.95,0.2,0.01,1,D:\Python project\HGNN_PPO_USV_Scheduling\models\best_u2_t20_seed0.pth,0.2820607000030577,0.3297674000496045,0.8160187000175938,0.0015659999335184693,0.1800595000386238,0.13556600001174957
PPO_full_u2_t20_seed0_20260521_211953,PPO,full,u2_t20,2,20,0,631,2026-05-21 21:27:49,475.6220355000114,-0.6884026557788636,0.01896008879625806,1113.6333174257347,1093.7048558086062,30.671855210921894,1.0,8,8,0,,,1077.7931937013868,360,,MinBattery_NearestTask,1235.4772701211982,1648.142715048298,0.03479350602719933,0.0003884526086039841,0.13273624051362276,0.0001,0.0003,0.0001,0.0003,,256,3,4,4,1,128,1,0.99,0.95,0.2,0.01,1,D:\Python project\HGNN_PPO_USV_Scheduling\models\best_u2_t20_seed0.pth,0.2848198999417946,0.30504680005833507,0.590054800035432,0.0013951000291854143,0.1633191000437364,0.1357195001328364
PPO_full_u2_t20_seed0_20260521_211953,PPO,full,u2_t20,2,20,0,632,2026-05-21 21:27:50,476.323109399993,-0.6857896323481913,0.017080780424202604,1109.4062129438114,1093.7048558086062,27.631686206242158,1.0,8,8,0,,,1077.7931937013868,360,,MinBattery_NearestTask,1235.4772701211982,1648.142715048298,-0.004661441300413571,0.0004006396993645467,0.15918454714119434,0.0001,0.0003,0.0001,0.0003,,256,3,4,4,1,128,1,0.99,0.95,0.2,0.01,1,D:\Python project\HGNN_PPO_USV_Scheduling\models\best_u2_t20_seed0.pth,0.2933407999807969,0.29966000001877546,0.5930916999932379,0.0015221000649034977,0.1515368998516351,0.14263460005167872
PPO_full_u2_t20_seed0_20260521_211953,PPO,full,u2_t20,2,20,0,633,2026-05-21 21:27:50,477.0333046000451,-0.6818670017018,0.01129541227767536,1103.0605486104366,1077.7931937013868,18.27265967219007,1.0,8,8,0,,,1077.7931937013868,360,,MinBattery_NearestTask,1235.4772701211982,1648.142715048298,-0.007316555129364133,0.0003958848938054871,0.16599381249397993,0.0001,0.0003,0.0001,0.0003,,256,3,4,4,1,128,1,0.99,0.95,0.2,0.01,1,D:\Python project\HGNN_PPO_USV_Scheduling\models\best_u2_t20_seed0.pth,0.3112738000927493,0.2899936999892816,0.6013788999989629,0.0015558000886812806,0.1401517998892814,0.14376340003218502
PPO_full_u2_t20_seed0_20260521_211953,PPO,full,u2_t20,2,20,0,634,2026-05-21 21:27:51,477.80016099999193,-0.6686309003389189,0.003743747110707064,1081.6484239668275,1077.7931937013868,6.056283309631789,1.0,8,8,0,,,1077.7931937013868,360,,MinBattery_NearestTask,1235.4772701211982,1648.142715048298,0.02254047035239637,0.0003198380527464906,0.1217321427538991,0.0001,0.0003,0.0001,0.0003,,256,3,4,4,1,128,1,0.99,0.95,0.2,0.01,1,D:\Python project\HGNN_PPO_USV_Scheduling\models\best_u2_t20_seed0.pth,0.35186140006408095,0.29584529995918274,0.6478139000246301,0.0014487000880762935,0.1483625997789204,0.1421595000429079
PPO_full_u2_t20_seed0_20260521_211953,PPO,full,u2_t20,2,20,0,635,2026-05-21 21:27:52,478.4633493999718,-0.6678606070391779,0.0021013537325175508,1080.4023156382493,1077.7931937013868,3.399373184551225,1.0,8,8,0,,,1077.7931937013868,360,,MinBattery_NearestTask,1235.4772701211982,1648.142715048298,0.005314640700817108,0.00029773560527246445,0.1537123043090105,0.0001,0.0003,0.0001,0.0003,,256,3,4,4,1,128,1,0.99,0.95,0.2,0.01,1,D:\Python project\HGNN_PPO_USV_Scheduling\models\best_u2_t20_seed0.pth,0.2888010999886319,0.27324100001715124,0.5621475999942049,0.001472200034186244,0.14070410025306046,0.1274269000859931
PPO_full_u2_t20_seed0_20260521_211953,PPO,full,u2_t20,2,20,0,636,2026-05-21 21:27:53,479.16143760003615,-0.673365715013496,0.018832353709604156,1089.3079635243548,1077.7931937013868,30.46521735572485,1.0,8,8,0,,,1077.7931937013868,360,,MinBattery_NearestTask,1235.4772701211982,1648.142715048298,-0.010723377694375813,0.0003483983418846037,0.1485962960869074,0.0001,0.0003,0.0001,0.0003,,256,3,4,4,1,128,1,0.99,0.95,0.2,0.01,1,D:\Python project\HGNN_PPO_USV_Scheduling\models\best_u2_t20_seed0.pth,0.2979621000122279,0.27935759990941733,0.577428299933672,0.001495000091381371,0.1447238001273945,0.12821530003566295
PPO_full_u2_t20_seed0_20260521_211953,PPO,full,u2_t20,2,20,0,637,2026-05-21 21:27:53,479.8939249999821,-0.673794155085065,0.019369748701008816,1090.0010537299408,1077.7931937013868,31.33456462221507,1.0,8,8,0,,,1077.7931937013868,360,,MinBattery_NearestTask,1235.4772701211982,1648.142715048298,0.20266082289163023,0.00042485400626901537,0.1636347034946084,0.0001,0.0003,0.0001,0.0003,,256,3,4,4,1,128,1,0.99,0.95,0.2,0.01,1,D:\Python project\HGNN_PPO_USV_Scheduling\models\best_u2_t20_seed0.pth,0.28023779997602105,0.3116350000491366,0.5920087000122294,0.001375799998641014,0.16224249999504536,0.12485959974583238
PPO_full_u2_t20_seed0_20260521_211953,PPO,full,u2_t20,2,20,0,638,2026-05-21 21:27:54,480.6411624000175,-0.6743256535641418,0.010954811547100637,1090.8608621712538,1077.7931937013868,17.72166772245912,1.0,8,8,0,,,1077.7931937013868,360,,MinBattery_NearestTask,1235.4772701211982,1648.142715048298,0.07504381751641631,0.0003499712620396167,0.14852705504745245,0.0001,0.0003,0.0001,0.0003,,256,3,4,4,1,128,1,0.99,0.95,0.2,0.01,1,D:\Python project\HGNN_PPO_USV_Scheduling\models\best_u2_t20_seed0.pth,0.32166139991022646,0.30676589999347925,0.6285788998939097,0.0017315000295639038,0.16143809992354363,0.1391750000184402
PPO_full_u2_t20_seed0_20260521_211953,PPO,full,u2_t20,2,20,0,639,2026-05-21 21:27:55,481.34301589999814,-0.6749055582801505,0.013847770990663548,1091.798977687309,1077.7931937013868,22.401626457754897,1.0,8,8,0,,,1077.7931937013868,360,,MinBattery_NearestTask,1235.4772701211982,1648.142715048298,-0.004720143740996718,0.00035255624970886856,0.14607130736112595,0.0001,0.0003,0.0001,0.0003,,256,3,4,4,1,128,1,0.99,0.95,0.2,0.01,1,D:\Python project\HGNN_PPO_USV_Scheduling\models\best_u2_t20_seed0.pth,0.3002381999976933,0.3036203000228852,0.6039539000485092,0.0016710000345483422,0.1572613000171259,0.14096880005672574
PPO_full_u2_t20_seed0_20260521_211953,PPO,full,u2_t20,2,20,0,640,2026-05-21 21:27:56,482.2445888000075,-0.6681236524184757,0.003697512021088059,1080.8278458071436,1077.7931937013868,5.9814885135896265,1.0,8,8,0,1077.7931937013868,1,1077.7931937013868,360,-12.763009100470368,MinBattery_NearestTask,1235.4772701211982,1648.142715048298,-0.001042829593643546,0.00030317252640088554,0.1613568253815174,0.0001,0.0003,0.0001,0.0003,,256,3,4,4,1,128,1,0.99,0.95,0.2,0.01,1,D:\Python project\HGNN_PPO_USV_Scheduling\models\best_u2_t20_seed0.pth,0.29403650003951043,0.29966059990692884,0.8012915999861434,0.001303600030951202,0.160694400081411,0.1332802000688389
PPO_full_u2_t20_seed0_20260521_211953,PPO,full,u2_t20,2,20,0,641,2026-05-21 21:27:56,483.00184380006976,-0.6856819213451191,0.02986805514007521,1109.2319681748997,1077.7931937013868,48.317741152616236,1.0,8,8,0,,,1077.7931937013868,360,,MinBattery_NearestTask,1235.4772701211982,1648.142715048298,-0.018142906483262777,0.0003776428638957441,0.22898882813751698,0.0001,0.0003,0.0001,0.0003,,256,3,4,4,1,128,1,0.99,0.95,0.2,0.01,1,D:\Python project\HGNN_PPO_USV_Scheduling\models\best_u2_t20_seed0.pth,0.28676419996190816,0.3465491000097245,0.633446800056845,0.0013390000676736236,0.17100910004228354,0.15742499998304993
PPO_full_u2_t20_seed0_20260521_211953,PPO,full,u2_t20,2,20,0,642,2026-05-21 21:27:57,483.71031700004824,-0.6773689247867631,0.015573869520290846,1095.7839812194215,1077.7931937013868,25.193946934173823,1.0,8,8,0,,,1077.7931937013868,360,,MinBattery_NearestTask,1235.4772701211982,1648.142715048298,-0.02069345989730209,0.00039972804734134115,0.23612758610397577,0.0001,0.0003,0.0001,0.0003,,256,3,4,4,1,128,1,0.99,0.95,0.2,0.01,1,D:\Python project\HGNN_PPO_USV_Scheduling\models\best_u2_t20_seed0.pth,0.29643260000739247,0.30067919997964054,0.5972013999707997,0.0013209000462666154,0.15153839997947216,0.14421710022725165
PPO_full_u2_t20_seed0_20260521_211953,PPO,full,u2_t20,2,20,0,643,2026-05-21 21:27:58,484.42382899997756,-0.6802364235287521,0.00762722697544437,1100.4227520172221,1083.9749354786416,12.338613176634338,1.0,8,8,0,,,1077.7931937013868,360,,MinBattery_NearestTask,1235.4772701211982,1648.142715048298,0.08073217608034611,0.0003069346748816315,0.22353090904653072,0.0001,0.0003,0.0001,0.0003,,256,3,4,4,1,128,1,0.99,0.95,0.2,0.01,1,D:\Python project\HGNN_PPO_USV_Scheduling\models\best_u2_t20_seed0.pth,0.29441770003177226,0.31051209999714047,0.6050323999952525,0.0016398000298067927,0.16792269994039088,0.13813210022635758
PPO_full_u2_t20_seed0_20260521_211953,PPO,full,u2_t20,2,20,0,644,2026-05-21 21:27:59,485.185731900041,-0.6707022753204025,0.004130252064191748,1084.9993003367804,1077.7931937013868,6.681534810243241,1.0,8,8,0,,,1077.7931937013868,360,,MinBattery_NearestTask,1235.4772701211982,1648.142715048298,0.02276959246955812,0.0003559698670869693,0.20375361293554306,0.0001,0.0003,0.0001,0.0003,,256,3,4,4,1,128,1,0.99,0.95,0.2,0.01,1,D:\Python project\HGNN_PPO_USV_Scheduling\models\best_u2_t20_seed0.pth,0.3248357999837026,0.3359428000403568,0.6608840000117198,0.001651700004003942,0.16155029996298254,0.1615425000200048
PPO_full_u2_t20_seed0_20260521_211953,PPO,full,u2_t20,2,20,0,645,2026-05-21 21:27:59,485.9556551000569,-0.7041034828698479,0.07861060204955322,1139.0326444226334,1083.3196694540272,127.1688666660227,1.0,8,8,0,,,1077.7931937013868,360,,MinBattery_NearestTask,1235.4772701211982,1648.142715048298,0.07866093143820763,0.0015734242770122364,0.22630297392606735,0.0001,0.0003,0.0001,0.0003,,256,3,4,4,1,128,1,0.99,0.95,0.2,0.01,1,D:\Python project\HGNN_PPO_USV_Scheduling\models\best_u2_t20_seed0.pth,0.3035348999546841,0.3598449999699369,0.6634886999381706,0.0015793999191373587,0.18197440030053258,0.16439269995316863
PPO_full_u2_t20_seed0_20260521_211953,PPO,full,u2_t20,2,20,0,646,2026-05-21 21:28:00,486.69217380008195,-0.6837796700746364,0.021247845616052256,1106.1546842987527,1077.7931937013868,34.3727738452468,1.0,8,8,0,,,1077.7931937013868,360,,MinBattery_NearestTask,1235.4772701211982,1648.142715048298,0.04881620034575462,0.0005102850082039367,0.23843036405742168,0.0001,0.0003,0.0001,0.0003,,256,3,4,4,1,128,1,0.99,0.95,0.2,0.01,1,D:\Python project\HGNN_PPO_USV_Scheduling\models\best_u2_t20_seed0.pth,0.31251760001759976,0.320565199945122,0.6331747000804171,0.0015363999409601092,0.16697819996625185,0.13494960009120405
PPO_full_u2_t20_seed0_20260521_211953,PPO,full,u2_t20,2,20,0,647,2026-05-21 21:28:01,487.3732261999976,-0.6685711838206096,0.003186223423481295,1081.551820178577,1077.7931937013868,5.154373724977168,1.0,8,8,0,,,1077.7931937013868,360,,MinBattery_NearestTask,1235.4772701211982,1648.142715048298,0.006388761423295364,0.0002828610158758238,0.19683753326535225,0.0001,0.0003,0.0001,0.0003,,256,3,4,4,1,128,1,0.99,0.95,0.2,0.01,1,D:\Python project\HGNN_PPO_USV_Scheduling\models\best_u2_t20_seed0.pth,0.28389269998297095,0.2980702000204474,0.5820458999369293,0.0012709000147879124,0.15889080020133406,0.1351428999332711
PPO_full_u2_t20_seed0_20260521_211953,PPO,full,u2_t20,2,20,0,648,2026-05-21 21:28:01,488.06848889996763,-0.6962787407340619,0.03150548461724346,1126.3745097255537,1077.7931937013868,50.96662114371176,1.0,8,8,0,,,1077.7931937013868,360,,MinBattery_NearestTask,1235.4772701211982,1648.142715048298,-0.024161053326679394,0.0004912687618343625,0.2765905372798443,0.0001,0.0003,0.0001,0.0003,,256,3,4,4,1,128,1,0.99,0.95,0.2,0.01,1,D:\Python project\HGNN_PPO_USV_Scheduling\models\best_u2_t20_seed0.pth,0.29256039997562766,0.2909135000081733,0.5835814999882132,0.0012571999104693532,0.14543429983314127,0.1401716999243945
PPO_full_u2_t20_seed0_20260521_211953,PPO,full,u2_t20,2,20,0,649,2026-05-21 21:28:02,488.84091060003266,-0.6751736768387077,0.007083467856761808,1092.2327147702833,1077.7931937013868,11.458970621313524,1.0,8,8,0,,,1077.7931937013868,360,,MinBattery_NearestTask,1235.4772701211982,1648.142715048298,-0.0010644192807376385,0.000411964843806345,0.2296323925256729,0.0001,0.0003,0.0001,0.0003,,256,3,4,4,1,128,1,0.99,0.95,0.2,0.01,1,D:\Python project\HGNN_PPO_USV_Scheduling\models\best_u2_t20_seed0.pth,0.3069098999258131,0.3590224999934435,0.6660289999563247,0.0018254000460729003,0.18236780003644526,0.17184199986513704
PPO_full_u2_t20_seed0_20260521_211953,PPO,full,u2_t20,2,20,0,650,2026-05-21 21:28:03,489.7959401999833,-0.7011998839957786,0.07628668217305168,1134.3354742135136,1077.7931937013868,123.40944682681258,1.0,8,8,0,1077.7931937013868,1,1077.7931937013868,360,-12.763009100470368,MinBattery_NearestTask,1235.4772701211982,1648.142715048298,-0.012222951161675155,0.0012643547670450062,0.255013769492507,0.0001,0.0003,0.0001,0.0003,,256,3,4,4,1,128,1,0.99,0.95,0.2,0.01,1,D:\Python project\HGNN_PPO_USV_Scheduling\models\best_u2_t20_seed0.pth,0.2969818999990821,0.33089310000650585,0.8702906999969855,0.0014686000067740679,0.17579410003963858,0.13602409965824336
PPO_full_u2_t20_seed0_20260521_211953,PPO,full,u2_t20,2,20,0,651,2026-05-21 21:28:04,490.47162900003605,-0.671823587575678,0.006995585271303218,1086.8132542433057,1077.7931937013868,11.316802408616205,1.0,8,8,0,,,1077.7931937013868,360,,MinBattery_NearestTask,1235.4772701211982,1648.142715048298,0.013835613906849176,0.0004323854846006725,0.22545411065220833,0.0001,0.0003,0.0001,0.0003,,256,3,4,4,1,128,1,0.99,0.95,0.2,0.01,1,D:\Python project\HGNN_PPO_USV_Scheduling\models\best_u2_t20_seed0.pth,0.28869610000401735,0.2801271000644192,0.5689167999662459,0.0012623999500647187,0.14647230005357414,0.1280121998861432
PPO_full_u2_t20_seed0_20260521_211953,PPO,full,u2_t20,2,20,0,652,2026-05-21 21:28:05,491.1269369000802,-0.6894780459601519,0.009117497030347987,1115.3729829035797,1096.3234062181518,14.749432442322481,1.0,8,8,0,,,1077.7931937013868,360,,MinBattery_NearestTask,1235.4772701211982,1648.142715048298,0.04794115270487964,0.00038190117629710585,0.23642297508195043,0.0001,0.0003,0.0001,0.0003,,256,3,4,4,1,128,1,0.99,0.95,0.2,0.01,1,D:\Python project\HGNN_PPO_USV_Scheduling\models\best_u2_t20_seed0.pth,0.28598519996739924,0.26583649998065084,0.5519149999599904,0.0012547000078484416,0.137880599941127,0.12278990016784519
PPO_full_u2_t20_seed0_20260521_211953,PPO,full,u2_t20,2,20,0,653,2026-05-21 21:28:05,491.91693499998655,-0.740942227998725,0.08201743110244561,1198.6269147283701,1107.8868747173858,132.68011550887104,1.0,8,8,0,,,1077.7931937013868,360,,MinBattery_NearestTask,1235.4772701211982,1648.142715048298,0.017862637294456363,0.0014448758884100243,0.3933783285319805,0.0001,0.0003,0.0001,0.0003,,256,3,4,4,1,128,1,0.99,0.95,0.2,0.01,1,D:\Python project\HGNN_PPO_USV_Scheduling\models\best_u2_t20_seed0.pth,0.3698097000597045,0.3141025999793783,0.6840188000351191,0.00170700007583946,0.15222759975586087,0.14566369995009154
PPO_full_u2_t20_seed0_20260521_211953,PPO,full,u2_t20,2,20,0,654,2026-05-21 21:28:06,492.6465999999782,-0.7870813322836268,0.09477799117723526,1273.2664346902925,1113.6124668727075,153.32295401189856,1.0,8,8,0,,,1077.7931937013868,360,,MinBattery_NearestTask,1235.4772701211982,1648.142715048298,-0.03653340134769678,0.0021522536844713613,0.5039724670350552,0.0001,0.0003,0.0001,0.0003,,256,3,4,4,1,128,1,0.99,0.95,0.2,0.01,1,D:\Python project\HGNN_PPO_USV_Scheduling\models\best_u2_t20_seed0.pth,0.3041246999055147,0.3039175000740215,0.6081562999170274,0.0014395000180229545,0.14763340004719794,0.13426560012158006
PPO_full_u2_t20_seed0_20260521_211953,PPO,full,u2_t20,2,20,0,655,2026-05-21 21:28:07,493.29141439998057,-0.7785291571563,0.11441332248060886,1259.4315270554937,1099.8712284128524,185.08715328476356,1.0,8,8,0,,,1077.7931937013868,360,,MinBattery_NearestTask,1235.4772701211982,1648.142715048298,0.06781111634336412,0.0024396757362410426,0.5319976732134819,0.0001,0.0003,0.0001,0.0003,,256,3,4,4,1,128,1,0.99,0.95,0.2,0.01,1,D:\Python project\HGNN_PPO_USV_Scheduling\models\best_u2_t20_seed0.pth,0.2813585000112653,0.2581274000694975,0.5395741000538692,0.0016612999606877565,0.13265050004702061,0.12027720001060516
PPO_full_u2_t20_seed0_20260521_211953,PPO,full,u2_t20,2,20,0,656,2026-05-21 21:28:07,493.95791240001563,-0.7409233417607384,0.08853269440767396,1198.5963623420796,1099.8712284128524,143.21989804398416,1.0,8,8,0,,,1077.7931937013868,360,,MinBattery_NearestTask,1235.4772701211982,1648.142715048298,0.006107484456151724,0.002170041640056297,0.5120326653122902,0.0001,0.0003,0.0001,0.0003,,256,3,4,4,1,128,1,0.99,0.95,0.2,0.01,1,D:\Python project\HGNN_PPO_USV_Scheduling\models\best_u2_t20_seed0.pth,0.2809026000322774,0.28799079998862,0.56898410001304,0.001208100002259016,0.15909970016218722,0.12356950005050749
PPO_full_u2_t20_seed0_20260521_211953,PPO,full,u2_t20,2,20,0,657,2026-05-21 21:28:08,494.7248596000718,-0.8437946895279684,0.15373109906880372,1365.0119903475552,1099.8712284128524,248.69176841538948,1.0,8,8,0,,,1077.7931937013868,360,,MinBattery_NearestTask,1235.4772701211982,1648.142715048298,0.022518790792673826,0.00450284467660822,0.43570566177368164,0.0001,0.0003,0.0001,0.0003,,256,3,4,4,1,128,1,0.99,0.95,0.2,0.01,1,D:\Python project\HGNN_PPO_USV_Scheduling\models\best_u2_t20_seed0.pth,0.3604279999854043,0.2922974000684917,0.6528330000583082,0.0014616999542340636,0.1439144000178203,0.14288080006372184
PPO_full_u2_t20_seed0_20260521_211953,PPO,full,u2_t20,2,20,0,658,2026-05-21 21:28:09,495.4171690000221,-0.7127886011059421,0.07406050928439155,1153.082614962845,1077.7931937013868,119.80815290624092,1.0,8,8,0,,,1077.7931937013868,360,,MinBattery_NearestTask,1235.4772701211982,1648.142715048298,-0.04179342859424651,0.0022121528745628893,0.2320446316152811,0.0001,0.0003,0.0001,0.0003,,256,3,4,4,1,128,1,0.99,0.95,0.2,0.01,1,D:\Python project\HGNN_PPO_USV_Scheduling\models\best_u2_t20_seed0.pth,0.2973112999461591,0.28935289999935776,0.5867960000177845,0.0013069999404251575,0.14581359992735088,0.13798969995696098
PPO_full_u2_t20_seed0_20260521_211953,PPO,full,u2_t20,2,20,0,659,2026-05-21 21:28:09,496.1042866000207,-0.6711249605382802,0.00456026845384213,1085.6830808792586,1077.7931937013868,7.377175035529642,1.0,8,8,0,,,1077.7931937013868,360,,MinBattery_NearestTask,1235.4772701211982,1648.142715048298,0.0005011571920476854,0.0005858019721927121,0.23996349796652794,0.0001,0.0003,0.0001,0.0003,,256,3,4,4,1,128,1,0.99,0.95,0.2,0.01,1,D:\Python project\HGNN_PPO_USV_Scheduling\models\best_u2_t20_seed0.pth,0.2863508000737056,0.28989729995373636,0.5763382000150159,0.0013485000235959888,0.14243080012965947,0.13014310016296804
PPO_full_u2_t20_seed0_20260521_211953,PPO,full,u2_t20,2,20,0,660,2026-05-21 21:28:10,496.9940894000465,-0.6817135421083047,0.017357797115890333,1102.8122960582996,1077.7931937013868,28.07981785529498,1.0,8,8,0,1077.7931937013868,1,1077.7931937013868,360,-12.763009100470368,MinBattery_NearestTask,1235.4772701211982,1648.142715048298,-0.030304883897770196,0.00044951230665901676,0.2919845413416624,0.0001,0.0003,0.0001,0.0003,,256,3,4,4,1,128,1,0.99,0.95,0.2,0.01,1,D:\Python project\HGNN_PPO_USV_Scheduling\models\best_u2_t20_seed0.pth,0.2943827999988571,0.29245850001461804,0.7979796000290662,0.0012582000344991684,0.15233769989572465,0.13422120013274252
PPO_full_u2_t20_seed0_20260521_211953,PPO,full,u2_t20,2,20,0,661,2026-05-21 21:28:11,497.72751600004267,-0.6839266819249501,0.01944542707330655,1106.3925062960843,1085.8088400059203,31.45699000232049,1.0,8,8,0,,,1077.7931937013868,360,,MinBattery_NearestTask,1235.4772701211982,1648.142715048298,0.017661571269854903,0.00039923140866449103,0.3016803525388241,0.0001,0.0003,0.0001,0.0003,,256,3,4,4,1,128,1,0.99,0.95,0.2,0.01,1,D:\Python project\HGNN_PPO_USV_Scheduling\models\best_u2_t20_seed0.pth,0.29041849996428937,0.3221702000591904,0.6127168000675738,0.0013562999665737152,0.15768329985439777,0.14888510014861822
PPO_full_u2_t20_seed0_20260521_211953,PPO,full,u2_t20,2,20,0,662,2026-05-21 21:28:12,498.4608906999929,-0.6703546404757195,0.003061880921549988,1084.436929256298,1077.7931937013868,4.953224075480101,1.0,8,8,0,,,1077.7931937013868,360,,MinBattery_NearestTask,1235.4772701211982,1648.142715048298,0.050181308994069695,0.000351502781995805,0.28588559851050377,0.0001,0.0003,0.0001,0.0003,,256,3,4,4,1,128,1,0.99,0.95,0.2,0.01,1,D:\Python project\HGNN_PPO_USV_Scheduling\models\best_u2_t20_seed0.pth,0.29622039990499616,0.33027860010042787,0.6266006999649107,0.001562400022521615,0.18001959996763617,0.14421229995787144
PPO_full_u2_t20_seed0_20260521_211953,PPO,full,u2_t20,2,20,0,663,2026-05-21 21:28:13,499.1691745000426,-0.7024381330146066,0.036614827649777935,1136.338597459859,1077.7931937013868,59.23203758774009,1.0,8,8,0,,,1077.7931937013868,360,,MinBattery_NearestTask,1235.4772701211982,1648.142715048298,0.0014294313732534647,0.0005986375326756388,0.4205099493265152,0.0001,0.0003,0.0001,0.0003,,256,3,4,4,1,128,1,0.99,0.95,0.2,0.01,1,D:\Python project\HGNN_PPO_USV_Scheduling\models\best_u2_t20_seed0.pth,0.2960543999215588,0.31007580005098134,0.6062248999951407,0.0014973999932408333,0.15855660021770746,0.13312580005731434
PPO_full_u2_t20_seed0_20260521_211953,PPO,full,u2_t20,2,20,0,664,2026-05-21 21:28:13,499.8558007000247,-0.7427916014734657,0.10325806862766632,1201.6186578608895,1083.3196694540272,167.04122878012416,1.0,8,8,0,,,1077.7931937013868,360,,MinBattery_NearestTask,1235.4772701211982,1648.142715048298,0.04058663477189839,0.0016494254814460874,0.39302583783864975,0.0001,0.0003,0.0001,0.0003,,256,3,4,4,1,128,1,0.99,0.95,0.2,0.01,1,D:\Python project\HGNN_PPO_USV_Scheduling\models\best_u2_t20_seed0.pth,0.3092478000326082,0.27376380003988743,0.58312730002217,0.001474199932999909,0.14505960000678897,0.12281719991005957
PPO_full_u2_t20_seed0_20260521_211953,PPO,full,u2_t20,2,20,0,665,2026-05-21 21:28:14,500.5918579000281,-0.6911196845921909,0.02398268897928058,1118.028672071053,1077.7931937013868,38.79694720028108,1.0,8,8,0,,,1077.7931937013868,360,,MinBattery_NearestTask,1235.4772701211982,1648.142715048298,0.014336637454107404,0.0006248458194022533,0.378403190523386,0.0001,0.0003,0.0001,0.0003,,256,3,4,4,1,128,1,0.99,0.95,0.2,0.01,1,D:\Python project\HGNN_PPO_USV_Scheduling\models\best_u2_t20_seed0.pth,0.29408330004662275,0.32394599996041507,0.618119899998419,0.0013955999165773392,0.16795649996493012,0.15011539997067302
PPO_full_u2_t20_seed0_20260521_211953,PPO,full,u2_t20,2,20,0,666,2026-05-21 21:28:15,501.2995598000707,-0.669252455522653,0.004381827547919016,1082.6539177071759,1072.6541890764167,7.08851005674224,1.0,8,8,0,,,1077.7931937013868,360,,MinBattery_NearestTask,1235.4772701211982,1648.142715048298,0.005448874842841178,0.0003852945847029332,0.25205577723681927,0.0001,0.0003,0.0001,0.0003,,256,3,4,4,1,128,1,0.99,0.95,0.2,0.01,1,D:\Python project\HGNN_PPO_USV_Scheduling\models\best_u2_t20_seed0.pth,0.3099870999576524,0.2820980000542477,0.5921923000132665,0.0013646000297740102,0.15310869982931763,0.12373380013741553
PPO_full_u2_t20_seed0_20260521_211953,PPO,full,u2_t20,2,20,0,667,2026-05-21 21:28:15,501.99890260002576,-0.677147530459871,0.025179719336176864,1095.4258302206617,1077.7931937013868,40.73339075728845,1.0,8,8,0,,,1077.7931937013868,360,,MinBattery_NearestTask,1235.4772701211982,1648.142715048298,0.02057363372296095,0.00039659127651248127,0.22525078430771828,0.0001,0.0003,0.0001,0.0003,,256,3,4,4,1,128,1,0.99,0.95,0.2,0.01,1,D:\Python project\HGNN_PPO_USV_Scheduling\models\best_u2_t20_seed0.pth,0.294495299924165,0.2978490999666974,0.5924478999804705,0.0014595999382436275,0.15679819998331368,0.13577410008292645
PPO_full_u2_t20_seed0_20260521_211953,PPO,full,u2_t20,2,20,0,668,2026-05-21 21:28:16,502.7244807999814,-0.6735846296464219,0.008932230099812056,1089.6621031065486,1077.7931937013868,14.44972496047292,1.0,8,8,0,,,1077.7931937013868,360,,MinBattery_NearestTask,1235.4772701211982,1648.142715048298,-0.019206857541576028,0.0003296954382676631,0.2020981479436159,0.0001,0.0003,0.0001,0.0003,,256,3,4,4,1,128,1,0.99,0.95,0.2,0.01,1,D:\Python project\HGNN_PPO_USV_Scheduling\models\best_u2_t20_seed0.pth,0.30609119997825474,0.3148163999430835,0.6209946000017226,0.0018808000022545457,0.176188999786973,0.1218262001639232
PPO_full_u2_t20_seed0_20260521_211953,PPO,full,u2_t20,2,20,0,669,2026-05-21 21:28:17,503.40987980004866,-0.6713569027566622,0.005945947739606382,1086.0582952685982,1077.7931937013868,9.61879715441563,1.0,8,8,0,,,1077.7931937013868,360,,MinBattery_NearestTask,1235.4772701211982,1648.142715048298,-0.006732529494911432,0.00026565777079667896,0.28043622337281704,0.0001,0.0003,0.0001,0.0003,,256,3,4,4,1,128,1,0.99,0.95,0.2,0.01,1,D:\Python project\HGNN_PPO_USV_Scheduling\models\best_u2_t20_seed0.pth,0.29644270008429885,0.28786069992929697,0.5843939998885617,0.0012131000403314829,0.13945759984198958,0.12247400009073317
PPO_full_u2_t20_seed0_20260521_211953,PPO,full,u2_t20,2,20,0,670,2026-05-21 21:28:18,504.3235898000421,-0.7400190377347019,0.11431432500332651,1197.133464016481,1077.7931937013868,184.92700444147073,1.0,8,8,0,1077.7931937013868,1,1077.7931937013868,360,-12.763009100470368,MinBattery_NearestTask,1235.4772701211982,1648.142715048298,0.0170484590344131,0.0023783127981005237,0.4287954792380333,0.0001,0.0003,0.0001,0.0003,,256,3,4,4,1,128,1,0.99,0.95,0.2,0.01,1,D:\Python project\HGNN_PPO_USV_Scheduling\models\best_u2_t20_seed0.pth,0.3338681999593973,0.27112489996943623,0.8105335999280214,0.0014253000263124704,0.1377509000012651,0.1282993002096191
PPO_full_u2_t20_seed0_20260521_211953,PPO,full,u2_t20,2,20,0,671,2026-05-21 21:28:18,505.0264900000766,-0.7236689629025056,0.09635875276247183,1170.6838448543685,1077.7931937013868,155.88016199685973,1.0,8,8,0,,,1077.7931937013868,360,,MinBattery_NearestTask,1235.4772701211982,1648.142715048298,0.04791221662890166,0.0019005974609171972,0.3198036178946495,0.0001,0.0003,0.0001,0.0003,,256,3,4,4,1,128,1,0.99,0.95,0.2,0.01,1,D:\Python project\HGNN_PPO_USV_Scheduling\models\best_u2_t20_seed0.pth,0.3062015000032261,0.2926438000285998,0.5989224000368267,0.0014873999170958996,0.15405049989931285,0.13426960038486868
PPO_full_u2_t20_seed0_20260521_211953,PPO,full,u2_t20,2,20,0,672,2026-05-21 21:28:19,505.76513279997744,-0.6829510747621746,0.024195863486478546,1104.8142604365348,1077.7931937013868,39.14180094488626,1.0,8,8,0,,,1077.7931937013868,360,,MinBattery_NearestTask,1235.4772701211982,1648.142715048298,-0.02386658126488328,0.0005209670234762598,0.2110305018723011,0.0001,0.0003,0.0001,0.0003,,256,3,4,4,1,128,1,0.99,0.95,0.2,0.01,1,D:\Python project\HGNN_PPO_USV_Scheduling\models\best_u2_t20_seed0.pth,0.3093712000409141,0.3032440999522805,0.6127062999876216,0.0013104999670758843,0.15673390007577837,0.12934430013410747
PPO_full_u2_t20_seed0_20260521_211953,PPO,full,u2_t20,2,20,0,673,2026-05-21 21:28:20,506.50440910004545,-0.6844733362321873,0.02450208481922126,1107.2768324161875,1077.7931937013868,39.63717712594265,1.0,8,8,0,,,1077.7931937013868,360,,MinBattery_NearestTask,1235.4772701211982,1648.142715048298,0.0126903944183141,0.000383516864530975,0.23955919407308102,0.0001,0.0003,0.0001,0.0003,,256,3,4,4,1,128,1,0.99,0.95,0.2,0.01,1,D:\Python project\HGNN_PPO_USV_Scheduling\models\best_u2_t20_seed0.pth,0.2950084999902174,0.32358309999108315,0.6186862000031397,0.0013982999371364713,0.16741049999836832,0.13374690001364797
PPO_full_u2_t20_seed0_20260521_211953,PPO,full,u2_t20,2,20,0,674,2026-05-21 21:28:21,507.23083520005457,-0.6731115407270143,0.008941049561999318,1088.896784178252,1077.7931937013868,14.463992260070173,1.0,8,8,0,,,1077.7931937013868,360,,MinBattery_NearestTask,1235.4772701211982,1648.142715048298,-0.005015896633267403,0.0003504366395645775,0.21196874044835567,0.0001,0.0003,0.0001,0.0003,,256,3,4,4,1,128,1,0.99,0.95,0.2,0.01,1,D:\Python project\HGNN_PPO_USV_Scheduling\models\best_u2_t20_seed0.pth,0.29932969994843006,0.3110001999884844,0.6104436999885365,0.0014081000117585063,0.16142190003301948,0.1441158999223262
PPO_full_u2_t20_seed0_20260521_211953,PPO,full,u2_t20,2,20,0,675,2026-05-21 21:28:21,508.054337700014,-0.6703380797034209,0.0035223975240097766,1084.410138790516,1077.7931937013868,5.698204687367303,1.0,8,8,0,,,1077.7931937013868,360,,MinBattery_NearestTask,1235.4772701211982,1648.142715048298,0.018597894348204136,0.00033236198578379117,0.1553192064166069,0.0001,0.0003,0.0001,0.0003,,256,3,4,4,1,128,1,0.99,0.95,0.2,0.01,1,D:\Python project\HGNN_PPO_USV_Scheduling\models\best_u2_t20_seed0.pth,0.35673130000941455,0.33608049992471933,0.6929253999842331,0.0018938001012429595,0.15754520008340478,0.17196069983765483
PPO_full_u2_t20_seed0_20260521_211953,PPO,full,u2_t20,2,20,0,676,2026-05-21 21:28:22,508.88344320002943,-0.666247754368122,0.0,1077.7931937013868,1077.7931937013868,0.0,1.0,8,8,0,,,1077.7931937013868,360,,MinBattery_NearestTask,1235.4772701211982,1648.142715048298,0.023527158424258232,0.00030976594644016586,0.13535700924694538,0.0001,0.0003,0.0001,0.0003,,256,3,4,4,1,128,1,0.99,0.95,0.2,0.01,1,D:\Python project\HGNN_PPO_USV_Scheduling\models\best_u2_t20_seed0.pth,0.3986116999294609,0.3183612000430003,0.7170771999517456,0.001489299931563437,0.16268559999298304,0.1502145000267774
PPO_full_u2_t20_seed0_20260521_211953,PPO,full,u2_t20,2,20,0,677,2026-05-21 21:28:23,509.60695909999777,-0.670692726867429,0.003982419541647947,1084.983853744191,1077.7931937013868,6.442385206269655,1.0,8,8,0,,,1077.7931937013868,360,,MinBattery_NearestTask,1235.4772701211982,1648.142715048298,0.03497890947619453,0.00031176667107502,0.20681523717939854,0.0001,0.0003,0.0001,0.0003,,256,3,4,4,1,128,1,0.99,0.95,0.2,0.01,1,D:\Python project\HGNN_PPO_USV_Scheduling\models\best_u2_t20_seed0.pth,0.285452900105156,0.31762630003504455,0.6031701000174507,0.0013581999810412526,0.1532785000745207,0.13705740007571876
PPO_full_u2_t20_seed0_20260521_211953,PPO,full,u2_t20,2,20,0,678,2026-05-21 21:28:24,510.3355693999911,-0.6760590749209505,0.020257050617730792,1093.665028831383,1077.7931937013868,32.769958528357584,1.0,8,8,0,,,1077.7931937013868,360,,MinBattery_NearestTask,1235.4772701211982,1648.142715048298,0.019071826711297035,0.0003895402551279403,0.18332823179662228,0.0001,0.0003,0.0001,0.0003,,256,3,4,4,1,128,1,0.99,0.95,0.2,0.01,1,D:\Python project\HGNN_PPO_USV_Scheduling\models\best_u2_t20_seed0.pth,0.3111949999583885,0.29284939996432513,0.6041769000003114,0.0013104999670758843,0.15372450021095574,0.1337668999331072
PPO_full_u2_t20_seed0_20260521_211953,PPO,full,u2_t20,2,20,0,679,2026-05-21 21:28:25,511.1695782999741,-0.6668671225341827,0.0016386941373868467,1078.7951494894535,1077.7931937013868,2.650925839906176,1.0,8,8,0,,,1077.7931937013868,360,,MinBattery_NearestTask,1235.4772701211982,1648.142715048298,-0.0616532233543694,0.0002986501749546733,0.13912675948813558,0.0001,0.0003,0.0001,0.0003,,256,3,4,4,1,128,1,0.99,0.95,0.2,0.01,1,D:\Python project\HGNN_PPO_USV_Scheduling\models\best_u2_t20_seed0.pth,0.3146057999692857,0.37315540004055947,0.6878753000637516,0.001727099996060133,0.1778551999013871,0.1895059000235051
PPO_full_u2_t20_seed0_20260521_211953,PPO,full,u2_t20,2,20,0,680,2026-05-21 21:28:26,512.1271565000061,-0.6711528206899585,0.002391223269034605,1085.7281504223192,1077.7931937013868,3.868296961736376,1.0,8,8,0,1077.7931937013868,1,1077.7931937013868,360,-12.763009100470368,MinBattery_NearestTask,1235.4772701211982,1648.142715048298,0.027374615310691297,0.0003032959721167572,0.20531485602259636,0.0001,0.0003,0.0001,0.0003,,256,3,4,4,1,128,1,0.99,0.95,0.2,0.01,1,D:\Python project\HGNN_PPO_USV_Scheduling\models\best_u2_t20_seed0.pth,0.30601330008357763,0.2872145998990163,0.8242231999756768,0.0015122999902814627,0.14432730013504624,0.13719379995018244
PPO_full_u2_t20_seed0_20260521_211953,PPO,full,u2_t20,2,20,0,681,2026-05-21 21:28:26,512.8799952999689,-0.6705923935095885,0.006073949235766807,1084.821543838495,1077.7931937013868,9.825865981951337,1.0,8,8,0,,,1077.7931937013868,360,,MinBattery_NearestTask,1235.4772701211982,1648.142715048298,0.01140285492874682,0.0003323899472889025,0.16820557229220867,0.0001,0.0003,0.0001,0.0003,,256,3,4,4,1,128,1,0.99,0.95,0.2,0.01,1,D:\Python project\HGNN_PPO_USV_Scheduling\models\best_u2_t20_seed0.pth,0.341454999987036,0.30687440000474453,0.6484398999018595,0.0015585999935865402,0.16495370003394783,0.1357689998112619
PPO_full_u2_t20_seed0_20260521_211953,PPO,full,u2_t20,2,20,0,682,2026-05-21 21:28:27,513.5888115999987,-0.6700829071543418,0.003422463875536903,1083.9973445487137,1077.7931937013868,5.536541394035828,1.0,8,8,0,,,1077.7931937013868,360,,MinBattery_NearestTask,1235.4772701211982,1648.142715048298,-0.03284750535385683,0.0003194978380633984,0.13199684768915176,0.0001,0.0003,0.0001,0.0003,,256,3,4,4,1,128,1,0.99,0.95,0.2,0.01,1,D:\Python project\HGNN_PPO_USV_Scheduling\models\best_u2_t20_seed0.pth,0.2879772000014782,0.30446300003677607,0.5925360000692308,0.00132020004093647,0.14987219986505806,0.1320780998794362
PPO_full_u2_t20_seed0_20260521_211953,PPO,full,u2_t20,2,20,0,683,2026-05-21 21:28:28,514.2951060000341,-0.6666747845814881,0.0011298157468774708,1078.4840031704668,1077.7931937013868,1.8277100585143788,1.0,8,8,0,,,1077.7931937013868,360,,MinBattery_NearestTask,1235.4772701211982,1648.142715048298,0.0031613626051694155,0.0002801327282213606,0.14090721402317286,0.0001,0.0003,0.0001,0.0003,,256,3,4,4,1,128,1,0.99,0.95,0.2,0.01,1,D:\Python project\HGNN_PPO_USV_Scheduling\models\best_u2_t20_seed0.pth,0.2873730999417603,0.29534259997308254,0.5828237999230623,0.0012126999208703637,0.15641329961363226,0.1338075001258403
PPO_full_u2_t20_seed0_20260521_211953,PPO,full,u2_t20,2,20,0,684,2026-05-21 21:28:28,515.0272626000224,-0.6669439850310758,0.0013444890458998641,1078.919490435384,1077.7931937013868,2.174988408105504,1.0,8,8,0,,,1077.7931937013868,360,,MinBattery_NearestTask,1235.4772701211982,1648.142715048298,0.0072731125401332974,0.0002841919776983559,0.18112635146826506,0.0001,0.0003,0.0001,0.0003,,256,3,4,4,1,128,1,0.99,0.95,0.2,0.01,1,D:\Python project\HGNN_PPO_USV_Scheduling\models\best_u2_t20_seed0.pth,0.33545260003302246,0.2918501999229193,0.6273843999952078,0.0013849000679329038,0.158866599900648,0.12872469995636493
PPO_full_u2_t20_seed0_20260521_211953,PPO,full,u2_t20,2,20,0,685,2026-05-21 21:28:29,515.6731534000719,-0.7254587080510577,0.10033707727800602,1173.5791268675875,1077.7931937013868,162.31592265356122,1.0,8,8,0,,,1077.7931937013868,360,,MinBattery_NearestTask,1235.4772701211982,1648.142715048298,0.07137595384847373,0.0015271246084012091,0.29178933426737785,0.0001,0.0003,0.0001,0.0003,,256,3,4,4,1,128,1,0.99,0.95,0.2,0.01,1,D:\Python project\HGNN_PPO_USV_Scheduling\models\best_u2_t20_seed0.pth,0.27649489999748766,0.2692916999803856,0.5458756999578327,0.001348000019788742,0.1341262999922037,0.1301908999448642
PPO_full_u2_t20_seed0_20260521_211953,PPO,full,u2_t20,2,20,0,686,2026-05-21 21:28:30,516.3643034000415,-0.7035876847512603,0.07442335458412849,1138.1982345534925,1077.7931937013868,120.39513003578324,1.0,8,8,0,,,1077.7931937013868,360,,MinBattery_NearestTask,1235.4772701211982,1648.142715048298,0.01174201793037355,0.001389608056342695,0.25550611689686775,0.0001,0.0003,0.0001,0.0003,,256,3,4,4,1,128,1,0.99,0.95,0.2,0.01,1,D:\Python project\HGNN_PPO_USV_Scheduling\models\best_u2_t20_seed0.pth,0.29688020003959537,0.2821819999953732,0.5791626999853179,0.0015029000351205468,0.14638950023800135,0.13152220007032156
PPO_full_u2_t20_seed0_20260521_211953,PPO,full,u2_t20,2,20,0,687,2026-05-21 21:28:31,517.1480751000345,-0.6813910190042922,0.02300061202264511,1102.2905483990587,1077.7931937013868,37.2082351144046,1.0,8,8,0,,,1077.7931937013868,360,,MinBattery_NearestTask,1235.4772701211982,1648.142715048298,0.01333096984308213,0.00047494220598309767,0.2764458730816841,0.0001,0.0003,0.0001,0.0003,,256,3,4,4,1,128,1,0.99,0.95,0.2,0.01,1,D:\Python project\HGNN_PPO_USV_Scheduling\models\best_u2_t20_seed0.pth,0.3844299999764189,0.2915256000123918,0.6760527000296861,0.0015518999425694346,0.1443602000363171,0.12825070007238537
PPO_full_u2_t20_seed0_20260521_211953,PPO,full,u2_t20,2,20,0,688,2026-05-21 21:28:31,517.8804309000261,-0.7051009321656347,0.09315845883335738,1140.6462244384954,1077.7931937013868,150.703026326189,1.0,8,8,0,,,1077.7931937013868,360,,MinBattery_NearestTask,1235.4772701211982,1648.142715048298,-0.020772283081896603,0.0013462146453093737,0.24556772597134113,0.0001,0.0003,0.0001,0.0003,,256,3,4,4,1,128,1,0.99,0.95,0.2,0.01,1,D:\Python project\HGNN_PPO_USV_Scheduling\models\best_u2_t20_seed0.pth,0.30147669999860227,0.3118670000694692,0.6134300000267103,0.0016766999615356326,0.15634099976159632,0.13782159995753318
PPO_full_u2_t20_seed0_20260521_211953,PPO,full,u2_t20,2,20,0,689,2026-05-21 21:28:32,518.5967442999827,-0.6768768780571852,0.011361362708402012,1094.9879941220615,1077.7931937013868,18.379348099870075,1.0,8,8,0,,,1077.7931937013868,360,,MinBattery_NearestTask,1235.4772701211982,1648.142715048298,-0.004813941661268473,0.0004156956492806785,0.23027619905769825,0.0001,0.0003,0.0001,0.0003,,256,3,4,4,1,128,1,0.99,0.95,0.2,0.01,1,D:\Python project\HGNN_PPO_USV_Scheduling\models\best_u2_t20_seed0.pth,0.2924277000129223,0.3094482000451535,0.6019657000433654,0.0013364999322220683,0.15852259972598404,0.1456142000388354
PPO_full_u2_t20_seed0_20260521_211953,PPO,full,u2_t20,2,20,0,690,2026-05-21 21:28:33,519.4731000000611,-0.6669249053303146,0.0017915730460095127,1078.888625083143,1077.7931937013868,2.8982390144627987,1.0,8,8,0,1077.7931937013868,1,1077.7931937013868,360,-12.763009100470368,MinBattery_NearestTask,1235.4772701211982,1648.142715048298,0.03621338144876063,0.00028927968378411606,0.20439394563436508,0.0001,0.0003,0.0001,0.0003,,256,3,4,4,1,128,1,0.99,0.95,0.2,0.01,1,D:\Python project\HGNN_PPO_USV_Scheduling\models\best_u2_t20_seed0.pth,0.28919369995128363,0.2888338000047952,0.784641099977307,0.001338199945166707,0.1526940999319777,0.13209079997614026
PPO_full_u2_t20_seed0_20260521_211953,PPO,full,u2_t20,2,20,0,691,2026-05-21 21:28:34,520.21765710006,-0.6725458713458239,0.009973042084820409,1087.9816972531025,1077.1190392680535,16.133453072140277,1.0,8,8,0,,,1077.7931937013868,360,,MinBattery_NearestTask,1235.4772701211982,1648.142715048298,0.04204807337373495,0.0003602946599130519,0.21145744621753693,0.0001,0.0003,0.0001,0.0003,,256,3,4,4,1,128,1,0.99,0.95,0.2,0.01,1,D:\Python project\HGNN_PPO_USV_Scheduling\models\best_u2_t20_seed0.pth,0.2876135000260547,0.31910409999545664,0.6068274000426754,0.0017935000360012054,0.16615350008942187,0.14564340002834797
PPO_full_u2_t20_seed0_20260521_211953,PPO,full,u2_t20,2,20,0,692,2026-05-21 21:28:34,520.9597378000617,-0.7245707899633573,0.11610140776614457,1172.1427361777673,1077.7931937013868,187.81797949649822,1.0,8,8,0,,,1077.7931937013868,360,,MinBattery_NearestTask,1235.4772701211982,1648.142715048298,0.06056927767349407,0.0019159133516950533,0.20448135770857334,0.0001,0.0003,0.0001,0.0003,,256,3,4,4,1,128,1,0.99,0.95,0.2,0.01,1,D:\Python project\HGNN_PPO_USV_Scheduling\models\best_u2_t20_seed0.pth,0.312547400011681,0.29922379995696247,0.611871000030078,0.001627399935387075,0.1537080000853166,0.13260689994785935
PPO_full_u2_t20_seed0_20260521_211953,PPO,full,u2_t20,2,20,0,693,2026-05-21 21:28:35,521.7588430000469,-0.6685692224570741,0.0023527087905418345,1081.5486472684167,1077.7931937013868,3.8059918470004406,1.0,8,8,0,,,1077.7931937013868,360,,MinBattery_NearestTask,1235.4772701211982,1648.142715048298,-0.028588901506736875,0.0006174448753881734,0.12263528537005186,0.0001,0.0003,0.0001,0.0003,,256,3,4,4,1,128,1,0.99,0.95,0.2,0.01,1,D:\Python project\HGNN_PPO_USV_Scheduling\models\best_u2_t20_seed0.pth,0.3732144000241533,0.2998412000015378,0.6731554999714717,0.0013246999587863684,0.1528294001473114,0.14188689994625747
PPO_full_u2_t20_seed0_20260521_211953,PPO,full,u2_t20,2,20,0,694,2026-05-21 21:28:36,522.5155098000541,-0.6781238507743443,0.029592882842568162,1097.0052297502102,1077.7931937013868,47.8725931916606,1.0,8,8,0,,,1077.7931937013868,360,,MinBattery_NearestTask,1235.4772701211982,1648.142715048298,-0.03245990886352956,0.00041736065031727776,0.12428213562816381,0.0001,0.0003,0.0001,0.0003,,256,3,4,4,1,128,1,0.99,0.95,0.2,0.01,1,D:\Python project\HGNN_PPO_USV_Scheduling\models\best_u2_t20_seed0.pth,0.2974972000811249,0.33206419995985925,0.6296466999920085,0.0012313000624999404,0.17357099999208003,0.15406579978298396
PPO_full_u2_t20_seed0_20260521_211953,PPO,full,u2_t20,2,20,0,695,2026-05-21 21:28:37,523.4196837000782,-0.666247754368122,0.0,1077.7931937013868,1077.7931937013868,0.0,1.0,8,8,0,,,1077.7931937013868,360,,MinBattery_NearestTask,1235.4772701211982,1648.142715048298,-0.03879991453140974,0.0002974408216687152,0.11441401159390807,0.0001,0.0003,0.0001,0.0003,,256,3,4,4,1,128,1,0.99,0.95,0.2,0.01,1,D:\Python project\HGNN_PPO_USV_Scheduling\models\best_u2_t20_seed0.pth,0.40129139996133745,0.3523650999413803,0.7538030999712646,0.0012649999698624015,0.18742069997824728,0.13874940015375614
PPO_full_u2_t20_seed0_20260521_211953,PPO,full,u2_t20,2,20,0,696,2026-05-21 21:28:38,524.2487729999702,-0.6672412388731173,0.0017207656391841045,1079.4003598501827,1077.7931937013868,2.7836934259191,1.0,8,8,0,,,1077.7931937013868,360,,MinBattery_NearestTask,1235.4772701211982,1648.142715048298,0.01968725584447384,0.00028702825693471823,0.1744520589709282,0.0001,0.0003,0.0001,0.0003,,256,3,4,4,1,128,1,0.99,0.95,0.2,0.01,1,D:\Python project\HGNN_PPO_USV_Scheduling\models\best_u2_t20_seed0.pth,0.34558850002940744,0.33852979994844645,0.6842144000111148,0.0013458000030368567,0.17188749997876585,0.16165250004269183
PPO_full_u2_t20_seed0_20260521_211953,PPO,full,u2_t20,2,20,0,697,2026-05-21 21:28:39,525.2631818000227,-0.6772476199107609,0.01582781463188528,1095.5877455565458,1077.7931937013868,25.60475554261679,1.0,8,8,0,,,1077.7931937013868,360,,MinBattery_NearestTask,1235.4772701211982,1648.142715048298,-0.02729684126097709,0.0003493803487799596,0.18799740448594093,0.0001,0.0003,0.0001,0.0003,,256,3,4,4,1,128,1,0.99,0.95,0.2,0.01,1,D:\Python project\HGNN_PPO_USV_Scheduling\models\best_u2_t20_seed0.pth,0.3535511000081897,0.5220254000741988,0.875696700066328,0.002122799982316792,0.2797268998110667,0.22654509986750782
PPO_full_u2_t20_seed0_20260521_211953,PPO,full,u2_t20,2,20,0,698,2026-05-21 21:28:40,526.1798108000075,-0.6730014765538646,0.01495921079449334,1088.718732671266,1077.7931937013868,24.19960963731943,1.0,8,8,0,,,1077.7931937013868,360,,MinBattery_NearestTask,1235.4772701211982,1648.142715048298,-0.0012797395465895534,0.0003528613397065783,0.15080568008124828,0.0001,0.0003,0.0001,0.0003,,256,3,4,4,1,128,1,0.99,0.95,0.2,0.01,1,D:\Python project\HGNN_PPO_USV_Scheduling\models\best_u2_t20_seed0.pth,0.4158957999898121,0.3508462000172585,0.7668425999581814,0.0020572999492287636,0.1726549998857081,0.17285209998954087
PPO_full_u2_t20_seed0_20260521_211953,PPO,full,u2_t20,2,20,0,699,2026-05-21 21:28:40,527.0710410000756,-0.6715443516552485,0.01229077173654343,1086.3615325339226,1077.7931937013868,19.882858945689716,1.0,8,8,0,,,1077.7931937013868,360,,MinBattery_NearestTask,1235.4772701211982,1648.142715048298,0.040342955151572824,0.0003185690948157571,0.18525773845613003,0.0001,0.0003,0.0001,0.0003,,256,3,4,4,1,128,1,0.99,0.95,0.2,0.01,1,D:\Python project\HGNN_PPO_USV_Scheduling\models\best_u2_t20_seed0.pth,0.43644830002449453,0.32230310002341866,0.7588526000035927,0.0013962999219074845,0.16219679987989366,0.13421219994779676
PPO_full_u2_t20_seed0_20260521_211953,PPO,full,u2_t20,2,20,0,700,2026-05-21 21:28:41,528.0985575000523,-0.6709614722731005,0.012471325327085466,1085.4186048816955,1077.7931937013868,20.17494162770811,1.0,8,8,0,1077.7931937013868,1,1077.7931937013868,360,-12.763009100470368,MinBattery_NearestTask,1235.4772701211982,1648.142715048298,0.033131704898551106,0.00030924931343179196,0.15589020773768425,0.0001,0.0003,0.0001,0.0003,,256,3,4,4,1,128,1,0.99,0.95,0.2,0.01,1,D:\Python project\HGNN_PPO_USV_Scheduling\models\best_u2_t20_seed0.pth,0.36385349999181926,0.2970697999699041,0.8757906999671832,0.0019776999251917005,0.1517691002227366,0.1402989000780508
PPO_full_u2_t20_seed0_20260521_211953,PPO,full,u2_t20,2,20,0,701,2026-05-21 21:28:42,528.9726811000146,-0.666247754368122,0.0,1077.7931937013868,1077.7931937013868,0.0,1.0,8,8,0,,,1077.7931937013868,360,,MinBattery_NearestTask,1235.4772701211982,1648.142715048298,0.052836415357887745,0.0002830198318406474,0.15036792680621147,0.0001,0.0003,0.0001,0.0003,,256,3,4,4,1,128,1,0.99,0.95,0.2,0.01,1,D:\Python project\HGNN_PPO_USV_Scheduling\models\best_u2_t20_seed0.pth,0.31683659995906055,0.42846670001745224,0.7454237999627367,0.0018391000339761376,0.2176118998322636,0.20544269995298237
PPO_full_u2_t20_seed0_20260521_211953,PPO,full,u2_t20,2,20,0,702,2026-05-21 21:28:43,529.7460025000619,-0.666247754368122,0.0,1077.7931937013868,1077.7931937013868,0.0,1.0,8,8,0,,,1077.7931937013868,360,,MinBattery_NearestTask,1235.4772701211982,1648.142715048298,-0.02662383788265288,0.00029458574681484606,0.08815743355080485,0.0001,0.0003,0.0001,0.0003,,256,3,4,4,1,128,1,0.99,0.95,0.2,0.01,1,D:\Python project\HGNN_PPO_USV_Scheduling\models\best_u2_t20_seed0.pth,0.34618800005409867,0.3017870000330731,0.6480784000596032,0.001503499923273921,0.15272589994128793,0.14352000004146248
PPO_full_u2_t20_seed0_20260521_211953,PPO,full,u2_t20,2,20,0,703,2026-05-21 21:28:44,530.6506425000262,-0.666247754368122,0.0,1077.7931937013868,1077.7931937013868,0.0,1.0,8,8,0,,,1077.7931937013868,360,,MinBattery_NearestTask,1235.4772701211982,1648.142715048298,-0.05717472033575177,0.0002735933503572596,0.11413078010082245,0.0001,0.0003,0.0001,0.0003,,256,3,4,4,1,128,1,0.99,0.95,0.2,0.01,1,D:\Python project\HGNN_PPO_USV_Scheduling\models\best_u2_t20_seed0.pth,0.33530869998503476,0.43256940005812794,0.7679749000817537,0.0015717999776825309,0.20901079988107085,0.2095542998285964
PPO_full_u2_t20_seed0_20260521_211953,PPO,full,u2_t20,2,20,0,704,2026-05-21 21:28:45,531.6140303000575,-0.6673638647866804,0.002952950603193588,1079.5987325638514,1077.7931937013868,4.777006812543713,1.0,8,8,0,,,1077.7931937013868,360,,MinBattery_NearestTask,1235.4772701211982,1648.142715048298,0.03480414324440062,0.00027718802812159993,0.13549720589071512,0.0001,0.0003,0.0001,0.0003,,256,3,4,4,1,128,1,0.99,0.95,0.2,0.01,1,D:\Python project\HGNN_PPO_USV_Scheduling\models\best_u2_t20_seed0.pth,0.4119050999870524,0.4119368999963626,0.8239536999026313,0.0017154000233858824,0.1766121998662129,0.22897589998319745
PPO_full_u2_t20_seed0_20260521_211953,PPO,full,u2_t20,2,20,0,705,2026-05-21 21:28:46,532.5308595000533,-0.666247754368122,0.0,1077.7931937013868,1077.7931937013868,0.0,1.0,8,8,0,,,1077.7931937013868,360,,MinBattery_NearestTask,1235.4772701211982,1648.142715048298,0.0031165729742497206,0.00024098118774418253,0.10324962995946407,0.0001,0.0003,0.0001,0.0003,,256,3,4,4,1,128,1,0.99,0.95,0.2,0.01,1,D:\Python project\HGNN_PPO_USV_Scheduling\models\best_u2_t20_seed0.pth,0.4076666000764817,0.3632209999486804,0.7709887000964954,0.0023421000223606825,0.17273980006575584,0.1733590002404526
PPO_full_u2_t20_seed0_20260521_211953,PPO,full,u2_t20,2,20,0,706,2026-05-21 21:28:47,533.2627388000255,-0.7058243111979239,0.07596462389411271,1141.816439260768,1077.7931937013868,122.88845111802435,1.0,8,8,0,,,1077.7931937013868,360,,MinBattery_NearestTask,1235.4772701211982,1648.142715048298,0.021486480836756527,0.001603055301529821,0.14045215118676424,0.0001,0.0003,0.0001,0.0003,,256,3,4,4,1,128,1,0.99,0.95,0.2,0.01,1,D:\Python project\HGNN_PPO_USV_Scheduling\models\best_u2_t20_seed0.pth,0.30848440004047006,0.29525439999997616,0.603871600003913,0.0011617999989539385,0.16060519975144416,0.12865930004045367
PPO_full_u2_t20_seed0_20260521_211953,PPO,full,u2_t20,2,20,0,707,2026-05-21 21:28:47,534.0779228999745,-0.666247754368122,0.0,1077.7931937013868,1077.7931937013868,0.0,1.0,8,8,0,,,1077.7931937013868,360,,MinBattery_NearestTask,1235.4772701211982,1648.142715048298,-0.031866347824689,0.0004295638955227332,0.10924154752865434,0.0001,0.0003,0.0001,0.0003,,256,3,4,4,1,128,1,0.99,0.95,0.2,0.01,1,D:\Python project\HGNN_PPO_USV_Scheduling\models\best_u2_t20_seed0.pth,0.3081769999116659,0.2995704000350088,0.6078385999426246,0.0012520999880507588,0.16107020003255457,0.13439529994502664
PPO_full_u2_t20_seed0_20260521_211953,PPO,full,u2_t20,2,20,0,708,2026-05-21 21:28:48,534.973631800036,-0.7074299221794814,0.0719461699687177,1144.4138462708618,1077.7931937013868,116.38777286192878,1.0,8,8,0,,,1077.7931937013868,360,,MinBattery_NearestTask,1235.4772701211982,1648.142715048298,0.01762215723283589,0.001431993703590706,0.22170574590563774,0.0001,0.0003,0.0001,0.0003,,256,3,4,4,1,128,1,0.99,0.95,0.2,0.01,1,D:\Python project\HGNN_PPO_USV_Scheduling\models\best_u2_t20_seed0.pth,0.38971829996444285,0.3675333000719547,0.7573594000423327,0.001534000039100647,0.1971680000424385,0.15636330004781485
PPO_full_u2_t20_seed0_20260521_211953,PPO,full,u2_t20,2,20,0,709,2026-05-21 21:28:49,535.8671017000452,-0.6829036709265025,0.018492121050740575,1104.737574952632,1077.7931937013868,29.914820837922147,1.0,8,8,0,,,1077.7931937013868,360,,MinBattery_NearestTask,1235.4772701211982,1648.142715048298,-0.01854232035111636,0.00040730809996603057,0.1415686325635761,0.0001,0.0003,0.0001,0.0003,,256,3,4,4,1,128,1,0.99,0.95,0.2,0.01,1,D:\Python project\HGNN_PPO_USV_Scheduling\models\best_u2_t20_seed0.pth,0.42311840003822,0.3477185999508947,0.7709373000543565,0.0020964000141248107,0.1736975001404062,0.15215950005222112
PPO_full_u2_t20_seed0_20260521_211953,PPO,full,u2_t20,2,20,0,710,2026-05-21 21:28:50,536.8875964999897,-0.6798954941509832,0.0,1099.8712284128524,1099.8712284128524,0.0,1.0,8,8,0,1099.8712284128524,1,1077.7931937013868,360,-10.976004576356402,MinBattery_NearestTask,1235.4772701211982,1648.142715048298,0.009365088539198041,0.0003640781396825332,0.1747179077938199,0.0001,0.0003,0.0001,0.0003,,256,3,4,4,1,128,1,0.99,0.95,0.2,0.01,1,D:\Python project\HGNN_PPO_USV_Scheduling\models\best_u2_t20_seed0.pth,0.31117919995449483,0.3612130000256002,0.8957276999717578,0.0012359999818727374,0.184784600045532,0.16960759984795004
PPO_full_u2_t20_seed0_20260521_211953,PPO,full,u2_t20,2,20,0,711,2026-05-21 21:28:51,537.6218996000243,-0.7752906300971184,0.12318462760555267,1254.1925414092098,1077.7931937013868,199.27654889857476,1.0,8,8,0,,,1077.7931937013868,360,,MinBattery_NearestTask,1235.4772701211982,1648.142715048298,0.07812768430449069,0.002326308735064231,0.5835964865982533,0.0001,0.0003,0.0001,0.0003,,256,3,4,4,1,128,1,0.99,0.95,0.2,0.01,1,D:\Python project\HGNN_PPO_USV_Scheduling\models\best_u2_t20_seed0.pth,0.30075030005536973,0.2958278999431059,0.5966965000843629,0.001393200014717877,0.14941260020714253,0.12573440000414848
PPO_full_u2_t20_seed0_20260521_211953,PPO,full,u2_t20,2,20,0,712,2026-05-21 21:28:52,538.5513192000799,-0.8009827465029892,0.10091842782121993,1295.754840137396,1093.4994359912885,163.25637709340373,1.0,8,8,0,,,1077.7931937013868,360,,MinBattery_NearestTask,1235.4772701211982,1648.142715048298,0.034516315907239914,0.0024674009764567018,0.4713834561407566,0.0001,0.0003,0.0001,0.0003,,256,3,4,4,1,128,1,0.99,0.95,0.2,0.01,1,D:\Python project\HGNN_PPO_USV_Scheduling\models\best_u2_t20_seed0.pth,0.32840070000384003,0.30879219993948936,0.6373015999561176,0.0016010000836104155,0.16415979992598295,0.13977269991301
PPO_full_u2_t20_seed0_20260521_211953,PPO,full,u2_t20,2,20,0,713,2026-05-21 21:28:53,539.3264416999882,-0.7053896665456516,0.04249716491933454,1141.1133118658518,1077.7931937013868,68.74793168361887,1.0,8,8,0,,,1077.7931937013868,360,,MinBattery_NearestTask,1235.4772701211982,1648.142715048298,-0.008258036570623517,0.000987780309515074,0.386340606957674,0.0001,0.0003,0.0001,0.0003,,256,3,4,4,1,128,1,0.99,0.95,0.2,0.01,1,D:\Python project\HGNN_PPO_USV_Scheduling\models\best_u2_t20_seed0.pth,0.31500930001493543,0.33900729997549206,0.6541809999616817,0.002268299926072359,0.1713026997167617,0.16071219998411834
PPO_full_u2_t20_seed0_20260521_211953,PPO,full,u2_t20,2,20,0,714,2026-05-21 21:28:54,540.1301382000092,-0.6891461923293781,0.02371528068875045,1114.836141192357,1077.7931937013868,38.36435912237294,1.0,8,8,0,,,1077.7931937013868,360,,MinBattery_NearestTask,1235.4772701211982,1648.142715048298,0.007218047132482752,0.00043582460784818977,0.3049737475812435,0.0001,0.0003,0.0001,0.0003,,256,3,4,4,1,128,1,0.99,0.95,0.2,0.01,1,D:\Python project\HGNN_PPO_USV_Scheduling\models\best_u2_t20_seed0.pth,0.3198788999579847,0.3188641000306234,0.63883710000664,0.001272300025448203,0.14739919977728277,0.1572507000528276
PPO_full_u2_t20_seed0_20260521_211953,PPO,full,u2_t20,2,20,0,715,2026-05-21 21:28:54,540.8816081000259,-0.6730168570860843,0.013010245409685775,1088.7436138552298,1077.7931937013868,21.04675604384295,1.0,8,8,0,,,1077.7931937013868,360,,MinBattery_NearestTask,1235.4772701211982,1648.142715048298,0.01918356493115425,0.0003231891278119292,0.23989497125148773,0.0001,0.0003,0.0001,0.0003,,256,3,4,4,1,128,1,0.99,0.95,0.2,0.01,1,D:\Python project\HGNN_PPO_USV_Scheduling\models\best_u2_t20_seed0.pth,0.31843510002363473,0.3086676000384614,0.6272007999941707,0.0018482999876141548,0.15380979992914945,0.1489438998978585
PPO_full_u2_t20_seed0_20260521_211953,PPO,full,u2_t20,2,20,0,716,2026-05-21 21:28:55,541.5970543000149,-0.6748909652998651,0.021671889705269967,1091.7753705310756,1077.7931937013868,35.05875264246101,1.0,8,8,0,,,1077.7931937013868,360,,MinBattery_NearestTask,1235.4772701211982,1648.142715048298,-0.02773154257738497,0.00035337778899702244,0.17053330596536398,0.0001,0.0003,0.0001,0.0003,,256,3,4,4,1,128,1,0.99,0.95,0.2,0.01,1,D:\Python project\HGNN_PPO_USV_Scheduling\models\best_u2_t20_seed0.pth,0.2977905999869108,0.2678867999929935,0.5657711999956518,0.0015130999963730574,0.13761909981258214,0.126358000212349
PPO_full_u2_t20_seed0_20260521_211953,PPO,full,u2_t20,2,20,0,717,2026-05-21 21:28:56,542.484258200042,-0.6669611196820402,0.001356664018150165,1078.947209268303,1077.7931937013868,2.194683937492049,1.0,8,8,0,,,1077.7931937013868,360,,MinBattery_NearestTask,1235.4772701211982,1648.142715048298,-0.03450857623829506,0.00031530515661870595,0.16936339158564806,0.0001,0.0003,0.0001,0.0003,,256,3,4,4,1,128,1,0.99,0.95,0.2,0.01,1,D:\Python project\HGNN_PPO_USV_Scheduling\models\best_u2_t20_seed0.pth,0.32527719996869564,0.31009430007543415,0.6354717999929562,0.0014374000020325184,0.15844909998122603,0.13443239987827837
PPO_full_u2_t20_seed0_20260521_211953,PPO,full,u2_t20,2,20,0,718,2026-05-21 21:28:57,543.2804228999885,-0.7155198221450516,0.09776711318106025,1157.5009284613093,1077.7931937013868,158.158475527346,1.0,8,8,0,,,1077.7931937013868,360,,MinBattery_NearestTask,1235.4772701211982,1648.142715048298,-0.013059383607469499,0.0014985169254941866,0.332767017185688,0.0001,0.0003,0.0001,0.0003,,256,3,4,4,1,128,1,0.99,0.95,0.2,0.01,1,D:\Python project\HGNN_PPO_USV_Scheduling\models\best_u2_t20_seed0.pth,0.3393637000117451,0.32680580008309335,0.6662708000512794,0.0022914999863132834,0.16145700006745756,0.14671329990960658
PPO_full_u2_t20_seed0_20260521_211953,PPO,full,u2_t20,2,20,0,719,2026-05-21 21:28:57,544.097353600082,-0.6881761899241671,0.02285213804070835,1113.266962184464,1077.7931937013868,36.96804781752595,1.0,8,8,0,,,1077.7931937013868,360,,MinBattery_NearestTask,1235.4772701211982,1648.142715048298,-0.017282404704019427,0.0004422323727339972,0.2888915278017521,0.0001,0.0003,0.0001,0.0003,,256,3,4,4,1,128,1,0.99,0.95,0.2,0.01,1,D:\Python project\HGNN_PPO_USV_Scheduling\models\best_u2_t20_seed0.pth,0.3174671999877319,0.3309900000458583,0.6485574999824166,0.0019211999606341124,0.17509450018405914,0.15001689991913736
PPO_full_u2_t20_seed0_20260521_211953,PPO,full,u2_t20,2,20,0,720,2026-05-21 21:28:58,545.0773100000806,-0.7078607781631394,0.0905597574241323,1145.1108447126687,1077.7931937013868,146.4990906686777,1.0,8,8,0,1077.7931937013868,1,1077.7931937013868,360,-12.763009100470368,MinBattery_NearestTask,1235.4772701211982,1648.142715048298,-0.036506223026663065,0.00152946532034548,0.23398409225046635,0.0001,0.0003,0.0001,0.0003,,256,3,4,4,1,128,1,0.99,0.95,0.2,0.01,1,D:\Python project\HGNN_PPO_USV_Scheduling\models\best_u2_t20_seed0.pth,0.3160165000008419,0.34514250000938773,0.8609607999678701,0.0017742000054568052,0.18363339977804571,0.13982450007461011
PPO_full_u2_t20_seed0_20260521_211953,PPO,full,u2_t20,2,20,0,721,2026-05-21 21:28:59,545.8292167000473,-0.666863354250455,0.0007957205572855483,1078.7890535131037,1077.7931937013868,1.2872421634561828,1.0,8,8,0,,,1077.7931937013868,360,,MinBattery_NearestTask,1235.4772701211982,1648.142715048298,-0.005362769064959139,0.0003725925835169619,0.21646425686776638,0.0001,0.0003,0.0001,0.0003,,256,3,4,4,1,128,1,0.99,0.95,0.2,0.01,1,D:\Python project\HGNN_PPO_USV_Scheduling\models\best_u2_t20_seed0.pth,0.3042426999891177,0.3199288999894634,0.6242652999935672,0.0012719000224024057,0.17937929986510426,0.13640429987572134
PPO_full_u2_t20_seed0_20260521_211953,PPO,full,u2_t20,2,20,0,722,2026-05-21 21:29:00,546.5921522000572,-0.6834221088588128,0.016894460958690773,1105.5762552650795,1077.7931937013868,27.33027603192467,1.0,8,8,0,,,1077.7931937013868,360,,MinBattery_NearestTask,1235.4772701211982,1648.142715048298,0.05234259134158492,0.0003775400618906133,0.22500833310186863,0.0001,0.0003,0.0001,0.0003,,256,3,4,4,1,128,1,0.99,0.95,0.2,0.01,1,D:\Python project\HGNN_PPO_USV_Scheduling\models\best_u2_t20_seed0.pth,0.2929827000480145,0.31944929994642735,0.6125966000836343,0.0016057000029832125,0.16634029999841005,0.146661099861376
PPO_full_u2_t20_seed0_20260521_211953,PPO,full,u2_t20,2,20,0,723,2026-05-21 21:29:01,547.3453336000675,-0.69810184379768,0.03030180545694918,1129.323755048335,1099.8712284128524,49.01942177551906,1.0,8,8,0,,,1077.7931937013868,360,,MinBattery_NearestTask,1235.4772701211982,1648.142715048298,-0.02026490797288716,0.0005473853307194076,0.2175264973193407,0.0001,0.0003,0.0001,0.0003,,256,3,4,4,1,128,1,0.99,0.95,0.2,0.01,1,D:\Python project\HGNN_PPO_USV_Scheduling\models\best_u2_t20_seed0.pth,0.30503299995325506,0.2870370999444276,0.5921656999271363,0.001502299914136529,0.1498059999430552,0.13317380018997937
PPO_full_u2_t20_seed0_20260521_211953,PPO,full,u2_t20,2,20,0,724,2026-05-21 21:29:01,548.1149888000218,-0.7123961707692801,0.08337839464124365,1152.447777932501,1099.8712284128524,134.88175480802852,1.0,8,8,0,,,1077.7931937013868,360,,MinBattery_NearestTask,1235.4772701211982,1648.142715048298,-0.0413525674957782,0.0013343625178094953,0.21529763378202915,0.0001,0.0003,0.0001,0.0003,,256,3,4,4,1,128,1,0.99,0.95,0.2,0.01,1,D:\Python project\HGNN_PPO_USV_Scheduling\models\best_u2_t20_seed0.pth,0.30096119991503656,0.3371153000043705,0.6381750999717042,0.0020851000444963574,0.16694829997140914,0.15463309979531914
PPO_full_u2_t20_seed0_20260521_211953,PPO,full,u2_t20,2,20,0,725,2026-05-21 21:29:02,548.8399717999855,-0.6960620044193273,0.030818194016470856,1126.023894022435,1085.8088400059203,49.85478680468242,1.0,8,8,0,,,1077.7931937013868,360,,MinBattery_NearestTask,1235.4772701211982,1648.142715048298,-0.0030552209354937077,0.0005749634547100868,0.2366653773933649,0.0001,0.0003,0.0001,0.0003,,256,3,4,4,1,128,1,0.99,0.95,0.2,0.01,1,D:\Python project\HGNN_PPO_USV_Scheduling\models\best_u2_t20_seed0.pth,0.3037229999899864,0.2967091000173241,0.6005567000247538,0.0015433999942615628,0.15703320014290512,0.1352993999607861
PPO_full_u2_t20_seed0_20260521_211953,PPO,full,u2_t20,2,20,0,726,2026-05-21 21:29:03,549.6312231000047,-0.7255114862236618,0.09487357416270281,1173.6645064502363,1099.8712284128524,153.47757921025035,1.0,8,8,0,,,1077.7931937013868,360,,MinBattery_NearestTask,1235.4772701211982,1648.142715048298,-0.04238908030674793,0.0013220060282037593,0.2641171086579561,0.0001,0.0003,0.0001,0.0003,,256,3,4,4,1,128,1,0.99,0.95,0.2,0.01,1,D:\Python project\HGNN_PPO_USV_Scheduling\models\best_u2_t20_seed0.pth,0.330186799983494,0.32110150007065386,0.6513967000646517,0.0017024000408127904,0.16123470023740083,0.1425628998549655
PPO_full_u2_t20_seed0_20260521_211953,PPO,full,u2_t20,2,20,0,727,2026-05-21 21:29:04,550.3489126000786,-0.6791436917429262,0.001989082206778106,1098.6550329163579,1090.1416644408969,3.217750829361004,1.0,8,8,0,,,1077.7931937013868,360,,MinBattery_NearestTask,1235.4772701211982,1648.142715048298,-0.010133910196600482,0.0003958353900088696,0.20922301150858402,0.0001,0.0003,0.0001,0.0003,,256,3,4,4,1,128,1,0.99,0.95,0.2,0.01,1,D:\Python project\HGNN_PPO_USV_Scheduling\models\best_u2_t20_seed0.pth,0.31499330000951886,0.2991935999598354,0.6142867000307888,0.0016062000067904592,0.14890999998897314,0.14576130011118948
PPO_full_u2_t20_seed0_20260521_211953,PPO,full,u2_t20,2,20,0,728,2026-05-21 21:29:05,551.1931273000082,-0.6870446382155112,0.021032916588842068,1111.4364438496334,1077.7931937013868,34.0250818025536,1.0,8,8,0,,,1077.7931937013868,360,,MinBattery_NearestTask,1235.4772701211982,1648.142715048298,0.00569934886880219,0.0003619340805016691,0.22126995772123337,0.0001,0.0003,0.0001,0.0003,,256,3,4,4,1,128,1,0.99,0.95,0.2,0.01,1,D:\Python project\HGNN_PPO_USV_Scheduling\models\best_u2_t20_seed0.pth,0.32366280001588166,0.32898029999341816,0.6527646000031382,0.0014616999542340636,0.170027400017716,0.15235200012102723
PPO_full_u2_t20_seed0_20260521_211953,PPO,full,u2_t20,2,20,0,729,2026-05-21 21:29:06,552.1415416999953,-0.7191790305934411,0.08396790435555442,1163.4204530437964,1077.7931937013868,135.83540839040728,1.0,8,8,0,,,1077.7931937013868,360,,MinBattery_NearestTask,1235.4772701211982,1648.142715048298,-0.0003691003657877445,0.0013600345118902624,0.2516456786543131,0.0001,0.0003,0.0001,0.0003,,256,3,4,4,1,128,1,0.99,0.95,0.2,0.01,1,D:\Python project\HGNN_PPO_USV_Scheduling\models\best_u2_t20_seed0.pth,0.44463020004332066,0.3755935999797657,0.8203259999863803,0.001828499953262508,0.20031380001455545,0.1634226000169292
PPO_full_u2_t20_seed0_20260521_211953,PPO,full,u2_t20,2,20,0,730,2026-05-21 21:29:07,553.3554696000647,-0.6811826235359124,0.012760688525126882,1101.9534257356872,1077.7931937013868,20.643046297948167,1.0,8,8,0,1077.7931937013868,1,1077.7931937013868,360,-12.763009100470368,MinBattery_NearestTask,1235.4772701211982,1648.142715048298,0.0040229917503893375,0.0005003291480534244,0.2382728010416031,0.0001,0.0003,0.0001,0.0003,,256,3,4,4,1,128,1,0.99,0.95,0.2,0.01,1,D:\Python project\HGNN_PPO_USV_Scheduling\models\best_u2_t20_seed0.pth,0.3529205000959337,0.31527949997689575,0.8939695000881329,0.0013464000076055527,0.16906290012411773,0.14017949998378754
PPO_full_u2_t20_seed0_20260521_211953,PPO,full,u2_t20,2,20,0,731,2026-05-21 21:29:08,554.1429168999894,-0.6882826301367426,0.02414849134097635,1113.4391511875756,1083.9749354786416,39.06516672637133,1.0,8,8,0,,,1077.7931937013868,360,,MinBattery_NearestTask,1235.4772701211982,1648.142715048298,0.01400654437020421,0.0006498516595456749,0.22854982502758503,0.0001,0.0003,0.0001,0.0003,,256,3,4,4,1,128,1,0.99,0.95,0.2,0.01,1,D:\Python project\HGNN_PPO_USV_Scheduling\models\best_u2_t20_seed0.pth,0.3480769000016153,0.30535130004864186,0.6535371000645682,0.001755799981765449,0.15079509979113936,0.1362108999164775
PPO_full_u2_t20_seed0_20260521_211953,PPO,full,u2_t20,2,20,0,732,2026-05-21 21:29:09,555.1508428000379,-0.6851033044639623,0.005088777748299601,1108.2959359974056,1091.8309129098407,8.23214785403383,1.0,8,8,0,,,1077.7931937013868,360,,MinBattery_NearestTask,1235.4772701211982,1648.142715048298,0.0346528987865895,0.00034599326136230957,0.25791144743561745,0.0001,0.0003,0.0001,0.0003,,256,3,4,4,1,128,1,0.99,0.95,0.2,0.01,1,D:\Python project\HGNN_PPO_USV_Scheduling\models\best_u2_t20_seed0.pth,0.3321370999328792,0.3374118000501767,0.6696882999967784,0.0013428999809548259,0.17090269993059337,0.14720120024867356
PPO_full_u2_t20_seed0_20260521_211953,PPO,full,u2_t20,2,20,0,733,2026-05-21 21:29:09,555.9491320999805,-0.6787081275590954,0.0142382278792817,1097.9504179894404,1077.7931937013868,23.033271028753205,1.0,8,8,0,,,1077.7931937013868,360,,MinBattery_NearestTask,1235.4772701211982,1648.142715048298,0.013603324769064784,0.0003375267224328127,0.18523485586047173,0.0001,0.0003,0.0001,0.0003,,256,3,4,4,1,128,1,0.99,0.95,0.2,0.01,1,D:\Python project\HGNN_PPO_USV_Scheduling\models\best_u2_t20_seed0.pth,0.3445880999788642,0.33330900000873953,0.6780063000041991,0.0013455000007525086,0.1618530002888292,0.14067009999416769
PPO_full_u2_t20_seed0_20260521_211953,PPO,full,u2_t20,2,20,0,734,2026-05-21 21:29:10,556.6954932999797,-0.6711008085362321,0.007267481858783461,1085.6440100332393,1077.7931937013868,11.756651232804376,1.0,8,8,0,,,1077.7931937013868,360,,MinBattery_NearestTask,1235.4772701211982,1648.142715048298,0.03254731046035886,0.0003056470632145647,0.19783000089228153,0.0001,0.0003,0.0001,0.0003,,256,3,4,4,1,128,1,0.99,0.95,0.2,0.01,1,D:\Python project\HGNN_PPO_USV_Scheduling\models\best_u2_t20_seed0.pth,0.32795940001960844,0.2994475000305101,0.6275272000348195,0.0013468998949974775,0.1506462999386713,0.1275305999442935
PPO_full_u2_t20_seed0_20260521_211953,PPO,full,u2_t20,2,20,0,735,2026-05-21 21:29:11,557.6421717000194,-0.6713842197648809,0.007243786105554649,1086.102486165059,1077.7931937013868,11.718318463377093,1.0,8,8,0,,,1077.7931937013868,360,,MinBattery_NearestTask,1235.4772701211982,1648.142715048298,-0.030003377120010555,0.000287279004623997,0.1588187161833048,0.0001,0.0003,0.0001,0.0003,,256,3,4,4,1,128,1,0.99,0.95,0.2,0.01,1,D:\Python project\HGNN_PPO_USV_Scheduling\models\best_u2_t20_seed0.pth,0.3853952999925241,0.33928449999075383,0.7247903000097722,0.0015777000226080418,0.17373520007822663,0.14698640012647957
PPO_full_u2_t20_seed0_20260521_211953,PPO,full,u2_t20,2,20,0,736,2026-05-21 21:29:12,558.6025948000606,-0.6772089054089498,0.021631257472532136,1095.5251168628263,1077.7931937013868,34.99302162332802,1.0,8,8,0,,,1077.7931937013868,360,,MinBattery_NearestTask,1235.4772701211982,1648.142715048298,0.016836318071000278,0.00040124181759892963,0.14918863028287888,0.0001,0.0003,0.0001,0.0003,,256,3,4,4,1,128,1,0.99,0.95,0.2,0.01,1,D:\Python project\HGNN_PPO_USV_Scheduling\models\best_u2_t20_seed0.pth,0.38573369989171624,0.38165530003607273,0.7675548999104649,0.0016931999707594514,0.19978420005645603,0.17496470001060516
PPO_full_u2_t20_seed0_20260521_211953,PPO,full,u2_t20,2,20,0,737,2026-05-21 21:29:13,559.5144641000079,-0.666247754368122,0.0,1077.7931937013868,1077.7931937013868,0.0,1.0,8,8,0,,,1077.7931937013868,360,,MinBattery_NearestTask,1235.4772701211982,1648.142715048298,0.01811601856024936,0.00026122820418095216,0.1736252550035715,0.0001,0.0003,0.0001,0.0003,,256,3,4,4,1,128,1,0.99,0.95,0.2,0.01,1,D:\Python project\HGNN_PPO_USV_Scheduling\models\best_u2_t20_seed0.pth,0.38397820002865046,0.37180099997203797,0.7558956999564543,0.001995700062252581,0.19695389980915934,0.16810499969869852
PPO_full_u2_t20_seed0_20260521_211953,PPO,full,u2_t20,2,20,0,738,2026-05-21 21:29:14,560.3301481000381,-0.6802471195867639,0.005219099451021251,1100.4400550977184,1080.3749029781816,8.44297009435517,1.0,8,8,0,,,1077.7931937013868,360,,MinBattery_NearestTask,1235.4772701211982,1648.142715048298,-0.009798307437449694,0.00029520804673666134,0.1650803741067648,0.0001,0.0003,0.0001,0.0003,,256,3,4,4,1,128,1,0.99,0.95,0.2,0.01,1,D:\Python project\HGNN_PPO_USV_Scheduling\models\best_u2_t20_seed0.pth,0.35287719999905676,0.31926719995681196,0.6722581000067294,0.0020016999915242195,0.16378419974353164,0.14890100026968867
PPO_full_u2_t20_seed0_20260521_211953,PPO,full,u2_t20,2,20,0,739,2026-05-21 21:29:15,561.1918030000525,-0.6738180128461864,0.006882280994102662,1090.0396485805575,1077.7931937013868,11.133509364874735,1.0,8,8,0,,,1077.7931937013868,360,,MinBattery_NearestTask,1235.4772701211982,1648.142715048298,0.04416166921146214,0.00030070755019551143,0.23550823144614697,0.0001,0.0003,0.0001,0.0003,,256,3,4,4,1,128,1,0.99,0.95,0.2,0.01,1,D:\Python project\HGNN_PPO_USV_Scheduling\models\best_u2_t20_seed0.pth,0.39025349996518344,0.3214295000070706,0.7117874999530613,0.002144399913959205,0.16201939980965108,0.14571279985830188
PPO_full_u2_t20_seed0_20260521_211953,PPO,full,u2_t20,2,20,0,740,2026-05-21 21:29:16,562.2104349000147,-0.7657120368250476,0.1352182529123855,1238.697190668909,1077.7931937013868,218.74342044331686,1.0,8,8,0,1077.7931937013868,1,1077.7931937013868,360,-12.763009100470368,MinBattery_NearestTask,1235.4772701211982,1648.142715048298,-0.02058695291634649,0.0023123729188228026,0.34192840568721294,0.0001,0.0003,0.0001,0.0003,,256,3,4,4,1,128,1,0.99,0.95,0.2,0.01,1,D:\Python project\HGNN_PPO_USV_Scheduling\models\best_u2_t20_seed0.pth,0.3828942999243736,0.30338420008774847,0.9029243999393657,0.0021614000434055924,0.15557479998096824,0.14158499974291772
PPO_full_u2_t20_seed0_20260521_211953,PPO,full,u2_t20,2,20,0,741,2026-05-21 21:29:16,562.9737306999741,-0.6857795838968664,0.03267848164288769,1109.3899575007363,1077.7931937013868,52.8641858291947,1.0,8,8,0,,,1077.7931937013868,360,,MinBattery_NearestTask,1235.4772701211982,1648.142715048298,-0.006106751738116145,0.0011399545837775804,0.29137190990149975,0.0001,0.0003,0.0001,0.0003,,256,3,4,4,1,128,1,0.99,0.95,0.2,0.01,1,D:\Python project\HGNN_PPO_USV_Scheduling\models\best_u2_t20_seed0.pth,0.33443679998163134,0.3046151000307873,0.6391814999515191,0.0019102999940514565,0.15761390002444386,0.14054199995007366
PPO_full_u2_t20_seed0_20260521_211953,PPO,full,u2_t20,2,20,0,742,2026-05-21 21:29:17,563.8206403000513,-0.6747711789484341,0.02399676677679612,1091.5815913949746,1074.7275253869216,38.81972094209876,1.0,8,8,0,,,1077.7931937013868,360,,MinBattery_NearestTask,1235.4772701211982,1648.142715048298,-0.02384296720265411,0.0004991458372387569,0.2962020356208086,0.0001,0.0003,0.0001,0.0003,,256,3,4,4,1,128,1,0.99,0.95,0.2,0.01,1,D:\Python project\HGNN_PPO_USV_Scheduling\models\best_u2_t20_seed0.pth,0.3395895999856293,0.34262980008497834,0.6823826000327244,0.0015668999403715134,0.18271239986643195,0.15280010004062206
PPO_full_u2_t20_seed0_20260521_211953,PPO,full,u2_t20,2,20,0,743,2026-05-21 21:29:18,564.642987200059,-0.6973494019465334,0.02312546717109655,1128.106525120722,1077.7931937013868,37.410214075410195,1.0,8,8,0,,,1077.7931937013868,360,,MinBattery_NearestTask,1235.4772701211982,1648.142715048298,0.06403515010606498,0.0005333108492777683,0.3150292858481407,0.0001,0.0003,0.0001,0.0003,,256,3,4,4,1,128,1,0.99,0.95,0.2,0.01,1,D:\Python project\HGNN_PPO_USV_Scheduling\models\best_u2_t20_seed0.pth,0.395878600073047,0.2878717000130564,0.6839156000642106,0.0014818999916315079,0.14903569989837706,0.13263750006444752
PPO_full_u2_t20_seed0_20260521_211953,PPO,full,u2_t20,2,20,0,744,2026-05-21 21:29:19,565.6397780000698,-0.7157155035664395,0.024823014991323444,1157.8174835306852,1074.7275253869216,40.15634788918697,1.0,8,8,0,,,1077.7931937013868,360,,MinBattery_NearestTask,1235.4772701211982,1648.142715048298,-0.0017737869638949633,0.0006311958932201378,0.42141179367899895,0.0001,0.0003,0.0001,0.0003,,256,3,4,4,1,128,1,0.99,0.95,0.2,0.01,1,D:\Python project\HGNN_PPO_USV_Scheduling\models\best_u2_t20_seed0.pth,0.4039094999898225,0.37917129998095334,0.783199799945578,0.0016942000947892666,0.18884459999389946,0.1636976000154391
PPO_full_u2_t20_seed0_20260521_211953,PPO,full,u2_t20,2,20,0,745,2026-05-21 21:29:20,566.564636599971,-0.7402599057191299,0.10606146755324654,1197.5231176738405,1074.7275253869216,171.57630490069707,1.0,8,8,0,,,1077.7931937013868,360,,MinBattery_NearestTask,1235.4772701211982,1648.142715048298,-0.05727398325689137,0.001677935229963623,0.44749176502227783,0.0001,0.0003,0.0001,0.0003,,256,3,4,4,1,128,1,0.99,0.95,0.2,0.01,1,D:\Python project\HGNN_PPO_USV_Scheduling\models\best_u2_t20_seed0.pth,0.363223799970001,0.3904140000231564,0.7537574999732897,0.0018369000172242522,0.2058216001605615,0.17820090020541102
PPO_full_u2_t20_seed0_20260521_211953,PPO,full,u2_t20,2,20,0,746,2026-05-21 21:29:21,567.3144391999813,-0.768290178370866,0.12224450291211948,1242.8678665057334,1085.8088400059203,197.7557032534379,1.0,8,8,0,,,1077.7931937013868,360,,MinBattery_NearestTask,1235.4772701211982,1648.142715048298,0.011895325849764049,0.0023409740533679724,0.3679615147411823,0.0001,0.0003,0.0001,0.0003,,256,3,4,4,1,128,1,0.99,0.95,0.2,0.01,1,D:\Python project\HGNN_PPO_USV_Scheduling\models\best_u2_t20_seed0.pth,0.32202090008649975,0.3038103999570012,0.6259374000364915,0.001597900060005486,0.15560359985101968,0.14256289997138083
PPO_full_u2_t20_seed0_20260521_211953,PPO,full,u2_t20,2,20,0,747,2026-05-21 21:29:21,568.0720211999724,-0.6683057093601453,0.005444837118257558,1081.1223604697614,1077.7931937013868,8.808147342179591,1.0,8,8,0,,,1077.7931937013868,360,,MinBattery_NearestTask,1235.4772701211982,1648.142715048298,-0.016566937003517523,0.0009236777113983408,0.22197150066494942,0.0001,0.0003,0.0001,0.0003,,256,3,4,4,1,128,1,0.99,0.95,0.2,0.01,1,D:\Python project\HGNN_PPO_USV_Scheduling\models\best_u2_t20_seed0.pth,0.3026572000235319,0.2947121999459341,0.5974810000043362,0.001923500094562769,0.15387120004743338,0.1346659001428634
PPO_full_u2_t20_seed0_20260521_211953,PPO,full,u2_t20,2,20,0,748,2026-05-21 21:29:22,568.8830023000482,-0.6851100381784976,0.027775624130330384,1108.3068291698733,1077.7931937013868,44.93280231296262,1.0,8,8,0,,,1077.7931937013868,360,,MinBattery_NearestTask,1235.4772701211982,1648.142715048298,-0.02165376429911703,0.0004921990184811875,0.25930180586874485,0.0001,0.0003,0.0001,0.0003,,256,3,4,4,1,128,1,0.99,0.95,0.2,0.01,1,D:\Python project\HGNN_PPO_USV_Scheduling\models\best_u2_t20_seed0.pth,0.33713510003872216,0.33255469996947795,0.6698010000400245,0.0020665000192821026,0.16860279999673367,0.1456567000132054
PPO_full_u2_t20_seed0_20260521_211953,PPO,full,u2_t20,2,20,0,749,2026-05-21 21:29:23,569.675125000067,-0.6681058588663042,0.0023988025923242363,1080.7990610655868,1077.7931937013868,3.8805580808183837,1.0,8,8,0,,,1077.7931937013868,360,,MinBattery_NearestTask,1235.4772701211982,1648.142715048298,0.05310667026787996,0.00027880308698513545,0.19472957774996758,0.0001,0.0003,0.0001,0.0003,,256,3,4,4,1,128,1,0.99,0.95,0.2,0.01,1,D:\Python project\HGNN_PPO_USV_Scheduling\models\best_u2_t20_seed0.pth,0.3386482000350952,0.3142357999458909,0.6529908999800682,0.0017753998981788754,0.15972690004855394,0.1481675998074934
PPO_full_u2_t20_seed0_20260521_211953,PPO,full,u2_t20,2,20,0,750,2026-05-21 21:29:24,570.7107567000203,-0.6821697413088378,0.02587007906317561,1103.5502923818635,1077.7931937013868,41.85019004116816,1.0,8,8,0,1099.8712284128524,1,1077.7931937013868,360,-10.976004576356402,MinBattery_NearestTask,1235.4772701211982,1648.142715048298,0.03270671729114838,0.0004163529010838829,0.2323825042694807,0.0001,0.0003,0.0001,0.0003,,256,3,4,4,1,128,1,0.99,0.95,0.2,0.01,1,D:\Python project\HGNN_PPO_USV_Scheduling\models\best_u2_t20_seed0.pth,0.35417770000640303,0.3301247999770567,0.9070845999522135,0.0019950999412685633,0.1739207998616621,0.15009810007177293
PPO_full_u2_t20_seed0_20260521_211953,PPO,full,u2_t20,2,20,0,751,2026-05-21 21:29:25,571.5360680000158,-0.6859095875982555,0.01313761042867794,1109.6002653082965,1077.7931937013868,21.252795238249767,1.0,8,8,0,,,1077.7931937013868,360,,MinBattery_NearestTask,1235.4772701211982,1648.142715048298,-0.04012938984669745,0.00038285832124529406,0.27451987005770206,0.0001,0.0003,0.0001,0.0003,,256,3,4,4,1,128,1,0.99,0.95,0.2,0.01,1,D:\Python project\HGNN_PPO_USV_Scheduling\models\best_u2_t20_seed0.pth,0.30665799998678267,0.3380018000025302,0.6447686000028625,0.0021732000168412924,0.16282319999299943,0.1543957000831142
PPO_full_u2_t20_seed0_20260521_211953,PPO,full,u2_t20,2,20,0,752,2026-05-21 21:29:26,572.3008264000528,-0.6745479539810335,0.007730338098557706,1091.22047895752,1077.7931937013868,12.5054166907293,1.0,8,8,0,,,1077.7931937013868,360,,MinBattery_NearestTask,1235.4772701211982,1648.142715048298,-0.014329685713164508,0.0003284975573478732,0.2369239553809166,0.0001,0.0003,0.0001,0.0003,,256,3,4,4,1,128,1,0.99,0.95,0.2,0.01,1,D:\Python project\HGNN_PPO_USV_Scheduling\models\best_u2_t20_seed0.pth,0.3460647000465542,0.29806669999379665,0.6442374000325799,0.002000299980863929,0.15233779966365546,0.13923839991912246
PPO_full_u2_t20_seed0_20260521_211953,PPO,full,u2_t20,2,20,0,753,2026-05-21 21:29:27,573.2359246000415,-0.6730061143830814,0.005200583263461291,1088.7262353168371,1077.7931937013868,8.413016340973504,1.0,8,8,0,,,1077.7931937013868,360,,MinBattery_NearestTask,1235.4772701211982,1648.142715048298,0.06670607719570398,0.00031283881071431097,0.22091789357364178,0.0001,0.0003,0.0001,0.0003,,256,3,4,4,1,128,1,0.99,0.95,0.2,0.01,1,D:\Python project\HGNN_PPO_USV_Scheduling\models\best_u2_t20_seed0.pth,0.33334239991381764,0.28942970000207424,0.6228783999104053,0.0014513999922201037,0.14759309985674918,0.13600140006747097
PPO_full_u2_t20_seed0_20260521_211953,PPO,full,u2_t20,2,20,0,754,2026-05-21 21:29:27,574.0397028999869,-0.6685835214180404,0.002361417074189002,1081.5717787877436,1077.7931937013868,3.820079292372236,1.0,8,8,0,,,1077.7931937013868,360,,MinBattery_NearestTask,1235.4772701211982,1648.142715048298,0.008124402957037091,0.00026838872872758657,0.18367809802293777,0.0001,0.0003,0.0001,0.0003,,256,3,4,4,1,128,1,0.99,0.95,0.2,0.01,1,D:\Python project\HGNN_PPO_USV_Scheduling\models\best_u2_t20_seed0.pth,0.3798741999780759,0.3023436999646947,0.6823253999464214,0.001991800032556057,0.1557960999198258,0.1399598001735285
PPO_full_u2_t20_seed0_20260521_211953,PPO,full,u2_t20,2,20,0,755,2026-05-21 21:29:28,574.8810978999827,-0.6719850249527557,0.007543633952072533,1087.074412506253,1077.7931937013868,12.203384215575342,1.0,8,8,0,,,1077.7931937013868,360,,MinBattery_NearestTask,1235.4772701211982,1648.142715048298,-0.03961187042295933,0.00025728017317305785,0.16410362347960472,0.0001,0.0003,0.0001,0.0003,,256,3,4,4,1,128,1,0.99,0.95,0.2,0.01,1,D:\Python project\HGNN_PPO_USV_Scheduling\models\best_u2_t20_seed0.pth,0.330871699959971,0.38483070000074804,0.7158156000077724,0.0018169000977650285,0.1951075999531895,0.17359500005841255
PPO_full_u2_t20_seed0_20260521_211953,PPO,full,u2_t20,2,20,0,756,2026-05-21 21:29:29,575.6595087000169,-0.6684406557650442,0.0029347064644589306,1081.340664119959,1077.7931937013868,4.747493154262354,1.0,8,8,0,,,1077.7931937013868,360,,MinBattery_NearestTask,1235.4772701211982,1648.142715048298,-0.0027849157340824604,0.00021934615688223857,0.13818995701149106,0.0001,0.0003,0.0001,0.0003,,256,3,4,4,1,128,1,0.99,0.95,0.2,0.01,1,D:\Python project\HGNN_PPO_USV_Scheduling\models\best_u2_t20_seed0.pth,0.3180918999714777,0.32607409998308867,0.6442681000335142,0.00142959994263947,0.16776799981016666,0.13862039998639375
PPO_full_u2_t20_seed0_20260521_211953,PPO,full,u2_t20,2,20,0,757,2026-05-21 21:29:30,576.3962650999893,-0.6738232262358714,0.0055245808255131885,1090.0480823139276,1077.7931937013868,8.937149240282967,1.0,8,8,0,,,1077.7931937013868,360,,MinBattery_NearestTask,1235.4772701211982,1648.142715048298,0.023386440851027146,0.0002965481216961052,0.15119365882128477,0.0001,0.0003,0.0001,0.0003,,256,3,4,4,1,128,1,0.99,0.95,0.2,0.01,1,D:\Python project\HGNN_PPO_USV_Scheduling\models\best_u2_t20_seed0.pth,0.3136335000162944,0.3003280999837443,0.614082399988547,0.001938900095410645,0.14917400002013892,0.14530789980199188
PPO_full_u2_t20_seed0_20260521_211953,PPO,full,u2_t20,2,20,0,758,2026-05-21 21:29:31,577.3279279000126,-0.6668671225341827,0.0016386941373868467,1078.7951494894535,1077.7931937013868,2.650925839906176,1.0,8,8,0,,,1077.7931937013868,360,,MinBattery_NearestTask,1235.4772701211982,1648.142715048298,0.0012783976271748543,0.00027463402511784807,0.1441408907994628,0.0001,0.0003,0.0001,0.0003,,256,3,4,4,1,128,1,0.99,0.95,0.2,0.01,1,D:\Python project\HGNN_PPO_USV_Scheduling\models\best_u2_t20_seed0.pth,0.3339335999917239,0.2875099000521004,0.6215694000711665,0.0014536000089719892,0.14887810009531677,0.13323260005563498
PPO_full_u2_t20_seed0_20260521_211953,PPO,full,u2_t20,2,20,0,759,2026-05-21 21:29:31,578.1065912999911,-0.6697525066849053,0.004576589265126039,1083.4628536257505,1077.7931937013868,7.403577314865169,1.0,8,8,0,,,1077.7931937013868,360,,MinBattery_NearestTask,1235.4772701211982,1648.142715048298,-0.015002244617789984,0.00028507920978881884,0.15745852328836918,0.0001,0.0003,0.0001,0.0003,,256,3,4,4,1,128,1,0.99,0.95,0.2,0.01,1,D:\Python project\HGNN_PPO_USV_Scheduling\models\best_u2_t20_seed0.pth,0.33336090005468577,0.3058750999625772,0.6393604000331834,0.0013563999673351645,0.1561731001129374,0.14406429964583367
PPO_full_u2_t20_seed0_20260521_211953,PPO,full,u2_t20,2,20,0,760,2026-05-21 21:29:32,579.1136124000186,-0.666247754368122,0.0,1077.7931937013868,1077.7931937013868,0.0,1.0,8,8,0,1077.7931937013868,1,1077.7931937013868,360,-12.763009100470368,MinBattery_NearestTask,1235.4772701211982,1648.142715048298,-0.019439634634181857,0.00024979575391625986,0.10490796994417906,0.0001,0.0003,0.0001,0.0003,,256,3,4,4,1,128,1,0.99,0.95,0.2,0.01,1,D:\Python project\HGNN_PPO_USV_Scheduling\models\best_u2_t20_seed0.pth,0.32478630007244647,0.3176558999111876,0.8670279000652954,0.0013139999937266111,0.16282849991694093,0.1296397999394685
PPO_full_u2_t20_seed0_20260521_211953,PPO,full,u2_t20,2,20,0,761,2026-05-21 21:29:33,579.930533500039,-0.666247754368122,0.0,1077.7931937013868,1077.7931937013868,0.0,1.0,8,8,0,,,1077.7931937013868,360,,MinBattery_NearestTask,1235.4772701211982,1648.142715048298,-0.007545034633949399,0.00029787749917886686,0.12517209351062775,0.0001,0.0003,0.0001,0.0003,,256,3,4,4,1,128,1,0.99,0.95,0.2,0.01,1,D:\Python project\HGNN_PPO_USV_Scheduling\models\best_u2_t20_seed0.pth,0.3489111000671983,0.33308039989788085,0.682097899960354,0.0013791000237688422,0.16616369981784374,0.14130869996733963
PPO_full_u2_t20_seed0_20260521_211953,PPO,full,u2_t20,2,20,0,762,2026-05-21 21:29:34,580.7568679000251,-0.6906723286641245,0.025049393427703216,1117.3049815651254,1077.7931937013868,40.52256171329556,1.0,8,8,0,,,1077.7931937013868,360,,MinBattery_NearestTask,1235.4772701211982,1648.142715048298,0.037901373842032626,0.0004648649373848457,0.2678705081343651,0.0001,0.0003,0.0001,0.0003,,256,3,4,4,1,128,1,0.99,0.95,0.2,0.01,1,D:\Python project\HGNN_PPO_USV_Scheduling\models\best_u2_t20_seed0.pth,0.40427509997971356,0.29744959995150566,0.7018655999563634,0.0015818000538274646,0.15279339987318963,0.12916239991318434
PPO_full_u2_t20_seed0_20260521_211953,PPO,full,u2_t20,2,20,0,763,2026-05-21 21:29:35,581.6298492000205,-0.8201824779744983,0.15236758897871222,1326.8143668152948,1077.7931937013868,246.4860095441456,1.0,8,8,0,,,1077.7931937013868,360,,MinBattery_NearestTask,1235.4772701211982,1648.142715048298,-0.051144363329513,0.003572786081349477,0.30327003449201584,0.0001,0.0003,0.0001,0.0003,,256,3,4,4,1,128,1,0.99,0.95,0.2,0.01,1,D:\Python project\HGNN_PPO_USV_Scheduling\models\best_u2_t20_seed0.pth,0.39333330001682043,0.34980890003498644,0.7432466000318527,0.0022080999333411455,0.17369580012746155,0.1531128000933677
PPO_full_u2_t20_seed0_20260521_211953,PPO,full,u2_t20,2,20,0,764,2026-05-21 21:29:36,582.3759994000429,-0.6798512414859437,0.016944016685414596,1099.7996405975541,1077.7931937013868,27.410442643551814,1.0,8,8,0,,,1077.7931937013868,360,,MinBattery_NearestTask,1235.4772701211982,1648.142715048298,-0.014287602331023663,0.0011774412269005552,0.20500890724360943,0.0001,0.0003,0.0001,0.0003,,256,3,4,4,1,128,1,0.99,0.95,0.2,0.01,1,D:\Python project\HGNN_PPO_USV_Scheduling\models\best_u2_t20_seed0.pth,0.3215949999867007,0.2953081999439746,0.6170158999739215,0.0014032999752089381,0.15728739998303354,0.13221940002404153
PPO_full_u2_t20_seed0_20260521_211953,PPO,full,u2_t20,2,20,0,765,2026-05-21 21:29:37,583.3357287000399,-0.6808040114633052,0.02239514267624423,1101.3409425982445,1077.7931937013868,36.228763534549806,1.0,8,8,0,,,1077.7931937013868,360,,MinBattery_NearestTask,1235.4772701211982,1648.142715048298,0.027529285522177815,0.0005412616301327944,0.1907457374036312,0.0001,0.0003,0.0001,0.0003,,256,3,4,4,1,128,1,0.99,0.95,0.2,0.01,1,D:\Python project\HGNN_PPO_USV_Scheduling\models\best_u2_t20_seed0.pth,0.3479403000092134,0.30703669996000826,0.6550657999468967,0.0016108999261632562,0.161535199964419,0.14024950005114079
PPO_full_u2_t20_seed0_20260521_211953,PPO,full,u2_t20,2,20,0,766,2026-05-21 21:29:37,584.1019511000486,-0.674237936870036,0.021140035830084156,1090.718962322044,1077.7931937013868,34.1983692746212,1.0,8,8,0,,,1077.7931937013868,360,,MinBattery_NearestTask,1235.4772701211982,1648.142715048298,0.028201856766827404,0.0004176803049631417,0.12756137177348137,0.0001,0.0003,0.0001,0.0003,,256,3,4,4,1,128,1,0.99,0.95,0.2,0.01,1,D:\Python project\HGNN_PPO_USV_Scheduling\models\best_u2_t20_seed0.pth,0.3264507999410853,0.30789100006222725,0.6344536000397056,0.0020897999638691545,0.16208729974459857,0.13959739997517318
PPO_full_u2_t20_seed0_20260521_211953,PPO,full,u2_t20,2,20,0,767,2026-05-21 21:29:38,585.1117415999761,-0.666247754368122,0.0,1077.7931937013868,1077.7931937013868,0.0,1.0,8,8,0,,,1077.7931937013868,360,,MinBattery_NearestTask,1235.4772701211982,1648.142715048298,0.026222287153359503,0.0002854870544979349,0.1645938651636243,0.0001,0.0003,0.0001,0.0003,,256,3,4,4,1,128,1,0.99,0.95,0.2,0.01,1,D:\Python project\HGNN_PPO_USV_Scheduling\models\best_u2_t20_seed0.pth,0.39705250004772097,0.32233539992012084,0.7194962999783456,0.001625100034289062,0.1627296000951901,0.14431100036017597
PPO_full_u2_t20_seed0_20260521_211953,PPO,full,u2_t20,2,20,0,768,2026-05-21 21:29:39,585.878797100042,-0.6938640765800055,0.01969692523335801,1122.4682922962957,1077.7931937013868,31.863840161821543,1.0,8,8,0,,,1077.7931937013868,360,,MinBattery_NearestTask,1235.4772701211982,1648.142715048298,-0.0251854476518929,0.0003684369658003561,0.26227991469204426,0.0001,0.0003,0.0001,0.0003,,256,3,4,4,1,128,1,0.99,0.95,0.2,0.01,1,D:\Python project\HGNN_PPO_USV_Scheduling\models\best_u2_t20_seed0.pth,0.3183141000336036,0.3257313999347389,0.6441567000001669,0.0022058000322431326,0.15897309978026897,0.14607759984210134
PPO_full_u2_t20_seed0_20260521_211953,PPO,full,u2_t20,2,20,0,769,2026-05-21 21:29:40,586.6220458999742,-0.678423535171576,0.02122250013946218,1097.4900310894675,1077.7931937013868,34.331772307934585,1.0,8,8,0,,,1077.7931937013868,360,,MinBattery_NearestTask,1235.4772701211982,1648.142715048298,0.04463504091836512,0.0003776136254600715,0.22601541131734848,0.0001,0.0003,0.0001,0.0003,,256,3,4,4,1,128,1,0.99,0.95,0.2,0.01,1,D:\Python project\HGNN_PPO_USV_Scheduling\models\best_u2_t20_seed0.pth,0.3126820999896154,0.28201110009104013,0.5947983000660315,0.0013219000538811088,0.14643280010204762,0.13055810006335378
PPO_full_u2_t20_seed0_20260521_211953,PPO,full,u2_t20,2,20,0,770,2026-05-21 21:29:41,587.6104117999785,-0.6666467311890344,0.0006910481248625185,1078.4386210205855,1077.7931937013868,1.1179129094451041,1.0,8,8,0,1099.8712284128524,1,1077.7931937013868,360,-10.976004576356402,MinBattery_NearestTask,1235.4772701211982,1648.142715048298,-0.0035280962474644184,0.00029090688803989906,0.2047149669378996,0.0001,0.0003,0.0001,0.0003,,256,3,4,4,1,128,1,0.99,0.95,0.2,0.01,1,D:\Python project\HGNN_PPO_USV_Scheduling\models\best_u2_t20_seed0.pth,0.30691229994408786,0.3165614000754431,0.8534819999476895,0.0017760000191628933,0.16686449979897588,0.14353699993807822
PPO_full_u2_t20_seed0_20260521_211953,PPO,full,u2_t20,2,20,0,771,2026-05-21 21:29:42,588.3832435000222,-0.6850349894945694,0.01686431179869297,1108.1854224406143,1077.7931937013868,27.28150354567102,1.0,8,8,0,,,1077.7931937013868,360,,MinBattery_NearestTask,1235.4772701211982,1648.142715048298,0.007589566521346569,0.00036308588096289895,0.27369691990315914,0.0001,0.0003,0.0001,0.0003,,256,3,4,4,1,128,1,0.99,0.95,0.2,0.01,1,D:\Python project\HGNN_PPO_USV_Scheduling\models\best_u2_t20_seed0.pth,0.32847619999665767,0.29597049998119473,0.6245505000697449,0.0014269000384956598,0.15244859992526472,0.12962669995613396
PPO_full_u2_t20_seed0_20260521_211953,PPO,full,u2_t20,2,20,0,772,2026-05-21 21:29:43,589.147711000056,-0.6824843275953325,0.01031580558712048,1104.0592006013553,1077.7931937013868,16.687943751330046,1.0,8,8,0,,,1077.7931937013868,360,,MinBattery_NearestTask,1235.4772701211982,1648.142715048298,0.013402832497376949,0.00032567689777351916,0.295221921056509,0.0001,0.0003,0.0001,0.0003,,256,3,4,4,1,128,1,0.99,0.95,0.2,0.01,1,D:\Python project\HGNN_PPO_USV_Scheduling\models\best_u2_t20_seed0.pth,0.32967749994713813,0.30248630000278354,0.6322466999990866,0.0019193999469280243,0.15042259986512363,0.13756239996291697
PPO_full_u2_t20_seed0_20260521_211953,PPO,full,u2_t20,2,20,0,773,2026-05-21 21:29:43,589.971997500048,-0.687032251313069,0.0060293459253838305,1111.4164054794392,1106.052970190107,9.75371092546953,1.0,8,8,0,,,1077.7931937013868,360,,MinBattery_NearestTask,1235.4772701211982,1648.142715048298,-0.09332428895868361,0.0003006327387993224,0.26534203439950943,0.0001,0.0003,0.0001,0.0003,,256,3,4,4,1,128,1,0.99,0.95,0.2,0.01,1,D:\Python project\HGNN_PPO_USV_Scheduling\models\best_u2_t20_seed0.pth,0.36678750009741634,0.3068464999087155,0.6737356000812724,0.002219200017862022,0.1532919998280704,0.13682040001731366
PPO_full_u2_t20_seed0_20260521_211953,PPO,full,u2_t20,2,20,0,774,2026-05-21 21:29:44,590.7211954999948,-0.6945979409441457,0.022543506480762778,1123.6554693060261,1083.3888807581063,36.46877259672418,1.0,8,8,0,,,1077.7931937013868,360,,MinBattery_NearestTask,1235.4772701211982,1648.142715048298,0.03426256380043924,0.0004108950925001409,0.40984857082366943,0.0001,0.0003,0.0001,0.0003,,256,3,4,4,1,128,1,0.99,0.95,0.2,0.01,1,D:\Python project\HGNN_PPO_USV_Scheduling\models\best_u2_t20_seed0.pth,0.3323155000107363,0.29373389994725585,0.6261585999745876,0.0017274999991059303,0.1512499999953434,0.13652609998825938
PPO_full_u2_t20_seed0_20260521_211953,PPO,full,u2_t20,2,20,0,775,2026-05-21 21:29:45,591.5611662999727,-0.6942818610786896,0.01807004134501621,1123.1441449144297,1096.4840632832675,29.232019836272748,1.0,8,8,0,,,1077.7931937013868,360,,MinBattery_NearestTask,1235.4772701211982,1648.142715048298,0.02045107731828466,0.0003837757722067181,0.36608224734663963,0.0001,0.0003,0.0001,0.0003,,256,3,4,4,1,128,1,0.99,0.95,0.2,0.01,1,D:\Python project\HGNN_PPO_USV_Scheduling\models\best_u2_t20_seed0.pth,0.3823959000874311,0.3238294000038877,0.7063228000188246,0.0013988000573590398,0.16699840012006462,0.1426046999404207
PPO_full_u2_t20_seed0_20260521_211953,PPO,full,u2_t20,2,20,0,776,2026-05-21 21:29:46,592.3268676999724,-0.6891676926842378,0.013158911854006528,1114.8709224519985,1093.7048558086062,21.287254688333974,1.0,8,8,0,,,1077.7931937013868,360,,MinBattery_NearestTask,1235.4772701211982,1648.142715048298,0.04400197847280651,0.00035160875631845556,0.3040163069963455,0.0001,0.0003,0.0001,0.0003,,256,3,4,4,1,128,1,0.99,0.95,0.2,0.01,1,D:\Python project\HGNN_PPO_USV_Scheduling\models\best_u2_t20_seed0.pth,0.30973189999349415,0.30422289995476604,0.6140453999396414,0.0013629000168293715,0.15059149987064302,0.13547870004549623
PPO_full_u2_t20_seed0_20260521_211953,PPO,full,u2_t20,2,20,0,777,2026-05-21 21:29:47,593.2377727000276,-0.6839275052791024,0.014650335745364729,1106.3938382412884,1077.7931937013868,23.699940522530845,1.0,8,8,0,,,1077.7931937013868,360,,MinBattery_NearestTask,1235.4772701211982,1648.142715048298,0.06700637808535248,0.0003785145054280292,0.29489607736468315,0.0001,0.0003,0.0001,0.0003,,256,3,4,4,1,128,1,0.99,0.95,0.2,0.01,1,D:\Python project\HGNN_PPO_USV_Scheduling\models\best_u2_t20_seed0.pth,0.3053997999522835,0.3053702999604866,0.6108697999734432,0.0019606000278145075,0.1607344999210909,0.1389272001106292
PPO_full_u2_t20_seed0_20260521_211953,PPO,full,u2_t20,2,20,0,778,2026-05-21 21:29:47,593.9894119000528,-0.6786995438159698,0.004805610325745296,1097.9365320140557,1077.7931937013868,7.774066128870703,1.0,8,8,0,,,1077.7931937013868,360,,MinBattery_NearestTask,1235.4772701211982,1648.142715048298,0.05187325528822839,0.00029139925209165085,0.2759555336087942,0.0001,0.0003,0.0001,0.0003,,256,3,4,4,1,128,1,0.99,0.95,0.2,0.01,1,D:\Python project\HGNN_PPO_USV_Scheduling\models\best_u2_t20_seed0.pth,0.3157325000502169,0.30903789994772524,0.624875699984841,0.002026700065471232,0.15167409996502101,0.1382525999797508
PPO_full_u2_t20_seed0_20260521_211953,PPO,full,u2_t20,2,20,0,779,2026-05-21 21:29:48,594.7159337999765,-0.6778648454408418,0.012455593544436802,1096.586235188876,1077.7931937013868,20.149492223710286,1.0,8,8,0,,,1077.7931937013868,360,,MinBattery_NearestTask,1235.4772701211982,1648.142715048298,0.05271630149218254,0.0003229315916541964,0.24915554746985435,0.0001,0.0003,0.0001,0.0003,,256,3,4,4,1,128,1,0.99,0.95,0.2,0.01,1,D:\Python project\HGNN_PPO_USV_Scheduling\models\best_u2_t20_seed0.pth,0.294992099981755,0.3042147000087425,0.5993216000497341,0.0015317000215873122,0.15962130017578602,0.13878150016535074
PPO_full_u2_t20_seed0_20260521_211953,PPO,full,u2_t20,2,20,0,780,2026-05-21 21:29:49,595.7987804000732,-0.6762181296855139,0.01526442003420709,1093.9223327270406,1077.7931937013868,24.69334854910044,1.0,8,8,0,1077.7931937013868,1,1077.7931937013868,360,-12.763009100470368,MinBattery_NearestTask,1235.4772701211982,1648.142715048298,0.015811049030162394,0.0003461514388618525,0.2569101732224226,0.0001,0.0003,0.0001,0.0003,,256,3,4,4,1,128,1,0.99,0.95,0.2,0.01,1,D:\Python project\HGNN_PPO_USV_Scheduling\models\best_u2_t20_seed0.pth,0.3611126000760123,0.3568952000932768,0.9542449000291526,0.001449399976991117,0.16859800007659942,0.15371870005037636
PPO_full_u2_t20_seed0_20260521_211953,PPO,full,u2_t20,2,20,0,781,2026-05-21 21:29:50,596.6032944000326,-0.6896761787372288,0.03052166637144173,1115.6935035465124,1077.7931937013868,49.37509216337011,1.0,8,8,0,,,1077.7931937013868,360,,MinBattery_NearestTask,1235.4772701211982,1648.142715048298,-0.02544246893376112,0.0004103783030586783,0.2874322831630707,0.0001,0.0003,0.0001,0.0003,,256,3,4,4,1,128,1,0.99,0.95,0.2,0.01,1,D:\Python project\HGNN_PPO_USV_Scheduling\models\best_u2_t20_seed0.pth,0.3488282000180334,0.32373960001859814,0.6726721000159159,0.0023374001029878855,0.1561005999101326,0.14264420012477785
PPO_full_u2_t20_seed0_20260521_211953,PPO,full,u2_t20,2,20,0,782,2026-05-21 21:29:51,597.5899032000452,-0.6869028217354323,0.0340518508676363,1111.2070264354936,1077.7931937013868,55.085893884746554,1.0,8,8,0,,,1077.7931937013868,360,,MinBattery_NearestTask,1235.4772701211982,1648.142715048298,0.0552447164664045,0.0004753837056341581,0.2113217245787382,0.0001,0.0003,0.0001,0.0003,,256,3,4,4,1,128,1,0.99,0.95,0.2,0.01,1,D:\Python project\HGNN_PPO_USV_Scheduling\models\best_u2_t20_seed0.pth,0.30241889995522797,0.3209022000664845,0.6234937000554055,0.0013482000213116407,0.1713021999457851,0.14289850008208305
PPO_full_u2_t20_seed0_20260521_211953,PPO,full,u2_t20,2,20,0,783,2026-05-21 21:29:52,598.3543136999942,-0.6759097205190552,0.020633802787718886,1093.4234172735853,1077.7931937013868,33.37943288960405,1.0,8,8,0,,,1077.7931937013868,360,,MinBattery_NearestTask,1235.4772701211982,1648.142715048298,0.008557882043533027,0.0003209344758943189,0.15799596812576056,0.0001,0.0003,0.0001,0.0003,,256,3,4,4,1,128,1,0.99,0.95,0.2,0.01,1,D:\Python project\HGNN_PPO_USV_Scheduling\models\best_u2_t20_seed0.pth,0.3245737999677658,0.30685759999323636,0.6315628999145702,0.0014955000951886177,0.15987449989188462,0.13934990006964654
PPO_full_u2_t20_seed0_20260521_211953,PPO,full,u2_t20,2,20,0,784,2026-05-21 21:29:53,599.3749645000789,-0.6668671225341827,0.0016386941373868467,1078.7951494894535,1077.7931937013868,2.650925839906176,1.0,8,8,0,,,1077.7931937013868,360,,MinBattery_NearestTask,1235.4772701211982,1648.142715048298,-0.006358832353726029,0.0002437629118503537,0.12638554815202951,0.0001,0.0003,0.0001,0.0003,,256,3,4,4,1,128,1,0.99,0.95,0.2,0.01,1,D:\Python project\HGNN_PPO_USV_Scheduling\models\best_u2_t20_seed0.pth,0.38322810002136976,0.3230997999198735,0.7064247999805957,0.0016108000418171287,0.16938559990376234,0.148078799713403
PPO_full_u2_t20_seed0_20260521_211953,PPO,full,u2_t20,2,20,0,785,2026-05-21 21:29:54,600.2867791000754,-0.6674864907002435,0.002145554264415883,1079.7971052775201,1077.7931937013868,3.4708766637384114,1.0,8,8,0,,,1077.7931937013868,360,,MinBattery_NearestTask,1235.4772701211982,1648.142715048298,0.03505568118998781,0.00028697501147689763,0.1381857618689537,0.0001,0.0003,0.0001,0.0003,,256,3,4,4,1,128,1,0.99,0.95,0.2,0.01,1,D:\Python project\HGNN_PPO_USV_Scheduling\models\best_u2_t20_seed0.pth,0.36814669996965677,0.3604999999515712,0.7288624999346212,0.0016332999803125858,0.1929713998688385,0.15193419985007495
PPO_full_u2_t20_seed0_20260521_211953,PPO,full,u2_t20,2,20,0,786,2026-05-21 21:29:55,601.1597175999777,-0.6674864907002435,0.002145554264415883,1079.7971052775201,1077.7931937013868,3.4708766637384114,1.0,8,8,0,,,1077.7931937013868,360,,MinBattery_NearestTask,1235.4772701211982,1648.142715048298,0.007370734820142388,0.00024835265321598854,0.13970435177907348,0.0001,0.0003,0.0001,0.0003,,256,3,4,4,1,128,1,0.99,0.95,0.2,0.01,1,D:\Python project\HGNN_PPO_USV_Scheduling\models\best_u2_t20_seed0.pth,0.38367489993106574,0.2942814000416547,0.6780660999938846,0.0013688999461010098,0.15489449992310256,0.1332157999277115
PPO_full_u2_t20_seed0_20260521_211953,PPO,full,u2_t20,2,20,0,787,2026-05-21 21:29:55,601.8703402000247,-0.6690881896570864,0.004492085658509799,1082.3881837805632,1077.7931937013868,7.266875297549394,1.0,8,8,0,,,1077.7931937013868,360,,MinBattery_NearestTask,1235.4772701211982,1648.142715048298,0.03451767913065851,0.00027050275275541935,0.3517067339271307,0.0001,0.0003,0.0001,0.0003,,256,3,4,4,1,128,1,0.99,0.95,0.2,0.01,1,D:\Python project\HGNN_PPO_USV_Scheduling\models\best_u2_t20_seed0.pth,0.3075292999856174,0.2801482999930158,0.5877831999678165,0.0015753000043332577,0.14509769983123988,0.12949129985645413
PPO_full_u2_t20_seed0_20260521_211953,PPO,full,u2_t20,2,20,0,788,2026-05-21 21:29:56,602.6354002000298,-0.8504623370328167,0.11245698881781088,1375.7982857633515,1143.6886690277706,181.92237998151657,1.0,8,8,0,,,1077.7931937013868,360,,MinBattery_NearestTask,1235.4772701211982,1648.142715048298,0.03944750386290252,0.0033138367580249906,0.776354119181633,0.0001,0.0003,0.0001,0.0003,,256,3,4,4,1,128,1,0.99,0.95,0.2,0.01,1,D:\Python project\HGNN_PPO_USV_Scheduling\models\best_u2_t20_seed0.pth,0.327067399979569,0.2866866000695154,0.6138588000321761,0.0014285000506788492,0.14871290000155568,0.13229819992557168
PPO_full_u2_t20_seed0_20260521_211953,PPO,full,u2_t20,2,20,0,789,2026-05-21 21:29:57,603.3635895000771,-0.8190382616223969,0.13695419251381435,1324.9633608068975,1092.073881404856,221.5516608836486,1.0,8,8,0,,,1077.7931937013868,360,,MinBattery_NearestTask,1235.4772701211982,1648.142715048298,0.06575563014484942,0.003304906509583816,0.6129852756857872,0.0001,0.0003,0.0001,0.0003,,256,3,4,4,1,128,1,0.99,0.95,0.2,0.01,1,D:\Python project\HGNN_PPO_USV_Scheduling\models\best_u2_t20_seed0.pth,0.30583139997906983,0.3010787999955937,0.607016299967654,0.0017670999513939023,0.16311919991858304,0.13218170020263642
PPO_full_u2_t20_seed0_20260521_211953,PPO,full,u2_t20,2,20,0,790,2026-05-21 21:29:58,604.3162658000365,-0.7903837222912785,0.1135801513852456,1278.6087318310465,1077.7931937013868,183.73932714969027,1.0,8,8,0,1077.7931937013868,1,1077.7931937013868,360,-12.763009100470368,MinBattery_NearestTask,1235.4772701211982,1648.142715048298,-0.0190941602922976,0.0022721783025190234,0.5447504371404648,0.0001,0.0003,0.0001,0.0003,,256,3,4,4,1,128,1,0.99,0.95,0.2,0.01,1,D:\Python project\HGNN_PPO_USV_Scheduling\models\best_u2_t20_seed0.pth,0.3141790999798104,0.29908830008935183,0.8314110999926925,0.0015387999592348933,0.15464339987374842,0.13848629989661276
PPO_full_u2_t20_seed0_20260521_211953,PPO,full,u2_t20,2,20,0,791,2026-05-21 21:29:58,605.072701200028,-0.8042508119678375,0.1273656123763252,1301.0416102488011,1077.7931937013868,206.04015432818187,1.0,8,8,0,,,1077.7931937013868,360,,MinBattery_NearestTask,1235.4772701211982,1648.142715048298,0.034108747378923,0.002318646715139039,0.400321289896965,0.0001,0.0003,0.0001,0.0003,,256,3,4,4,1,128,1,0.99,0.95,0.2,0.01,1,D:\Python project\HGNN_PPO_USV_Scheduling\models\best_u2_t20_seed0.pth,0.3347243000753224,0.2912841000361368,0.6261093000648543,0.0016885000513866544,0.1468033998971805,0.12395219993777573
PPO_full_u2_t20_seed0_20260521_211953,PPO,full,u2_t20,2,20,0,792,2026-05-21 21:29:59,605.8613833000418,-0.6728099691127433,0.0149674462138396,1088.408929876089,1077.7931937013868,24.21293212712969,1.0,8,8,0,,,1077.7931937013868,360,,MinBattery_NearestTask,1235.4772701211982,1648.142715048298,0.003106253658188507,0.0010281650247634389,0.20944333914667368,0.0001,0.0003,0.0001,0.0003,,256,3,4,4,1,128,1,0.99,0.95,0.2,0.01,1,D:\Python project\HGNN_PPO_USV_Scheduling\models\best_u2_t20_seed0.pth,0.36629789997823536,0.28608340001665056,0.65246690006461,0.001964899944141507,0.14834730012807995,0.1326051999349147
PPO_full_u2_t20_seed0_20260521_211953,PPO,full,u2_t20,2,20,0,793,2026-05-21 21:30:00,606.6341342000524,-0.6905329398335872,0.03206016595188495,1117.079491374958,1077.7931937013868,51.86393263666641,1.0,8,8,0,,,1077.7931937013868,360,,MinBattery_NearestTask,1235.4772701211982,1648.142715048298,-0.03412005881546065,0.0006183181576489005,0.271246874704957,0.0001,0.0003,0.0001,0.0003,,256,3,4,4,1,128,1,0.99,0.95,0.2,0.01,1,D:\Python project\HGNN_PPO_USV_Scheduling\models\best_u2_t20_seed0.pth,0.3517176000168547,0.2917497999733314,0.6435661000432447,0.0013720999704673886,0.15542929980438203,0.13127849996089935
PPO_full_u2_t20_seed0_20260521_211953,PPO,full,u2_t20,2,20,0,794,2026-05-21 21:30:01,607.3786217999877,-0.6698413374509232,0.003054099206388374,1083.6065557161182,1077.7931937013868,4.940635545790496,1.0,8,8,0,,,1077.7931937013868,360,,MinBattery_NearestTask,1235.4772701211982,1648.142715048298,-0.022296043229289353,0.000331720966642024,0.16239523142576218,0.0001,0.0003,0.0001,0.0003,,256,3,4,4,1,128,1,0.99,0.95,0.2,0.01,1,D:\Python project\HGNN_PPO_USV_Scheduling\models\best_u2_t20_seed0.pth,0.3096697999862954,0.2900006000418216,0.5997777000302449,0.0015014999080449343,0.14757160015869886,0.12665100011508912
PPO_full_u2_t20_seed0_20260521_211953,PPO,full,u2_t20,2,20,0,795,2026-05-21 21:30:02,608.1549788999837,-0.6681058588663042,0.0023988025923242363,1080.7990610655868,1077.7931937013868,3.8805580808183837,1.0,8,8,0,,,1077.7931937013868,360,,MinBattery_NearestTask,1235.4772701211982,1648.142715048298,0.012056307401508093,0.0003405527131690178,0.1913018673658371,0.0001,0.0003,0.0001,0.0003,,256,3,4,4,1,128,1,0.99,0.95,0.2,0.01,1,D:\Python project\HGNN_PPO_USV_Scheduling\models\best_u2_t20_seed0.pth,0.3745397999882698,0.27519529999699444,0.6498350000474602,0.0018476999830454588,0.14076860004570335,0.12816200009547174
PPO_full_u2_t20_seed0_20260521_211953,PPO,full,u2_t20,2,20,0,796,2026-05-21 21:30:02,608.9288249000674,-0.6861241973072691,0.025570151664235412,1109.9474407879297,1077.7931937013868,41.36499559651461,1.0,8,8,0,,,1077.7931937013868,360,,MinBattery_NearestTask,1235.4772701211982,1648.142715048298,0.06431156132020988,0.00042106110777240247,0.2787385508418083,0.0001,0.0003,0.0001,0.0003,,256,3,4,4,1,128,1,0.99,0.95,0.2,0.01,1,D:\Python project\HGNN_PPO_USV_Scheduling\models\best_u2_t20_seed0.pth,0.35140769998542964,0.28036690002772957,0.6318732999498025,0.0013067999389022589,0.1469105997821316,0.12793750001583248
PPO_full_u2_t20_seed0_20260521_211953,PPO,full,u2_t20,2,20,0,797,2026-05-21 21:30:03,609.6924339999678,-0.6701638138583275,0.005268084496838181,1084.1282278339613,1077.7931937013868,8.522213511880443,1.0,8,8,0,,,1077.7931937013868,360,,MinBattery_NearestTask,1235.4772701211982,1648.142715048298,0.00729193544248119,0.0003026265694643371,0.20464985631406307,0.0001,0.0003,0.0001,0.0003,,256,3,4,4,1,128,1,0.99,0.95,0.2,0.01,1,D:\Python project\HGNN_PPO_USV_Scheduling\models\best_u2_t20_seed0.pth,0.36199510004371405,0.2758902999339625,0.6379715000512078,0.0014812999870628119,0.140922199934721,0.1302390000782907
PPO_full_u2_t20_seed0_20260521_211953,PPO,full,u2_t20,2,20,0,798,2026-05-21 21:30:04,610.4548963999841,-0.6716339166411531,0.005942098824445709,1086.506422376431,1077.7931937013868,9.612570740088364,1.0,8,8,0,,,1077.7931937013868,360,,MinBattery_NearestTask,1235.4772701211982,1648.142715048298,0.019262566696852446,0.00026152302234550007,0.2266866397112608,0.0001,0.0003,0.0001,0.0003,,256,3,4,4,1,128,1,0.99,0.95,0.2,0.01,1,D:\Python project\HGNN_PPO_USV_Scheduling\models\best_u2_t20_seed0.pth,0.3053044000407681,0.3023725999519229,0.6077726000221446,0.0017371000722050667,0.15836400003172457,0.13835139980074018
PPO_full_u2_t20_seed0_20260521_211953,PPO,full,u2_t20,2,20,0,799,2026-05-21 21:30:05,611.2750506000593,-0.6747939510738981,0.0153547968108524,1091.6184300059422,1077.7931937013868,24.839551630609332,1.0,8,8,0,,,1077.7931937013868,360,,MinBattery_NearestTask,1235.4772701211982,1648.142715048298,0.0018164928769692779,0.00031705732908449136,0.20495866239070892,0.0001,0.0003,0.0001,0.0003,,256,3,4,4,1,128,1,0.99,0.95,0.2,0.01,1,D:\Python project\HGNN_PPO_USV_Scheduling\models\best_u2_t20_seed0.pth,0.3202395000262186,0.3114409999689087,0.6317957999417558,0.0015111000975593925,0.16748399997595698,0.13801400014199317
PPO_full_u2_t20_seed0_20260521_211953,PPO,full,u2_t20,2,20,0,800,2026-05-21 21:30:06,612.2533181000035,-0.6690784404366072,0.0028197321608830115,1082.3724124051141,1077.7931937013868,4.561498498322109,1.0,8,8,0,1077.7931937013868,1,1077.7931937013868,360,-12.763009100470368,MinBattery_NearestTask,1235.4772701211982,1648.142715048298,-0.020818340475670993,0.0002750234943960095,0.19249156303703785,0.0001,0.0003,0.0001,0.0003,,256,3,4,4,1,128,1,0.99,0.95,0.2,0.01,1,D:\Python project\HGNN_PPO_USV_Scheduling\models\best_u2_t20_seed0.pth,0.3192904000170529,0.30263000004924834,0.8363122000591829,0.0016003999626263976,0.1493139002704993,0.1317038000561297
PPO_full_u2_t20_seed0_20260521_211953,PPO,full,u2_t20,2,20,0,801,2026-05-21 21:30:06,612.9977655999828,-0.6706707817872395,0.009318775005614417,1084.9483530495795,1077.7931937013868,15.07504109220059,1.0,8,8,0,,,1077.7931937013868,360,,MinBattery_NearestTask,1235.4772701211982,1648.142715048298,0.0271675493568182,0.00027130686248710845,0.16754161566495895,0.0001,0.0003,0.0001,0.0003,,256,3,4,4,1,128,1,0.99,0.95,0.2,0.01,1,D:\Python project\HGNN_PPO_USV_Scheduling\models\best_u2_t20_seed0.pth,0.34197589999530464,0.28318409994244576,0.6252637000288814,0.0013122999807819724,0.14761209988500923,0.1301638000877574
PPO_full_u2_t20_seed0_20260521_211953,PPO,full,u2_t20,2,20,0,802,2026-05-21 21:30:07,613.7428572999779,-0.6668671225341827,0.0016386941373868467,1078.7951494894535,1077.7931937013868,2.650925839906176,1.0,8,8,0,,,1077.7931937013868,360,,MinBattery_NearestTask,1235.4772701211982,1648.142715048298,0.030134194414131343,0.00022237642951949965,0.12948333006352186,0.0001,0.0003,0.0001,0.0003,,256,3,4,4,1,128,1,0.99,0.95,0.2,0.01,1,D:\Python project\HGNN_PPO_USV_Scheduling\models\best_u2_t20_seed0.pth,0.3297477000160143,0.2703521999064833,0.6002024000044912,0.0014008000725880265,0.13885740004479885,0.12637880013789982
PPO_full_u2_t20_seed0_20260521_211953,PPO,full,u2_t20,2,20,0,803,2026-05-21 21:30:08,614.6179367000004,-0.6783410994949379,0.02832788610420241,1097.3566743755182,1077.7931937013868,45.82619999074378,1.0,8,8,0,,,1077.7931937013868,360,,MinBattery_NearestTask,1235.4772701211982,1648.142715048298,0.14700179547071457,0.0003677276545204222,0.17044067569077015,0.0001,0.0003,0.0001,0.0003,,256,3,4,4,1,128,1,0.99,0.95,0.2,0.01,1,D:\Python project\HGNN_PPO_USV_Scheduling\models\best_u2_t20_seed0.pth,0.40059580001980066,0.34131689998321235,0.7420172999845818,0.0017279000021517277,0.17081780009903014,0.15901000006124377
PPO_full_u2_t20_seed0_20260521_211953,PPO,full,u2_t20,2,20,0,804,2026-05-21 21:30:09,615.4351109999698,-0.6664472427785781,0.000527796723506631,1078.115907360986,1077.7931937013868,0.8538200879834171,1.0,8,8,0,,,1077.7931937013868,360,,MinBattery_NearestTask,1235.4772701211982,1648.142715048298,0.003919757378753275,0.0002905625369749032,0.13280986435711384,0.0001,0.0003,0.0001,0.0003,,256,3,4,4,1,128,1,0.99,0.95,0.2,0.01,1,D:\Python project\HGNN_PPO_USV_Scheduling\models\best_u2_t20_seed0.pth,0.3739298000000417,0.2887404999928549,0.6627715999493375,0.0015160999028012156,0.1526270000031218,0.1308809999609366
PPO_full_u2_t20_seed0_20260521_211953,PPO,full,u2_t20,2,20,0,805,2026-05-21 21:30:10,616.2438619000604,-0.6862809362111291,0.03497263933924444,1110.200998301123,1077.7931937013868,56.575459201899776,1.0,8,8,0,,,1077.7931937013868,360,,MinBattery_NearestTask,1235.4772701211982,1648.142715048298,-0.02940574719104916,0.0003724284415511647,0.16831672424450517,0.0001,0.0003,0.0001,0.0003,,256,3,4,4,1,128,1,0.99,0.95,0.2,0.01,1,D:\Python project\HGNN_PPO_USV_Scheduling\models\best_u2_t20_seed0.pth,0.39241980004590005,0.29761099989991635,0.6901366000529379,0.001519800047390163,0.15625360002741218,0.13583120005205274
PPO_full_u2_t20_seed0_20260521_211953,PPO,full,u2_t20,2,20,0,806,2026-05-21 21:30:11,617.1722242999822,-0.6670507119455433,0.0016084229605216745,1079.0921432379546,1077.7931937013868,2.6019559661967593,1.0,8,8,0,,,1077.7931937013868,360,,MinBattery_NearestTask,1235.4772701211982,1648.142715048298,0.1224356732564047,0.0003035730387637159,0.15550787560641766,0.0001,0.0003,0.0001,0.0003,,256,3,4,4,1,128,1,0.99,0.95,0.2,0.01,1,D:\Python project\HGNN_PPO_USV_Scheduling\models\best_u2_t20_seed0.pth,0.4596085000084713,0.3109668999677524,0.7706969999708235,0.002513500046916306,0.1548000000184402,0.14949999994132668
PPO_full_u2_t20_seed0_20260521_211953,PPO,full,u2_t20,2,20,0,807,2026-05-21 21:30:11,617.9542593000224,-0.6753459794532803,0.023474257827513213,1092.5114497964441,1077.7931937013868,37.97445491982256,1.0,8,8,0,,,1077.7931937013868,360,,MinBattery_NearestTask,1235.4772701211982,1648.142715048298,0.055416091869119555,0.0003797745121119078,0.15376513078808784,0.0001,0.0003,0.0001,0.0003,,256,3,4,4,1,128,1,0.99,0.95,0.2,0.01,1,D:\Python project\HGNN_PPO_USV_Scheduling\models\best_u2_t20_seed0.pth,0.3623584999004379,0.29324440006166697,0.6557165998965502,0.0014140000566840172,0.1443018999416381,0.13092210004106164
PPO_full_u2_t20_seed0_20260521_211953,PPO,full,u2_t20,2,20,0,808,2026-05-21 21:30:12,618.8066104999743,-0.6675319358989443,0.003397624968818102,1079.870622262043,1077.7931937013868,5.496359337998908,1.0,8,8,0,,,1077.7931937013868,360,,MinBattery_NearestTask,1235.4772701211982,1648.142715048298,0.03773347835522145,0.00028444541203498375,0.1459030518308282,0.0001,0.0003,0.0001,0.0003,,256,3,4,4,1,128,1,0.99,0.95,0.2,0.01,1,D:\Python project\HGNN_PPO_USV_Scheduling\models\best_u2_t20_seed0.pth,0.3999084000242874,0.30963799997698516,0.7096531999995932,0.00140149996150285,0.15181760000996292,0.13130660017486662
PPO_full_u2_t20_seed0_20260521_211953,PPO,full,u2_t20,2,20,0,809,2026-05-21 21:30:13,619.5891122000758,-0.6668671225341827,0.0016386941373868467,1078.7951494894535,1077.7931937013868,2.650925839906176,1.0,8,8,0,,,1077.7931937013868,360,,MinBattery_NearestTask,1235.4772701211982,1648.142715048298,-4.5461347326636314e-06,0.00028412499159458093,0.1027624299749732,0.0001,0.0003,0.0001,0.0003,,256,3,4,4,1,128,1,0.99,0.95,0.2,0.01,1,D:\Python project\HGNN_PPO_USV_Scheduling\models\best_u2_t20_seed0.pth,0.33596709999255836,0.29437019990291446,0.6304423999972641,0.0014263000339269638,0.15627320017665625,0.13279930013231933
PPO_full_u2_t20_seed0_20260521_211953,PPO,full,u2_t20,2,20,0,810,2026-05-21 21:30:14,620.822093600058,-0.6679537218409797,0.0045135656779466595,1080.55294804032,1077.7931937013868,7.301623660448684,1.0,8,8,0,1077.7931937013868,1,1077.7931937013868,360,-12.763009100470368,MinBattery_NearestTask,1235.4772701211982,1648.142715048298,-0.0022190252784639597,0.0002798511923174374,0.11276211496442556,0.0001,0.0003,0.0001,0.0003,,256,3,4,4,1,128,1,0.99,0.95,0.2,0.01,1,D:\Python project\HGNN_PPO_USV_Scheduling\models\best_u2_t20_seed0.pth,0.32268729992210865,0.5411759000271559,1.099210700020194,0.0013294999953359365,0.2928360999794677,0.2420874002855271
PPO_full_u2_t20_seed0_20260521_211953,PPO,full,u2_t20,2,20,0,811,2026-05-21 21:30:15,621.713479100028,-0.6702844823332134,0.007670893661146754,1084.323433986738,1077.7931937013868,12.409253049463903,1.0,8,8,0,,,1077.7931937013868,360,,MinBattery_NearestTask,1235.4772701211982,1648.142715048298,0.04075901582837105,0.0002373894712945912,0.1306140935048461,0.0001,0.0003,0.0001,0.0003,,256,3,4,4,1,128,1,0.99,0.95,0.2,0.01,1,D:\Python project\HGNN_PPO_USV_Scheduling\models\best_u2_t20_seed0.pth,0.34935359994415194,0.36326400004327297,0.7127286000177264,0.001642799936234951,0.19340370001737028,0.14473529998213053
PPO_full_u2_t20_seed0_20260521_211953,PPO,full,u2_t20,2,20,0,812,2026-05-21 21:30:16,622.5213899000082,-0.666247754368122,0.0,1077.7931937013868,1077.7931937013868,0.0,1.0,8,8,0,,,1077.7931937013868,360,,MinBattery_NearestTask,1235.4772701211982,1648.142715048298,-0.012938418658450246,0.00024581201796536334,0.10132631985470653,0.0001,0.0003,0.0001,0.0003,,256,3,4,4,1,128,1,0.99,0.95,0.2,0.01,1,D:\Python project\HGNN_PPO_USV_Scheduling\models\best_u2_t20_seed0.pth,0.3678390000713989,0.2980072000063956,0.6659524000715464,0.0024498000275343657,0.14799730002414435,0.1434178000781685
PPO_full_u2_t20_seed0_20260521_211953,PPO,full,u2_t20,2,20,0,813,2026-05-21 21:30:17,623.2915182000725,-0.6731832911004667,0.012299832056471343,1089.0128552098545,1077.7931937013868,19.897515882372847,1.0,8,8,0,,,1077.7931937013868,360,,MinBattery_NearestTask,1235.4772701211982,1648.142715048298,0.15367923385929316,0.00027499065436131787,0.09636223432607949,0.0001,0.0003,0.0001,0.0003,,256,3,4,4,1,128,1,0.99,0.95,0.2,0.01,1,D:\Python project\HGNN_PPO_USV_Scheduling\models\best_u2_t20_seed0.pth,0.3294794999528676,0.29782600002363324,0.627388299908489,0.0017419999931007624,0.15336929995100945,0.13891989993862808
PPO_full_u2_t20_seed0_20260521_211953,PPO,full,u2_t20,2,20,0,814,2026-05-21 21:30:18,624.2572055000346,-0.6725144082873119,0.012785186944431398,1087.930799264937,1077.7931937013868,20.68267754534787,1.0,8,8,0,,,1077.7931937013868,360,,MinBattery_NearestTask,1235.4772701211982,1648.142715048298,0.060526788351126015,0.0002780517243081704,0.1036791242659092,0.0001,0.0003,0.0001,0.0003,,256,3,4,4,1,128,1,0.99,0.95,0.2,0.01,1,D:\Python project\HGNN_PPO_USV_Scheduling\models\best_u2_t20_seed0.pth,0.39539540000259876,0.360513599938713,0.7560409000143409,0.0039258000906556845,0.19056640018243343,0.1485806998098269
PPO_full_u2_t20_seed0_20260521_211953,PPO,full,u2_t20,2,20,0,815,2026-05-21 21:30:19,625.1312441000482,-0.666247754368122,0.0,1077.7931937013868,1077.7931937013868,0.0,1.0,8,8,0,,,1077.7931937013868,360,,MinBattery_NearestTask,1235.4772701211982,1648.142715048298,-0.015494245570152998,0.00024534151089028455,0.09636390022933483,0.0001,0.0003,0.0001,0.0003,,256,3,4,4,1,128,1,0.99,0.95,0.2,0.01,1,D:\Python project\HGNN_PPO_USV_Scheduling\models\best_u2_t20_seed0.pth,0.40650620008818805,0.30619149992708117,0.7128035000059754,0.0019582000095397234,0.1592251998372376,0.14106360008008778
PPO_full_u2_t20_seed0_20260521_211953,PPO,full,u2_t20,2,20,0,816,2026-05-21 21:30:19,626.0013764000032,-0.6667444966206196,0.0013142564658067048,1078.5967767757847,1077.7931937013868,2.1260809726375376,1.0,8,8,0,,,1077.7931937013868,360,,MinBattery_NearestTask,1235.4772701211982,1648.142715048298,0.0065630144090391695,0.00020399405821081018,0.09642249974422157,0.0001,0.0003,0.0001,0.0003,,256,3,4,4,1,128,1,0.99,0.95,0.2,0.01,1,D:\Python project\HGNN_PPO_USV_Scheduling\models\best_u2_t20_seed0.pth,0.4018470000009984,0.31171809998340905,0.7136758000124246,0.0015626000240445137,0.16697400016710162,0.13871919980738312
PPO_full_u2_t20_seed0_20260521_211953,PPO,full,u2_t20,2,20,0,817,2026-05-21 21:30:20,626.8180787999881,-0.666247754368122,0.0,1077.7931937013868,1077.7931937013868,0.0,1.0,8,8,0,,,1077.7931937013868,360,,MinBattery_NearestTask,1235.4772701211982,1648.142715048298,-0.04507849272340536,0.0002678901109902654,0.09375335089862347,0.0001,0.0003,0.0001,0.0003,,256,3,4,4,1,128,1,0.99,0.95,0.2,0.01,1,D:\Python project\HGNN_PPO_USV_Scheduling\models\best_u2_t20_seed0.pth,0.40052320004906505,0.2853404999477789,0.6859638000605628,0.0014308999525383115,0.14872230018954724,0.13147699972614646
PPO_full_u2_t20_seed0_20260521_211953,PPO,full,u2_t20,2,20,0,818,2026-05-21 21:30:21,627.5990127000259,-0.666247754368122,0.0,1077.7931937013868,1077.7931937013868,0.0,1.0,8,8,0,,,1077.7931937013868,360,,MinBattery_NearestTask,1235.4772701211982,1648.142715048298,0.03910482807259541,0.0002542780348449014,0.10060322750359774,0.0001,0.0003,0.0001,0.0003,,256,3,4,4,1,128,1,0.99,0.95,0.2,0.01,1,D:\Python project\HGNN_PPO_USV_Scheduling\models\best_u2_t20_seed0.pth,0.3211637999629602,0.3089339000871405,0.6302001000149176,0.0015605000080540776,0.1503490002360195,0.14134899992495775
PPO_full_u2_t20_seed0_20260521_211953,PPO,full,u2_t20,2,20,0,819,2026-05-21 21:30:22,628.4646335999714,-0.666247754368122,0.0,1077.7931937013868,1077.7931937013868,0.0,1.0,8,8,0,,,1077.7931937013868,360,,MinBattery_NearestTask,1235.4772701211982,1648.142715048298,0.08752425643615425,0.00024958563335530926,0.11269742995500565,0.0001,0.0003,0.0001,0.0003,,256,3,4,4,1,128,1,0.99,0.95,0.2,0.01,1,D:\Python project\HGNN_PPO_USV_Scheduling\models\best_u2_t20_seed0.pth,0.40041020000353456,0.32081529998686165,0.7213466000976041,0.0022390999365597963,0.1509089000755921,0.13800410006660968
PPO_full_u2_t20_seed0_20260521_211953,PPO,full,u2_t20,2,20,0,820,2026-05-21 21:30:23,629.475677200011,-0.6666467311890344,0.0006910481248625185,1078.4386210205855,1077.7931937013868,1.1179129094451041,1.0,8,8,0,1077.7931937013868,1,1077.7931937013868,360,-12.763009100470368,MinBattery_NearestTask,1235.4772701211982,1648.142715048298,-0.0026660413714125752,0.0002617510690470226,0.13006391655653715,0.0001,0.0003,0.0001,0.0003,,256,3,4,4,1,128,1,0.99,0.95,0.2,0.01,1,D:\Python project\HGNN_PPO_USV_Scheduling\models\best_u2_t20_seed0.pth,0.3764790000859648,0.2796747999964282,0.8646979000186548,0.0020474999910220504,0.14543319970835,0.12865590013097972
PPO_full_u2_t20_seed0_20260521_211953,PPO,full,u2_t20,2,20,0,821,2026-05-21 21:30:24,630.236002300051,-0.6733272009835326,0.014815004537043833,1089.245659135208,1075.5580438443951,23.966326265256672,1.0,8,8,0,,,1077.7931937013868,360,,MinBattery_NearestTask,1235.4772701211982,1648.142715048298,0.0014472438488155603,0.0002752219352259999,0.1713720764964819,0.0001,0.0003,0.0001,0.0003,,256,3,4,4,1,128,1,0.99,0.95,0.2,0.01,1,D:\Python project\HGNN_PPO_USV_Scheduling\models\best_u2_t20_seed0.pth,0.3371906999964267,0.2833774999016896,0.6206526999594644,0.002208300051279366,0.1432417001342401,0.13475019996985793
PPO_full_u2_t20_seed0_20260521_211953,PPO,full,u2_t20,2,20,0,822,2026-05-21 21:30:24,630.9963347000303,-0.6666467311890344,0.0006910481248625185,1078.4386210205855,1077.7931937013868,1.1179129094451041,1.0,8,8,0,,,1077.7931937013868,360,,MinBattery_NearestTask,1235.4772701211982,1648.142715048298,0.008537864428944886,0.00025788205675780773,0.12317083030939102,0.0001,0.0003,0.0001,0.0003,,256,3,4,4,1,128,1,0.99,0.95,0.2,0.01,1,D:\Python project\HGNN_PPO_USV_Scheduling\models\best_u2_t20_seed0.pth,0.3197755999863148,0.29653749999124557,0.6164211999857798,0.001986200106330216,0.15106459998060018,0.13897129998076707
PPO_full_u2_t20_seed0_20260521_211953,PPO,full,u2_t20,2,20,0,823,2026-05-21 21:30:25,631.8286459000083,-0.666247754368122,0.0,1077.7931937013868,1077.7931937013868,0.0,1.0,8,8,0,,,1077.7931937013868,360,,MinBattery_NearestTask,1235.4772701211982,1648.142715048298,-0.01837539061671123,0.0001844825374064385,0.1225523422472179,0.0001,0.0003,0.0001,0.0003,,256,3,4,4,1,128,1,0.99,0.95,0.2,0.01,1,D:\Python project\HGNN_PPO_USV_Scheduling\models\best_u2_t20_seed0.pth,0.3771158999297768,0.3125329000176862,0.6897657999070361,0.0014885000418871641,0.1572427999926731,0.13044189987704158
PPO_full_u2_t20_seed0_20260521_211953,PPO,full,u2_t20,2,20,0,824,2026-05-21 21:30:26,632.555627600057,-0.6719810207367849,0.006325096008542538,1087.067934860826,1077.7931937013868,10.232147700040517,1.0,8,8,0,,,1077.7931937013868,360,,MinBattery_NearestTask,1235.4772701211982,1648.142715048298,0.041972260805778205,0.00024403692077612504,0.16848997212946415,0.0001,0.0003,0.0001,0.0003,,256,3,4,4,1,128,1,0.99,0.95,0.2,0.01,1,D:\Python project\HGNN_PPO_USV_Scheduling\models\best_u2_t20_seed0.pth,0.2996956000570208,0.29272729996591806,0.5925109999952838,0.0016063000075519085,0.15397279988974333,0.1331718999426812
PPO_full_u2_t20_seed0_20260521_211953,PPO,full,u2_t20,2,20,0,825,2026-05-21 21:30:27,633.302365600015,-0.6776672277074633,0.004626147708107968,1096.266547735382,1077.2001555973345,7.48374832060008,1.0,8,8,0,,,1077.7931937013868,360,,MinBattery_NearestTask,1235.4772701211982,1648.142715048298,-0.017102734185755253,0.0002576922361186007,0.19409150443971157,0.0001,0.0003,0.0001,0.0003,,256,3,4,4,1,128,1,0.99,0.95,0.2,0.01,1,D:\Python project\HGNN_PPO_USV_Scheduling\models\best_u2_t20_seed0.pth,0.2829201000276953,0.29591850005090237,0.5789476000936702,0.0013250999618321657,0.15778560005128384,0.1329196001170203
PPO_full_u2_t20_seed0_20260521_211953,PPO,full,u2_t20,2,20,0,826,2026-05-21 21:30:27,633.9983993000351,-0.6721241558092211,0.004963497185359732,1087.2994853701377,1077.7931937013868,8.029480697327578,1.0,8,8,0,,,1077.7931937013868,360,,MinBattery_NearestTask,1235.4772701211982,1648.142715048298,-0.0730417767772451,0.0002707697931327857,0.16809098608791828,0.0001,0.0003,0.0001,0.0003,,256,3,4,4,1,128,1,0.99,0.95,0.2,0.01,1,D:\Python project\HGNN_PPO_USV_Scheduling\models\best_u2_t20_seed0.pth,0.2877755999797955,0.2808467000722885,0.5687072000000626,0.0014711000258103013,0.13526229991111904,0.14028050028719008
PPO_full_u2_t20_seed0_20260521_211953,PPO,full,u2_t20,2,20,0,827,2026-05-21 21:30:28,634.6546280999901,-0.6667444966206196,0.0013142564658067048,1078.5967767757847,1077.7931937013868,2.1260809726375376,1.0,8,8,0,,,1077.7931937013868,360,,MinBattery_NearestTask,1235.4772701211982,1648.142715048298,-0.0017493544146418571,0.0002784552052617073,0.1484568752348423,0.0001,0.0003,0.0001,0.0003,,256,3,4,4,1,128,1,0.99,0.95,0.2,0.01,1,D:\Python project\HGNN_PPO_USV_Scheduling\models\best_u2_t20_seed0.pth,0.26009440002962947,0.2848265999928117,0.5450220999773592,0.001218999968841672,0.1504200000781566,0.12918009993154556
PPO_full_u2_t20_seed0_20260521_211953,PPO,full,u2_t20,2,20,0,828,2026-05-21 21:30:29,635.3409186999779,-0.6910705753705273,0.039717936869043825,1117.9492277734776,1077.2001555973345,64.2519569404271,1.0,8,8,0,,,1077.7931937013868,360,,MinBattery_NearestTask,1235.4772701211982,1648.142715048298,-0.01562747429125011,0.0005245128013484646,0.20670313946902752,0.0001,0.0003,0.0001,0.0003,,256,3,4,4,1,128,1,0.99,0.95,0.2,0.01,1,D:\Python project\HGNN_PPO_USV_Scheduling\models\best_u2_t20_seed0.pth,0.2753792000003159,0.28791040007490665,0.5633774000452831,0.00163569999858737,0.14358699996955693,0.1287478000158444
PPO_full_u2_t20_seed0_20260521_211953,PPO,full,u2_t20,2,20,0,829,2026-05-21 21:30:29,636.0791946999962,-0.6696596893138373,0.00590964467809864,1083.312702379253,1077.7931937013868,9.560069462881895,1.0,8,8,0,,,1077.7931937013868,360,,MinBattery_NearestTask,1235.4772701211982,1648.142715048298,0.0032703557517379522,0.0002888064191211015,0.13380711153149605,0.0001,0.0003,0.0001,0.0003,,256,3,4,4,1,128,1,0.99,0.95,0.2,0.01,1,D:\Python project\HGNN_PPO_USV_Scheduling\models\best_u2_t20_seed0.pth,0.2743363999761641,0.3153641000390053,0.5898131000576541,0.0014860000228509307,0.15400709980167449,0.1387926999013871
PPO_full_u2_t20_seed0_20260521_211953,PPO,full,u2_t20,2,20,0,830,2026-05-21 21:30:30,636.9624840000179,-0.666247754368122,0.0,1077.7931937013868,1077.7931937013868,0.0,1.0,8,8,0,1077.7931937013868,1,1077.7931937013868,360,-12.763009100470368,MinBattery_NearestTask,1235.4772701211982,1648.142715048298,-0.025955981574952602,0.00027659277657221537,0.09989528032019734,0.0001,0.0003,0.0001,0.0003,,256,3,4,4,1,128,1,0.99,0.95,0.2,0.01,1,D:\Python project\HGNN_PPO_USV_Scheduling\models\best_u2_t20_seed0.pth,0.30417499993927777,0.2780582000268623,0.7888904999708757,0.00133050000295043,0.14337119995616376,0.12942509981803596
PPO_full_u2_t20_seed0_20260521_211953,PPO,full,u2_t20,2,20,0,831,2026-05-21 21:30:31,637.6537581000011,-0.666247754368122,0.0,1077.7931937013868,1077.7931937013868,0.0,1.0,8,8,0,,,1077.7931937013868,360,,MinBattery_NearestTask,1235.4772701211982,1648.142715048298,0.005917957751080394,0.00025839814225037117,0.09541931236162782,0.0001,0.0003,0.0001,0.0003,,256,3,4,4,1,128,1,0.99,0.95,0.2,0.01,1,D:\Python project\HGNN_PPO_USV_Scheduling\models\best_u2_t20_seed0.pth,0.28014180005993694,0.29290670005138963,0.5731379000935704,0.001299199997447431,0.14745990000665188,0.14043919986579567
PPO_full_u2_t20_seed0_20260521_211953,PPO,full,u2_t20,2,20,0,832,2026-05-21 21:30:32,638.4115275000222,-0.6749719990734883,0.023082181867271165,1091.9064593776773,1077.7931937013868,37.340191166448164,1.0,8,8,0,,,1077.7931937013868,360,,MinBattery_NearestTask,1235.4772701211982,1648.142715048298,0.02270331217732746,0.0003235068688809406,0.1229555131867528,0.0001,0.0003,0.0001,0.0003,,256,3,4,4,1,128,1,0.99,0.95,0.2,0.01,1,D:\Python project\HGNN_PPO_USV_Scheduling\models\best_u2_t20_seed0.pth,0.36220920004416257,0.28524040000047535,0.6475351999979466,0.0012490999652072787,0.13938419986516237,0.12449330009985715
PPO_full_u2_t20_seed0_20260521_211953,PPO,full,u2_t20,2,20,0,833,2026-05-21 21:30:32,639.0774107000325,-0.6969026544038619,0.08110524196011294,1127.3838188036839,1077.7931937013868,131.2044613809154,1.0,8,8,0,,,1077.7931937013868,360,,MinBattery_NearestTask,1235.4772701211982,1648.142715048298,-0.016959751177637372,0.0014984377194195986,0.11829626932740211,0.0001,0.0003,0.0001,0.0003,,256,3,4,4,1,128,1,0.99,0.95,0.2,0.01,1,D:\Python project\HGNN_PPO_USV_Scheduling\models\best_u2_t20_seed0.pth,0.2624365999363363,0.2652756000170484,0.5277962000109255,0.0012417000252753496,0.14334689977113158,0.11712670000270009
PPO_full_u2_t20_seed0_20260521_211953,PPO,full,u2_t20,2,20,0,834,2026-05-21 21:30:33,639.8027518000454,-0.666247754368122,0.0,1077.7931937013868,1077.7931937013868,0.0,1.0,8,8,0,,,1077.7931937013868,360,,MinBattery_NearestTask,1235.4772701211982,1648.142715048298,-0.038861637585796416,0.0003157842002110556,0.10591596132144332,0.0001,0.0003,0.0001,0.0003,,256,3,4,4,1,128,1,0.99,0.95,0.2,0.01,1,D:\Python project\HGNN_PPO_USV_Scheduling\models\best_u2_t20_seed0.pth,0.32499609992373735,0.29154780006501824,0.6166376000037417,0.0016503999941051006,0.14709069998934865,0.13916560006327927
PPO_full_u2_t20_seed0_20260521_211953,PPO,full,u2_t20,2,20,0,835,2026-05-21 21:30:34,640.508683299995,-0.6734768354436557,0.009801814829576061,1089.4877237449668,1077.7931937013868,15.856457661546239,1.0,8,8,0,,,1077.7931937013868,360,,MinBattery_NearestTask,1235.4772701211982,1648.142715048298,0.01568628678796813,0.00031671824763179757,0.2924409508705139,0.0001,0.0003,0.0001,0.0003,,256,3,4,4,1,128,1,0.99,0.95,0.2,0.01,1,D:\Python project\HGNN_PPO_USV_Scheduling\models\best_u2_t20_seed0.pth,0.2840659999055788,0.313603000016883,0.5977539999876171,0.0015925000188872218,0.14886229997500777,0.1596383999567479
PPO_full_u2_t20_seed0_20260521_211953,PPO,full,u2_t20,2,20,0,836,2026-05-21 21:30:35,641.1867977000074,-0.7053141687578479,0.060517913342951396,1140.991178618421,1077.1190392680535,97.90021005009515,1.0,8,8,0,,,1077.7931937013868,360,,MinBattery_NearestTask,1235.4772701211982,1648.142715048298,-0.02232413529418409,0.0008175348484655842,0.3643322102725506,0.0001,0.0003,0.0001,0.0003,,256,3,4,4,1,128,1,0.99,0.95,0.2,0.01,1,D:\Python project\HGNN_PPO_USV_Scheduling\models\best_u2_t20_seed0.pth,0.26588860002812,0.29646730003878474,0.5624557000119239,0.0011812999146059155,0.1590316001093015,0.13220709993038327
PPO_full_u2_t20_seed0_20260521_211953,PPO,full,u2_t20,2,20,0,837,2026-05-21 21:30:35,641.8860220999923,-0.6847272682968312,0.02048217709305357,1107.6876199184965,1080.3749029781816,33.13414704716909,1.0,8,8,0,,,1077.7931937013868,360,,MinBattery_NearestTask,1235.4772701211982,1648.142715048298,-0.010985433735186234,0.00034961240089614876,0.2989028040319681,0.0001,0.0003,0.0001,0.0003,,256,3,4,4,1,128,1,0.99,0.95,0.2,0.01,1,D:\Python project\HGNN_PPO_USV_Scheduling\models\best_u2_t20_seed0.pth,0.282325999927707,0.2982424000510946,0.5806543999351561,0.0015370999462902546,0.13648170011583716,0.14180270012002438
PPO_full_u2_t20_seed0_20260521_211953,PPO,full,u2_t20,2,20,0,838,2026-05-21 21:30:36,642.5802845000289,-0.6838753588333345,0.021175358092760454,1106.3094806071267,1077.1190392680535,34.25551032170021,1.0,8,8,0,,,1077.7931937013868,360,,MinBattery_NearestTask,1235.4772701211982,1648.142715048298,-0.006530238199047744,0.0003078494264627807,0.3471301831305027,0.0001,0.0003,0.0001,0.0003,,256,3,4,4,1,128,1,0.99,0.95,0.2,0.01,1,D:\Python project\HGNN_PPO_USV_Scheduling\models\best_u2_t20_seed0.pth,0.2970343000488356,0.27668659994378686,0.5738063000608236,0.0014547000173479319,0.1399999000132084,0.13142870005685836
PPO_full_u2_t20_seed0_20260521_211953,PPO,full,u2_t20,2,20,0,839,2026-05-21 21:30:37,643.274980599992,-0.6825740808989236,0.029768118425049034,1104.2043950865727,1080.3749029781816,48.15607289850228,1.0,8,8,0,,,1077.7931937013868,360,,MinBattery_NearestTask,1235.4772701211982,1648.142715048298,0.015262716449797153,0.0003971045334765222,0.35521260648965836,0.0001,0.0003,0.0001,0.0003,,256,3,4,4,1,128,1,0.99,0.95,0.2,0.01,1,D:\Python project\HGNN_PPO_USV_Scheduling\models\best_u2_t20_seed0.pth,0.2790749999694526,0.3040161000099033,0.5831871998962015,0.0014856000198051333,0.15273990004789084,0.13181890035048127
PPO_full_u2_t20_seed0_20260521_211953,PPO,full,u2_t20,2,20,0,840,2026-05-21 21:30:38,644.1185195000144,-0.7157261304156125,0.02733652661190651,1157.834674651607,1092.8011731147758,44.22247148839231,1.0,8,8,0,1080.3749029781816,1,1077.7931937013868,360,-12.554044569982365,MinBattery_NearestTask,1235.4772701211982,1648.142715048298,-0.00436470122076571,0.0004361090177553706,0.49276556447148323,0.0001,0.0003,0.0001,0.0003,,256,3,4,4,1,128,1,0.99,0.95,0.2,0.01,1,D:\Python project\HGNN_PPO_USV_Scheduling\models\best_u2_t20_seed0.pth,0.2654850999824703,0.2882956999819726,0.7454270999878645,0.0012508999789133668,0.14930640009697527,0.1339620997896418
PPO_full_u2_t20_seed0_20260521_211953,PPO,full,u2_t20,2,20,0,841,2026-05-21 21:30:38,644.7687677000649,-0.6842607076308487,0.025325499562777094,1106.9328617869337,1080.3749029781816,40.96922034917199,1.0,8,8,0,,,1077.7931937013868,360,,MinBattery_NearestTask,1235.4772701211982,1648.142715048298,-0.03900216124020517,0.00042155455230385996,0.4036302678287029,0.0001,0.0003,0.0001,0.0003,,256,3,4,4,1,128,1,0.99,0.95,0.2,0.01,1,D:\Python project\HGNN_PPO_USV_Scheduling\models\best_u2_t20_seed0.pth,0.2685132999904454,0.26926960004493594,0.5378806999651715,0.001133600017055869,0.1380895999027416,0.12622829992324114
PPO_full_u2_t20_seed0_20260521_211953,PPO,full,u2_t20,2,20,0,842,2026-05-21 21:30:39,645.4676299999701,-0.6688329341173092,0.0037420513584085213,1081.975255284185,1077.7931937013868,6.0535400804447725,1.0,8,8,0,,,1077.7931937013868,360,,MinBattery_NearestTask,1235.4772701211982,1648.142715048298,-0.026333507063100114,0.00024586860854469705,0.2402331829071045,0.0001,0.0003,0.0001,0.0003,,256,3,4,4,1,128,1,0.99,0.95,0.2,0.01,1,D:\Python project\HGNN_PPO_USV_Scheduling\models\best_u2_t20_seed0.pth,0.2650757000083104,0.2826210999628529,0.5477850999450311,0.0012561000185087323,0.13888380001299083,0.13897329976316541
PPO_full_u2_t20_seed0_20260521_211953,PPO,full,u2_t20,2,20,0,843,2026-05-21 21:30:40,646.1660282000666,-0.6767802908835744,0.01615825287492537,1094.8317444422178,1073.9745190283575,26.139307572176794,1.0,8,8,0,,,1077.7931937013868,360,,MinBattery_NearestTask,1235.4772701211982,1648.142715048298,0.024309888132847846,0.0002718349151109578,0.29096947610378265,0.0001,0.0003,0.0001,0.0003,,256,3,4,4,1,128,1,0.99,0.95,0.2,0.01,1,D:\Python project\HGNN_PPO_USV_Scheduling\models\best_u2_t20_seed0.pth,0.29109969991259277,0.2886907000793144,0.5798862000228837,0.0015863999724388123,0.14663720002863556,0.12317360006272793
PPO_full_u2_t20_seed0_20260521_211953,PPO,full,u2_t20,2,20,0,844,2026-05-21 21:30:40,646.8562867,-0.6725677012971449,0.005672661835784604,1088.0170117030175,1077.7931937013868,9.176700824420527,1.0,8,8,0,,,1077.7931937013868,360,,MinBattery_NearestTask,1235.4772701211982,1648.142715048298,0.01251063379459083,0.00023807131947251037,0.193985965102911,0.0001,0.0003,0.0001,0.0003,,256,3,4,4,1,128,1,0.99,0.95,0.2,0.01,1,D:\Python project\HGNN_PPO_USV_Scheduling\models\best_u2_t20_seed0.pth,0.2903340000193566,0.28542149998247623,0.5758565999567509,0.0014766000676900148,0.14819590013939887,0.13136920018587261
PPO_full_u2_t20_seed0_20260521_211953,PPO,full,u2_t20,2,20,0,845,2026-05-21 21:30:41,647.5243489000713,-0.6762807097554153,0.00882722581542328,1094.02356890076,1073.9745190283575,14.279858867444165,1.0,8,8,0,,,1077.7931937013868,360,,MinBattery_NearestTask,1235.4772701211982,1648.142715048298,0.042422055325005203,0.00024943260723375715,0.19709858763962984,0.0001,0.0003,0.0001,0.0003,,256,3,4,4,1,128,1,0.99,0.95,0.2,0.01,1,D:\Python project\HGNN_PPO_USV_Scheduling\models\best_u2_t20_seed0.pth,0.2863828999688849,0.27080880000721663,0.5572820999659598,0.0015443000011146069,0.13981790002435446,0.1253533000126481
PPO_full_u2_t20_seed0_20260521_211953,PPO,full,u2_t20,2,20,0,846,2026-05-21 21:30:42,648.2410815000767,-0.6664472427785781,0.000527796723506631,1078.115907360986,1077.7931937013868,0.8538200879834171,1.0,8,8,0,,,1077.7931937013868,360,,MinBattery_NearestTask,1235.4772701211982,1648.142715048298,-0.04578879274777137,0.00023697499455010984,0.147329387255013,0.0001,0.0003,0.0001,0.0003,,256,3,4,4,1,128,1,0.99,0.95,0.2,0.01,1,D:\Python project\HGNN_PPO_USV_Scheduling\models\best_u2_t20_seed0.pth,0.29515989997889847,0.31007320003118366,0.6053346000844613,0.001690200064331293,0.17373729997780174,0.13028939987998456
PPO_full_u2_t20_seed0_20260521_211953,PPO,full,u2_t20,2,20,0,847,2026-05-21 21:30:42,648.9347026000032,-0.6756544504488017,0.017971691060121708,1093.0104652711643,1077.7931937013868,29.07291796018703,1.0,8,8,0,,,1077.7931937013868,360,,MinBattery_NearestTask,1235.4772701211982,1648.142715048298,0.018779816455207765,0.00028014317285851575,0.17985161021351814,0.0001,0.0003,0.0001,0.0003,,256,3,4,4,1,128,1,0.99,0.95,0.2,0.01,1,D:\Python project\HGNN_PPO_USV_Scheduling\models\best_u2_t20_seed0.pth,0.2647405000170693,0.2960130999563262,0.5608577999519184,0.0014478000812232494,0.1525591000681743,0.1279465996194631
PPO_full_u2_t20_seed0_20260521_211953,PPO,full,u2_t20,2,20,0,848,2026-05-21 21:30:43,649.6602970000822,-0.6870083378481114,0.018641245568468984,1111.3777205163756,1077.7931937013868,30.156060510653386,1.0,8,8,0,,,1077.7931937013868,360,,MinBattery_NearestTask,1235.4772701211982,1648.142715048298,0.0046557108871638775,0.00030142409377731383,0.17382412403821945,0.0001,0.0003,0.0001,0.0003,,256,3,4,4,1,128,1,0.99,0.95,0.2,0.01,1,D:\Python project\HGNN_PPO_USV_Scheduling\models\best_u2_t20_seed0.pth,0.29805770004168153,0.30418249999638647,0.602342400001362,0.001652600010856986,0.15179720020387322,0.14636549993883818
PPO_full_u2_t20_seed0_20260521_211953,PPO,full,u2_t20,2,20,0,849,2026-05-21 21:30:44,650.3220446000341,-0.6664472427785781,0.000527796723506631,1078.115907360986,1077.7931937013868,0.8538200879834171,1.0,8,8,0,,,1077.7931937013868,360,,MinBattery_NearestTask,1235.4772701211982,1648.142715048298,0.028077238937839866,0.00024419959117949475,0.13990648742765188,0.0001,0.0003,0.0001,0.0003,,256,3,4,4,1,128,1,0.99,0.95,0.2,0.01,1,D:\Python project\HGNN_PPO_USV_Scheduling\models\best_u2_t20_seed0.pth,0.26745540008414537,0.2821106999181211,0.5496702000964433,0.0012792000779882073,0.14200239977799356,0.1228822999401018
PPO_full_u2_t20_seed0_20260521_211953,PPO,full,u2_t20,2,20,0,850,2026-05-21 21:30:45,651.1587194000604,-0.6767398037545084,0.018195766847898438,1094.7662481582097,1077.7931937013868,29.43540677512955,1.0,8,8,0,1077.7931937013868,1,1077.7931937013868,360,-12.763009100470368,MinBattery_NearestTask,1235.4772701211982,1648.142715048298,0.030587109155021608,0.00028106671743444167,0.22582664154469967,0.0001,0.0003,0.0001,0.0003,,256,3,4,4,1,128,1,0.99,0.95,0.2,0.01,1,D:\Python project\HGNN_PPO_USV_Scheduling\models\best_u2_t20_seed0.pth,0.27767859993036836,0.25594020006246865,0.7442727000452578,0.0012398000108078122,0.13335759995970875,0.11796290019992739
PPO_full_u2_t20_seed0_20260521_211953,PPO,full,u2_t20,2,20,0,851,2026-05-21 21:30:45,651.8360042000422,-0.6728035570203749,0.01690866267727113,1088.398556993829,1077.1190392680535,27.35325024163036,1.0,8,8,0,,,1077.7931937013868,360,,MinBattery_NearestTask,1235.4772701211982,1648.142715048298,-0.013381218712311238,0.0003018052266270388,0.1660659145563841,0.0001,0.0003,0.0001,0.0003,,256,3,4,4,1,128,1,0.99,0.95,0.2,0.01,1,D:\Python project\HGNN_PPO_USV_Scheduling\models\best_u2_t20_seed0.pth,0.2810695000225678,0.2898007999174297,0.5709769999375567,0.001784500083886087,0.13549350027460605,0.1312372999964282
PPO_full_u2_t20_seed0_20260521_211953,PPO,full,u2_t20,2,20,0,852,2026-05-21 21:30:46,652.542060000007,-0.6690549898376734,0.0074272469240326084,1082.3344762233355,1077.7931937013868,12.015104186360826,1.0,8,8,0,,,1077.7931937013868,360,,MinBattery_NearestTask,1235.4772701211982,1648.142715048298,0.012699320737738162,0.00022907469974597916,0.10675533628091216,0.0001,0.0003,0.0001,0.0003,,256,3,4,4,1,128,1,0.99,0.95,0.2,0.01,1,D:\Python project\HGNN_PPO_USV_Scheduling\models\best_u2_t20_seed0.pth,0.2676305000204593,0.2942756999982521,0.562023299979046,0.0013967000413686037,0.16606339998543262,0.12224239984061569
PPO_full_u2_t20_seed0_20260521_211953,PPO,full,u2_t20,2,20,0,853,2026-05-21 21:30:47,653.2110935000237,-0.666247754368122,0.0,1077.7931937013868,1077.7931937013868,0.0,1.0,8,8,0,,,1077.7931937013868,360,,MinBattery_NearestTask,1235.4772701211982,1648.142715048298,0.06679818674456328,0.00024381162438658066,0.09512107679620385,0.0001,0.0003,0.0001,0.0003,,256,3,4,4,1,128,1,0.99,0.95,0.2,0.01,1,D:\Python project\HGNN_PPO_USV_Scheduling\models\best_u2_t20_seed0.pth,0.28187539998907596,0.2723285999381915,0.5543097999179736,0.0013067000545561314,0.1404003999195993,0.12649639998562634
PPO_full_u2_t20_seed0_20260521_211953,PPO,full,u2_t20,2,20,0,854,2026-05-21 21:30:47,653.8836346999742,-0.666247754368122,0.0,1077.7931937013868,1077.7931937013868,0.0,1.0,8,8,0,,,1077.7931937013868,360,,MinBattery_NearestTask,1235.4772701211982,1648.142715048298,0.03155382297700271,0.00022971715770836454,0.10706145223230124,0.0001,0.0003,0.0001,0.0003,,256,3,4,4,1,128,1,0.99,0.95,0.2,0.01,1,D:\Python project\HGNN_PPO_USV_Scheduling\models\best_u2_t20_seed0.pth,0.2674056999385357,0.2863995000952855,0.5539078000001609,0.0012302000541239977,0.1511093000881374,0.13025809987448156
PPO_full_u2_t20_seed0_20260521_211953,PPO,full,u2_t20,2,20,0,855,2026-05-21 21:30:48,654.59345210006,-0.666247754368122,0.0,1077.7931937013868,1077.7931937013868,0.0,1.0,8,8,0,,,1077.7931937013868,360,,MinBattery_NearestTask,1235.4772701211982,1648.142715048298,0.02330415672622621,0.00022931096100364812,0.13310904055833817,0.0001,0.0003,0.0001,0.0003,,256,3,4,4,1,128,1,0.99,0.95,0.2,0.01,1,D:\Python project\HGNN_PPO_USV_Scheduling\models\best_u2_t20_seed0.pth,0.27451070002280176,0.3112268999684602,0.585831500007771,0.0012127000372856855,0.158924899995327,0.13094820000696927
PPO_full_u2_t20_seed0_20260521_211953,PPO,full,u2_t20,2,20,0,856,2026-05-21 21:30:49,655.2484812000766,-0.6823432989817967,0.016707888295624806,1103.8310577238904,1077.7931937013868,27.028456258327147,1.0,8,8,0,,,1077.7931937013868,360,,MinBattery_NearestTask,1235.4772701211982,1648.142715048298,-0.010324723552912474,0.00028293316972849425,0.26034609973430634,0.0001,0.0003,0.0001,0.0003,,256,3,4,4,1,128,1,0.99,0.95,0.2,0.01,1,D:\Python project\HGNN_PPO_USV_Scheduling\models\best_u2_t20_seed0.pth,0.26521040010266006,0.2726592000108212,0.5379920999985188,0.001686600036919117,0.14294969977345318,0.12369379994925112
PPO_full_u2_t20_seed0_20260521_211953,PPO,full,u2_t20,2,20,0,857,2026-05-21 21:30:49,655.9298401999986,-0.6965070252410034,0.03178573327796065,1126.74380701203,1082.298697269862,51.41998116944477,1.0,8,8,0,,,1077.7931937013868,360,,MinBattery_NearestTask,1235.4772701211982,1648.142715048298,0.018842141900677234,0.00039989898505154997,0.32933786511421204,0.0001,0.0003,0.0001,0.0003,,256,3,4,4,1,128,1,0.99,0.95,0.2,0.01,1,D:\Python project\HGNN_PPO_USV_Scheduling\models\best_u2_t20_seed0.pth,0.26594990002922714,0.26791679998859763,0.5339507999597117,0.001398799940943718,0.14187320019118488,0.12124740006402135
PPO_full_u2_t20_seed0_20260521_211953,PPO,full,u2_t20,2,20,0,858,2026-05-21 21:30:50,656.619930600049,-0.6820412395718831,0.011720235256332468,1103.3424143116404,1077.7931937013868,18.959898483762252,1.0,8,8,0,,,1077.7931937013868,360,,MinBattery_NearestTask,1235.4772701211982,1648.142715048298,-0.06524308701045811,0.00028514400764834136,0.18000558577477932,0.0001,0.0003,0.0001,0.0003,,256,3,4,4,1,128,1,0.99,0.95,0.2,0.01,1,D:\Python project\HGNN_PPO_USV_Scheduling\models\best_u2_t20_seed0.pth,0.28087669995147735,0.2817947000730783,0.5627764000091702,0.001425200025551021,0.14597650000359863,0.13041379966307431
PPO_full_u2_t20_seed0_20260521_211953,PPO,full,u2_t20,2,20,0,859,2026-05-21 21:30:51,657.2892950000241,-0.6747775917324101,0.0066071836115492106,1091.5919653960527,1077.7931937013868,10.68848259431191,1.0,8,8,0,,,1077.7931937013868,360,,MinBattery_NearestTask,1235.4772701211982,1648.142715048298,0.0017211171798408031,0.0002876976304833079,0.13142458349466324,0.0001,0.0003,0.0001,0.0003,,256,3,4,4,1,128,1,0.99,0.95,0.2,0.01,1,D:\Python project\HGNN_PPO_USV_Scheduling\models\best_u2_t20_seed0.pth,0.29227739991620183,0.26305040006991476,0.555424099904485,0.0013684999430552125,0.13457659992855042,0.12366919999476522
PPO_full_u2_t20_seed0_20260521_211953,PPO,full,u2_t20,2,20,0,860,2026-05-21 21:30:52,658.1847899999702,-0.6764835592052678,0.00590964467809864,1094.351719734986,1077.7931937013868,9.560069462881895,1.0,8,8,0,1077.7931937013868,1,1077.7931937013868,360,-12.763009100470368,MinBattery_NearestTask,1235.4772701211982,1648.142715048298,-0.016654405277222395,0.0002927259665739257,0.12820712104439735,0.0001,0.0003,0.0001,0.0003,,256,3,4,4,1,128,1,0.99,0.95,0.2,0.01,1,D:\Python project\HGNN_PPO_USV_Scheduling\models\best_u2_t20_seed0.pth,0.28883760003373027,0.3147217999212444,0.7914710999466479,0.0016734000528231263,0.14905920007731766,0.14040439983364195
PPO_full_u2_t20_seed0_20260521_211953,PPO,full,u2_t20,2,20,0,861,2026-05-21 21:30:52,658.8709312999854,-0.6994596920798632,0.07776794784850509,1131.5203547772212,1077.7931937013868,125.80569965108101,1.0,8,8,0,,,1077.7931937013868,360,,MinBattery_NearestTask,1235.4772701211982,1648.142715048298,0.024934634915553033,0.0013238043175078928,0.13222672324627638,0.0001,0.0003,0.0001,0.0003,,256,3,4,4,1,128,1,0.99,0.95,0.2,0.01,1,D:\Python project\HGNN_PPO_USV_Scheduling\models\best_u2_t20_seed0.pth,0.26483759994152933,0.29325069999322295,0.5581808999413624,0.0012504999758675694,0.14710780000314116,0.12591010006144643
PPO_full_u2_t20_seed0_20260521_211953,PPO,full,u2_t20,2,20,0,862,2026-05-21 21:30:53,659.559036300052,-0.7284086246427455,0.10383358462125777,1178.3512255405851,1077.7931937013868,167.97224463224885,1.0,8,8,0,,,1077.7931937013868,360,,MinBattery_NearestTask,1235.4772701211982,1648.142715048298,-0.017576317361090332,0.0021708111453335732,0.08769762236624956,0.0001,0.0003,0.0001,0.0003,,256,3,4,4,1,128,1,0.99,0.95,0.2,0.01,1,D:\Python project\HGNN_PPO_USV_Scheduling\models\best_u2_t20_seed0.pth,0.2721560000209138,0.27662859996780753,0.5488867000676692,0.0012926999479532242,0.14344200014602393,0.12820979999378324
PPO_full_u2_t20_seed0_20260521_211953,PPO,full,u2_t20,2,20,0,863,2026-05-21 21:30:54,660.2702017000411,-0.666247754368122,0.0,1077.7931937013868,1077.7931937013868,0.0,1.0,8,8,0,,,1077.7931937013868,360,,MinBattery_NearestTask,1235.4772701211982,1648.142715048298,0.017376264790073037,0.0005360239247238496,0.07074398919939995,0.0001,0.0003,0.0001,0.0003,,256,3,4,4,1,128,1,0.99,0.95,0.2,0.01,1,D:\Python project\HGNN_PPO_USV_Scheduling\models\best_u2_t20_seed0.pth,0.286739100003615,0.29938450001645833,0.5862136000068858,0.0014915999490767717,0.15218559990171343,0.14187569997739047
PPO_full_u2_t20_seed0_20260521_211953,PPO,full,u2_t20,2,20,0,864,2026-05-21 21:30:54,660.9658934000181,-0.666247754368122,0.0,1077.7931937013868,1077.7931937013868,0.0,1.0,8,8,0,,,1077.7931937013868,360,,MinBattery_NearestTask,1235.4772701211982,1648.142715048298,0.01595079037360847,0.0003170292784488993,0.09523175656795502,0.0001,0.0003,0.0001,0.0003,,256,3,4,4,1,128,1,0.99,0.95,0.2,0.01,1,D:\Python project\HGNN_PPO_USV_Scheduling\models\best_u2_t20_seed0.pth,0.27782429999206215,0.2894369999412447,0.5673625000054017,0.001550300046801567,0.14805959991645068,0.13563490007072687
PPO_full_u2_t20_seed0_20260521_211953,PPO,full,u2_t20,2,20,0,865,2026-05-21 21:30:55,661.6295923000434,-0.6721291111215939,0.015560607341336718,1087.307501610212,1077.7931937013868,25.172492623646406,1.0,8,8,0,,,1077.7931937013868,360,,MinBattery_NearestTask,1235.4772701211982,1648.142715048298,-0.034982890356332064,0.000303040205835714,0.17259668931365013,0.0001,0.0003,0.0001,0.0003,,256,3,4,4,1,128,1,0.99,0.95,0.2,0.01,1,D:\Python project\HGNN_PPO_USV_Scheduling\models\best_u2_t20_seed0.pth,0.26342480001039803,0.267291700001806,0.5308257000287995,0.001420999993570149,0.13909119984600693,0.12311399995815009
PPO_full_u2_t20_seed0_20260521_211953,PPO,full,u2_t20,2,20,0,866,2026-05-21 21:30:56,662.3311226000078,-0.6831978578092202,0.012956522976880882,1105.2134829279917,1080.3749029781816,20.95984892551255,1.0,8,8,0,,,1077.7931937013868,360,,MinBattery_NearestTask,1235.4772701211982,1648.142715048298,0.06553140503820032,0.00027462406069389544,0.25591800175607204,0.0001,0.0003,0.0001,0.0003,,256,3,4,4,1,128,1,0.99,0.95,0.2,0.01,1,D:\Python project\HGNN_PPO_USV_Scheduling\models\best_u2_t20_seed0.pth,0.2766677999170497,0.29741030000150204,0.5741651999996975,0.0014439000515267253,0.1369168001692742,0.14259640011005104
PPO_full_u2_t20_seed0_20260521_211953,PPO,full,u2_t20,2,20,0,867,2026-05-21 21:30:56,663.0264541000361,-0.6784873149496324,0.008950684456278602,1097.5932080386344,1077.1190392680535,14.479578689304853,1.0,8,8,0,,,1077.7931937013868,360,,MinBattery_NearestTask,1235.4772701211982,1648.142715048298,-0.02740943292155862,0.0003140475346299354,0.2159233381971717,0.0001,0.0003,0.0001,0.0003,,256,3,4,4,1,128,1,0.99,0.95,0.2,0.01,1,D:\Python project\HGNN_PPO_USV_Scheduling\models\best_u2_t20_seed0.pth,0.26851199998054653,0.2960395000409335,0.5646625999361277,0.0014018999645486474,0.14529119990766048,0.12632440018933266
PPO_full_u2_t20_seed0_20260521_211953,PPO,full,u2_t20,2,20,0,868,2026-05-21 21:30:57,663.7356343000429,-0.6772519799224702,0.012395384238093603,1095.5947987749828,1077.7931937013868,20.05209124914979,1.0,8,8,0,,,1077.7931937013868,360,,MinBattery_NearestTask,1235.4772701211982,1648.142715048298,0.022573339141672477,0.00024822865998430643,0.24786200188100338,0.0001,0.0003,0.0001,0.0003,,256,3,4,4,1,128,1,0.99,0.95,0.2,0.01,1,D:\Python project\HGNN_PPO_USV_Scheduling\models\best_u2_t20_seed0.pth,0.2786241000285372,0.2987644999520853,0.5774917000671849,0.0014933999627828598,0.1618215999333188,0.13153080001939088
PPO_full_u2_t20_seed0_20260521_211953,PPO,full,u2_t20,2,20,0,869,2026-05-21 21:30:58,664.5091420999961,-0.6786016267356647,0.02493942644161316,1097.778130935766,1077.7931937013868,40.34466742642902,1.0,8,8,0,,,1077.7931937013868,360,,MinBattery_NearestTask,1235.4772701211982,1648.142715048298,0.005959789035841823,0.00031544468583888374,0.20202375948429108,0.0001,0.0003,0.0001,0.0003,,256,3,4,4,1,128,1,0.99,0.95,0.2,0.01,1,D:\Python project\HGNN_PPO_USV_Scheduling\models\best_u2_t20_seed0.pth,0.28589699999429286,0.3495495000388473,0.6355324999894947,0.0015236999606713653,0.1824413000140339,0.16184499999508262
PPO_full_u2_t20_seed0_20260521_211953,PPO,full,u2_t20,2,20,0,870,2026-05-21 21:30:59,665.3661255000625,-0.6701354456791428,0.004740797111081829,1084.0823364516004,1077.7931937013868,7.66921738278758,1.0,8,8,0,1077.7931937013868,1,1077.7931937013868,360,-12.763009100470368,MinBattery_NearestTask,1235.4772701211982,1648.142715048298,0.006310926051810384,0.00023205228353617713,0.14891041908413172,0.0001,0.0003,0.0001,0.0003,,256,3,4,4,1,128,1,0.99,0.95,0.2,0.01,1,D:\Python project\HGNN_PPO_USV_Scheduling\models\best_u2_t20_seed0.pth,0.2688889999408275,0.3039208999834955,0.7508210999658331,0.001637500012293458,0.15639669983647764,0.14212950004730374
PPO_full_u2_t20_seed0_20260521_211953,PPO,full,u2_t20,2,20,0,871,2026-05-21 21:30:59,666.113688900019,-0.6673447850859191,0.0019211327678989617,1079.5678672116103,1077.7931937013868,3.1078285935867775,1.0,8,8,0,,,1077.7931937013868,360,,MinBattery_NearestTask,1235.4772701211982,1648.142715048298,0.01881496339046862,0.0002150793807231821,0.15893596597015858,0.0001,0.0003,0.0001,0.0003,,256,3,4,4,1,128,1,0.99,0.95,0.2,0.01,1,D:\Python project\HGNN_PPO_USV_Scheduling\models\best_u2_t20_seed0.pth,0.27698249998502433,0.31896489998325706,0.5960316000273451,0.0015101999742910266,0.1528496000682935,0.14750769990496337
PPO_full_u2_t20_seed0_20260521_211953,PPO,full,u2_t20,2,20,0,872,2026-05-21 21:31:00,666.8922002000036,-0.6752903893518942,0.016939156647746048,1092.4215213388723,1077.1190392680535,27.402580529967242,1.0,8,8,0,,,1077.7931937013868,360,,MinBattery_NearestTask,1235.4772701211982,1648.142715048298,0.02940435626078397,0.0003030220523214666,0.223574411123991,0.0001,0.0003,0.0001,0.0003,,256,3,4,4,1,128,1,0.99,0.95,0.2,0.01,1,D:\Python project\HGNN_PPO_USV_Scheduling\models\best_u2_t20_seed0.pth,0.33942820003721863,0.3085076999850571,0.6480248000007123,0.0014925000723451376,0.15872169996146113,0.14466850005555898
PPO_full_u2_t20_seed0_20260521_211953,PPO,full,u2_t20,2,20,0,873,2026-05-21 21:31:01,667.5716737000039,-0.6747835968125897,0.01410043415689714,1091.6016798521282,1077.7931937013868,22.810361255103427,1.0,8,8,0,,,1077.7931937013868,360,,MinBattery_NearestTask,1235.4772701211982,1648.142715048298,-0.04138217435684055,0.0002995014438056387,0.2422509714961052,0.0001,0.0003,0.0001,0.0003,,256,3,4,4,1,128,1,0.99,0.95,0.2,0.01,1,D:\Python project\HGNN_PPO_USV_Scheduling\models\best_u2_t20_seed0.pth,0.26609930000267923,0.274151400080882,0.5403818000340834,0.0013133999891579151,0.14319949981290847,0.1252250000834465
PPO_full_u2_t20_seed0_20260521_211953,PPO,full,u2_t20,2,20,0,874,2026-05-21 21:31:02,668.2824253999861,-0.6678286943635624,0.0031002466736004867,1080.3506903016596,1077.7931937013868,5.0152885945124615,1.0,8,8,0,,,1077.7931937013868,360,,MinBattery_NearestTask,1235.4772701211982,1648.142715048298,0.014700137995532714,0.0002316558238817379,0.15587705560028553,0.0001,0.0003,0.0001,0.0003,,256,3,4,4,1,128,1,0.99,0.95,0.2,0.01,1,D:\Python project\HGNN_PPO_USV_Scheduling\models\best_u2_t20_seed0.pth,0.28238150000106543,0.2918085999554023,0.5742917000316083,0.0015595000004395843,0.15009459957946092,0.13623169984202832
PPO_full_u2_t20_seed0_20260521_211953,PPO,full,u2_t20,2,20,0,875,2026-05-21 21:31:02,669.0000653000316,-0.6666747845814881,0.0011298157468774708,1078.4840031704668,1077.7931937013868,1.8277100585143788,1.0,8,8,0,,,1077.7931937013868,360,,MinBattery_NearestTask,1235.4772701211982,1648.142715048298,0.013375400332733989,0.00023199948918772861,0.15588194504380226,0.0001,0.0003,0.0001,0.0003,,256,3,4,4,1,128,1,0.99,0.95,0.2,0.01,1,D:\Python project\HGNN_PPO_USV_Scheduling\models\best_u2_t20_seed0.pth,0.2833073999499902,0.308011700049974,0.5915275999577716,0.0018285999540239573,0.15066719974856824,0.12723459990229458
PPO_full_u2_t20_seed0_20260521_211953,PPO,full,u2_t20,2,20,0,876,2026-05-21 21:31:03,669.6916910000145,-0.6953325727802079,0.03165657159563861,1124.8438878599245,1077.7931937013868,51.211035501439035,1.0,8,8,0,,,1077.7931937013868,360,,MinBattery_NearestTask,1235.4772701211982,1648.142715048298,-3.281689714640379e-05,0.000521843339811312,0.21805192157626152,0.0001,0.0003,0.0001,0.0003,,256,3,4,4,1,128,1,0.99,0.95,0.2,0.01,1,D:\Python project\HGNN_PPO_USV_Scheduling\models\best_u2_t20_seed0.pth,0.2876972999656573,0.27377929992508143,0.561561599955894,0.001475399942137301,0.13972350012045354,0.12914730014745146
PPO_full_u2_t20_seed0_20260521_211953,PPO,full,u2_t20,2,20,0,877,2026-05-21 21:31:04,670.3665392000694,-0.6771601076239493,0.018360651106760925,1095.4461763783047,1077.7931937013868,29.70214108047673,1.0,8,8,0,,,1077.7931937013868,360,,MinBattery_NearestTask,1235.4772701211982,1648.142715048298,-0.03710790509649087,0.00031378491985378787,0.1629804465919733,0.0001,0.0003,0.0001,0.0003,,256,3,4,4,1,128,1,0.99,0.95,0.2,0.01,1,D:\Python project\HGNN_PPO_USV_Scheduling\models\best_u2_t20_seed0.pth,0.2697712000226602,0.2793425000272691,0.5492140999995172,0.0013500999193638563,0.14102989993989468,0.1335328002460301
PPO_full_u2_t20_seed0_20260521_211953,PPO,full,u2_t20,2,20,0,878,2026-05-21 21:31:04,671.0138098000316,-0.6846371454624399,0.02275831212929806,1107.5418276409732,1077.7931937013868,36.816265048956986,1.0,8,8,0,,,1077.7931937013868,360,,MinBattery_NearestTask,1235.4772701211982,1648.142715048298,-0.03074438264593482,0.00033060436180676334,0.14050734788179398,0.0001,0.0003,0.0001,0.0003,,256,3,4,4,1,128,1,0.99,0.95,0.2,0.01,1,D:\Python project\HGNN_PPO_USV_Scheduling\models\best_u2_t20_seed0.pth,0.26521490002050996,0.2722409999696538,0.5375606000889093,0.001249799970537424,0.1336436999263242,0.1337851999560371
PPO_full_u2_t20_seed0_20260521_211953,PPO,full,u2_t20,2,20,0,879,2026-05-21 21:31:05,671.7076797999907,-0.666247754368122,0.0,1077.7931937013868,1077.7931937013868,0.0,1.0,8,8,0,,,1077.7931937013868,360,,MinBattery_NearestTask,1235.4772701211982,1648.142715048298,-0.006310367316473275,0.00023511074869020376,0.08379901479929686,0.0001,0.0003,0.0001,0.0003,,256,3,4,4,1,128,1,0.99,0.95,0.2,0.01,1,D:\Python project\HGNN_PPO_USV_Scheduling\models\best_u2_t20_seed0.pth,0.2855075999395922,0.2887057999614626,0.5743135999655351,0.0014188999775797129,0.14563420007470995,0.1284138000337407
PPO_full_u2_t20_seed0_20260521_211953,PPO,full,u2_t20,2,20,0,880,2026-05-21 21:31:06,672.5996764000738,-0.666247754368122,0.0,1077.7931937013868,1077.7931937013868,0.0,1.0,8,8,0,1077.7931937013868,1,1077.7931937013868,360,-12.763009100470368,MinBattery_NearestTask,1235.4772701211982,1648.142715048298,-0.000619599362835288,0.000256633367825998,0.08682876033708453,0.0001,0.0003,0.0001,0.0003,,256,3,4,4,1,128,1,0.99,0.95,0.2,0.01,1,D:\Python project\HGNN_PPO_USV_Scheduling\models\best_u2_t20_seed0.pth,0.26367409992963076,0.32121620001271367,0.7757368999300525,0.0012532999971881509,0.17077839991543442,0.14483400015160441
PPO_full_u2_t20_seed0_20260521_211953,PPO,full,u2_t20,2,20,0,881,2026-05-21 21:31:07,673.2896319000283,-0.666247754368122,0.0,1077.7931937013868,1077.7931937013868,0.0,1.0,8,8,0,,,1077.7931937013868,360,,MinBattery_NearestTask,1235.4772701211982,1648.142715048298,0.025262251787353307,0.00022722263747709803,0.09895171131938696,0.0001,0.0003,0.0001,0.0003,,256,3,4,4,1,128,1,0.99,0.95,0.2,0.01,1,D:\Python project\HGNN_PPO_USV_Scheduling\models\best_u2_t20_seed0.pth,0.27606820000801235,0.2790289999684319,0.5552165999542922,0.001285000005736947,0.1339433997636661,0.1262296000495553
PPO_full_u2_t20_seed0_20260521_211953,PPO,full,u2_t20,2,20,0,882,2026-05-21 21:31:07,673.9701676999684,-0.6668671225341827,0.0016386941373868467,1078.7951494894535,1077.7931937013868,2.650925839906176,1.0,8,8,0,,,1077.7931937013868,360,,MinBattery_NearestTask,1235.4772701211982,1648.142715048298,-0.033802222067606635,0.0002470734962116694,0.0883464002981782,0.0001,0.0003,0.0001,0.0003,,256,3,4,4,1,128,1,0.99,0.95,0.2,0.01,1,D:\Python project\HGNN_PPO_USV_Scheduling\models\best_u2_t20_seed0.pth,0.28859280003234744,0.26075039990246296,0.549432500032708,0.001541999983601272,0.13459290005266666,0.12132659996859729
PPO_full_u2_t20_seed0_20260521_211953,PPO,full,u2_t20,2,20,0,883,2026-05-21 21:31:08,674.6855378000764,-0.6737820002408356,0.019933740895614928,1089.9813907617804,1077.7931937013868,32.24693835205027,1.0,8,8,0,,,1077.7931937013868,360,,MinBattery_NearestTask,1235.4772701211982,1648.142715048298,0.020799079618882388,0.0003383214097993914,0.08929726202040911,0.0001,0.0003,0.0001,0.0003,,256,3,4,4,1,128,1,0.99,0.95,0.2,0.01,1,D:\Python project\HGNN_PPO_USV_Scheduling\models\best_u2_t20_seed0.pth,0.2871763000730425,0.30271870002616197,0.5899946000427008,0.0015563999768346548,0.15227740013506263,0.14470690011512488
PPO_full_u2_t20_seed0_20260521_211953,PPO,full,u2_t20,2,20,0,884,2026-05-21 21:31:09,675.3733105000574,-0.666247754368122,0.0,1077.7931937013868,1077.7931937013868,0.0,1.0,8,8,0,,,1077.7931937013868,360,,MinBattery_NearestTask,1235.4772701211982,1648.142715048298,-0.013580134633230045,0.0002515920496080071,0.09003676800057292,0.0001,0.0003,0.0001,0.0003,,256,3,4,4,1,128,1,0.99,0.95,0.2,0.01,1,D:\Python project\HGNN_PPO_USV_Scheduling\models\best_u2_t20_seed0.pth,0.26442230003885925,0.2900861999951303,0.5546118000056595,0.001269600004889071,0.15501629991922528,0.12990260019432753
PPO_full_u2_t20_seed0_20260521_211953,PPO,full,u2_t20,2,20,0,885,2026-05-21 21:31:10,676.1636556000449,-0.666247754368122,0.0,1077.7931937013868,1077.7931937013868,0.0,1.0,8,8,0,,,1077.7931937013868,360,,MinBattery_NearestTask,1235.4772701211982,1648.142715048298,-0.010290353558957577,0.0002086919248540653,0.10175898671150208,0.0001,0.0003,0.0001,0.0003,,256,3,4,4,1,128,1,0.99,0.95,0.2,0.01,1,D:\Python project\HGNN_PPO_USV_Scheduling\models\best_u2_t20_seed0.pth,0.3556971999350935,0.29573960008565336,0.6515226999763399,0.0012218999909237027,0.14598839986138046,0.13237600005231798
PPO_full_u2_t20_seed0_20260521_211953,PPO,full,u2_t20,2,20,0,886,2026-05-21 21:31:10,676.869260000065,-0.666247754368122,0.0,1077.7931937013868,1077.7931937013868,0.0,1.0,8,8,0,,,1077.7931937013868,360,,MinBattery_NearestTask,1235.4772701211982,1648.142715048298,-0.006739363539963961,0.0001946806860360084,0.08980664587579668,0.0001,0.0003,0.0001,0.0003,,256,3,4,4,1,128,1,0.99,0.95,0.2,0.01,1,D:\Python project\HGNN_PPO_USV_Scheduling\models\best_u2_t20_seed0.pth,0.26615549996495247,0.3067801999859512,0.5730202998965979,0.0012679999927058816,0.14012989995535463,0.14385570003651083
PPO_full_u2_t20_seed0_20260521_211953,PPO,full,u2_t20,2,20,0,887,2026-05-21 21:31:11,677.5340289999731,-0.666247754368122,0.0,1077.7931937013868,1077.7931937013868,0.0,1.0,8,8,0,,,1077.7931937013868,360,,MinBattery_NearestTask,1235.4772701211982,1648.142715048298,-0.03500945994164795,0.00021423030739242677,0.11309383809566498,0.0001,0.0003,0.0001,0.0003,,256,3,4,4,1,128,1,0.99,0.95,0.2,0.01,1,D:\Python project\HGNN_PPO_USV_Scheduling\models\best_u2_t20_seed0.pth,0.27632020006421953,0.25823399994987994,0.5346352000487968,0.0013142999960109591,0.13616019999608397,0.11820400005672127
PPO_full_u2_t20_seed0_20260521_211953,PPO,full,u2_t20,2,20,0,888,2026-05-21 21:31:12,678.2162405999843,-0.6673488729213699,0.001970161687890277,1079.5744801287979,1077.7931937013868,3.1871429866406142,1.0,8,8,0,,,1077.7931937013868,360,,MinBattery_NearestTask,1235.4772701211982,1648.142715048298,-0.012936825485667214,0.00024307710646098712,0.21883349865674973,0.0001,0.0003,0.0001,0.0003,,256,3,4,4,1,128,1,0.99,0.95,0.2,0.01,1,D:\Python project\HGNN_PPO_USV_Scheduling\models\best_u2_t20_seed0.pth,0.2796042999252677,0.2867153000552207,0.5664067999459803,0.0012785999570041895,0.15776279976125807,0.12405599979683757
PPO_full_u2_t20_seed0_20260521_211953,PPO,full,u2_t20,2,20,0,889,2026-05-21 21:31:12,678.900055999984,-0.6795130985115799,0.019193864227660496,1099.2526245755446,1077.7931937013868,31.050035200525127,1.0,8,8,0,,,1077.7931937013868,360,,MinBattery_NearestTask,1235.4772701211982,1648.142715048298,0.09917490324005485,0.0002617259688122431,0.25612812861800194,0.0001,0.0003,0.0001,0.0003,,256,3,4,4,1,128,1,0.99,0.95,0.2,0.01,1,D:\Python project\HGNN_PPO_USV_Scheduling\models\best_u2_t20_seed0.pth,0.26688929996453226,0.30178970005363226,0.5687857000157237,0.0013309000059962273,0.1550522001925856,0.14095300005283207
PPO_full_u2_t20_seed0_20260521_211953,PPO,full,u2_t20,2,20,0,890,2026-05-21 21:31:13,679.7568201000104,-0.6849198018831619,0.029023122660049243,1107.9990827152496,1077.7931937013868,46.950888551405086,1.0,8,8,0,1077.7931937013868,1,1077.7931937013868,360,-12.763009100470368,MinBattery_NearestTask,1235.4772701211982,1648.142715048298,-0.02802665950730443,0.00034811857767635956,0.19951214641332626,0.0001,0.0003,0.0001,0.0003,,256,3,4,4,1,128,1,0.99,0.95,0.2,0.01,1,D:\Python project\HGNN_PPO_USV_Scheduling\models\best_u2_t20_seed0.pth,0.2684713000198826,0.2688996000215411,0.7278768999967724,0.0013288999907672405,0.13713209994602948,0.1267327000387013
PPO_full_u2_t20_seed0_20260521_211953,PPO,full,u2_t20,2,20,0,891,2026-05-21 21:31:14,680.4882271999959,-0.6685555739322706,0.003997260739806847,1081.5265679637725,1077.7931937013868,6.4663939061221525,1.0,8,8,0,,,1077.7931937013868,360,,MinBattery_NearestTask,1235.4772701211982,1648.142715048298,-0.007503655040636659,0.00023484328630729578,0.16669768188148737,0.0001,0.0003,0.0001,0.0003,,256,3,4,4,1,128,1,0.99,0.95,0.2,0.01,1,D:\Python project\HGNN_PPO_USV_Scheduling\models\best_u2_t20_seed0.pth,0.3013968999730423,0.3071123000700027,0.6085956000024453,0.0012868000194430351,0.15730959991924465,0.13164229993708432
PPO_full_u2_t20_seed0_20260521_211953,PPO,full,u2_t20,2,20,0,892,2026-05-21 21:31:15,681.2179970999714,-0.6704398729833629,0.004594213747352299,1084.5748104214022,1077.7931937013868,7.432088550905265,1.0,8,8,0,,,1077.7931937013868,360,,MinBattery_NearestTask,1235.4772701211982,1648.142715048298,0.011351840570569038,0.00020496415527304634,0.15610853303223848,0.0001,0.0003,0.0001,0.0003,,256,3,4,4,1,128,1,0.99,0.95,0.2,0.01,1,D:\Python project\HGNN_PPO_USV_Scheduling\models\best_u2_t20_seed0.pth,0.26515150000341237,0.33383979997597635,0.5991481000091881,0.0013293999945744872,0.16555529995821416,0.16300549998413771
PPO_full_u2_t20_seed0_20260521_211953,PPO,full,u2_t20,2,20,0,893,2026-05-21 21:31:15,681.9115837999852,-0.6667444966206196,0.0013142564658067048,1078.5967767757847,1077.7931937013868,2.1260809726375376,1.0,8,8,0,,,1077.7931937013868,360,,MinBattery_NearestTask,1235.4772701211982,1648.142715048298,-0.027858721165102907,0.00022163654284668155,0.11589089315384626,0.0001,0.0003,0.0001,0.0003,,256,3,4,4,1,128,1,0.99,0.95,0.2,0.01,1,D:\Python project\HGNN_PPO_USV_Scheduling\models\best_u2_t20_seed0.pth,0.2809902000008151,0.2805358999175951,0.5616266999859363,0.0015144000062718987,0.1416935999877751,0.13298129988834262
PPO_full_u2_t20_seed0_20260521_211953,PPO,full,u2_t20,2,20,0,894,2026-05-21 21:31:16,682.5846413000254,-0.666247754368122,0.0,1077.7931937013868,1077.7931937013868,0.0,1.0,8,8,0,,,1077.7931937013868,360,,MinBattery_NearestTask,1235.4772701211982,1648.142715048298,0.013808016228722408,0.00023679704645473976,0.0813578381203115,0.0001,0.0003,0.0001,0.0003,,256,3,4,4,1,128,1,0.99,0.95,0.2,0.01,1,D:\Python project\HGNN_PPO_USV_Scheduling\models\best_u2_t20_seed0.pth,0.2724412999814376,0.26735129998996854,0.5399081000359729,0.001719099935144186,0.13958560023456812,0.12174440000671893
PPO_full_u2_t20_seed0_20260521_211953,PPO,full,u2_t20,2,20,0,895,2026-05-21 21:31:17,683.2880674999906,-0.6672412388731173,0.0017207656391841045,1079.4003598501827,1077.7931937013868,2.7836934259191,1.0,8,8,0,,,1077.7931937013868,360,,MinBattery_NearestTask,1235.4772701211982,1648.142715048298,0.028163719223812222,0.0002144266400136985,0.12476329132914543,0.0001,0.0003,0.0001,0.0003,,256,3,4,4,1,128,1,0.99,0.95,0.2,0.01,1,D:\Python project\HGNN_PPO_USV_Scheduling\models\best_u2_t20_seed0.pth,0.28951430006418377,0.2844730999786407,0.5740897000068799,0.0018671000143513083,0.13924720010254532,0.1252250998513773
PPO_full_u2_t20_seed0_20260521_211953,PPO,full,u2_t20,2,20,0,896,2026-05-21 21:31:17,683.9500872000353,-0.670344318301666,0.002242302657914266,1084.420231010239,1077.7931937013868,3.6273871500109296,1.0,8,8,0,,,1077.7931937013868,360,,MinBattery_NearestTask,1235.4772701211982,1648.142715048298,0.028739314060658216,0.00024412274069618434,0.17000795900821686,0.0001,0.0003,0.0001,0.0003,,256,3,4,4,1,128,1,0.99,0.95,0.2,0.01,1,D:\Python project\HGNN_PPO_USV_Scheduling\models\best_u2_t20_seed0.pth,0.2581060000229627,0.26730639999732375,0.5255127000855282,0.0017764000222086906,0.13455850002355874,0.1271886999020353
PPO_full_u2_t20_seed0_20260521_211953,PPO,full,u2_t20,2,20,0,897,2026-05-21 21:31:18,684.6160350000719,-0.6667444966206196,0.0013142564658067048,1078.5967767757847,1077.7931937013868,2.1260809726375376,1.0,8,8,0,,,1077.7931937013868,360,,MinBattery_NearestTask,1235.4772701211982,1648.142715048298,-0.00103126833710121,0.00020985331320844125,0.1019779909402132,0.0001,0.0003,0.0001,0.0003,,256,3,4,4,1,128,1,0.99,0.95,0.2,0.01,1,D:\Python project\HGNN_PPO_USV_Scheduling\models\best_u2_t20_seed0.pth,0.2639989999588579,0.271532200044021,0.5356335999676958,0.0014729000395163894,0.1371782001806423,0.1290652999887243
PPO_full_u2_t20_seed0_20260521_211953,PPO,full,u2_t20,2,20,0,898,2026-05-21 21:31:19,685.3914384000236,-0.666247754368122,0.0,1077.7931937013868,1077.7931937013868,0.0,1.0,8,8,0,,,1077.7931937013868,360,,MinBattery_NearestTask,1235.4772701211982,1648.142715048298,-0.03772977431071922,0.0002336308880330762,0.09179679350927472,0.0001,0.0003,0.0001,0.0003,,256,3,4,4,1,128,1,0.99,0.95,0.2,0.01,1,D:\Python project\HGNN_PPO_USV_Scheduling\models\best_u2_t20_seed0.pth,0.33045240002684295,0.3092748000053689,0.6398168000159785,0.0017590998904779553,0.1451314998557791,0.13649119983892888
PPO_full_u2_t20_seed0_20260521_211953,PPO,full,u2_t20,2,20,0,899,2026-05-21 21:31:19,686.0920252000215,-0.6846677424983633,0.03193909034851666,1107.5913246589362,1077.7931937013868,51.66806786957631,1.0,8,8,0,,,1077.7931937013868,360,,MinBattery_NearestTask,1235.4772701211982,1648.142715048298,0.07933290570508689,0.00039605940401088446,0.14060210436582565,0.0001,0.0003,0.0001,0.0003,,256,3,4,4,1,128,1,0.99,0.95,0.2,0.01,1,D:\Python project\HGNN_PPO_USV_Scheduling\models\best_u2_t20_seed0.pth,0.26710579998325557,0.292274700012058,0.5594803999410942,0.001258899923413992,0.14751499984413385,0.13935040007345378
PPO_full_u2_t20_seed0_20260521_211953,PPO,full,u2_t20,2,20,0,900,2026-05-21 21:31:20,686.9203974000411,-0.6667444966206196,0.0013142564658067048,1078.5967767757847,1077.7931937013868,2.1260809726375376,1.0,8,8,0,1077.7931937013868,1,1077.7931937013868,360,-12.763009100470368,MinBattery_NearestTask,1235.4772701211982,1648.142715048298,0.019990351982414722,0.0002572435860201949,0.13876122795045376,0.0001,0.0003,0.0001,0.0003,,256,3,4,4,1,128,1,0.99,0.95,0.2,0.01,1,D:\Python project\HGNN_PPO_USV_Scheduling\models\best_u2_t20_seed0.pth,0.2692556999390945,0.25830290000885725,0.7201372999697924,0.0012883000308647752,0.1325427001575008,0.12105209985747933
PPO_full_u2_t20_seed0_20260521_211953,PPO,full,u2_t20,2,20,0,901,2026-05-21 21:31:21,687.6497771000722,-0.6675985570473517,0.0017512943485195208,1079.9783957139448,1077.7931937013868,2.8330799115297167,1.0,8,8,0,,,1077.7931937013868,360,,MinBattery_NearestTask,1235.4772701211982,1648.142715048298,-0.018215856282040477,0.00022491450727102347,0.15106788463890553,0.0001,0.0003,0.0001,0.0003,,256,3,4,4,1,128,1,0.99,0.95,0.2,0.01,1,D:\Python project\HGNN_PPO_USV_Scheduling\models\best_u2_t20_seed0.pth,0.26573510002344847,0.3228833000175655,0.5887157000834122,0.001254200004041195,0.16949959995690733,0.1485466999001801
PPO_full_u2_t20_seed0_20260521_211953,PPO,full,u2_t20,2,20,0,902,2026-05-21 21:31:22,688.3773923000554,-0.666247754368122,0.0,1077.7931937013868,1077.7931937013868,0.0,1.0,8,8,0,,,1077.7931937013868,360,,MinBattery_NearestTask,1235.4772701211982,1648.142715048298,-0.03867971757426858,0.00022106389951659366,0.09987300680950284,0.0001,0.0003,0.0001,0.0003,,256,3,4,4,1,128,1,0.99,0.95,0.2,0.01,1,D:\Python project\HGNN_PPO_USV_Scheduling\models\best_u2_t20_seed0.pth,0.2827211000258103,0.3145500000100583,0.597354199970141,0.0015275999903678894,0.161942100035958,0.14740009978413582
PPO_full_u2_t20_seed0_20260521_211953,PPO,full,u2_t20,2,20,0,903,2026-05-21 21:31:23,689.1322260000743,-0.6679135209136096,0.0030089456234213097,1080.4879147466004,1077.7931937013868,4.867590309879299,1.0,8,8,0,,,1077.7931937013868,360,,MinBattery_NearestTask,1235.4772701211982,1648.142715048298,-0.012334604223724455,0.000208767392905429,0.08896603481844068,0.0001,0.0003,0.0001,0.0003,,256,3,4,4,1,128,1,0.99,0.95,0.2,0.01,1,D:\Python project\HGNN_PPO_USV_Scheduling\models\best_u2_t20_seed0.pth,0.29022120009176433,0.3234988999320194,0.6138059000950307,0.0016681000124663115,0.17363650014158338,0.1443538999883458
PPO_full_u2_t20_seed0_20260521_211953,PPO,full,u2_t20,2,20,0,904,2026-05-21 21:31:23,689.8134359000251,-0.666247754368122,0.0,1077.7931937013868,1077.7931937013868,0.0,1.0,8,8,0,,,1077.7931937013868,360,,MinBattery_NearestTask,1235.4772701211982,1648.142715048298,-0.024726669129449874,0.0002477287362125935,0.0852214302867651,0.0001,0.0003,0.0001,0.0003,,256,3,4,4,1,128,1,0.99,0.95,0.2,0.01,1,D:\Python project\HGNN_PPO_USV_Scheduling\models\best_u2_t20_seed0.pth,0.2810916000744328,0.27839609992224723,0.5596098999958485,0.0018767999717965722,0.14264150010421872,0.1297747998032719
PPO_full_u2_t20_seed0_20260521_211953,PPO,full,u2_t20,2,20,0,905,2026-05-21 21:31:24,690.5257239000639,-0.666247754368122,0.0,1077.7931937013868,1077.7931937013868,0.0,1.0,8,8,0,,,1077.7931937013868,360,,MinBattery_NearestTask,1235.4772701211982,1648.142715048298,-0.011915479321032763,0.0002185684188589221,0.09663270553573966,0.0001,0.0003,0.0001,0.0003,,256,3,4,4,1,128,1,0.99,0.95,0.2,0.01,1,D:\Python project\HGNN_PPO_USV_Scheduling\models\best_u2_t20_seed0.pth,0.27173679997213185,0.30799530004151165,0.5798432999290526,0.001351799932308495,0.15875709999818355,0.13080720009747893
PPO_full_u2_t20_seed0_20260521_211953,PPO,full,u2_t20,2,20,0,906,2026-05-21 21:31:25,691.2323044000659,-0.666247754368122,0.0,1077.7931937013868,1077.7931937013868,0.0,1.0,8,8,0,,,1077.7931937013868,360,,MinBattery_NearestTask,1235.4772701211982,1648.142715048298,-0.006049587158486247,0.0002510874965082621,0.08802007604390383,0.0001,0.0003,0.0001,0.0003,,256,3,4,4,1,128,1,0.99,0.95,0.2,0.01,1,D:\Python project\HGNN_PPO_USV_Scheduling\models\best_u2_t20_seed0.pth,0.28001109999604523,0.28817630000412464,0.5682907000882551,0.0015427999896928668,0.1541436999104917,0.1282304999185726
PPO_full_u2_t20_seed0_20260521_211953,PPO,full,u2_t20,2,20,0,907,2026-05-21 21:31:25,691.9188498000149,-0.666247754368122,0.0,1077.7931937013868,1077.7931937013868,0.0,1.0,8,8,0,,,1077.7931937013868,360,,MinBattery_NearestTask,1235.4772701211982,1648.142715048298,0.022690542915370315,0.00020627116464311257,0.10645242314785719,0.0001,0.0003,0.0001,0.0003,,256,3,4,4,1,128,1,0.99,0.95,0.2,0.01,1,D:\Python project\HGNN_PPO_USV_Scheduling\models\best_u2_t20_seed0.pth,0.27819530002307147,0.2773833000101149,0.5556739999447018,0.0014808999840170145,0.13855299993883818,0.13383640011306852
PPO_full_u2_t20_seed0_20260521_211953,PPO,full,u2_t20,2,20,0,908,2026-05-21 21:31:26,692.6470919999992,-0.6686827547902945,0.0030165129703704427,1081.7323092398199,1077.7931937013868,4.879832054759711,1.0,8,8,0,,,1077.7931937013868,360,,MinBattery_NearestTask,1235.4772701211982,1648.142715048298,-0.045809302013367414,0.0002450915544613963,0.13577195070683956,0.0001,0.0003,0.0001,0.0003,,256,3,4,4,1,128,1,0.99,0.95,0.2,0.01,1,D:\Python project\HGNN_PPO_USV_Scheduling\models\best_u2_t20_seed0.pth,0.272661600029096,0.3232833999209106,0.5960443000076339,0.0012440000427886844,0.1514939001062885,0.14636130002327263
PPO_full_u2_t20_seed0_20260521_211953,PPO,full,u2_t20,2,20,0,909,2026-05-21 21:31:27,693.3560986000812,-0.6678286943635624,0.0031002466736004867,1080.3506903016596,1077.7931937013868,5.0152885945124615,1.0,8,8,0,,,1077.7931937013868,360,,MinBattery_NearestTask,1235.4772701211982,1648.142715048298,0.01112932269461453,0.0002504127878637519,0.08199062384665012,0.0001,0.0003,0.0001,0.0003,,256,3,4,4,1,128,1,0.99,0.95,0.2,0.01,1,D:\Python project\HGNN_PPO_USV_Scheduling\models\best_u2_t20_seed0.pth,0.25788759998977184,0.3187082000076771,0.5766843999736011,0.001744799898006022,0.1647635999834165,0.14882340002804995
PPO_full_u2_t20_seed0_20260521_211953,PPO,full,u2_t20,2,20,0,910,2026-05-21 21:31:28,694.2088333000429,-0.666247754368122,0.0,1077.7931937013868,1077.7931937013868,0.0,1.0,8,8,0,1077.7931937013868,1,1077.7931937013868,360,-12.763009100470368,MinBattery_NearestTask,1235.4772701211982,1648.142715048298,-0.016617017390672117,0.00022314622219710145,0.07731521420646459,0.0001,0.0003,0.0001,0.0003,,256,3,4,4,1,128,1,0.99,0.95,0.2,0.01,1,D:\Python project\HGNN_PPO_USV_Scheduling\models\best_u2_t20_seed0.pth,0.26643329998478293,0.2890865000663325,0.7448162999935448,0.0012797999661415815,0.14183380012400448,0.1421083000022918
PPO_full_u2_t20_seed0_20260521_211953,PPO,full,u2_t20,2,20,0,911,2026-05-21 21:31:28,694.9342750000069,-0.666247754368122,0.0,1077.7931937013868,1077.7931937013868,0.0,1.0,8,8,0,,,1077.7931937013868,360,,MinBattery_NearestTask,1235.4772701211982,1648.142715048298,-0.05188895436003804,0.00021826626652909908,0.08437127014622092,0.0001,0.0003,0.0001,0.0003,,256,3,4,4,1,128,1,0.99,0.95,0.2,0.01,1,D:\Python project\HGNN_PPO_USV_Scheduling\models\best_u2_t20_seed0.pth,0.26939259993378073,0.31935580004937947,0.5888379999669269,0.0012416000245139003,0.1612588003044948,0.1530685001052916
PPO_full_u2_t20_seed0_20260521_211953,PPO,full,u2_t20,2,20,0,912,2026-05-21 21:31:29,695.5909361999948,-0.666247754368122,0.0,1077.7931937013868,1077.7931937013868,0.0,1.0,8,8,0,,,1077.7931937013868,360,,MinBattery_NearestTask,1235.4772701211982,1648.142715048298,-0.03196685359580442,0.00022606148013437632,0.08091970346868038,0.0001,0.0003,0.0001,0.0003,,256,3,4,4,1,128,1,0.99,0.95,0.2,0.01,1,D:\Python project\HGNN_PPO_USV_Scheduling\models\best_u2_t20_seed0.pth,0.26119470002595335,0.268505199928768,0.5297849000198767,0.0012292000465095043,0.13988960010465235,0.12380630022380501
PPO_full_u2_t20_seed0_20260521_211953,PPO,full,u2_t20,2,20,0,913,2026-05-21 21:31:30,696.3509459000779,-0.666247754368122,0.0,1077.7931937013868,1077.7931937013868,0.0,1.0,8,8,0,,,1077.7931937013868,360,,MinBattery_NearestTask,1235.4772701211982,1648.142715048298,-0.034333888441324234,0.00018777331024466548,0.09879065153654665,0.0001,0.0003,0.0001,0.0003,,256,3,4,4,1,128,1,0.99,0.95,0.2,0.01,1,D:\Python project\HGNN_PPO_USV_Scheduling\models\best_u2_t20_seed0.pth,0.3769293000223115,0.2687223000684753,0.645747400005348,0.0016561000375077128,0.1364035999868065,0.126531699905172
PPO_full_u2_t20_seed0_20260521_211953,PPO,full,u2_t20,2,20,0,914,2026-05-21 21:31:30,697.0281677000457,-0.6773757351180125,0.02944186965852419,1095.7949983352305,1077.7931937013868,47.62829821152046,1.0,8,8,0,,,1077.7931937013868,360,,MinBattery_NearestTask,1235.4772701211982,1648.142715048298,0.05988386564422399,0.00028917096824443433,0.138744936324656,0.0001,0.0003,0.0001,0.0003,,256,3,4,4,1,128,1,0.99,0.95,0.2,0.01,1,D:\Python project\HGNN_PPO_USV_Scheduling\models\best_u2_t20_seed0.pth,0.2803854000521824,0.2812666998943314,0.5617376000154763,0.0012486000778153539,0.13827859982848167,0.11976679996587336
PPO_full_u2_t20_seed0_20260521_211953,PPO,full,u2_t20,2,20,0,915,2026-05-21 21:31:31,697.7202670000261,-0.666247754368122,0.0,1077.7931937013868,1077.7931937013868,0.0,1.0,8,8,0,,,1077.7931937013868,360,,MinBattery_NearestTask,1235.4772701211982,1648.142715048298,-0.0054024417186155915,0.00020943041636201087,0.10069286974612623,0.0001,0.0003,0.0001,0.0003,,256,3,4,4,1,128,1,0.99,0.95,0.2,0.01,1,D:\Python project\HGNN_PPO_USV_Scheduling\models\best_u2_t20_seed0.pth,0.2814527000300586,0.29225629998836666,0.5738012000219896,0.0016683000139892101,0.13948699971660972,0.12579690013080835
PPO_full_u2_t20_seed0_20260521_211953,PPO,full,u2_t20,2,20,0,916,2026-05-21 21:31:32,698.444217100041,-0.6973409772821589,0.08226493529003683,1128.092896488036,1077.7931937013868,133.0805045939365,1.0,8,8,0,,,1077.7931937013868,360,,MinBattery_NearestTask,1235.4772701211982,1648.142715048298,0.034308891103137285,0.0015361444384325296,0.14080614130944014,0.0001,0.0003,0.0001,0.0003,,256,3,4,4,1,128,1,0.99,0.95,0.2,0.01,1,D:\Python project\HGNN_PPO_USV_Scheduling\models\best_u2_t20_seed0.pth,0.27552520006429404,0.316346799954772,0.5919641000218689,0.0013494000304490328,0.1529766998719424,0.13888169988058507
PPO_full_u2_t20_seed0_20260521_211953,PPO,full,u2_t20,2,20,0,917,2026-05-21 21:31:33,699.1259512000252,-0.666247754368122,0.0,1077.7931937013868,1077.7931937013868,0.0,1.0,8,8,0,,,1077.7931937013868,360,,MinBattery_NearestTask,1235.4772701211982,1648.142715048298,0.018239250290207565,0.0003368066008988535,0.1334354318678379,0.0001,0.0003,0.0001,0.0003,,256,3,4,4,1,128,1,0.99,0.95,0.2,0.01,1,D:\Python project\HGNN_PPO_USV_Scheduling\models\best_u2_t20_seed0.pth,0.2574775000102818,0.27791450009681284,0.5354909000452608,0.0013997000642120838,0.1486722001573071,0.12413199990987778
PPO_full_u2_t20_seed0_20260521_211953,PPO,full,u2_t20,2,20,0,918,2026-05-21 21:31:33,699.8505452000536,-0.6771408679355484,0.02699643992797664,1095.41505221305,1077.7931937013868,43.67231111516035,1.0,8,8,0,,,1077.7931937013868,360,,MinBattery_NearestTask,1235.4772701211982,1648.142715048298,0.02157947327941656,0.00025892440862662625,0.1929575763642788,0.0001,0.0003,0.0001,0.0003,,256,3,4,4,1,128,1,0.99,0.95,0.2,0.01,1,D:\Python project\HGNN_PPO_USV_Scheduling\models\best_u2_t20_seed0.pth,0.2717765000415966,0.31159189995378256,0.5834703999571502,0.0012190000852569938,0.15959000017028302,0.14709930017124861
PPO_full_u2_t20_seed0_20260521_211953,PPO,full,u2_t20,2,20,0,919,2026-05-21 21:31:34,700.5860666000517,-0.7740930513498496,0.14437402560903254,1252.2552107176384,1077.7931937013868,233.55477167238354,1.0,8,8,0,,,1077.7931937013868,360,,MinBattery_NearestTask,1235.4772701211982,1648.142715048298,-0.028852826333604753,0.0028430340462364256,0.24489791691303253,0.0001,0.0003,0.0001,0.0003,,256,3,4,4,1,128,1,0.99,0.95,0.2,0.01,1,D:\Python project\HGNN_PPO_USV_Scheduling\models\best_u2_t20_seed0.pth,0.33083900006022304,0.26586050004698336,0.5967908999882638,0.0012184000806882977,0.13625619979575276,0.12463540013413876
PPO_full_u2_t20_seed0_20260521_211953,PPO,full,u2_t20,2,20,0,920,2026-05-21 21:31:35,701.4674867000431,-0.666247754368122,0.0,1077.7931937013868,1077.7931937013868,0.0,1.0,8,8,0,1077.7931937013868,1,1077.7931937013868,360,-12.763009100470368,MinBattery_NearestTask,1235.4772701211982,1648.142715048298,-0.008303718874230981,0.0007162376423366368,0.11937015596777201,0.0001,0.0003,0.0001,0.0003,,256,3,4,4,1,128,1,0.99,0.95,0.2,0.01,1,D:\Python project\HGNN_PPO_USV_Scheduling\models\best_u2_t20_seed0.pth,0.27998959994874895,0.2857032000320032,0.7710461999522522,0.0012895000400021672,0.1408299000468105,0.12335519981570542
PPO_full_u2_t20_seed0_20260521_211953,PPO,full,u2_t20,2,20,0,921,2026-05-21 21:31:36,702.1602253000019,-0.666247754368122,0.0,1077.7931937013868,1077.7931937013868,0.0,1.0,8,8,0,,,1077.7931937013868,360,,MinBattery_NearestTask,1235.4772701211982,1648.142715048298,0.04688217700459063,0.00030587902074330486,0.10975864203646779,0.0001,0.0003,0.0001,0.0003,,256,3,4,4,1,128,1,0.99,0.95,0.2,0.01,1,D:\Python project\HGNN_PPO_USV_Scheduling\models\best_u2_t20_seed0.pth,0.2704236999852583,0.2748299000086263,0.5453539000591263,0.0011921999976038933,0.15023270016536117,0.1193916000192985
PPO_full_u2_t20_seed0_20260521_211953,PPO,full,u2_t20,2,20,0,922,2026-05-21 21:31:36,702.8526758999797,-0.6741553691858674,0.01764961309071552,1090.58539205868,1077.7931937013868,28.55189039800575,1.0,8,8,0,,,1077.7931937013868,360,,MinBattery_NearestTask,1235.4772701211982,1648.142715048298,0.011275716125965118,0.00032144349461304955,0.14484981261193752,0.0001,0.0003,0.0001,0.0003,,256,3,4,4,1,128,1,0.99,0.95,0.2,0.01,1,D:\Python project\HGNN_PPO_USV_Scheduling\models\best_u2_t20_seed0.pth,0.2756758000468835,0.2795709000201896,0.5553566000889987,0.0012709000147879124,0.1397801002021879,0.13486949994694442
PPO_full_u2_t20_seed0_20260521_211953,PPO,full,u2_t20,2,20,0,923,2026-05-21 21:31:37,703.5927210000809,-0.6730392587673091,0.01796863166825007,1088.7798531962155,1077.7931937013868,29.067968762663266,1.0,8,8,0,,,1077.7931937013868,360,,MinBattery_NearestTask,1235.4772701211982,1648.142715048298,-0.015017934027127922,0.0003376905297045596,0.10957080218940973,0.0001,0.0003,0.0001,0.0003,,256,3,4,4,1,128,1,0.99,0.95,0.2,0.01,1,D:\Python project\HGNN_PPO_USV_Scheduling\models\best_u2_t20_seed0.pth,0.2998595000244677,0.30127910000737756,0.6012410999974236,0.00228780007455498,0.15598589996807277,0.13881550007499754
PPO_full_u2_t20_seed0_20260521_211953,PPO,full,u2_t20,2,20,0,924,2026-05-21 21:31:38,704.4864401000086,-0.666247754368122,0.0,1077.7931937013868,1077.7931937013868,0.0,1.0,8,8,0,,,1077.7931937013868,360,,MinBattery_NearestTask,1235.4772701211982,1648.142715048298,0.01108416193164885,0.00021981666031933855,0.06786031811498106,0.0001,0.0003,0.0001,0.0003,,256,3,4,4,1,128,1,0.99,0.95,0.2,0.01,1,D:\Python project\HGNN_PPO_USV_Scheduling\models\best_u2_t20_seed0.pth,0.2714448000770062,0.34790219995193183,0.6195041000610217,0.0012858000118285418,0.18416419986169785,0.15821820008568466
PPO_full_u2_t20_seed0_20260521_211953,PPO,full,u2_t20,2,20,0,925,2026-05-21 21:31:39,705.312923700083,-0.6667444966206196,0.0013142564658067048,1078.5967767757847,1077.7931937013868,2.1260809726375376,1.0,8,8,0,,,1077.7931937013868,360,,MinBattery_NearestTask,1235.4772701211982,1648.142715048298,-0.0031201234087347984,0.00020574891459546052,0.08151397592155263,0.0001,0.0003,0.0001,0.0003,,256,3,4,4,1,128,1,0.99,0.95,0.2,0.01,1,D:\Python project\HGNN_PPO_USV_Scheduling\models\best_u2_t20_seed0.pth,0.2740484999958426,0.29914100002497435,0.5732968000229448,0.0014395000180229545,0.14434810006059706,0.1272787000052631
PPO_full_u2_t20_seed0_20260521_211953,PPO,full,u2_t20,2,20,0,926,2026-05-21 21:31:39,706.1010323000373,-0.666247754368122,0.0,1077.7931937013868,1077.7931937013868,0.0,1.0,8,8,0,,,1077.7931937013868,360,,MinBattery_NearestTask,1235.4772701211982,1648.142715048298,-0.014221078949049115,0.00022783264648751356,0.11211495555471629,0.0001,0.0003,0.0001,0.0003,,256,3,4,4,1,128,1,0.99,0.95,0.2,0.01,1,D:\Python project\HGNN_PPO_USV_Scheduling\models\best_u2_t20_seed0.pth,0.28039670002181083,0.2765037000644952,0.5569870000472292,0.0013683000579476357,0.14279160008300096,0.12868960003834218
PPO_full_u2_t20_seed0_20260521_211953,PPO,full,u2_t20,2,20,0,927,2026-05-21 21:31:40,706.8577514999779,-0.6685711838206096,0.003186223423481295,1081.551820178577,1077.7931937013868,5.154373724977169,1.0,8,8,0,,,1077.7931937013868,360,,MinBattery_NearestTask,1235.4772701211982,1648.142715048298,-2.7928181225433946e-05,0.00020291693181206938,0.13647824432700872,0.0001,0.0003,0.0001,0.0003,,256,3,4,4,1,128,1,0.99,0.95,0.2,0.01,1,D:\Python project\HGNN_PPO_USV_Scheduling\models\best_u2_t20_seed0.pth,0.2627317999722436,0.28582280001137406,0.5486512000206858,0.001325799967162311,0.1435465000104159,0.13664029981009662
PPO_full_u2_t20_seed0_20260521_211953,PPO,full,u2_t20,2,20,0,928,2026-05-21 21:31:41,707.6591371999821,-0.6953876311794247,0.03276584377919049,1124.932956179544,1077.7931937013868,53.00551210801074,1.0,8,8,0,,,1077.7931937013868,360,,MinBattery_NearestTask,1235.4772701211982,1648.142715048298,0.02308521675877273,0.0003533287745085545,0.18612407613545656,0.0001,0.0003,0.0001,0.0003,,256,3,4,4,1,128,1,0.99,0.95,0.2,0.01,1,D:\Python project\HGNN_PPO_USV_Scheduling\models\best_u2_t20_seed0.pth,0.2760536998976022,0.2926792000653222,0.5688801999203861,0.0016944999806582928,0.15586219995748252,0.13129920000210404
PPO_full_u2_t20_seed0_20260521_211953,PPO,full,u2_t20,2,20,0,929,2026-05-21 21:31:42,708.5033667000243,-0.6798954941509832,0.0,1099.8712284128524,1099.8712284128524,0.0,1.0,8,8,0,,,1077.7931937013868,360,,MinBattery_NearestTask,1235.4772701211982,1648.142715048298,-0.03018846793565899,0.00023928370319481473,0.10588175477460027,0.0001,0.0003,0.0001,0.0003,,256,3,4,4,1,128,1,0.99,0.95,0.2,0.01,1,D:\Python project\HGNN_PPO_USV_Scheduling\models\best_u2_t20_seed0.pth,0.3073183000087738,0.3133504999568686,0.6207806000020355,0.0014908999437466264,0.16580239997711033,0.14196719985920936
PPO_full_u2_t20_seed0_20260521_211953,PPO,full,u2_t20,2,20,0,930,2026-05-21 21:31:43,709.4436164000072,-0.6794190191736655,0.0012606342959277116,1099.1004318373216,1093.7048558086062,2.039336050274623,1.0,8,8,0,1099.8712284128524,1,1077.7931937013868,360,-10.976004576356402,MinBattery_NearestTask,1235.4772701211982,1648.142715048298,0.011095497524365783,0.00022981228903518058,0.14473337307572365,0.0001,0.0003,0.0001,0.0003,,256,3,4,4,1,128,1,0.99,0.95,0.2,0.01,1,D:\Python project\HGNN_PPO_USV_Scheduling\models\best_u2_t20_seed0.pth,0.27797779999673367,0.28848609991837293,0.7714368000160903,0.0014374000020325184,0.13953459972981364,0.1252449001185596
PPO_full_u2_t20_seed0_20260521_211953,PPO,full,u2_t20,2,20,0,931,2026-05-21 21:31:44,710.249650200014,-0.6795619123624086,0.0025671215505941444,1099.3315910498575,1093.7048558086062,4.152848721056651,1.0,8,8,0,,,1077.7931937013868,360,,MinBattery_NearestTask,1235.4772701211982,1648.142715048298,0.09566885291133076,0.00020077887893421575,0.16375579964369535,0.0001,0.0003,0.0001,0.0003,,256,3,4,4,1,128,1,0.99,0.95,0.2,0.01,1,D:\Python project\HGNN_PPO_USV_Scheduling\models\best_u2_t20_seed0.pth,0.2896800000453368,0.27730089996475726,0.5670664000790566,0.0016153999604284763,0.13292429991997778,0.13885040010791272
PPO_full_u2_t20_seed0_20260521_211953,PPO,full,u2_t20,2,20,0,932,2026-05-21 21:31:44,711.0302059000824,-0.6691924581731011,0.004555127929114492,1082.5568596164533,1077.7931937013868,7.368859176260796,1.0,8,8,0,,,1077.7931937013868,360,,MinBattery_NearestTask,1235.4772701211982,1648.142715048298,-0.02334099286235869,0.00021458179253386334,0.15473174676299095,0.0001,0.0003,0.0001,0.0003,,256,3,4,4,1,128,1,0.99,0.95,0.2,0.01,1,D:\Python project\HGNN_PPO_USV_Scheduling\models\best_u2_t20_seed0.pth,0.25908610003534704,0.27930499997455627,0.5385147000197321,0.0013177000219002366,0.14621290005743504,0.1278625000268221
PPO_full_u2_t20_seed0_20260521_211953,PPO,full,u2_t20,2,20,0,933,2026-05-21 21:31:45,711.8243568000617,-0.6991924222227188,0.07706278326652971,1131.0879906438743,1077.7931937013868,124.66495045994397,1.0,8,8,0,,,1077.7931937013868,360,,MinBattery_NearestTask,1235.4772701211982,1648.142715048298,0.0065348663192708045,0.0013874846044927835,0.17463401146233082,0.0001,0.0003,0.0001,0.0003,,256,3,4,4,1,128,1,0.99,0.95,0.2,0.01,1,D:\Python project\HGNN_PPO_USV_Scheduling\models\best_u2_t20_seed0.pth,0.2806334999622777,0.2896495000459254,0.5703845999669284,0.0016637000953778625,0.14419939985964447,0.12695349974092096
PPO_full_u2_t20_seed0_20260521_211953,PPO,full,u2_t20,2,20,0,934,2026-05-21 21:31:46,712.5848373000044,-0.6700116768330029,0.006557203506030589,1083.8821148086945,1077.7931937013868,10.607629462432302,1.0,8,8,0,,,1077.7931937013868,360,,MinBattery_NearestTask,1235.4772701211982,1648.142715048298,0.0002535420935600996,0.000288238596112933,0.15400165598839521,0.0001,0.0003,0.0001,0.0003,,256,3,4,4,1,128,1,0.99,0.95,0.2,0.01,1,D:\Python project\HGNN_PPO_USV_Scheduling\models\best_u2_t20_seed0.pth,0.2628438000101596,0.2783408999675885,0.5412859000498429,0.001323699951171875,0.14593320002313703,0.12723879993427545
PPO_full_u2_t20_seed0_20260521_211953,PPO,full,u2_t20,2,20,0,935,2026-05-21 21:31:47,713.2544339000015,-0.6723143398064214,0.005476098648428358,1087.607147221738,1077.7931937013868,8.858719316676815,1.0,8,8,0,,,1077.7931937013868,360,,MinBattery_NearestTask,1235.4772701211982,1648.142715048298,0.014163763727992773,0.0002274792250318569,0.21097387187182903,0.0001,0.0003,0.0001,0.0003,,256,3,4,4,1,128,1,0.99,0.95,0.2,0.01,1,D:\Python project\HGNN_PPO_USV_Scheduling\models\best_u2_t20_seed0.pth,0.2700583999976516,0.27756980003323406,0.5477161000017077,0.00134379998780787,0.15211500006262213,0.12050359998829663
PPO_full_u2_t20_seed0_20260521_211953,PPO,full,u2_t20,2,20,0,936,2026-05-21 21:31:47,713.9083188000368,-0.712148544924913,0.0441349510369485,1152.047192042502,1080.3749029781816,71.39738861421235,1.0,8,8,0,,,1077.7931937013868,360,,MinBattery_NearestTask,1235.4772701211982,1648.142715048298,0.008462173980660737,0.0006479366638814099,0.39278867468237877,0.0001,0.0003,0.0001,0.0003,,256,3,4,4,1,128,1,0.99,0.95,0.2,0.01,1,D:\Python project\HGNN_PPO_USV_Scheduling\models\best_u2_t20_seed0.pth,0.2596030000131577,0.26826669997535646,0.5279545000521466,0.0012568000238388777,0.1353491999907419,0.11807619989849627
PPO_full_u2_t20_seed0_20260521_211953,PPO,full,u2_t20,2,20,0,937,2026-05-21 21:31:48,714.6177299000556,-0.6809103848460105,0.019024521961012075,1101.513023490254,1077.7931937013868,30.776089147869815,1.0,8,8,0,,,1077.7931937013868,360,,MinBattery_NearestTask,1235.4772701211982,1648.142715048298,0.039602471981197596,0.00030612161208409816,0.2917413115501404,0.0001,0.0003,0.0001,0.0003,,256,3,4,4,1,128,1,0.99,0.95,0.2,0.01,1,D:\Python project\HGNN_PPO_USV_Scheduling\models\best_u2_t20_seed0.pth,0.292900100001134,0.28339959995355457,0.5763905999483541,0.0016569000435993075,0.1345060997409746,0.13876659981906414
PPO_full_u2_t20_seed0_20260521_211953,PPO,full,u2_t20,2,20,0,938,2026-05-21 21:31:49,715.3117991000181,-0.6851755870784364,0.021781503091772497,1108.412868038666,1077.7931937013868,35.23607490904496,1.0,8,8,0,,,1077.7931937013868,360,,MinBattery_NearestTask,1235.4772701211982,1648.142715048298,0.05636412836611271,0.00027594715720624663,0.2558972518891096,0.0001,0.0003,0.0001,0.0003,,256,3,4,4,1,128,1,0.99,0.95,0.2,0.01,1,D:\Python project\HGNN_PPO_USV_Scheduling\models\best_u2_t20_seed0.pth,0.28630639996845275,0.29037169995717704,0.5767673999071121,0.0015575001016259193,0.14384010003414005,0.14112199994269758
PPO_full_u2_t20_seed0_20260521_211953,PPO,full,u2_t20,2,20,0,939,2026-05-21 21:31:49,715.9653436000226,-0.6750968516759475,0.017383665103060518,1092.108434220015,1077.7931937013868,28.121664661267644,1.0,8,8,0,,,1077.7931937013868,360,,MinBattery_NearestTask,1235.4772701211982,1648.142715048298,0.0021175637375563383,0.0002852761645044666,0.1707941871136427,0.0001,0.0003,0.0001,0.0003,,256,3,4,4,1,128,1,0.99,0.95,0.2,0.01,1,D:\Python project\HGNN_PPO_USV_Scheduling\models\best_u2_t20_seed0.pth,0.26249570003710687,0.2766142999753356,0.5392247000709176,0.001281999982893467,0.14089660008903593,0.12843830010388047
PPO_full_u2_t20_seed0_20260521_211953,PPO,full,u2_t20,2,20,0,940,2026-05-21 21:31:50,716.7847518000053,-0.6673822221842287,0.0019176258292000208,1079.62842944163,1077.7931937013868,3.102155396738183,1.0,8,8,0,1077.7931937013868,1,1077.7931937013868,360,-12.763009100470368,MinBattery_NearestTask,1235.4772701211982,1648.142715048298,-0.0053156642243266106,0.0002177606711484259,0.16014887019991875,0.0001,0.0003,0.0001,0.0003,,256,3,4,4,1,128,1,0.99,0.95,0.2,0.01,1,D:\Python project\HGNN_PPO_USV_Scheduling\models\best_u2_t20_seed0.pth,0.2645114000188187,0.2591500000562519,0.7149029999272898,0.0012666999828070402,0.1355447000823915,0.11880989989731461
PPO_full_u2_t20_seed0_20260521_211953,PPO,full,u2_t20,2,20,0,941,2026-05-21 21:31:51,717.4582747999812,-0.6712228543876153,0.008711489040529005,1085.8414443766615,1077.7931937013868,14.09263075684394,1.0,8,8,0,,,1077.7931937013868,360,,MinBattery_NearestTask,1235.4772701211982,1648.142715048298,0.021848875447176397,0.0002213628831668757,0.16392348613590002,0.0001,0.0003,0.0001,0.0003,,256,3,4,4,1,128,1,0.99,0.95,0.2,0.01,1,D:\Python project\HGNN_PPO_USV_Scheduling\models\best_u2_t20_seed0.pth,0.2724309000186622,0.28679869999177754,0.559319099993445,0.0012944999616593122,0.1402072999626398,0.12590920005459338
PPO_full_u2_t20_seed0_20260521_211953,PPO,full,u2_t20,2,20,0,942,2026-05-21 21:31:52,718.1377511000028,-0.6664472427785781,0.000527796723506631,1078.115907360986,1077.7931937013868,0.8538200879834171,1.0,8,8,0,,,1077.7931937013868,360,,MinBattery_NearestTask,1235.4772701211982,1648.142715048298,0.017950343259144574,0.00018829932378139347,0.11306245718151331,0.0001,0.0003,0.0001,0.0003,,256,3,4,4,1,128,1,0.99,0.95,0.2,0.01,1,D:\Python project\HGNN_PPO_USV_Scheduling\models\best_u2_t20_seed0.pth,0.2620981000363827,0.2889986999798566,0.5511871000053361,0.0012904999312013388,0.14210720011033118,0.11835260014049709
PPO_full_u2_t20_seed0_20260521_211953,PPO,full,u2_t20,2,20,0,943,2026-05-21 21:31:52,718.8316990999738,-0.666247754368122,0.0,1077.7931937013868,1077.7931937013868,0.0,1.0,8,8,0,,,1077.7931937013868,360,,MinBattery_NearestTask,1235.4772701211982,1648.142715048298,-0.011379827046766877,0.00021191980158619117,0.1472691474482417,0.0001,0.0003,0.0001,0.0003,,256,3,4,4,1,128,1,0.99,0.95,0.2,0.01,1,D:\Python project\HGNN_PPO_USV_Scheduling\models\best_u2_t20_seed0.pth,0.2726686999667436,0.3069999000290409,0.5797854999545962,0.0015304000116884708,0.15026280004531145,0.1338794999755919
PPO_full_u2_t20_seed0_20260521_211953,PPO,full,u2_t20,2,20,0,944,2026-05-21 21:31:53,719.4851424000226,-0.6806073234598506,0.023959970965780376,1101.0227591747116,1077.7931937013868,38.76019612657859,1.0,8,8,0,,,1077.7931937013868,360,,MinBattery_NearestTask,1235.4772701211982,1648.142715048298,0.010933859390206635,0.0002746289665083168,0.24040900357067585,0.0001,0.0003,0.0001,0.0003,,256,3,4,4,1,128,1,0.99,0.95,0.2,0.01,1,D:\Python project\HGNN_PPO_USV_Scheduling\models\best_u2_t20_seed0.pth,0.25667340005747974,0.27912610000930727,0.5359126999974251,0.0012595999287441373,0.15153839997947216,0.12247549998573959
PPO_full_u2_t20_seed0_20260521_211953,PPO,full,u2_t20,2,20,0,945,2026-05-21 21:31:54,720.1809185000602,-0.7044705911772055,0.03979025472212434,1139.6265178464869,1077.1190392680535,64.36894598740288,1.0,8,8,0,,,1077.7931937013868,360,,MinBattery_NearestTask,1235.4772701211982,1648.142715048298,0.01638512802310288,0.0004786489334946964,0.37095510214567184,0.0001,0.0003,0.0001,0.0003,,256,3,4,4,1,128,1,0.99,0.95,0.2,0.01,1,D:\Python project\HGNN_PPO_USV_Scheduling\models\best_u2_t20_seed0.pth,0.26454779994674027,0.3105426999973133,0.5751789999194443,0.001276099937967956,0.15764240000862628,0.14788770000450313
PPO_full_u2_t20_seed0_20260521_211953,PPO,full,u2_t20,2,20,0,946,2026-05-21 21:31:54,720.8721822000807,-0.7023308191534235,0.036485619146636526,1136.1649951498857,1077.7931937013868,59.02301617739966,1.0,8,8,0,,,1077.7931937013868,360,,MinBattery_NearestTask,1235.4772701211982,1648.142715048298,-0.02648146665887907,0.00045322398364078254,0.37077397108078003,0.0001,0.0003,0.0001,0.0003,,256,3,4,4,1,128,1,0.99,0.95,0.2,0.01,1,D:\Python project\HGNN_PPO_USV_Scheduling\models\best_u2_t20_seed0.pth,0.2836818000068888,0.2924175999360159,0.5762020000256598,0.0015233999583870173,0.15519950015004724,0.13128740002866834
PPO_full_u2_t20_seed0_20260521_211953,PPO,full,u2_t20,2,20,0,947,2026-05-21 21:31:55,721.5739078000188,-0.6830084909114329,0.021224535834344516,1104.9071429032647,1080.3749029781816,34.335065464383106,1.0,8,8,0,,,1077.7931937013868,360,,MinBattery_NearestTask,1235.4772701211982,1648.142715048298,0.044840137008577585,0.0003077950495935511,0.3107283879071474,0.0001,0.0003,0.0001,0.0003,,256,3,4,4,1,128,1,0.99,0.95,0.2,0.01,1,D:\Python project\HGNN_PPO_USV_Scheduling\models\best_u2_t20_seed0.pth,0.2692350000143051,0.3027817999245599,0.5721243999432772,0.0013290999922901392,0.16134059999603778,0.12570420012343675
PPO_full_u2_t20_seed0_20260521_211953,PPO,full,u2_t20,2,20,0,948,2026-05-21 21:31:56,722.2991756000556,-0.685253560050658,0.030679315470148558,1108.5390054075383,1077.1190392680535,49.630122104507514,1.0,8,8,0,,,1077.7931937013868,360,,MinBattery_NearestTask,1235.4772701211982,1648.142715048298,-0.02839914505602792,0.00031263400887837633,0.28642196394503117,0.0001,0.0003,0.0001,0.0003,,256,3,4,4,1,128,1,0.99,0.95,0.2,0.01,1,D:\Python project\HGNN_PPO_USV_Scheduling\models\best_u2_t20_seed0.pth,0.3201673999428749,0.2809058000566438,0.6011638999916613,0.0013904999941587448,0.13950379996094853,0.12343500007409602
PPO_full_u2_t20_seed0_20260521_211953,PPO,full,u2_t20,2,20,0,949,2026-05-21 21:31:56,722.9980387000833,-0.6695070502271698,0.00694335536414708,1083.0657771661859,1077.7931937013868,11.232309758439907,1.0,8,8,0,,,1077.7931937013868,360,,MinBattery_NearestTask,1235.4772701211982,1648.142715048298,-0.029859568167012185,0.00023013078134681564,0.19365401566028595,0.0001,0.0003,0.0001,0.0003,,256,3,4,4,1,128,1,0.99,0.95,0.2,0.01,1,D:\Python project\HGNN_PPO_USV_Scheduling\models\best_u2_t20_seed0.pth,0.27606289996765554,0.30218729993794113,0.5783489999594167,0.0012431999202817678,0.14476939989253879,0.1369308001594618
PPO_full_u2_t20_seed0_20260521_211953,PPO,full,u2_t20,2,20,0,950,2026-05-21 21:31:57,723.8481466000667,-0.6678854675211559,0.0024636161997977895,1080.4425325967188,1077.7931937013868,3.985407462352858,1.0,8,8,0,1077.7931937013868,1,1077.7931937013868,360,-12.763009100470368,MinBattery_NearestTask,1235.4772701211982,1648.142715048298,-0.036724627716466784,0.00020012313507322688,0.11309498199261725,0.0001,0.0003,0.0001,0.0003,,256,3,4,4,1,128,1,0.99,0.95,0.2,0.01,1,D:\Python project\HGNN_PPO_USV_Scheduling\models\best_u2_t20_seed0.pth,0.27323310007341206,0.2706475999439135,0.7390243000118062,0.001417500083334744,0.14394830004312098,0.12098199990577996
PPO_full_u2_t20_seed0_20260521_211953,PPO,full,u2_t20,2,20,0,951,2026-05-21 21:31:58,724.558560000034,-0.666247754368122,0.0,1077.7931937013868,1077.7931937013868,0.0,1.0,8,8,0,,,1077.7931937013868,360,,MinBattery_NearestTask,1235.4772701211982,1648.142715048298,-0.004330134514020756,0.0002241905931441579,0.12964368145912886,0.0001,0.0003,0.0001,0.0003,,256,3,4,4,1,128,1,0.99,0.95,0.2,0.01,1,D:\Python project\HGNN_PPO_USV_Scheduling\models\best_u2_t20_seed0.pth,0.27890739997383207,0.2940766999963671,0.5730794999981299,0.0015916000120341778,0.142362599959597,0.1467655000742525
PPO_full_u2_t20_seed0_20260521_211953,PPO,full,u2_t20,2,20,0,952,2026-05-21 21:31:59,725.2419847999699,-0.6836084428126554,0.023166390192912775,1105.8776888772609,1077.7931937013868,37.47641550586917,1.0,8,8,0,,,1077.7931937013868,360,,MinBattery_NearestTask,1235.4772701211982,1648.142715048298,0.07731381509802304,0.0002882606077037053,0.2191588692367077,0.0001,0.0003,0.0001,0.0003,,256,3,4,4,1,128,1,0.99,0.95,0.2,0.01,1,D:\Python project\HGNN_PPO_USV_Scheduling\models\best_u2_t20_seed0.pth,0.26519960002042353,0.2823829000117257,0.5476843999931589,0.0012396000092849135,0.15026680019218475,0.12706949992571026
PPO_full_u2_t20_seed0_20260521_211953,PPO,full,u2_t20,2,20,0,953,2026-05-21 21:31:59,726.0622183000669,-0.7020051638649454,0.07563206890487563,1135.6381805360825,1077.7931937013868,122.35047481479295,1.0,8,8,0,,,1077.7931937013868,360,,MinBattery_NearestTask,1235.4772701211982,1648.142715048298,-0.012385982787236571,0.0011909062886843458,0.1672825189307332,0.0001,0.0003,0.0001,0.0003,,256,3,4,4,1,128,1,0.99,0.95,0.2,0.01,1,D:\Python project\HGNN_PPO_USV_Scheduling\models\best_u2_t20_seed0.pth,0.3840626999735832,0.29552519996650517,0.6797574999509379,0.0016530000139027834,0.14842649991624057,0.12415609997697175
PPO_full_u2_t20_seed0_20260521_211953,PPO,full,u2_t20,2,20,0,954,2026-05-21 21:32:00,726.7727183999959,-0.6669832453633163,0.0019459262648116125,1078.9830021224311,1077.7931937013868,3.147937189893922,1.0,8,8,0,,,1077.7931937013868,360,,MinBattery_NearestTask,1235.4772701211982,1648.142715048298,0.04327525058761239,0.00032146048033609986,0.13537282031029463,0.0001,0.0003,0.0001,0.0003,,256,3,4,4,1,128,1,0.99,0.95,0.2,0.01,1,D:\Python project\HGNN_PPO_USV_Scheduling\models\best_u2_t20_seed0.pth,0.2646972999209538,0.30689310003072023,0.5717006999766454,0.0012588000390678644,0.15529659984167665,0.14571830013301224
PPO_full_u2_t20_seed0_20260521_211953,PPO,full,u2_t20,2,20,0,955,2026-05-21 21:32:01,727.4682909999974,-0.6730716242595526,0.006823869891430578,1088.8322110571196,1077.7931937013868,11.039017355732767,1.0,8,8,0,,,1077.7931937013868,360,,MinBattery_NearestTask,1235.4772701211982,1648.142715048298,0.01968948496505618,0.0002278544143337058,0.15861282590776682,0.0001,0.0003,0.0001,0.0003,,256,3,4,4,1,128,1,0.99,0.95,0.2,0.01,1,D:\Python project\HGNN_PPO_USV_Scheduling\models\best_u2_t20_seed0.pth,0.2617515999590978,0.28847939998377115,0.5503216000506654,0.0015893999952822924,0.14461169997230172,0.13834789977408946
PPO_full_u2_t20_seed0_20260521_211953,PPO,full,u2_t20,2,20,0,956,2026-05-21 21:32:02,728.182947000023,-0.668431384392716,0.004509950351159993,1081.3256657624768,1077.7931937013868,7.295775123507099,1.0,8,8,0,,,1077.7931937013868,360,,MinBattery_NearestTask,1235.4772701211982,1648.142715048298,-0.040245352080091834,0.00022772936245019082,0.17840240895748138,0.0001,0.0003,0.0001,0.0003,,256,3,4,4,1,128,1,0.99,0.95,0.2,0.01,1,D:\Python project\HGNN_PPO_USV_Scheduling\models\best_u2_t20_seed0.pth,0.28750850004144013,0.2850207999581471,0.572629899950698,0.0015084000770002604,0.14573679980821908,0.13391870015766472
PPO_full_u2_t20_seed0_20260521_211953,PPO,full,u2_t20,2,20,0,957,2026-05-21 21:32:02,728.8612296000356,-0.6685730900070403,0.004576499723041389,1081.5549038283866,1077.7931937013868,7.403432462070132,1.0,8,8,0,,,1077.7931937013868,360,,MinBattery_NearestTask,1235.4772701211982,1648.142715048298,-0.016866101272171363,0.00019921778766729403,0.1614408353343606,0.0001,0.0003,0.0001,0.0003,,256,3,4,4,1,128,1,0.99,0.95,0.2,0.01,1,D:\Python project\HGNN_PPO_USV_Scheduling\models\best_u2_t20_seed0.pth,0.2795709000201896,0.26565920002758503,0.5453317000064999,0.0013019000180065632,0.13812280003912747,0.12245799985248595
PPO_full_u2_t20_seed0_20260521_211953,PPO,full,u2_t20,2,20,0,958,2026-05-21 21:32:03,729.612553599989,-0.6691844019109382,0.00416987074875791,1082.5438269503484,1077.7931937013868,6.745626206107345,1.0,8,8,0,,,1077.7931937013868,360,,MinBattery_NearestTask,1235.4772701211982,1648.142715048298,0.017331729584839195,0.00021826245574629866,0.15884126164019108,0.0001,0.0003,0.0001,0.0003,,256,3,4,4,1,128,1,0.99,0.95,0.2,0.01,1,D:\Python project\HGNN_PPO_USV_Scheduling\models\best_u2_t20_seed0.pth,0.2822088999673724,0.32918500003870577,0.6114966999739408,0.001843299949541688,0.16489330015610904,0.14338729996234179
PPO_full_u2_t20_seed0_20260521_211953,PPO,full,u2_t20,2,20,0,959,2026-05-21 21:32:04,730.3517652000301,-0.6797178950601148,0.023741436048640457,1099.5839252435876,1077.7931937013868,38.40667081300679,1.0,8,8,0,,,1077.7931937013868,360,,MinBattery_NearestTask,1235.4772701211982,1648.142715048298,0.008284484152682126,0.0002749855430010939,0.22864788584411144,0.0001,0.0003,0.0001,0.0003,,256,3,4,4,1,128,1,0.99,0.95,0.2,0.01,1,D:\Python project\HGNN_PPO_USV_Scheduling\models\best_u2_t20_seed0.pth,0.2870783000253141,0.31194269994739443,0.5991082000546157,0.0015101999742910266,0.16186190000735223,0.14458819990977645
PPO_full_u2_t20_seed0_20260521_211953,PPO,full,u2_t20,2,20,0,960,2026-05-21 21:32:05,731.2717193000717,-0.6746075181151616,0.01932856408592668,1091.3168362329195,1077.2001555973345,31.267940010680196,1.0,8,8,0,1077.7931937013868,1,1077.7931937013868,360,-12.763009100470368,MinBattery_NearestTask,1235.4772701211982,1648.142715048298,-0.011174769839271903,0.00024015264898480382,0.20312702283263206,0.0001,0.0003,0.0001,0.0003,,256,3,4,4,1,128,1,0.99,0.95,0.2,0.01,1,D:\Python project\HGNN_PPO_USV_Scheduling\models\best_u2_t20_seed0.pth,0.33159239997621626,0.285828800057061,0.8106445999583229,0.0014403000241145492,0.1519354999763891,0.12864309968426824
PPO_full_u2_t20_seed0_20260521_211953,PPO,full,u2_t20,2,20,0,961,2026-05-21 21:32:05,731.9572271000361,-0.6675804878481009,0.0019084507333498762,1079.9491650563696,1077.7931937013868,3.087312786321888,1.0,8,8,0,,,1077.7931937013868,360,,MinBattery_NearestTask,1235.4772701211982,1648.142715048298,0.07054221132420935,0.00022373459978553,0.15359496232122183,0.0001,0.0003,0.0001,0.0003,,256,3,4,4,1,128,1,0.99,0.95,0.2,0.01,1,D:\Python project\HGNN_PPO_USV_Scheduling\models\best_u2_t20_seed0.pth,0.27005349996034056,0.27475179999601096,0.5448921000352129,0.001246199943125248,0.13703959982376546,0.12173099990468472
PPO_full_u2_t20_seed0_20260521_211953,PPO,full,u2_t20,2,20,0,962,2026-05-21 21:32:06,732.649745700066,-0.666247754368122,0.0,1077.7931937013868,1077.7931937013868,0.0,1.0,8,8,0,,,1077.7931937013868,360,,MinBattery_NearestTask,1235.4772701211982,1648.142715048298,0.027022880734875798,0.0001861335913417861,0.1162807191722095,0.0001,0.0003,0.0001,0.0003,,256,3,4,4,1,128,1,0.99,0.95,0.2,0.01,1,D:\Python project\HGNN_PPO_USV_Scheduling\models\best_u2_t20_seed0.pth,0.2626217999495566,0.29935019998811185,0.5620738000143319,0.0012962999753654003,0.1468913999851793,0.14499369997065514
PPO_full_u2_t20_seed0_20260521_211953,PPO,full,u2_t20,2,20,0,963,2026-05-21 21:32:07,733.3796289999736,-0.6664472427785781,0.000527796723506631,1078.115907360986,1077.7931937013868,0.8538200879834171,1.0,8,8,0,,,1077.7931937013868,360,,MinBattery_NearestTask,1235.4772701211982,1648.142715048298,-0.028713290543237235,0.00020947758457623422,0.08659586170688272,0.0001,0.0003,0.0001,0.0003,,256,3,4,4,1,128,1,0.99,0.95,0.2,0.01,1,D:\Python project\HGNN_PPO_USV_Scheduling\models\best_u2_t20_seed0.pth,0.2671748000429943,0.329408899997361,0.596683100098744,0.0012863000156357884,0.1722811000654474,0.15209630003664643
PPO_full_u2_t20_seed0_20260521_211953,PPO,full,u2_t20,2,20,0,964,2026-05-21 21:32:07,734.0701782000251,-0.666247754368122,0.0,1077.7931937013868,1077.7931937013868,0.0,1.0,8,8,0,,,1077.7931937013868,360,,MinBattery_NearestTask,1235.4772701211982,1648.142715048298,-0.0016372776590287685,0.00020730907999677584,0.10452770860865712,0.0001,0.0003,0.0001,0.0003,,256,3,4,4,1,128,1,0.99,0.95,0.2,0.01,1,D:\Python project\HGNN_PPO_USV_Scheduling\models\best_u2_t20_seed0.pth,0.2704906000290066,0.2836694000288844,0.5542503000469878,0.0012487999629229307,0.14242750010453165,0.12006939994171262
PPO_full_u2_t20_seed0_20260521_211953,PPO,full,u2_t20,2,20,0,965,2026-05-21 21:32:08,734.7580025000498,-0.6823271840824507,0.019697432571989304,1103.8049885495955,1077.7931937013868,31.86466088672473,1.0,8,8,0,,,1077.7931937013868,360,,MinBattery_NearestTask,1235.4772701211982,1648.142715048298,0.015111692628124729,0.0003610141284298152,0.1426262278109789,0.0001,0.0003,0.0001,0.0003,,256,3,4,4,1,128,1,0.99,0.95,0.2,0.01,1,D:\Python project\HGNN_PPO_USV_Scheduling\models\best_u2_t20_seed0.pth,0.26533279998693615,0.28640089998953044,0.55183999997098,0.0012368999887257814,0.15717350004706532,0.12397840002086014
PPO_full_u2_t20_seed0_20260521_211953,PPO,full,u2_t20,2,20,0,966,2026-05-21 21:32:09,735.451146800071,-0.6667444966206196,0.0013142564658067048,1078.5967767757847,1077.7931937013868,2.1260809726375376,1.0,8,8,0,,,1077.7931937013868,360,,MinBattery_NearestTask,1235.4772701211982,1648.142715048298,0.033083481481298804,0.00021499969261640217,0.12228933721780777,0.0001,0.0003,0.0001,0.0003,,256,3,4,4,1,128,1,0.99,0.95,0.2,0.01,1,D:\Python project\HGNN_PPO_USV_Scheduling\models\best_u2_t20_seed0.pth,0.2842794999014586,0.26805750001221895,0.5524455999257043,0.0014992000069469213,0.13624839985277504,0.12686560000292957
PPO_full_u2_t20_seed0_20260521_211953,PPO,full,u2_t20,2,20,0,967,2026-05-21 21:32:10,736.1810954000102,-0.6727761341887242,0.012911550792951632,1088.354194906135,1077.7931937013868,20.887097139968773,1.0,8,8,0,,,1077.7931937013868,360,,MinBattery_NearestTask,1235.4772701211982,1648.142715048298,-0.014890589867718518,0.00024090579063340556,0.13685639947652817,0.0001,0.0003,0.0001,0.0003,,256,3,4,4,1,128,1,0.99,0.95,0.2,0.01,1,D:\Python project\HGNN_PPO_USV_Scheduling\models\best_u2_t20_seed0.pth,0.29465390008408576,0.2820866999682039,0.5768272000132129,0.001406499999575317,0.14729709993116558,0.1290173000888899
PPO_full_u2_t20_seed0_20260521_211953,PPO,full,u2_t20,2,20,0,968,2026-05-21 21:32:10,736.8710436000256,-0.6824879386248472,0.016062197415981205,1104.065042186573,1077.7931937013868,25.983918050502457,1.0,8,8,0,,,1077.7931937013868,360,,MinBattery_NearestTask,1235.4772701211982,1648.142715048298,0.055294493678957224,0.00026773054923978634,0.1468638302758336,0.0001,0.0003,0.0001,0.0003,,256,3,4,4,1,128,1,0.99,0.95,0.2,0.01,1,D:\Python project\HGNN_PPO_USV_Scheduling\models\best_u2_t20_seed0.pth,0.2727282999549061,0.2826979000819847,0.5555114999879152,0.0012771000619977713,0.14003600005526096,0.12212640012148768
PPO_full_u2_t20_seed0_20260521_211953,PPO,full,u2_t20,2,20,0,969,2026-05-21 21:32:11,737.6432383999927,-0.6791761912128682,0.0018846180445937046,1098.7076075138295,1093.7048558086062,3.0487584954284057,1.0,8,8,0,,,1077.7931937013868,360,,MinBattery_NearestTask,1235.4772701211982,1648.142715048298,-0.07479293830692768,0.00024822476916597225,0.11594853270798922,0.0001,0.0003,0.0001,0.0003,,256,3,4,4,1,128,1,0.99,0.95,0.2,0.01,1,D:\Python project\HGNN_PPO_USV_Scheduling\models\best_u2_t20_seed0.pth,0.29370460007339716,0.3348785999696702,0.6286716000176966,0.0014958000974729657,0.15559889981523156,0.17412719991989434
PPO_full_u2_t20_seed0_20260521_211953,PPO,full,u2_t20,2,20,0,970,2026-05-21 21:32:12,738.4907846000278,-0.671365656786695,0.0066071836115492106,1086.0724567181865,1077.7931937013868,10.68848259431191,1.0,8,8,0,1077.7931937013868,1,1077.7931937013868,360,-12.763009100470368,MinBattery_NearestTask,1235.4772701211982,1648.142715048298,9.836186654865742e-05,0.00020610309729818255,0.1189226838760078,0.0001,0.0003,0.0001,0.0003,,256,3,4,4,1,128,1,0.99,0.95,0.2,0.01,1,D:\Python project\HGNN_PPO_USV_Scheduling\models\best_u2_t20_seed0.pth,0.2677356000058353,0.26747920003253967,0.7354621000122279,0.0012703000102192163,0.140657200361602,0.1211928998818621
PPO_full_u2_t20_seed0_20260521_211953,PPO,full,u2_t20,2,20,0,971,2026-05-21 21:32:13,739.2247078000801,-0.6676767352741182,0.0032201852353959228,1080.1048651243887,1077.7931937013868,5.2093139622797935,1.0,8,8,0,,,1077.7931937013868,360,,MinBattery_NearestTask,1235.4772701211982,1648.142715048298,-0.036590556090231985,0.00019844794769596774,0.09023125190287828,0.0001,0.0003,0.0001,0.0003,,256,3,4,4,1,128,1,0.99,0.95,0.2,0.01,1,D:\Python project\HGNN_PPO_USV_Scheduling\models\best_u2_t20_seed0.pth,0.27644569997210056,0.3091959999874234,0.5857380999950692,0.0015728999860584736,0.1491341000655666,0.13642060023266822
PPO_full_u2_t20_seed0_20260521_211953,PPO,full,u2_t20,2,20,0,972,2026-05-21 21:32:13,739.9534218000481,-0.6667444966206196,0.0013142564658067048,1078.5967767757847,1077.7931937013868,2.1260809726375376,1.0,8,8,0,,,1077.7931937013868,360,,MinBattery_NearestTask,1235.4772701211982,1648.142715048298,0.0006621606880798936,0.0002185084049415309,0.11744132172316313,0.0001,0.0003,0.0001,0.0003,,256,3,4,4,1,128,1,0.99,0.95,0.2,0.01,1,D:\Python project\HGNN_PPO_USV_Scheduling\models\best_u2_t20_seed0.pth,0.2770851000677794,0.3166299000149593,0.5938196000643075,0.0012317000655457377,0.16515609994530678,0.14606599998660386
PPO_full_u2_t20_seed0_20260521_211953,PPO,full,u2_t20,2,20,0,973,2026-05-21 21:32:14,740.6390099000419,-0.666247754368122,0.0,1077.7931937013868,1077.7931937013868,0.0,1.0,8,8,0,,,1077.7931937013868,360,,MinBattery_NearestTask,1235.4772701211982,1648.142715048298,-0.0031710946932435036,0.00019335155775479507,0.11592142097651958,0.0001,0.0003,0.0001,0.0003,,256,3,4,4,1,128,1,0.99,0.95,0.2,0.01,1,D:\Python project\HGNN_PPO_USV_Scheduling\models\best_u2_t20_seed0.pth,0.2687702999683097,0.27154959994368255,0.5404204999795184,0.001263099955394864,0.14288679999299347,0.12373579991981387
PPO_full_u2_t20_seed0_20260521_211953,PPO,full,u2_t20,2,20,0,974,2026-05-21 21:32:15,741.3271041000262,-0.6673638647866803,0.0019486548842604539,1079.5987325638514,1077.7931937013868,3.1523512947834464,1.0,8,8,0,,,1077.7931937013868,360,,MinBattery_NearestTask,1235.4772701211982,1648.142715048298,-0.04040732979774475,0.00019470703955448698,0.14227805193513632,0.0001,0.0003,0.0001,0.0003,,256,3,4,4,1,128,1,0.99,0.95,0.2,0.01,1,D:\Python project\HGNN_PPO_USV_Scheduling\models\best_u2_t20_seed0.pth,0.25915910000912845,0.2881290999939665,0.5473889000713825,0.0015497999265789986,0.15217299980577081,0.13066580006852746
PPO_full_u2_t20_seed0_20260521_211953,PPO,full,u2_t20,2,20,0,975,2026-05-21 21:32:15,742.0356590000447,-0.716125794890131,0.07333630546184608,1158.4812143923807,1099.8712284128524,118.63660381556926,1.0,8,8,0,,,1077.7931937013868,360,,MinBattery_NearestTask,1235.4772701211982,1648.142715048298,0.02969577827025205,0.0012892863451270387,0.15571250393986702,0.0001,0.0003,0.0001,0.0003,,256,3,4,4,1,128,1,0.99,0.95,0.2,0.01,1,D:\Python project\HGNN_PPO_USV_Scheduling\models\best_u2_t20_seed0.pth,0.27381729998160154,0.30186490004416555,0.5757999999914318,0.0013238999526947737,0.15490179997868836,0.14173580019269139
PPO_full_u2_t20_seed0_20260521_211953,PPO,full,u2_t20,2,20,0,976,2026-05-21 21:32:16,742.7281931000762,-0.680144768530808,0.0006595180172362153,1100.2744811490572,1099.8712284128524,1.066906455504361,1.0,8,8,0,,,1077.7931937013868,360,,MinBattery_NearestTask,1235.4772701211982,1648.142715048298,-0.02867881761630997,0.0003483696036710171,0.16491069365292788,0.0001,0.0003,0.0001,0.0003,,256,3,4,4,1,128,1,0.99,0.95,0.2,0.01,1,D:\Python project\HGNN_PPO_USV_Scheduling\models\best_u2_t20_seed0.pth,0.2643612999236211,0.2895759000675753,0.5540372999384999,0.001235299976542592,0.14987060008570552,0.12656420015264302
PPO_full_u2_t20_seed0_20260521_211953,PPO,full,u2_t20,2,20,0,977,2026-05-21 21:32:17,743.4157550000818,-0.7226375769015605,0.026527074276805843,1169.0153652165623,1103.0972503024911,42.91301534136995,1.0,8,8,0,,,1077.7931937013868,360,,MinBattery_NearestTask,1235.4772701211982,1648.142715048298,0.024015114759095013,0.0004795932036358863,0.28591158241033554,0.0001,0.0003,0.0001,0.0003,,256,3,4,4,1,128,1,0.99,0.95,0.2,0.01,1,D:\Python project\HGNN_PPO_USV_Scheduling\models\best_u2_t20_seed0.pth,0.2648138999938965,0.28656090004369617,0.5514757999917492,0.0012509999796748161,0.13932139985263348,0.12113830004818738
PPO_full_u2_t20_seed0_20260521_211953,PPO,full,u2_t20,2,20,0,978,2026-05-21 21:32:17,744.1010632000398,-0.7272392730172554,0.007357836337200411,1176.4595580419202,1151.0611589972348,11.902818242328589,1.0,8,8,0,,,1077.7931937013868,360,,MinBattery_NearestTask,1235.4772701211982,1648.142715048298,-0.01594616542570293,0.0003712902653205674,0.3606473244726658,0.0001,0.0003,0.0001,0.0003,,256,3,4,4,1,128,1,0.99,0.95,0.2,0.01,1,D:\Python project\HGNN_PPO_USV_Scheduling\models\best_u2_t20_seed0.pth,0.27666890004184097,0.2612811999861151,0.5380383000010625,0.0012392000062391162,0.1304117002291605,0.12577760010026395
PPO_full_u2_t20_seed0_20260521_211953,PPO,full,u2_t20,2,20,0,979,2026-05-21 21:32:18,744.7964248000644,-0.7965701893786912,0.10808014115651061,1288.61661865116,1162.5659256221024,174.8419259187613,1.0,8,8,0,,,1077.7931937013868,360,,MinBattery_NearestTask,1235.4772701211982,1648.142715048298,0.0021852762438356876,0.002234534127637744,0.3560450039803982,0.0001,0.0003,0.0001,0.0003,,256,3,4,4,1,128,1,0.99,0.95,0.2,0.01,1,D:\Python project\HGNN_PPO_USV_Scheduling\models\best_u2_t20_seed0.pth,0.26270139997359365,0.29223250003997236,0.5550356999738142,0.0012532999971881509,0.1480341999558732,0.1389268001075834
PPO_full_u2_t20_seed0_20260521_211953,PPO,full,u2_t20,2,20,0,980,2026-05-21 21:32:19,745.6620871999767,-0.7336044396180841,0.019330394627300466,1186.7565281917932,1154.594392522192,31.270901289004257,1.0,8,8,0,1158.3538836702742,1,1077.7931937013868,360,-6.242396223392954,MinBattery_NearestTask,1235.4772701211982,1648.142715048298,0.013827552058501169,0.0005831357957504224,0.3196950014680624,0.0001,0.0003,0.0001,0.0003,,256,3,4,4,1,128,1,0.99,0.95,0.2,0.01,1,D:\Python project\HGNN_PPO_USV_Scheduling\models\best_u2_t20_seed0.pth,0.27461379999294877,0.27351319999434054,0.7534702999982983,0.0013222000561654568,0.14448710007127374,0.1240749997086823
PPO_full_u2_t20_seed0_20260521_211953,PPO,full,u2_t20,2,20,0,981,2026-05-21 21:32:20,746.3897668999853,-0.7239932030393532,0.02343546497699982,1171.2083701684546,1103.0972503024911,37.91169948091338,1.0,8,8,0,,,1077.7931937013868,360,,MinBattery_NearestTask,1235.4772701211982,1648.142715048298,0.095036545797484,0.0003886141967086587,0.2696630246937275,0.0001,0.0003,0.0001,0.0003,,256,3,4,4,1,128,1,0.99,0.95,0.2,0.01,1,D:\Python project\HGNN_PPO_USV_Scheduling\models\best_u2_t20_seed0.pth,0.2823943999828771,0.31232530006673187,0.5948109000455588,0.001487900037318468,0.1448393000755459,0.14838249993044883
PPO_full_u2_t20_seed0_20260521_211953,PPO,full,u2_t20,2,20,0,982,2026-05-21 21:32:21,747.2004063000204,-0.7522864022941314,0.09063628695681226,1216.9784570241443,1103.0972503024911,146.62289297630102,1.0,8,8,0,,,1077.7931937013868,360,,MinBattery_NearestTask,1235.4772701211982,1648.142715048298,0.03144619727390818,0.0016813425172585994,0.2437248658388853,0.0001,0.0003,0.0001,0.0003,,256,3,4,4,1,128,1,0.99,0.95,0.2,0.01,1,D:\Python project\HGNN_PPO_USV_Scheduling\models\best_u2_t20_seed0.pth,0.3564165000570938,0.31308510003145784,0.6695894000586122,0.0015201999340206385,0.15695690002758056,0.15069769986439496
PPO_full_u2_t20_seed0_20260521_211953,PPO,full,u2_t20,2,20,0,983,2026-05-21 21:32:21,747.8710422000149,-0.7332506305212274,0.012874107155524195,1186.184168984634,1172.2355156653327,20.826524331577136,1.0,8,8,0,,,1077.7931937013868,360,,MinBattery_NearestTask,1235.4772701211982,1648.142715048298,0.01587363559519872,0.00044052082739653997,0.22012219950556755,0.0001,0.0003,0.0001,0.0003,,256,3,4,4,1,128,1,0.99,0.95,0.2,0.01,1,D:\Python project\HGNN_PPO_USV_Scheduling\models\best_u2_t20_seed0.pth,0.2657352000242099,0.26329190004616976,0.5291385999880731,0.0012657999759539962,0.13703059998806566,0.12138530006632209
PPO_full_u2_t20_seed0_20260521_211953,PPO,full,u2_t20,2,20,0,984,2026-05-21 21:32:22,748.5598605000414,-0.7414506414087504,0.07051562593772683,1199.4493783079006,1103.0972503024911,114.07357276176563,1.0,8,8,0,,,1077.7931937013868,360,,MinBattery_NearestTask,1235.4772701211982,1648.142715048298,0.23122623201925308,0.0012239461284480058,0.26395248621702194,0.0001,0.0003,0.0001,0.0003,,256,3,4,4,1,128,1,0.99,0.95,0.2,0.01,1,D:\Python project\HGNN_PPO_USV_Scheduling\models\best_u2_t20_seed0.pth,0.2734440000494942,0.27257349994033575,0.5461052000755444,0.001441099913790822,0.13792200002353638,0.11971150012686849
PPO_full_u2_t20_seed0_20260521_211953,PPO,full,u2_t20,2,20,0,985,2026-05-21 21:32:23,749.3370613000588,-0.7219696974263116,0.007855240637456283,1167.934932377702,1154.594392522192,12.707472315559984,1.0,8,8,0,,,1077.7931937013868,360,,MinBattery_NearestTask,1235.4772701211982,1648.142715048298,0.039282391080632806,0.00038675523683195934,0.26290913112461567,0.0001,0.0003,0.0001,0.0003,,256,3,4,4,1,128,1,0.99,0.95,0.2,0.01,1,D:\Python project\HGNN_PPO_USV_Scheduling\models\best_u2_t20_seed0.pth,0.29714489995967597,0.3467373000457883,0.6439821999520063,0.0015802000416442752,0.17097969993483275,0.1577308000996709
PPO_full_u2_t20_seed0_20260521_211953,PPO,full,u2_t20,2,20,0,986,2026-05-21 21:32:23,750.0697084000567,-0.7237761102772963,0.018720955660510817,1170.8571778382552,1103.0972503024911,30.285008029213486,1.0,8,8,0,,,1077.7931937013868,360,,MinBattery_NearestTask,1235.4772701211982,1648.142715048298,-0.020011640415759757,0.0003010685231856769,0.29288747161626816,0.0001,0.0003,0.0001,0.0003,,256,3,4,4,1,128,1,0.99,0.95,0.2,0.01,1,D:\Python project\HGNN_PPO_USV_Scheduling\models\best_u2_t20_seed0.pth,0.2658794999588281,0.31593949999660254,0.5819203000282869,0.0012318999506533146,0.16239120007958263,0.13063410005997866
PPO_full_u2_t20_seed0_20260521_211953,PPO,full,u2_t20,2,20,0,987,2026-05-21 21:32:24,750.7446261000587,-0.7151813548124363,0.020407237457810146,1156.9533877229105,1103.0972503024911,33.01291672665512,1.0,8,8,0,,,1077.7931937013868,360,,MinBattery_NearestTask,1235.4772701211982,1648.142715048298,-0.0023936880752444267,0.00028276276134420186,0.22793744504451752,0.0001,0.0003,0.0001,0.0003,,256,3,4,4,1,128,1,0.99,0.95,0.2,0.01,1,D:\Python project\HGNN_PPO_USV_Scheduling\models\best_u2_t20_seed0.pth,0.2698334000306204,0.26753770001232624,0.5374721999978647,0.0012372001074254513,0.13844050012994558,0.12407949985936284
PPO_full_u2_t20_seed0_20260521_211953,PPO,full,u2_t20,2,20,0,988,2026-05-21 21:32:25,751.4741972000338,-0.7268819254766974,0.007563692243863976,1175.8814746720711,1155.589046748851,12.235832640697044,1.0,8,8,0,,,1077.7931937013868,360,,MinBattery_NearestTask,1235.4772701211982,1648.142715048298,-0.004054279765114188,0.0002795502787193982,0.264717198908329,0.0001,0.0003,0.0001,0.0003,,256,3,4,4,1,128,1,0.99,0.95,0.2,0.01,1,D:\Python project\HGNN_PPO_USV_Scheduling\models\best_u2_t20_seed0.pth,0.2640920999692753,0.32296919997315854,0.5871622000122443,0.0013215000508353114,0.15843870025128126,0.15913299995008856
PPO_full_u2_t20_seed0_20260521_211953,PPO,full,u2_t20,2,20,0,989,2026-05-21 21:32:26,752.1907171000494,-0.7175813858004539,0.014591282340933941,1160.8359329871887,1103.0972503024911,23.6044094577834,1.0,8,8,0,,,1077.7931937013868,360,,MinBattery_NearestTask,1235.4772701211982,1648.142715048298,0.05847236840054393,0.0002796585795294959,0.2826007902622223,0.0001,0.0003,0.0001,0.0003,,256,3,4,4,1,128,1,0.99,0.95,0.2,0.01,1,D:\Python project\HGNN_PPO_USV_Scheduling\models\best_u2_t20_seed0.pth,0.29428659996483475,0.28845969995018095,0.5828487999970093,0.001559099997393787,0.15933349973056465,0.12349620007444173
PPO_full_u2_t20_seed0_20260521_211953,PPO,full,u2_t20,2,20,0,990,2026-05-21 21:32:26,753.0880801000167,-0.7073628591584304,0.012773852804602016,1144.3053579987982,1103.0972503024911,20.66434223587109,1.0,8,8,0,1154.268994624029,1,1077.7931937013868,360,-6.573028695963215,MinBattery_NearestTask,1235.4772701211982,1648.142715048298,-0.021054354670923203,0.0002787529901979724,0.3021750506013632,0.0001,0.0003,0.0001,0.0003,,256,3,4,4,1,128,1,0.99,0.95,0.2,0.01,1,D:\Python project\HGNN_PPO_USV_Scheduling\models\best_u2_t20_seed0.pth,0.26247080008033663,0.3029797999188304,0.7777471001027152,0.0013032000279054046,0.1568701001815498,0.1236333001870662
PPO_full_u2_t20_seed0_20260521_211953,PPO,full,u2_t20,2,20,0,991,2026-05-21 21:32:27,753.8026140000438,-0.7239780785396208,0.00920632985414357,1171.18390316986,1155.589046748851,14.893137861569933,1.0,8,8,0,,,1077.7931937013868,360,,MinBattery_NearestTask,1235.4772701211982,1648.142715048298,-0.024343784200027585,0.0002652900730026886,0.26438709907233715,0.0001,0.0003,0.0001,0.0003,,256,3,4,4,1,128,1,0.99,0.95,0.2,0.01,1,D:\Python project\HGNN_PPO_USV_Scheduling\models\best_u2_t20_seed0.pth,0.2854349999688566,0.2936312999809161,0.5791719999397174,0.0014713000273332,0.15239479998126626,0.13602749968413264
PPO_full_u2_t20_seed0_20260521_211953,PPO,full,u2_t20,2,20,0,992,2026-05-21 21:32:28,754.472041400033,-0.7045700155208179,0.016590596544916802,1139.7873572341337,1099.8712284128524,26.838712653547113,1.0,8,8,0,,,1077.7931937013868,360,,MinBattery_NearestTask,1235.4772701211982,1648.142715048298,0.07268326135817915,0.0002697072959563229,0.2350454106926918,0.0001,0.0003,0.0001,0.0003,,256,3,4,4,1,128,1,0.99,0.95,0.2,0.01,1,D:\Python project\HGNN_PPO_USV_Scheduling\models\best_u2_t20_seed0.pth,0.26330170000437647,0.2610901999287307,0.5245065999915823,0.0016813999973237514,0.13395049993414432,0.12169180007185787
PPO_full_u2_t20_seed0_20260521_211953,PPO,full,u2_t20,2,20,0,993,2026-05-21 21:32:29,755.2112586000003,-0.7122230562785654,0.011363998573816455,1152.1677295291854,1120.2515626289048,18.383612155973175,1.0,8,8,0,,,1077.7931937013868,360,,MinBattery_NearestTask,1235.4772701211982,1648.142715048298,-0.0021695205941796303,0.00026861920923693106,0.2482643909752369,0.0001,0.0003,0.0001,0.0003,,256,3,4,4,1,128,1,0.99,0.95,0.2,0.01,1,D:\Python project\HGNN_PPO_USV_Scheduling\models\best_u2_t20_seed0.pth,0.27609810000285506,0.3307493000756949,0.6069320999085903,0.001283199992030859,0.15485030005220324,0.1713306000456214
PPO_full_u2_t20_seed0_20260521_211953,PPO,full,u2_t20,2,20,0,994,2026-05-21 21:32:29,755.9177194000222,-0.7029766600779933,0.021476881778091823,1137.2097760863337,1093.7048558086062,34.743287088915174,1.0,8,8,0,,,1077.7931937013868,360,,MinBattery_NearestTask,1235.4772701211982,1648.142715048298,-0.0748457555891946,0.000301911943097366,0.3258434869349003,0.0001,0.0003,0.0001,0.0003,,256,3,4,4,1,128,1,0.99,0.95,0.2,0.01,1,D:\Python project\HGNN_PPO_USV_Scheduling\models\best_u2_t20_seed0.pth,0.26223200000822544,0.2985182999400422,0.5610127999680117,0.0012404000153765082,0.1524365998338908,0.1408201000886038
PPO_full_u2_t20_seed0_20260521_211953,PPO,full,u2_t20,2,20,0,995,2026-05-21 21:32:30,756.6217726999894,-0.7174320423669046,0.10247537311729593,1160.5943391729536,1077.2001555973345,165.77505731720063,1.0,8,8,0,,,1077.7931937013868,360,,MinBattery_NearestTask,1235.4772701211982,1648.142715048298,-0.03413848963100463,0.0012179872355773114,0.3712316229939461,0.0001,0.0003,0.0001,0.0003,,256,3,4,4,1,128,1,0.99,0.95,0.2,0.01,1,D:\Python project\HGNN_PPO_USV_Scheduling\models\best_u2_t20_seed0.pth,0.26467310008592904,0.2908227000152692,0.5555965000530705,0.001278200070373714,0.14086579997092485,0.12155819986946881
PPO_full_u2_t20_seed0_20260521_211953,PPO,full,u2_t20,2,20,0,996,2026-05-21 21:32:31,757.3473290000111,-0.6706614101174256,0.004830803299781029,1084.9331924402227,1077.2001555973345,7.814820961839059,1.0,8,8,0,,,1077.7931937013868,360,,MinBattery_NearestTask,1235.4772701211982,1648.142715048298,-0.014724092412507161,0.0002860387303371681,0.28289541229605675,0.0001,0.0003,0.0001,0.0003,,256,3,4,4,1,128,1,0.99,0.95,0.2,0.01,1,D:\Python project\HGNN_PPO_USV_Scheduling\models\best_u2_t20_seed0.pth,0.28307759994640946,0.30783310008700937,0.5910252999747172,0.001492599956691265,0.15741489978972822,0.14507360034622252
PPO_full_u2_t20_seed0_20260521_211953,PPO,full,u2_t20,2,20,0,997,2026-05-21 21:32:31,758.0358601000626,-0.6793163457021438,0.014379186142350314,1098.9343363149665,1077.7931937013868,23.26130009982364,1.0,8,8,0,,,1077.7931937013868,360,,MinBattery_NearestTask,1235.4772701211982,1648.142715048298,0.00864700775127858,0.0002992201734741684,0.2324631903320551,0.0001,0.0003,0.0001,0.0003,,256,3,4,4,1,128,1,0.99,0.95,0.2,0.01,1,D:\Python project\HGNN_PPO_USV_Scheduling\models\best_u2_t20_seed0.pth,0.25849929999094456,0.29529379995074123,0.5539098000153899,0.001260099932551384,0.1485470999032259,0.14123310009017587
PPO_full_u2_t20_seed0_20260521_211953,PPO,full,u2_t20,2,20,0,998,2026-05-21 21:32:32,758.754650900024,-0.6739009122470696,0.006287558298738687,1090.1737554641427,1077.7931937013868,10.171422710172289,1.0,8,8,0,,,1077.7931937013868,360,,MinBattery_NearestTask,1235.4772701211982,1648.142715048298,0.036934133284376,0.00021371211005316582,0.21752548217773438,0.0001,0.0003,0.0001,0.0003,,256,3,4,4,1,128,1,0.99,0.95,0.2,0.01,1,D:\Python project\HGNN_PPO_USV_Scheduling\models\best_u2_t20_seed0.pth,0.28740020003169775,0.29373819997999817,0.5812236000783741,0.0014918999513611197,0.1602313999319449,0.12790940015111119
PPO_full_u2_t20_seed0_20260521_211953,PPO,full,u2_t20,2,20,0,999,2026-05-21 21:32:33,759.499779600068,-0.6704614883297327,0.003422335396646581,1084.6097777035343,1077.7931937013868,5.536333552924785,1.0,8,8,0,,,1077.7931937013868,360,,MinBattery_NearestTask,1235.4772701211982,1648.142715048298,-0.017223921633558348,0.0001724744679449941,0.2590527031570673,0.0001,0.0003,0.0001,0.0003,,256,3,4,4,1,128,1,0.99,0.95,0.2,0.01,1,D:\Python project\HGNN_PPO_USV_Scheduling\models\best_u2_t20_seed0.pth,0.28597119997721165,0.31698579993098974,0.6030587999848649,0.0017420999938622117,0.1499716000398621,0.14473749976605177
PPO_full_u2_t20_seed0_20260521_211953,PPO,full,u2_t20,2,20,0,1000,2026-05-21 21:32:34,760.37028500007,-0.6753931475256094,0.007794517772714687,1092.5877538844998,1077.7931937013868,12.609240554339813,1.0,8,8,0,1077.7931937013868,1,1077.7931937013868,360,-12.763009100470368,MinBattery_NearestTask,1235.4772701211982,1648.142715048298,0.01804830745095387,0.00018033515243587317,0.22631190530955791,0.0001,0.0003,0.0001,0.0003,,256,3,4,4,1,128,1,0.99,0.95,0.2,0.01,1,D:\Python project\HGNN_PPO_USV_Scheduling\models\best_u2_t20_seed0.pth,0.2744068999309093,0.2933321000309661,0.7599427999230102,0.0012382999993860722,0.14162270014639944,0.12184660008642823
