run_id,algorithm,variant,instance_id,n_usvs,n_tasks,seed,epoch,timestamp,elapsed_sec,train_reward_avg,train_reward_std,train_makespan_avg,train_makespan_min,train_makespan_std,success_rate,n_trajectories,n_success,n_failed,eval_makespan,eval_success,best_eval_makespan,best_eval_epoch,gap_to_best_rule_percent,best_rule_name,best_rule_makespan,random_makespan,actor_loss,critic_loss,entropy,lr_actor_encoder,lr_actor,lr_critic_encoder,lr_critic,lr_shared_encoder,hidden_dim,hgnn_layers,n_heads,ppo_epochs,vectorized_update,update_batch_size,max_update_pairs,update_shuffle,gamma,gae_lambda,clip_epsilon,entropy_coef,reward_normalization,best_model_path,rollout_time_sec,update_time_sec,epoch_time_sec,batch_prepare_time_sec,actor_update_time_sec,critic_update_time_sec,effective_update_batch_size,pairs_per_state
PPO_full_u10_t100_seed0_20260522_124407,PPO,full,u10_t100,10,100,0,0,2026-05-22 12:44:09,2.2264944999478757,,,,,,,,,,1782.887006192552,1,1782.887006192552,0,50.187025773653936,MinBattery_NearestTask,1187.1112015225146,1816.9612465912573,,,,0.0001,0.0003,0.0001,0.0003,,256,3,4,4,1,128,,1,0.99,0.95,0.2,0.01,1,D:\Python project\HGNN_PPO_USV_Scheduling\models\best_u10_t100_seed0.pth,,,,,,,,
PPO_full_u10_t100_seed0_20260522_124407,PPO,full,u10_t100,10,100,0,1,2026-05-22 12:44:22,14.994224400026724,-1.1639235641291399,0.021100703480977638,1767.039970967028,1726.181891189126,32.03456619963554,1.0,8,8,0,1347.359153541368,1,1347.359153541368,1,13.498984072707703,MinBattery_NearestTask,1187.1112015225146,1816.9612465912573,-0.031081110574305057,0.007803053279640153,3.3522339701652526,0.0001,0.0003,0.0001,0.0003,,256,3,4,4,1,128,,1,0.99,0.95,0.2,0.01,1,D:\Python project\HGNN_PPO_USV_Scheduling\models\best_u10_t100_seed0.pth,6.306318599963561,3.82468499999959,12.73910959996283,0.024180500069633126,2.0296342006186023,1.739850899670273,,
PPO_full_u10_t100_seed0_20260522_124407,PPO,full,u10_t100,10,100,0,2,2026-05-22 12:44:29,21.381754499976523,-1.1841334297357422,0.025313793192698046,1797.7220891364097,1724.0320456491202,38.430774809304765,1.0,8,8,0,,,1347.359153541368,1,,MinBattery_NearestTask,1187.1112015225146,1816.9612465912573,-0.030546011347323657,0.0024693550274241718,3.3589311456680297,0.0001,0.0003,0.0001,0.0003,,256,3,4,4,1,128,,1,0.99,0.95,0.2,0.01,1,D:\Python project\HGNN_PPO_USV_Scheduling\models\best_u10_t100_seed0.pth,2.67694640008267,3.6483850000659004,6.325443000067025,0.03653959999792278,1.8943714002380148,1.5953555997693911,,
PPO_full_u10_t100_seed0_20260522_124407,PPO,full,u10_t100,10,100,0,3,2026-05-22 12:44:35,27.959171599941328,-1.1658372160125805,0.035550227312115455,1769.9452299314223,1693.023292647658,53.971475940065964,1.0,8,8,0,,,1347.359153541368,1,,MinBattery_NearestTask,1187.1112015225146,1816.9612465912573,-0.0344525333493948,0.0018053188227349893,3.380687837600708,0.0001,0.0003,0.0001,0.0003,,256,3,4,4,1,128,,1,0.99,0.95,0.2,0.01,1,D:\Python project\HGNN_PPO_USV_Scheduling\models\best_u10_t100_seed0.pth,3.0433201000560075,3.4785700999200344,6.522002300014719,0.016974100028164685,1.8436396002070978,1.5823177000274882,,
PPO_full_u10_t100_seed0_20260522_124407,PPO,full,u10_t100,10,100,0,4,2026-05-22 12:44:42,35.047377999988385,-1.1706526245148692,0.025274118642335065,1777.255864033452,1721.066469670588,38.3705418881044,1.0,8,8,0,,,1347.359153541368,1,,MinBattery_NearestTask,1187.1112015225146,1816.9612465912573,-0.03469079600647092,0.0016296216449700296,3.3517217087745665,0.0001,0.0003,0.0001,0.0003,,256,3,4,4,1,128,,1,0.99,0.95,0.2,0.01,1,D:\Python project\HGNN_PPO_USV_Scheduling\models\best_u10_t100_seed0.pth,3.0323769999668,3.995724300039001,7.0282064999919385,0.022327100043185055,1.8475007000379264,2.0913761004339904,,
PPO_full_u10_t100_seed0_20260522_124407,PPO,full,u10_t100,10,100,0,5,2026-05-22 12:44:48,40.84842159994878,-1.1897934245730308,0.017970966492893686,1806.314953325425,1760.2467414906625,27.283076903432352,1.0,8,8,0,,,1347.359153541368,1,,MinBattery_NearestTask,1187.1112015225146,1816.9612465912573,-0.03591055540367961,0.0015671556335291824,3.3618290066719054,0.0001,0.0003,0.0001,0.0003,,256,3,4,4,1,128,,1,0.99,0.95,0.2,0.01,1,D:\Python project\HGNN_PPO_USV_Scheduling\models\best_u10_t100_seed0.pth,2.213269399944693,3.5315569000085816,5.7449360999744385,0.021570200100541115,1.8751694994280115,1.602758000139147,,
PPO_full_u10_t100_seed0_20260522_124407,PPO,full,u10_t100,10,100,0,6,2026-05-22 12:44:55,47.43812720000278,-1.1946710253316075,0.025913799748108084,1813.7200061729227,1748.5990848377323,39.341689923430216,1.0,8,8,0,,,1347.359153541368,1,,MinBattery_NearestTask,1187.1112015225146,1816.9612465912573,-0.03246396861970425,0.0014068744430551306,3.3443230104446413,0.0001,0.0003,0.0001,0.0003,,256,3,4,4,1,128,,1,0.99,0.95,0.2,0.01,1,D:\Python project\HGNN_PPO_USV_Scheduling\models\best_u10_t100_seed0.pth,2.996469600009732,3.5220998999429867,6.518679299973883,0.015796400024555624,1.8097578997258097,1.6656972999917343,,
PPO_full_u10_t100_seed0_20260522_124407,PPO,full,u10_t100,10,100,0,7,2026-05-22 12:45:01,53.94721330003813,-1.1388949507940007,0.1042891705673265,1729.0421491649067,1335.221960810508,158.32923966046394,1.0,8,8,0,,,1347.359153541368,1,,MinBattery_NearestTask,1187.1112015225146,1816.9612465912573,-0.03839915415272117,0.0016475278924917803,3.317147421836853,0.0001,0.0003,0.0001,0.0003,,256,3,4,4,1,128,,1,0.99,0.95,0.2,0.01,1,D:\Python project\HGNN_PPO_USV_Scheduling\models\best_u10_t100_seed0.pth,2.9767425999743864,3.477676000096835,6.454509500064887,0.015763200004585087,1.8788230005884543,1.5507560995174572,,
PPO_full_u10_t100_seed0_20260522_124407,PPO,full,u10_t100,10,100,0,8,2026-05-22 12:45:07,59.485371300019324,-1.182109946798167,0.04220748546861741,1794.6500873817756,1702.456288010002,64.0783606377625,1.0,8,8,0,,,1347.359153541368,1,,MinBattery_NearestTask,1187.1112015225146,1816.9612465912573,-0.036921460907906295,0.0013060779310762882,3.364135453701019,0.0001,0.0003,0.0001,0.0003,,256,3,4,4,1,128,,1,0.99,0.95,0.2,0.01,1,D:\Python project\HGNN_PPO_USV_Scheduling\models\best_u10_t100_seed0.pth,2.0831453000428155,3.3975742999464273,5.480807799962349,0.015163200092501938,1.7619098001159728,1.5913697003852576,,
PPO_full_u10_t100_seed0_20260522_124407,PPO,full,u10_t100,10,100,0,9,2026-05-22 12:45:12,65.20148559997324,-1.1525044488587066,0.10692147706210596,1749.7037525607684,1341.0882095351624,162.32554228330133,1.0,8,8,0,,,1347.359153541368,1,,MinBattery_NearestTask,1187.1112015225146,1816.9612465912573,-0.03853724030777812,0.0016453629851457662,3.3364080476760862,0.0001,0.0003,0.0001,0.0003,,256,3,4,4,1,128,,1,0.99,0.95,0.2,0.01,1,D:\Python project\HGNN_PPO_USV_Scheduling\models\best_u10_t100_seed0.pth,2.1155833000084385,3.544172600028105,5.65986139990855,0.014521999983116984,1.7964038997888565,1.7028514994308352,,
PPO_full_u10_t100_seed0_20260522_124407,PPO,full,u10_t100,10,100,0,10,2026-05-22 12:45:20,73.11835220002104,-1.1636023208993915,0.07057113154875802,1766.5522674400422,1570.016226779096,107.13934667722881,1.0,8,8,0,1292.0051179203326,1,1292.0051179203326,10,8.836064916520677,MinBattery_NearestTask,1187.1112015225146,1816.9612465912573,-0.03378198193386197,0.001235511600971222,3.3778484654426575,0.0001,0.0003,0.0001,0.0003,,256,3,4,4,1,128,,1,0.99,0.95,0.2,0.01,1,D:\Python project\HGNN_PPO_USV_Scheduling\models\best_u10_t100_seed0.pth,2.234033399960026,3.700187399983406,7.861115799983963,0.014166599954478443,1.9361956000793725,1.711741799954325,,
PPO_full_u10_t100_seed0_20260522_124407,PPO,full,u10_t100,10,100,0,11,2026-05-22 12:45:26,78.99833570001647,-1.1570663228612625,0.10942401623759354,1756.6294768552693,1332.6907914108353,166.12483537116495,1.0,8,8,0,,,1292.0051179203326,10,,MinBattery_NearestTask,1187.1112015225146,1816.9612465912573,-0.03728520130738616,0.0015163276102975942,3.351822168827057,0.0001,0.0003,0.0001,0.0003,,256,3,4,4,1,128,,1,0.99,0.95,0.2,0.01,1,D:\Python project\HGNN_PPO_USV_Scheduling\models\best_u10_t100_seed0.pth,2.226146799977869,3.5945150000043213,5.820833700010553,0.0235854999627918,1.9064381001517177,1.63132899987977,,
PPO_full_u10_t100_seed0_20260522_124407,PPO,full,u10_t100,10,100,0,12,2026-05-22 12:45:32,84.9281318000285,-1.1908462848488683,0.03590083157240115,1807.913379758728,1704.679379193009,54.503754657508836,1.0,8,8,0,,,1292.0051179203326,10,,MinBattery_NearestTask,1187.1112015225146,1816.9612465912573,-0.035095850974321365,0.0011841923504834996,3.339691250324249,0.0001,0.0003,0.0001,0.0003,,256,3,4,4,1,128,,1,0.99,0.95,0.2,0.01,1,D:\Python project\HGNN_PPO_USV_Scheduling\models\best_u10_t100_seed0.pth,2.1449644999811426,3.7255868000211194,5.870681000058539,0.014603200019337237,1.9498698994284496,1.725860699894838,,
PPO_full_u10_t100_seed0_20260522_124407,PPO,full,u10_t100,10,100,0,13,2026-05-22 12:45:38,90.70889799995348,-1.1521094871073498,0.10820307756675274,1749.1041313973521,1336.401324711375,164.27123647518485,1.0,8,8,0,,,1292.0051179203326,10,,MinBattery_NearestTask,1187.1112015225146,1816.9612465912573,-0.03523315811529756,0.0015374737145612016,3.337394199371338,0.0001,0.0003,0.0001,0.0003,,256,3,4,4,1,128,,1,0.99,0.95,0.2,0.01,1,D:\Python project\HGNN_PPO_USV_Scheduling\models\best_u10_t100_seed0.pth,2.1829116999870166,3.54062929993961,5.723636399954557,0.013492300058715045,1.889994200086221,1.6067588997539133,,
PPO_full_u10_t100_seed0_20260522_124407,PPO,full,u10_t100,10,100,0,14,2026-05-22 12:45:44,96.48728959995788,-1.1697535578456837,0.007690290712093909,1775.8909232504175,1756.9899416913065,11.675209176466685,1.0,8,8,0,,,1292.0051179203326,10,,MinBattery_NearestTask,1187.1112015225146,1816.9612465912573,-0.032663202714174985,0.0010182058910140769,3.2877277660369875,0.0001,0.0003,0.0001,0.0003,,256,3,4,4,1,128,,1,0.99,0.95,0.2,0.01,1,D:\Python project\HGNN_PPO_USV_Scheduling\models\best_u10_t100_seed0.pth,2.1848316999385133,3.5334869000362232,5.718432399909943,0.013714300002902746,1.839489899459295,1.6480689002200961,,
PPO_full_u10_t100_seed0_20260522_124407,PPO,full,u10_t100,10,100,0,15,2026-05-22 12:45:49,102.33422530000098,-1.1392624682485872,0.06050325764154043,1729.60010507567,1503.606042480967,91.85454949209733,1.0,8,8,0,,,1292.0051179203326,10,,MinBattery_NearestTask,1187.1112015225146,1816.9612465912573,-0.036988679133355615,0.0012208797404309735,3.2712890100479126,0.0001,0.0003,0.0001,0.0003,,256,3,4,4,1,128,,1,0.99,0.95,0.2,0.01,1,D:\Python project\HGNN_PPO_USV_Scheduling\models\best_u10_t100_seed0.pth,2.157920299912803,3.623209699988365,5.781226799939759,0.01387819997034967,1.8397071002982557,1.7383066997863352,,
PPO_full_u10_t100_seed0_20260522_124407,PPO,full,u10_t100,10,100,0,16,2026-05-22 12:45:55,108.2264043999603,-1.1125252172783973,0.13757587594833465,1689.0082718710105,1321.148167650333,208.86429258213388,1.0,8,8,0,,,1292.0051179203326,10,,MinBattery_NearestTask,1187.1112015225146,1816.9612465912573,-0.03772942950949073,0.0017039988952456042,3.2793366503715515,0.0001,0.0003,0.0001,0.0003,,256,3,4,4,1,128,,1,0.99,0.95,0.2,0.01,1,D:\Python project\HGNN_PPO_USV_Scheduling\models\best_u10_t100_seed0.pth,2.2864896999672055,3.5428874000208452,5.829490499920212,0.014106000075116754,1.8647063004318625,1.6313469007145613,,
PPO_full_u10_t100_seed0_20260522_124407,PPO,full,u10_t100,10,100,0,17,2026-05-22 12:46:01,114.33681240002625,-1.086256286283323,0.12389812106903204,1649.1274304709127,1336.3131900783578,188.09906337835838,1.0,8,8,0,,,1292.0051179203326,10,,MinBattery_NearestTask,1187.1112015225146,1816.9612465912573,-0.03649397762492299,0.0014846193714765832,3.268162314891815,0.0001,0.0003,0.0001,0.0003,,256,3,4,4,1,128,,1,0.99,0.95,0.2,0.01,1,D:\Python project\HGNN_PPO_USV_Scheduling\models\best_u10_t100_seed0.pth,2.369881200022064,3.678553199977614,6.048539699986577,0.016607700032182038,1.9773291994351894,1.6534060010453686,,
PPO_full_u10_t100_seed0_20260522_124407,PPO,full,u10_t100,10,100,0,18,2026-05-22 12:46:07,120.25942210003268,-1.0054957620769418,0.13407370036422048,1526.5187998468728,1318.1384772711879,203.54737621992857,1.0,8,8,0,,,1292.0051179203326,10,,MinBattery_NearestTask,1187.1112015225146,1816.9612465912573,-0.03997706733644009,0.0015368316794047133,3.2586026859283446,0.0001,0.0003,0.0001,0.0003,,256,3,4,4,1,128,,1,0.99,0.95,0.2,0.01,1,D:\Python project\HGNN_PPO_USV_Scheduling\models\best_u10_t100_seed0.pth,2.183040300034918,3.6769916999619454,5.860125700011849,0.01638929999899119,1.876505701104179,1.754367499728687,,
PPO_full_u10_t100_seed0_20260522_124407,PPO,full,u10_t100,10,100,0,19,2026-05-22 12:46:13,125.93986579997,-0.9333507578641936,0.09037690851304797,1416.9900386134022,1325.8793785516766,137.20798746305556,1.0,8,8,0,,,1292.0051179203326,10,,MinBattery_NearestTask,1187.1112015225146,1816.9612465912573,-0.02972366351634264,0.0011273598036495968,3.255212912559509,0.0001,0.0003,0.0001,0.0003,,256,3,4,4,1,128,,1,0.99,0.95,0.2,0.01,1,D:\Python project\HGNN_PPO_USV_Scheduling\models\best_u10_t100_seed0.pth,2.093056199955754,3.5237356999423355,5.616912900004536,0.014680299907922745,1.888153800391592,1.5905690003419295,,
PPO_full_u10_t100_seed0_20260522_124407,PPO,full,u10_t100,10,100,0,20,2026-05-22 12:46:21,133.4825925999321,-1.002237478742958,0.10525865846083365,1521.5721546673044,1334.003264284309,159.80109220473102,1.0,8,8,0,1538.47411656562,1,1292.0051179203326,10,29.598146710474076,MinBattery_NearestTask,1187.1112015225146,1816.9612465912573,-0.031880578864365815,0.00116813012980856,3.2189472937583923,0.0001,0.0003,0.0001,0.0003,,256,3,4,4,1,128,,1,0.99,0.95,0.2,0.01,1,D:\Python project\HGNN_PPO_USV_Scheduling\models\best_u10_t100_seed0.pth,2.2723652999848127,3.447745500016026,7.482180699938908,0.015313999960198998,1.8075456001097336,1.5919888998614624,,
PPO_full_u10_t100_seed0_20260522_124407,PPO,full,u10_t100,10,100,0,21,2026-05-22 12:46:26,139.218091799994,-0.9581758559799864,0.10587872901579205,1454.67888864249,1310.422817651035,160.7424679867833,1.0,8,8,0,,,1292.0051179203326,10,,MinBattery_NearestTask,1187.1112015225146,1816.9612465912573,-0.024612106420099734,0.0010364337443024851,3.203404269218445,0.0001,0.0003,0.0001,0.0003,,256,3,4,4,1,128,,1,0.99,0.95,0.2,0.01,1,D:\Python project\HGNN_PPO_USV_Scheduling\models\best_u10_t100_seed0.pth,2.205402999999933,3.4738904000259936,5.679379799985327,0.014262899989262223,1.800329800345935,1.6290939999744296,,
PPO_full_u10_t100_seed0_20260522_124407,PPO,full,u10_t100,10,100,0,22,2026-05-22 12:46:32,145.09342729998752,-0.9277875466709224,0.08659859116342741,1408.5441089592528,1316.4846585173766,131.47183950150693,1.0,8,8,0,,,1292.0051179203326,10,,MinBattery_NearestTask,1187.1112015225146,1816.9612465912573,-0.03121581647545099,0.0007986561537836678,3.1828562426567077,0.0001,0.0003,0.0001,0.0003,,256,3,4,4,1,128,,1,0.99,0.95,0.2,0.01,1,D:\Python project\HGNN_PPO_USV_Scheduling\models\best_u10_t100_seed0.pth,2.2294349001022056,3.5855514999711886,5.815085100010037,0.015385800041258335,1.8947771000675857,1.643766600289382,,
PPO_full_u10_t100_seed0_20260522_124407,PPO,full,u10_t100,10,100,0,23,2026-05-22 12:46:38,150.8504779000068,-0.9994411879440679,0.1020350561346283,1517.3268951293358,1322.4816078829515,154.90709887350295,1.0,8,8,0,,,1292.0051179203326,10,,MinBattery_NearestTask,1187.1112015225146,1816.9612465912573,-0.030186309423297645,0.0009709633176680654,3.176708254814148,0.0001,0.0003,0.0001,0.0003,,256,3,4,4,1,128,,1,0.99,0.95,0.2,0.01,1,D:\Python project\HGNN_PPO_USV_Scheduling\models\best_u10_t100_seed0.pth,2.1277348999865353,3.57506500009913,5.702890400076285,0.01470780000090599,1.8372035003267229,1.6928538992069662,,
PPO_full_u10_t100_seed0_20260522_124407,PPO,full,u10_t100,10,100,0,24,2026-05-22 12:46:45,157.68951509997714,-0.9224836797480451,0.0861517264989489,1400.4919093627732,1305.5645982352555,130.79342061896034,1.0,8,8,0,,,1292.0051179203326,10,,MinBattery_NearestTask,1187.1112015225146,1816.9612465912573,-0.03176590222865343,0.0008266184266540222,3.1450839948654177,0.0001,0.0003,0.0001,0.0003,,256,3,4,4,1,128,,1,0.99,0.95,0.2,0.01,1,D:\Python project\HGNN_PPO_USV_Scheduling\models\best_u10_t100_seed0.pth,3.1329491999931633,3.6302109999815,6.76327399990987,0.025116699980571866,1.8371745006879792,1.7357919996138662,,
PPO_full_u10_t100_seed0_20260522_124407,PPO,full,u10_t100,10,100,0,25,2026-05-22 12:46:52,164.43365289992653,-0.9291349203794383,0.08699503222470614,1410.589658402664,1313.6958912212406,132.07370651666307,1.0,8,8,0,,,1292.0051179203326,10,,MinBattery_NearestTask,1187.1112015225146,1816.9612465912573,-0.019963526614010334,0.0008420923710218631,3.122898554801941,0.0001,0.0003,0.0001,0.0003,,256,3,4,4,1,128,,1,0.99,0.95,0.2,0.01,1,D:\Python project\HGNN_PPO_USV_Scheduling\models\best_u10_t100_seed0.pth,3.162980700028129,3.5242465999908745,6.687314499984495,0.014973299927078187,1.8662351993843913,1.6122131008887663,,
PPO_full_u10_t100_seed0_20260522_124407,PPO,full,u10_t100,10,100,0,26,2026-05-22 12:46:57,169.97485240001697,-0.899969590202228,0.062123358000563726,1366.3115753928564,1314.9355770639636,94.31414579171685,1.0,8,8,0,,,1292.0051179203326,10,,MinBattery_NearestTask,1187.1112015225146,1816.9612465912573,-0.022793360389769077,0.0006309684805455618,3.125215406417847,0.0001,0.0003,0.0001,0.0003,,256,3,4,4,1,128,,1,0.99,0.95,0.2,0.01,1,D:\Python project\HGNN_PPO_USV_Scheduling\models\best_u10_t100_seed0.pth,2.076637399964966,3.399536499986425,5.476268299971707,0.01479079993441701,1.8128856999101117,1.5403841999359429,,
PPO_full_u10_t100_seed0_20260522_124407,PPO,full,u10_t100,10,100,0,27,2026-05-22 12:47:04,176.57959879992995,-0.9038727242718718,0.06610030696090632,1372.2372170119984,1321.7750785982187,100.35185135245888,1.0,8,8,0,,,1292.0051179203326,10,,MinBattery_NearestTask,1187.1112015225146,1816.9612465912573,-0.03498963095247745,0.000614435429306468,3.0904529666900635,0.0001,0.0003,0.0001,0.0003,,256,3,4,4,1,128,,1,0.99,0.95,0.2,0.01,1,D:\Python project\HGNN_PPO_USV_Scheduling\models\best_u10_t100_seed0.pth,3.057539000059478,3.48783540003933,6.545481700100936,0.016068299999460578,1.8174769991310313,1.6205344004556537,,
PPO_full_u10_t100_seed0_20260522_124407,PPO,full,u10_t100,10,100,0,28,2026-05-22 12:47:10,183.1515856999904,-0.8903429330706213,0.05552876288159842,1351.696622605066,1291.9714807365076,84.30239456793731,1.0,8,8,0,,,1292.0051179203326,10,,MinBattery_NearestTask,1187.1112015225146,1816.9612465912573,-0.025761283449828625,0.0005611274292459711,3.023442659378052,0.0001,0.0003,0.0001,0.0003,,256,3,4,4,1,128,,1,0.99,0.95,0.2,0.01,1,D:\Python project\HGNN_PPO_USV_Scheduling\models\best_u10_t100_seed0.pth,3.045221299980767,3.458120100083761,6.5034517999738455,0.015420799958519638,1.8231593996752053,1.5891484000021592,,
PPO_full_u10_t100_seed0_20260522_124407,PPO,full,u10_t100,10,100,0,29,2026-05-22 12:47:17,189.64533870003652,-0.916167800393299,0.07291790963257692,1390.9032975195273,1291.370466228674,110.70216712772826,1.0,8,8,0,,,1292.0051179203326,10,,MinBattery_NearestTask,1187.1112015225146,1816.9612465912573,-0.02880137410014868,0.0006674895921605639,2.988105623722076,0.0001,0.0003,0.0001,0.0003,,256,3,4,4,1,128,,1,0.99,0.95,0.2,0.01,1,D:\Python project\HGNN_PPO_USV_Scheduling\models\best_u10_t100_seed0.pth,3.010632300050929,3.4255349999293685,6.43626350001432,0.015940400073304772,1.8068213004153222,1.5720395003445446,,
PPO_full_u10_t100_seed0_20260522_124407,PPO,full,u10_t100,10,100,0,30,2026-05-22 12:47:25,198.27890519995708,-0.9052428071409394,0.09099981014107948,1374.3172429413564,1300.3802895351243,138.15366131023455,1.0,8,8,0,1296.763515450832,1,1292.0051179203326,10,9.236903315180939,MinBattery_NearestTask,1187.1112015225146,1816.9612465912573,-0.03649574279785156,0.0006801916670519858,2.977045192718506,0.0001,0.0003,0.0001,0.0003,,256,3,4,4,1,128,,1,0.99,0.95,0.2,0.01,1,D:\Python project\HGNN_PPO_USV_Scheduling\models\best_u10_t100_seed0.pth,3.0055424000602216,3.5583402999909595,8.556745000067167,0.015794500010088086,1.8745774989947677,1.6369306009728462,,
PPO_full_u10_t100_seed0_20260522_124407,PPO,full,u10_t100,10,100,0,31,2026-05-22 12:47:32,204.84879760001786,-0.9030685335791984,0.08410018656920794,1371.0163145901997,1302.9535354879308,127.67882343267556,1.0,8,8,0,,,1292.0051179203326,10,,MinBattery_NearestTask,1187.1112015225146,1816.9612465912573,-0.025845121406018735,0.0007443326499196701,2.9681621313095095,0.0001,0.0003,0.0001,0.0003,,256,3,4,4,1,128,,1,0.99,0.95,0.2,0.01,1,D:\Python project\HGNN_PPO_USV_Scheduling\models\best_u10_t100_seed0.pth,3.0640051999362186,3.4459467000560835,6.510063499910757,0.014332399936392903,1.8259228008100763,1.5754108997061849,,
PPO_full_u10_t100_seed0_20260522_124407,PPO,full,u10_t100,10,100,0,32,2026-05-22 12:47:39,211.53236269997433,-0.9056524835945672,0.09361101156039746,1374.9392036018626,1273.991352160927,142.11792272943944,1.0,8,8,0,,,1292.0051179203326,10,,MinBattery_NearestTask,1187.1112015225146,1816.9612465912573,-0.025045217033475637,0.0006887371218181215,2.901956703662872,0.0001,0.0003,0.0001,0.0003,,256,3,4,4,1,128,,1,0.99,0.95,0.2,0.01,1,D:\Python project\HGNN_PPO_USV_Scheduling\models\best_u10_t100_seed0.pth,3.100856199976988,3.5136418000329286,6.614607600029558,0.02267320000100881,1.83131660008803,1.6254163000267,,
PPO_full_u10_t100_seed0_20260522_124407,PPO,full,u10_t100,10,100,0,33,2026-05-22 12:47:45,218.14681119995657,-0.8835884326235321,0.06884338176541645,1341.442107066624,1262.2768308296377,104.5163196838038,1.0,8,8,0,,,1292.0051179203326,10,,MinBattery_NearestTask,1187.1112015225146,1816.9612465912573,-0.026158740147948265,0.0005973706505028531,2.847975215911865,0.0001,0.0003,0.0001,0.0003,,256,3,4,4,1,128,,1,0.99,0.95,0.2,0.01,1,D:\Python project\HGNN_PPO_USV_Scheduling\models\best_u10_t100_seed0.pth,3.088628900004551,3.4680952000198886,6.55683160002809,0.02069230005145073,1.8030963002238423,1.6126260003075004,,
PPO_full_u10_t100_seed0_20260522_124407,PPO,full,u10_t100,10,100,0,34,2026-05-22 12:47:52,224.7873847000301,-0.9386184605000724,0.12219657458429596,1424.987334483712,1280.589879685055,185.5158175848626,1.0,8,8,0,,,1292.0051179203326,10,,MinBattery_NearestTask,1187.1112015225146,1816.9612465912573,-0.014055666327476502,0.0010383912207907998,2.809765634536743,0.0001,0.0003,0.0001,0.0003,,256,3,4,4,1,128,,1,0.99,0.95,0.2,0.01,1,D:\Python project\HGNN_PPO_USV_Scheduling\models\best_u10_t100_seed0.pth,2.993809000006877,3.5624299000483006,6.556345700053498,0.021513300016522408,1.894680800032802,1.6135550000471994,,
PPO_full_u10_t100_seed0_20260522_124407,PPO,full,u10_t100,10,100,0,35,2026-05-22 12:47:59,231.44002460001502,-0.9470214110712343,0.13053024425713755,1437.7444862339757,1293.6835711576941,198.1677887886288,1.0,8,8,0,,,1292.0051179203326,10,,MinBattery_NearestTask,1187.1112015225146,1816.9612465912573,-0.018496688175946473,0.000991657123377081,2.7809492683410646,0.0001,0.0003,0.0001,0.0003,,256,3,4,4,1,128,,1,0.99,0.95,0.2,0.01,1,D:\Python project\HGNN_PPO_USV_Scheduling\models\best_u10_t100_seed0.pth,3.097693999996409,3.494406500016339,6.592213100055233,0.015480599948205054,1.823316500405781,1.6224331994308159,,
PPO_full_u10_t100_seed0_20260522_124407,PPO,full,u10_t100,10,100,0,36,2026-05-22 12:48:05,238.10874569998123,-0.8713313348977552,0.010765954202214012,1322.833684420157,1289.1710724916268,16.34460542531107,1.0,8,8,0,,,1292.0051179203326,10,,MinBattery_NearestTask,1187.1112015225146,1816.9612465912573,-0.025862755067646504,0.00041537152341334147,2.8403265070915222,0.0001,0.0003,0.0001,0.0003,,256,3,4,4,1,128,,1,0.99,0.95,0.2,0.01,1,D:\Python project\HGNN_PPO_USV_Scheduling\models\best_u10_t100_seed0.pth,3.1014181999489665,3.4985796000109985,6.60011839994695,0.02047580003272742,1.8511873000534251,1.5959177003242075,,
PPO_full_u10_t100_seed0_20260522_124407,PPO,full,u10_t100,10,100,0,37,2026-05-22 12:48:12,244.5937971000094,-0.9084337244402103,0.09589100690053733,1379.161614673001,1304.3529572131351,145.57935527003772,1.0,8,8,0,,,1292.0051179203326,10,,MinBattery_NearestTask,1187.1112015225146,1816.9612465912573,-0.027403053138405086,0.0007063829821709077,2.7837187242507935,0.0001,0.0003,0.0001,0.0003,,256,3,4,4,1,128,,1,0.99,0.95,0.2,0.01,1,D:\Python project\HGNN_PPO_USV_Scheduling\models\best_u10_t100_seed0.pth,2.975715900072828,3.4482305999845266,6.424053900060244,0.019897700054571033,1.7920341999270022,1.604669299791567,,
PPO_full_u10_t100_seed0_20260522_124407,PPO,full,u10_t100,10,100,0,38,2026-05-22 12:48:19,251.35224559996277,-0.8671082164785702,0.014843561751101284,1316.4222504748273,1277.290983474365,22.535128365871962,1.0,8,8,0,,,1292.0051179203326,10,,MinBattery_NearestTask,1187.1112015225146,1816.9612465912573,-0.008858270123600959,0.0003684965080174152,2.7691251492500304,0.0001,0.0003,0.0001,0.0003,,256,3,4,4,1,128,,1,0.99,0.95,0.2,0.01,1,D:\Python project\HGNN_PPO_USV_Scheduling\models\best_u10_t100_seed0.pth,3.1513643000507727,3.5398485999321565,6.691313400049694,0.02825890004169196,1.831852300441824,1.6466036003548652,,
PPO_full_u10_t100_seed0_20260522_124407,PPO,full,u10_t100,10,100,0,39,2026-05-22 12:48:25,258.17127119994257,-0.8869555412498015,0.053898060942109687,1346.5539681136659,1301.8099314903877,81.82670321103448,1.0,8,8,0,,,1292.0051179203326,10,,MinBattery_NearestTask,1187.1112015225146,1816.9612465912573,-0.02603822773322463,0.000472131615242688,2.8813603496551514,0.0001,0.0003,0.0001,0.0003,,256,3,4,4,1,128,,1,0.99,0.95,0.2,0.01,1,D:\Python project\HGNN_PPO_USV_Scheduling\models\best_u10_t100_seed0.pth,3.2513806999195367,3.504439100041054,6.755945399985649,0.02782600000500679,1.8326680996688083,1.6120062002446502,,
PPO_full_u10_t100_seed0_20260522_124407,PPO,full,u10_t100,10,100,0,40,2026-05-22 12:48:34,267.29637310002,-0.8959464015564997,0.07741478218071036,1360.2036698852799,1298.0942405806004,117.52920782162599,1.0,8,8,0,1289.6340617310416,1,1289.6340617310416,40,8.636331632372563,MinBattery_NearestTask,1187.1112015225146,1816.9612465912573,-0.027853447739034892,0.000553112568159122,2.926957664489746,0.0001,0.0003,0.0001,0.0003,,256,3,4,4,1,128,,1,0.99,0.95,0.2,0.01,1,D:\Python project\HGNN_PPO_USV_Scheduling\models\best_u10_t100_seed0.pth,3.330973800038919,3.637363899964839,9.028706700075418,0.018852900015190244,1.9428841000190005,1.6429950997699052,,
PPO_full_u10_t100_seed0_20260522_124407,PPO,full,u10_t100,10,100,0,41,2026-05-22 12:48:41,273.86306689993944,-0.8674166404471815,0.008424754180639817,1316.8904921165783,1295.2228229269904,12.790253450964983,1.0,8,8,0,,,1289.6340617310416,40,,MinBattery_NearestTask,1187.1112015225146,1816.9612465912573,-0.03121089393272996,0.00032892298098886386,2.9432479834556577,0.0001,0.0003,0.0001,0.0003,,256,3,4,4,1,128,,1,0.99,0.95,0.2,0.01,1,D:\Python project\HGNN_PPO_USV_Scheduling\models\best_u10_t100_seed0.pth,3.005802599946037,3.497917400090955,6.503825600026175,0.01690070005133748,1.8079113009152934,1.557500800001435,,
PPO_full_u10_t100_seed0_20260522_124407,PPO,full,u10_t100,10,100,0,42,2026-05-22 12:48:48,280.45694910001475,-0.8719131634573433,0.010556182377888372,1323.7170021505717,1290.5608463813005,16.026135029324738,1.0,8,8,0,,,1289.6340617310416,40,,MinBattery_NearestTask,1187.1112015225146,1816.9612465912573,-0.03009492576122284,0.00032815280559589155,2.9670252060890197,0.0001,0.0003,0.0001,0.0003,,256,3,4,4,1,128,,1,0.99,0.95,0.2,0.01,1,D:\Python project\HGNN_PPO_USV_Scheduling\models\best_u10_t100_seed0.pth,3.057125100051053,3.4560484000248834,6.5132813000818714,0.014737799996510148,1.79556429956574,1.6165775003610179,,
PPO_full_u10_t100_seed0_20260522_124407,PPO,full,u10_t100,10,100,0,43,2026-05-22 12:48:54,287.0243281000294,-0.8708920000090794,0.012767452791439066,1322.1666970570213,1290.067683201476,19.38323108595833,1.0,8,8,0,,,1289.6340617310416,40,,MinBattery_NearestTask,1187.1112015225146,1816.9612465912573,-0.028584072031080723,0.0002997847116785124,2.935430498123169,0.0001,0.0003,0.0001,0.0003,,256,3,4,4,1,128,,1,0.99,0.95,0.2,0.01,1,D:\Python project\HGNN_PPO_USV_Scheduling\models\best_u10_t100_seed0.pth,2.9994975000154227,3.5056510999565944,6.505257999990135,0.014195100055076182,1.8367914004484192,1.6217903003562242,,
PPO_full_u10_t100_seed0_20260522_124407,PPO,full,u10_t100,10,100,0,44,2026-05-22 12:49:01,293.79972469992936,-0.8655511289979658,0.007824263528204017,1314.0583187689006,1303.1706807544115,11.878603392706955,1.0,8,8,0,,,1289.6340617310416,40,,MinBattery_NearestTask,1187.1112015225146,1816.9612465912573,-0.031186045967042445,0.0002920934889698401,2.8947173380851745,0.0001,0.0003,0.0001,0.0003,,256,3,4,4,1,128,,1,0.99,0.95,0.2,0.01,1,D:\Python project\HGNN_PPO_USV_Scheduling\models\best_u10_t100_seed0.pth,2.930940499994904,3.7643981999717653,6.695460099959746,0.015284799970686436,2.128903698991053,1.5887512994231656,,
PPO_full_u10_t100_seed0_20260522_124407,PPO,full,u10_t100,10,100,0,45,2026-05-22 12:49:08,300.3420218999963,-0.8648141380617408,0.00863752310477091,1312.939437355477,1293.9121034506143,13.11327396975696,1.0,8,8,0,,,1289.6340617310416,40,,MinBattery_NearestTask,1187.1112015225146,1816.9612465912573,-0.011416905429214239,0.0002800709065195406,2.8216322827339173,0.0001,0.0003,0.0001,0.0003,,256,3,4,4,1,128,,1,0.99,0.95,0.2,0.01,1,D:\Python project\HGNN_PPO_USV_Scheduling\models\best_u10_t100_seed0.pth,3.0762466000160202,3.404061899986118,6.4804241000674665,0.015259400010108948,1.7840224999235943,1.5744634998263791,,
PPO_full_u10_t100_seed0_20260522_124407,PPO,full,u10_t100,10,100,0,46,2026-05-22 12:49:14,306.8781305999728,-0.8597435006219072,0.01273120132340909,1305.2413209923357,1264.5566570438405,19.328195003702298,1.0,8,8,0,,,1289.6340617310416,40,,MinBattery_NearestTask,1187.1112015225146,1816.9612465912573,-0.02203638171777129,0.0002712552722368855,2.7714321875572203,0.0001,0.0003,0.0001,0.0003,,256,3,4,4,1,128,,1,0.99,0.95,0.2,0.01,1,D:\Python project\HGNN_PPO_USV_Scheduling\models\best_u10_t100_seed0.pth,2.6794192999368533,3.7848505000583827,6.46437820000574,0.015392899978905916,1.8152605005307123,1.9213516996242106,,
PPO_full_u10_t100_seed0_20260522_124407,PPO,full,u10_t100,10,100,0,47,2026-05-22 12:49:20,313.33474279998336,-0.8490859529156487,0.012502224437920735,1289.061295628267,1261.3544092515046,18.980567958804105,1.0,8,8,0,,,1289.6340617310416,40,,MinBattery_NearestTask,1187.1112015225146,1816.9612465912573,-0.015504566263407469,0.0002606461759569356,2.735502164363861,0.0001,0.0003,0.0001,0.0003,,256,3,4,4,1,128,,1,0.99,0.95,0.2,0.01,1,D:\Python project\HGNN_PPO_USV_Scheduling\models\best_u10_t100_seed0.pth,2.9959662000183016,3.3986797999823466,6.394765799981542,0.01452829991467297,1.7893820999888703,1.563959100167267,,
PPO_full_u10_t100_seed0_20260522_124407,PPO,full,u10_t100,10,100,0,48,2026-05-22 12:49:27,319.71606529993005,-0.8680658839112156,0.007959710028609726,1317.8761574877367,1302.5145809178725,12.084234920000142,1.0,8,8,0,,,1289.6340617310416,40,,MinBattery_NearestTask,1187.1112015225146,1816.9612465912573,-0.022150857839733362,0.0002735689297696808,2.7892872381210325,0.0001,0.0003,0.0001,0.0003,,256,3,4,4,1,128,,1,0.99,0.95,0.2,0.01,1,D:\Python project\HGNN_PPO_USV_Scheduling\models\best_u10_t100_seed0.pth,2.858397900010459,3.453373200027272,6.311876200023107,0.014710100018419325,1.7839501012349501,1.6225297993514687,,
PPO_full_u10_t100_seed0_20260522_124407,PPO,full,u10_t100,10,100,0,49,2026-05-22 12:49:34,326.4882019000361,-0.8491771361914953,0.01713956069483902,1289.1997278226743,1248.5390244487376,26.02085718167972,1.0,8,8,0,,,1289.6340617310416,40,,MinBattery_NearestTask,1187.1112015225146,1816.9612465912573,-0.010850426014512778,0.0002681815218238626,2.719591314792633,0.0001,0.0003,0.0001,0.0003,,256,3,4,4,1,128,,1,0.99,0.95,0.2,0.01,1,D:\Python project\HGNN_PPO_USV_Scheduling\models\best_u10_t100_seed0.pth,3.2395914000226185,3.471495500067249,6.711196599993855,0.016099400003440678,1.817080799723044,1.6057598997140303,,
PPO_full_u10_t100_seed0_20260522_124407,PPO,full,u10_t100,10,100,0,50,2026-05-22 12:49:42,334.91281140001956,-0.8523969996074916,0.010407805416308799,1294.088044832887,1267.547944107928,15.800872795650529,1.0,8,8,0,1298.0815477838648,1,1289.6340617310416,40,9.347931863419918,MinBattery_NearestTask,1187.1112015225146,1816.9612465912573,-0.017974005118012427,0.0002427974064630689,2.686914746761322,0.0001,0.0003,0.0001,0.0003,,256,3,4,4,1,128,,1,0.99,0.95,0.2,0.01,1,D:\Python project\HGNN_PPO_USV_Scheduling\models\best_u10_t100_seed0.pth,2.9704029000131413,3.501179000013508,8.346470699994825,0.014020200003869832,1.850431700469926,1.6037413004087284,,
PPO_full_u10_t100_seed0_20260522_124407,PPO,full,u10_t100,10,100,0,51,2026-05-22 12:49:49,341.90635699999984,-0.8612300025128887,0.01273165302681092,1307.498091401695,1276.8308532582894,19.328880768636257,1.0,8,8,0,,,1289.6340617310416,40,,MinBattery_NearestTask,1187.1112015225146,1816.9612465912573,-0.0015387867018580436,0.00025131731454166586,2.61597829580307,0.0001,0.0003,0.0001,0.0003,,256,3,4,4,1,128,,1,0.99,0.95,0.2,0.01,1,D:\Python project\HGNN_PPO_USV_Scheduling\models\best_u10_t100_seed0.pth,3.4456858000485227,3.490430099889636,6.936214299988933,0.01453020004555583,1.8216136991977692,1.6207690994488075,,
PPO_full_u10_t100_seed0_20260522_124407,PPO,full,u10_t100,10,100,0,52,2026-05-22 12:49:55,347.545689499937,-0.8558716693251713,0.013541583227587346,1299.363202468898,1271.5945870037283,20.5584967696973,1.0,8,8,0,,,1289.6340617310416,40,,MinBattery_NearestTask,1187.1112015225146,1816.9612465912573,-0.01574400097131729,0.00024578716765972787,2.573360915184021,0.0001,0.0003,0.0001,0.0003,,256,3,4,4,1,128,,1,0.99,0.95,0.2,0.01,1,D:\Python project\HGNN_PPO_USV_Scheduling\models\best_u10_t100_seed0.pth,2.0618897000094876,3.5165847999742255,5.578568700002506,0.013600099948234856,1.784950799541548,1.6877594998804852,,
PPO_full_u10_t100_seed0_20260522_124407,PPO,full,u10_t100,10,100,0,53,2026-05-22 12:50:00,353.1623263999354,-0.8701108789778522,0.010221441917283048,1320.9808184247122,1290.491976978506,15.517940340241289,1.0,8,8,0,,,1289.6340617310416,40,,MinBattery_NearestTask,1187.1112015225146,1816.9612465912573,-0.016083829626441,0.00024029149586567654,2.6037869691848754,0.0001,0.0003,0.0001,0.0003,,256,3,4,4,1,128,,1,0.99,0.95,0.2,0.01,1,D:\Python project\HGNN_PPO_USV_Scheduling\models\best_u10_t100_seed0.pth,2.1409826999297366,3.4152033999562263,5.556281599914655,0.014177499921061099,1.7707490004831925,1.60037759935949,,
PPO_full_u10_t100_seed0_20260522_124407,PPO,full,u10_t100,10,100,0,54,2026-05-22 12:50:06,358.59886329993606,-0.8683131644493813,0.009184834975611601,1318.251572685476,1294.6712747022211,13.944189316920573,1.0,8,8,0,,,1289.6340617310416,40,,MinBattery_NearestTask,1187.1112015225146,1816.9612465912573,-0.014674932807683944,0.00023439664590114263,2.557377800941467,0.0001,0.0003,0.0001,0.0003,,256,3,4,4,1,128,,1,0.99,0.95,0.2,0.01,1,D:\Python project\HGNN_PPO_USV_Scheduling\models\best_u10_t100_seed0.pth,2.043939600000158,3.3279731000075117,5.37202020001132,0.013968999963253736,1.7266621002927423,1.5573971003759652,,
PPO_full_u10_t100_seed0_20260522_124407,PPO,full,u10_t100,10,100,0,55,2026-05-22 12:50:12,364.45106689992826,-0.856979158595893,0.017873629927982818,1301.0445652912467,1260.4677962228388,27.13530293773999,1.0,8,8,0,,,1289.6340617310416,40,,MinBattery_NearestTask,1187.1112015225146,1816.9612465912573,-0.001949195172637701,0.00022730045187927317,2.6021798849105835,0.0001,0.0003,0.0001,0.0003,,256,3,4,4,1,128,,1,0.99,0.95,0.2,0.01,1,D:\Python project\HGNN_PPO_USV_Scheduling\models\best_u10_t100_seed0.pth,2.237355099990964,3.555644299951382,5.7931081999558955,0.014622500049881637,1.8274227989604697,1.6812838996993378,,
PPO_full_u10_t100_seed0_20260522_124407,PPO,full,u10_t100,10,100,0,56,2026-05-22 12:50:18,371.0878752999706,-0.8462624566043491,0.015694717363707065,1284.7747333541563,1248.2983345220268,23.82733176765858,1.0,8,8,0,,,1289.6340617310416,40,,MinBattery_NearestTask,1187.1112015225146,1816.9612465912573,-0.018593715429306032,0.0002160681185341673,2.687235720157623,0.0001,0.0003,0.0001,0.0003,,256,3,4,4,1,128,,1,0.99,0.95,0.2,0.01,1,D:\Python project\HGNN_PPO_USV_Scheduling\models\best_u10_t100_seed0.pth,3.048582199960947,3.5134941999567673,6.562164800008759,0.015467399964109063,1.8605742000509053,1.6037276996066794,,
PPO_full_u10_t100_seed0_20260522_124407,PPO,full,u10_t100,10,100,0,57,2026-05-22 12:50:25,377.8540485999547,-0.8601442510419228,0.011783772213057618,1305.8497303693548,1289.372092875645,17.88983155850355,1.0,8,8,0,,,1289.6340617310416,40,,MinBattery_NearestTask,1187.1112015225146,1816.9612465912573,-0.004069696012884379,0.00022514703930937686,2.583758832216263,0.0001,0.0003,0.0001,0.0003,,256,3,4,4,1,128,,1,0.99,0.95,0.2,0.01,1,D:\Python project\HGNN_PPO_USV_Scheduling\models\best_u10_t100_seed0.pth,3.258513299981132,3.4427797999233007,6.7014161999104545,0.01454060000833124,1.793315600254573,1.6043906003469601,,
PPO_full_u10_t100_seed0_20260522_124407,PPO,full,u10_t100,10,100,0,58,2026-05-22 12:50:32,384.35715109994635,-0.8625131582288817,0.013063242394523897,1309.4461466769835,1290.0259598910711,19.832291546417668,1.0,8,8,0,,,1289.6340617310416,40,,MinBattery_NearestTask,1187.1112015225146,1816.9612465912573,-0.023418538980185987,0.00020898571012367028,2.634204170703888,0.0001,0.0003,0.0001,0.0003,,256,3,4,4,1,128,,1,0.99,0.95,0.2,0.01,1,D:\Python project\HGNN_PPO_USV_Scheduling\models\best_u10_t100_seed0.pth,2.9514904000097886,3.45212100003846,6.403718800051138,0.014647400006651878,1.7986882997211069,1.6065497001400217,,
PPO_full_u10_t100_seed0_20260522_124407,PPO,full,u10_t100,10,100,0,59,2026-05-22 12:50:38,390.91445489996113,-0.853537965329578,0.01310088672376617,1295.8202307758174,1262.5455026139564,19.889442236120477,1.0,8,8,0,,,1289.6340617310416,40,,MinBattery_NearestTask,1187.1112015225146,1816.9612465912573,-0.00773963924497366,0.00022080411144997925,2.727022523880005,0.0001,0.0003,0.0001,0.0003,,256,3,4,4,1,128,,1,0.99,0.95,0.2,0.01,1,D:\Python project\HGNN_PPO_USV_Scheduling\models\best_u10_t100_seed0.pth,3.070074899937026,3.426291499985382,6.4964869999093935,0.014783799997530878,1.8297891995171085,1.5514305006945506,,
PPO_full_u10_t100_seed0_20260522_124407,PPO,full,u10_t100,10,100,0,60,2026-05-22 12:50:47,399.6127223999938,-0.882280520749283,0.05526951703978947,1339.4564676040964,1294.3632341281245,83.90881394211155,1.0,8,8,0,1230.2797497453264,1,1230.2797497453264,60,3.6364367691456763,MinBattery_NearestTask,1187.1112015225146,1816.9612465912573,-0.021232933308929204,0.00032446049503050746,2.705410830974579,0.0001,0.0003,0.0001,0.0003,,256,3,4,4,1,128,,1,0.99,0.95,0.2,0.01,1,D:\Python project\HGNN_PPO_USV_Scheduling\models\best_u10_t100_seed0.pth,3.0421418000478297,3.4601834999630228,8.621554000070319,0.015180500107817352,1.8177338994573802,1.5980728002032265,,
PPO_full_u10_t100_seed0_20260522_124407,PPO,full,u10_t100,10,100,0,61,2026-05-22 12:50:54,406.41803850000724,-0.8608884364562842,0.012565596671830336,1306.979534261564,1277.8289590195668,19.076778117116078,1.0,8,8,0,,,1230.2797497453264,60,,MinBattery_NearestTask,1187.1112015225146,1816.9612465912573,-0.030950334519147873,0.0002213421987107722,2.834070019721985,0.0001,0.0003,0.0001,0.0003,,256,3,4,4,1,128,,1,0.99,0.95,0.2,0.01,1,D:\Python project\HGNN_PPO_USV_Scheduling\models\best_u10_t100_seed0.pth,3.0786556999664754,3.6660209000110626,6.744811500073411,0.017787299933843315,1.8385561003815383,1.6048967997776344,,
PPO_full_u10_t100_seed0_20260522_124407,PPO,full,u10_t100,10,100,0,62,2026-05-22 12:51:00,413.0515727000311,-0.8620494020052436,0.01723075449833558,1308.742083447053,1268.2243680271577,26.15930535890469,1.0,8,8,0,,,1230.2797497453264,60,,MinBattery_NearestTask,1187.1112015225146,1816.9612465912573,-0.028981440868228674,0.00020235805546690245,2.828880887031555,0.0001,0.0003,0.0001,0.0003,,256,3,4,4,1,128,,1,0.99,0.95,0.2,0.01,1,D:\Python project\HGNN_PPO_USV_Scheduling\models\best_u10_t100_seed0.pth,3.0642023999243975,3.4881098000332713,6.552419299958274,0.01487690000794828,1.817360900575295,1.6254626994486898,,
PPO_full_u10_t100_seed0_20260522_124407,PPO,full,u10_t100,10,100,0,63,2026-05-22 12:51:07,419.65719259995967,-0.8477979750529163,0.009622776403471011,1287.1059194890518,1257.4389901817158,14.609061162305823,1.0,8,8,0,,,1230.2797497453264,60,,MinBattery_NearestTask,1187.1112015225146,1816.9612465912573,-0.02531074719503522,0.0001939596908778185,2.888516926765442,0.0001,0.0003,0.0001,0.0003,,256,3,4,4,1,128,,1,0.99,0.95,0.2,0.01,1,D:\Python project\HGNN_PPO_USV_Scheduling\models\best_u10_t100_seed0.pth,2.962517200037837,3.5710687999380752,6.533696300000884,0.014711099909618497,1.8767839004285634,1.6461271001026034,,
PPO_full_u10_t100_seed0_20260522_124407,PPO,full,u10_t100,10,100,0,64,2026-05-22 12:51:14,426.45729549997486,-0.8659678581474068,0.007756724764798526,1314.6909866577753,1290.944268813973,11.776067712353662,1.0,8,8,0,,,1230.2797497453264,60,,MinBattery_NearestTask,1187.1112015225146,1816.9612465912573,-0.029598540998995303,0.0001802185612905305,2.8533117318153383,0.0001,0.0003,0.0001,0.0003,,256,3,4,4,1,128,,1,0.99,0.95,0.2,0.01,1,D:\Python project\HGNN_PPO_USV_Scheduling\models\best_u10_t100_seed0.pth,3.1449944000924006,3.5870243000099435,6.732127300114371,0.016410900047048926,1.8433323006611317,1.6909380996366963,,
PPO_full_u10_t100_seed0_20260522_124407,PPO,full,u10_t100,10,100,0,65,2026-05-22 12:51:20,432.9022740999935,-0.858108712934336,0.01731768374146018,1302.7594267537356,1266.0358118716595,26.291279186036615,1.0,8,8,0,,,1230.2797497453264,60,,MinBattery_NearestTask,1187.1112015225146,1816.9612465912573,-0.023589962739497424,0.0001762752831564285,2.820118112564087,0.0001,0.0003,0.0001,0.0003,,256,3,4,4,1,128,,1,0.99,0.95,0.2,0.01,1,D:\Python project\HGNN_PPO_USV_Scheduling\models\best_u10_t100_seed0.pth,2.9989241999574006,3.379243699950166,6.378278599935584,0.015640700003132224,1.779051198856905,1.552783199469559,,
PPO_full_u10_t100_seed0_20260522_124407,PPO,full,u10_t100,10,100,0,66,2026-05-22 12:51:27,439.48045279993676,-0.8608573473312231,0.016447431458896836,1306.9323355207375,1273.1694181470448,24.97008369218532,1.0,8,8,0,,,1230.2797497453264,60,,MinBattery_NearestTask,1187.1112015225146,1816.9612465912573,-0.027242222130298616,0.00016817428819194903,2.700388150215149,0.0001,0.0003,0.0001,0.0003,,256,3,4,4,1,128,,1,0.99,0.95,0.2,0.01,1,D:\Python project\HGNN_PPO_USV_Scheduling\models\best_u10_t100_seed0.pth,3.093988300068304,3.4080352999735624,6.502128700027242,0.031947100069373846,1.786908799316734,1.5569315993925557,,
PPO_full_u10_t100_seed0_20260522_124407,PPO,full,u10_t100,10,100,0,67,2026-05-22 12:51:33,445.96120799996424,-0.8638259103324155,0.01410743922251977,1311.439134455911,1279.3896023593534,21.417565347456637,1.0,8,8,0,,,1230.2797497453264,60,,MinBattery_NearestTask,1187.1112015225146,1816.9612465912573,-0.012725216876715422,0.00016222728736465798,2.714898393154144,0.0001,0.0003,0.0001,0.0003,,256,3,4,4,1,128,,1,0.99,0.95,0.2,0.01,1,D:\Python project\HGNN_PPO_USV_Scheduling\models\best_u10_t100_seed0.pth,2.96241410006769,3.4581409000093117,6.4206688000122085,0.01712180010508746,1.8033688005525619,1.60847029928118,,
PPO_full_u10_t100_seed0_20260522_124407,PPO,full,u10_t100,10,100,0,68,2026-05-22 12:51:40,452.44130950002,-0.848575038405746,0.013280075159922838,1288.2856378543643,1266.5440060460278,20.161481688522922,1.0,8,8,0,,,1230.2797497453264,60,,MinBattery_NearestTask,1187.1112015225146,1816.9612465912573,-0.019484320245683192,0.00016585183486313325,2.7172005867958067,0.0001,0.0003,0.0001,0.0003,,256,3,4,4,1,128,,1,0.99,0.95,0.2,0.01,1,D:\Python project\HGNN_PPO_USV_Scheduling\models\best_u10_t100_seed0.pth,2.973424300085753,3.44335809990298,6.416901600081474,0.014731200062669814,1.804217399097979,1.5932402999605983,,
PPO_full_u10_t100_seed0_20260522_124407,PPO,full,u10_t100,10,100,0,69,2026-05-22 12:51:46,459.0380316999508,-0.8501698452013057,0.015546628147264688,1290.7068340914493,1244.156523011823,23.602506381535644,1.0,8,8,0,,,1230.2797497453264,60,,MinBattery_NearestTask,1187.1112015225146,1816.9612465912573,-0.01826487112790346,0.00014596171393350233,2.6398672223091126,0.0001,0.0003,0.0001,0.0003,,256,3,4,4,1,128,,1,0.99,0.95,0.2,0.01,1,D:\Python project\HGNN_PPO_USV_Scheduling\models\best_u10_t100_seed0.pth,3.071478100027889,3.4648894999409094,6.536472899955697,0.01765900000464171,1.8186523996992037,1.5966124992119148,,
PPO_full_u10_t100_seed0_20260522_124407,PPO,full,u10_t100,10,100,0,70,2026-05-22 12:51:55,467.41673339996487,-0.8475045099180458,0.009309947069209384,1286.6603879787504,1267.0408075017394,14.134131403370288,1.0,8,8,0,1240.0626179406079,1,1230.2797497453264,60,4.460527063528763,MinBattery_NearestTask,1187.1112015225146,1816.9612465912573,-0.004428916089236737,0.00014165546192089097,2.5934871292114257,0.0001,0.0003,0.0001,0.0003,,256,3,4,4,1,128,,1,0.99,0.95,0.2,0.01,1,D:\Python project\HGNN_PPO_USV_Scheduling\models\best_u10_t100_seed0.pth,3.0164481999818236,3.3786961999721825,8.30338679999113,0.015869900002144277,1.7538061995292082,1.5779919991036877,,
PPO_full_u10_t100_seed0_20260522_124407,PPO,full,u10_t100,10,100,0,71,2026-05-22 12:52:01,474.0289643999422,-0.8427479573689403,0.01829592534073679,1279.4391075293222,1240.386775152252,27.776421389921598,1.0,8,8,0,,,1230.2797497453264,60,,MinBattery_NearestTask,1187.1112015225146,1816.9612465912573,-0.016085272133350374,0.00015713732536823955,2.6108365178108217,0.0001,0.0003,0.0001,0.0003,,256,3,4,4,1,128,,1,0.99,0.95,0.2,0.01,1,D:\Python project\HGNN_PPO_USV_Scheduling\models\best_u10_t100_seed0.pth,3.08883510006126,3.462734999950044,6.551676500006579,0.015972499968484044,1.840477499878034,1.5738729001022875,,
PPO_full_u10_t100_seed0_20260522_124407,PPO,full,u10_t100,10,100,0,72,2026-05-22 12:52:08,480.711583300028,-0.8656492069339636,0.009120302621363225,1314.2072182658426,1298.0915408518708,13.846217892600452,1.0,8,8,0,,,1230.2797497453264,60,,MinBattery_NearestTask,1187.1112015225146,1816.9612465912573,-0.03227081965655088,0.00015001043047959683,2.6763020372390747,0.0001,0.0003,0.0001,0.0003,,256,3,4,4,1,128,,1,0.99,0.95,0.2,0.01,1,D:\Python project\HGNN_PPO_USV_Scheduling\models\best_u10_t100_seed0.pth,3.077514400007203,3.5267560000065714,6.604377799900249,0.016319100046530366,1.8367408997146413,1.643340500886552,,
PPO_full_u10_t100_seed0_20260522_124407,PPO,full,u10_t100,10,100,0,73,2026-05-22 12:52:14,487.206476100022,-0.8480425930561863,0.02268412749620559,1287.4772924921572,1233.4446289726195,34.43848138111945,1.0,8,8,0,,,1230.2797497453264,60,,MinBattery_NearestTask,1187.1112015225146,1816.9612465912573,-0.02375859744846821,0.00014301896371762268,2.68749712228775,0.0001,0.0003,0.0001,0.0003,,256,3,4,4,1,128,,1,0.99,0.95,0.2,0.01,1,D:\Python project\HGNN_PPO_USV_Scheduling\models\best_u10_t100_seed0.pth,2.991337399929762,3.439438599976711,6.430881200009026,0.014757900033146143,1.78197249956429,1.6119588994188234,,
PPO_full_u10_t100_seed0_20260522_124407,PPO,full,u10_t100,10,100,0,74,2026-05-22 12:52:21,493.64472209999803,-0.8422801063049105,0.007141725218570103,1278.7288276139752,1256.8922072195433,10.842390610348023,1.0,8,8,0,,,1230.2797497453264,60,,MinBattery_NearestTask,1187.1112015225146,1816.9612465912573,-0.022069369535893203,0.00012957903370988788,2.553307304382324,0.0001,0.0003,0.0001,0.0003,,256,3,4,4,1,128,,1,0.99,0.95,0.2,0.01,1,D:\Python project\HGNN_PPO_USV_Scheduling\models\best_u10_t100_seed0.pth,2.9629911000374705,3.406372500001453,6.369483000016771,0.014574300032109022,1.7933689004275948,1.568957800627686,,
PPO_full_u10_t100_seed0_20260522_124407,PPO,full,u10_t100,10,100,0,75,2026-05-22 12:52:27,500.04246169992257,-0.8304376140393785,0.012961032306643874,1260.7498487239652,1230.1871701970667,19.67711871867695,1.0,8,8,0,,,1230.2797497453264,60,,MinBattery_NearestTask,1187.1112015225146,1816.9612465912573,-0.023666592743247748,0.0001224255696797627,2.5075475645065306,0.0001,0.0003,0.0001,0.0003,,256,3,4,4,1,128,,1,0.99,0.95,0.2,0.01,1,D:\Python project\HGNN_PPO_USV_Scheduling\models\best_u10_t100_seed0.pth,2.908012600033544,3.4267671999987215,6.334899700013921,0.014330099918879569,1.801358599564992,1.580992800067179,,
PPO_full_u10_t100_seed0_20260522_124407,PPO,full,u10_t100,10,100,0,76,2026-05-22 12:52:34,506.5625342000276,-0.8369464357711662,0.012609297093799574,1270.6313809125272,1239.8989614326479,19.143123017028305,1.0,8,8,0,,,1230.2797497453264,60,,MinBattery_NearestTask,1187.1112015225146,1816.9612465912573,-0.017426880057901144,0.00011569145655812463,2.55373366355896,0.0001,0.0003,0.0001,0.0003,,256,3,4,4,1,128,,1,0.99,0.95,0.2,0.01,1,D:\Python project\HGNN_PPO_USV_Scheduling\models\best_u10_t100_seed0.pth,3.0151924999663606,3.422313899965957,6.437613300047815,0.014790499932132661,1.7737111004535109,1.6020031998632476,,
PPO_full_u10_t100_seed0_20260522_124407,PPO,full,u10_t100,10,100,0,77,2026-05-22 12:52:40,513.2000742999371,-0.8345580537202899,0.014207146838172993,1267.0053983481168,1243.5672083082868,21.56893898374935,1.0,8,8,0,,,1230.2797497453264,60,,MinBattery_NearestTask,1187.1112015225146,1816.9612465912573,-0.022667002584785222,0.00012460684574762128,2.42783166885376,0.0001,0.0003,0.0001,0.0003,,256,3,4,4,1,128,,1,0.99,0.95,0.2,0.01,1,D:\Python project\HGNN_PPO_USV_Scheduling\models\best_u10_t100_seed0.pth,2.995572099927813,3.576656899997033,6.572338899946772,0.017527899937704206,1.8635837006149814,1.6610621000872925,,
PPO_full_u10_t100_seed0_20260522_124407,PPO,full,u10_t100,10,100,0,78,2026-05-22 12:52:46,519.2794888999779,-0.8312533886316913,0.01968599221639815,1261.988337535724,1213.8234921679152,29.886786543881488,1.0,8,8,0,,,1230.2797497453264,60,,MinBattery_NearestTask,1187.1112015225146,1816.9612465912573,-0.0023145279474556446,0.00010678913480660412,2.34568271279335,0.0001,0.0003,0.0001,0.0003,,256,3,4,4,1,128,,1,0.99,0.95,0.2,0.01,1,D:\Python project\HGNN_PPO_USV_Scheduling\models\best_u10_t100_seed0.pth,2.5654462999664247,3.434866299969144,6.0004151000175625,0.014234400005079806,1.8552528001600876,1.5338266001781449,,
PPO_full_u10_t100_seed0_20260522_124407,PPO,full,u10_t100,10,100,0,79,2026-05-22 12:52:53,525.7079973999644,-0.8399107564103125,0.014086157641376435,1275.1317391985572,1242.7319001489636,21.385256177263106,1.0,8,8,0,,,1230.2797497453264,60,,MinBattery_NearestTask,1187.1112015225146,1816.9612465912573,-0.019434673357754947,0.00011124100819870364,2.3530698370933534,0.0001,0.0003,0.0001,0.0003,,256,3,4,4,1,128,,1,0.99,0.95,0.2,0.01,1,D:\Python project\HGNN_PPO_USV_Scheduling\models\best_u10_t100_seed0.pth,2.150239299982786,4.210525600006804,6.360881500062533,0.016964699956588447,2.112141100340523,2.0434818997746333,,
PPO_full_u10_t100_seed0_20260522_124407,PPO,full,u10_t100,10,100,0,80,2026-05-22 12:53:02,534.7141724999528,-0.828563900125332,0.01944012647364494,1257.9052225970304,1212.340912737889,29.51351925354915,1.0,8,8,0,1211.9530071960924,1,1211.9530071960924,80,2.092626675724832,MinBattery_NearestTask,1187.1112015225146,1816.9612465912573,-0.014192665945738554,0.00013177488239307422,2.4884779691696166,0.0001,0.0003,0.0001,0.0003,,256,3,4,4,1,128,,1,0.99,0.95,0.2,0.01,1,D:\Python project\HGNN_PPO_USV_Scheduling\models\best_u10_t100_seed0.pth,3.2554069999605417,3.5397222000174224,8.930126099963672,0.02704509999603033,1.8386780004948378,1.641941000125371,,
PPO_full_u10_t100_seed0_20260522_124407,PPO,full,u10_t100,10,100,0,81,2026-05-22 12:53:08,541.0107647000114,-0.8358238977808493,0.008931118121137636,1268.9271714962472,1242.0816851348038,13.559002662933496,1.0,8,8,0,,,1211.9530071960924,80,,MinBattery_NearestTask,1187.1112015225146,1816.9612465912573,-0.007490327712148428,0.00010347570103476756,2.47435547709465,0.0001,0.0003,0.0001,0.0003,,256,3,4,4,1,128,,1,0.99,0.95,0.2,0.01,1,D:\Python project\HGNN_PPO_USV_Scheduling\models\best_u10_t100_seed0.pth,2.6698653999483213,3.5679764000233263,6.2379735999275,0.014692199998535216,1.9361086004646495,1.584155600052327,,
PPO_full_u10_t100_seed0_20260522_124407,PPO,full,u10_t100,10,100,0,82,2026-05-22 12:53:15,547.5841396999313,-0.8359706982730668,0.019908913260441707,1269.1500403731222,1220.5592991787958,30.225219760060405,1.0,8,8,0,,,1211.9530071960924,80,,MinBattery_NearestTask,1187.1112015225146,1816.9612465912573,-0.014643727354705333,0.00011456941705546341,2.5621755933761596,0.0001,0.0003,0.0001,0.0003,,256,3,4,4,1,128,,1,0.99,0.95,0.2,0.01,1,D:\Python project\HGNN_PPO_USV_Scheduling\models\best_u10_t100_seed0.pth,3.0335310000227764,3.4583450000500306,6.49198399996385,0.014896699925884604,1.8346087001264095,1.5786088010063395,,
PPO_full_u10_t100_seed0_20260522_124407,PPO,full,u10_t100,10,100,0,83,2026-05-22 12:53:21,554.0788310000207,-0.8456784685632024,0.02168693638165322,1283.8881371522443,1229.8760695410288,32.92457049176855,1.0,8,8,0,,,1211.9530071960924,80,,MinBattery_NearestTask,1187.1112015225146,1816.9612465912573,-0.02355158593505621,0.00011144672243972309,2.655699954032898,0.0001,0.0003,0.0001,0.0003,,256,3,4,4,1,128,,1,0.99,0.95,0.2,0.01,1,D:\Python project\HGNN_PPO_USV_Scheduling\models\best_u10_t100_seed0.pth,2.908943000016734,3.5210854000179097,6.430134600028396,0.016985599999316037,1.866700300364755,1.6062820998486131,,
PPO_full_u10_t100_seed0_20260522_124407,PPO,full,u10_t100,10,100,0,84,2026-05-22 12:53:28,560.9946915999753,-0.8487502849519851,0.01020680754332473,1288.5516928269778,1261.5894544771595,15.49572279560919,1.0,8,8,0,,,1211.9530071960924,80,,MinBattery_NearestTask,1187.1112015225146,1816.9612465912573,-0.0269695820659399,0.00010572583854809637,2.642711763381958,0.0001,0.0003,0.0001,0.0003,,256,3,4,4,1,128,,1,0.99,0.95,0.2,0.01,1,D:\Python project\HGNN_PPO_USV_Scheduling\models\best_u10_t100_seed0.pth,3.3025826000375673,3.5425305999815464,6.845220600022003,0.015010700095444918,1.8687836003955454,1.627053799922578,,
PPO_full_u10_t100_seed0_20260522_124407,PPO,full,u10_t100,10,100,0,85,2026-05-22 12:53:35,567.9618005999364,-0.846255484997477,0.016734432506571185,1284.7641492330126,1241.7318092122293,25.4058015851635,1.0,8,8,0,,,1211.9530071960924,80,,MinBattery_NearestTask,1187.1112015225146,1816.9612465912573,-0.008059314340353013,0.00010382672571722651,2.693012993335724,0.0001,0.0003,0.0001,0.0003,,256,3,4,4,1,128,,1,0.99,0.95,0.2,0.01,1,D:\Python project\HGNN_PPO_USV_Scheduling\models\best_u10_t100_seed0.pth,3.0675241000717506,3.836871500010602,6.904504700098187,0.01584300003014505,1.9479038005229086,1.8395626003621146,,
PPO_full_u10_t100_seed0_20260522_124407,PPO,full,u10_t100,10,100,0,86,2026-05-22 12:53:42,574.8287776999641,-0.8356638196468682,0.013812482941774134,1268.6841448320058,1227.1714670428448,20.9697700163643,1.0,8,8,0,,,1211.9530071960924,80,,MinBattery_NearestTask,1187.1112015225146,1816.9612465912573,-0.02070165568962693,8.985590295196744e-05,2.648263981342316,0.0001,0.0003,0.0001,0.0003,,256,3,4,4,1,128,,1,0.99,0.95,0.2,0.01,1,D:\Python project\HGNN_PPO_USV_Scheduling\models\best_u10_t100_seed0.pth,3.3010141999693587,3.481560999993235,6.782685799989849,0.016179700032807887,1.837535100406967,1.5954177001258358,,
PPO_full_u10_t100_seed0_20260522_124407,PPO,full,u10_t100,10,100,0,87,2026-05-22 12:53:49,581.368267999962,-0.8283647198202401,0.011382253688230861,1257.6028319836137,1239.3397108947304,17.280256063755804,1.0,8,8,0,,,1211.9530071960924,80,,MinBattery_NearestTask,1187.1112015225146,1816.9612465912573,-0.026926582138985397,8.278912340756506e-05,2.58176705121994,0.0001,0.0003,0.0001,0.0003,,256,3,4,4,1,128,,1,0.99,0.95,0.2,0.01,1,D:\Python project\HGNN_PPO_USV_Scheduling\models\best_u10_t100_seed0.pth,3.0154712999938056,3.453672999981791,6.469248599954881,0.017573100049048662,1.8169765005586669,1.5890553003409877,,
PPO_full_u10_t100_seed0_20260522_124407,PPO,full,u10_t100,10,100,0,88,2026-05-22 12:53:56,588.4353660999332,-0.8361782132852814,0.016960655984338862,1269.4650845327733,1232.0513478099822,25.74924847455245,1.0,8,8,0,,,1211.9530071960924,80,,MinBattery_NearestTask,1187.1112015225146,1816.9612465912573,-0.03145037323236465,8.115218002785696e-05,2.5755616855621337,0.0001,0.0003,0.0001,0.0003,,256,3,4,4,1,128,,1,0.99,0.95,0.2,0.01,1,D:\Python project\HGNN_PPO_USV_Scheduling\models\best_u10_t100_seed0.pth,3.0963634999934584,3.900357799953781,6.996836700011045,0.01645729993470013,2.243817000533454,1.6041247009998187,,
PPO_full_u10_t100_seed0_20260522_124407,PPO,full,u10_t100,10,100,0,89,2026-05-22 12:54:02,595.1792228999548,-0.8474109593911113,0.01543563546530224,1286.5183618822844,1253.2271043759301,23.434000036654584,1.0,8,8,0,,,1211.9530071960924,80,,MinBattery_NearestTask,1187.1112015225146,1816.9612465912573,-0.0326407553255558,8.482765377266333e-05,2.44883420586586,0.0001,0.0003,0.0001,0.0003,,256,3,4,4,1,128,,1,0.99,0.95,0.2,0.01,1,D:\Python project\HGNN_PPO_USV_Scheduling\models\best_u10_t100_seed0.pth,3.1082539999624714,3.5656667000148445,6.674031000002287,0.025221899966709316,1.8508525006473064,1.6543235999997705,,
PPO_full_u10_t100_seed0_20260522_124407,PPO,full,u10_t100,10,100,0,90,2026-05-22 12:54:11,604.0576106000226,-0.837259717889174,0.018811167262963786,1271.1069980765487,1232.2811793190083,28.55864893419704,1.0,8,8,0,1231.952675429025,1,1211.9530071960924,80,3.777360861307643,MinBattery_NearestTask,1187.1112015225146,1816.9612465912573,-0.025673107970505954,8.711438164027641e-05,2.4779200553894043,0.0001,0.0003,0.0001,0.0003,,256,3,4,4,1,128,,1,0.99,0.95,0.2,0.01,1,D:\Python project\HGNN_PPO_USV_Scheduling\models\best_u10_t100_seed0.pth,2.9889354000333697,3.8504280999768525,8.80616060004104,0.016952099977061152,1.8443218996981159,1.9595517001580447,,
PPO_full_u10_t100_seed0_20260522_124407,PPO,full,u10_t100,10,100,0,91,2026-05-22 12:54:18,610.5837685000151,-0.8262286020296248,0.023486475846328344,1254.3598307805792,1189.2291847203483,35.65658680401898,1.0,8,8,0,,,1211.9530071960924,80,,MinBattery_NearestTask,1187.1112015225146,1816.9612465912573,-0.01687138993293047,8.573100520152366e-05,2.460649251937866,0.0001,0.0003,0.0001,0.0003,,256,3,4,4,1,128,,1,0.99,0.95,0.2,0.01,1,D:\Python project\HGNN_PPO_USV_Scheduling\models\best_u10_t100_seed0.pth,2.970580199966207,3.4825751000316814,6.453273899969645,0.015464099938981235,1.8653384004719555,1.569784400286153,,
PPO_full_u10_t100_seed0_20260522_124407,PPO,full,u10_t100,10,100,0,92,2026-05-22 12:54:25,617.6882556999335,-0.834515192159251,0.012431592071613477,1266.9403269861236,1245.2333826856793,18.873335647030956,1.0,8,8,0,,,1211.9530071960924,80,,MinBattery_NearestTask,1187.1112015225146,1816.9612465912573,-0.021786827556788922,7.714813837083057e-05,2.445711771249771,0.0001,0.0003,0.0001,0.0003,,256,3,4,4,1,128,,1,0.99,0.95,0.2,0.01,1,D:\Python project\HGNN_PPO_USV_Scheduling\models\best_u10_t100_seed0.pth,3.0474993999814615,3.985792600084096,7.033380200038664,0.014661099994555116,2.305807400145568,1.6363315004855394,,
PPO_full_u10_t100_seed0_20260522_124407,PPO,full,u10_t100,10,100,0,93,2026-05-22 12:54:32,624.5636229999363,-0.8501497696776656,0.013120056701436103,1290.6763559279311,1272.8243528269234,19.91854562214112,1.0,8,8,0,,,1211.9530071960924,80,,MinBattery_NearestTask,1187.1112015225146,1816.9612465912573,-0.02561869451776147,8.913596928323387e-05,2.4508657169342043,0.0001,0.0003,0.0001,0.0003,,256,3,4,4,1,128,,1,0.99,0.95,0.2,0.01,1,D:\Python project\HGNN_PPO_USV_Scheduling\models\best_u10_t100_seed0.pth,2.96744579996448,3.8311961999861524,6.798750499961898,0.01550939993467182,2.047299799276516,1.7326089007547125,,
PPO_full_u10_t100_seed0_20260522_124407,PPO,full,u10_t100,10,100,0,94,2026-05-22 12:54:39,631.99797269993,-0.8405424827550902,0.020830482164987407,1276.0908105124627,1246.3880542525096,31.624322880333533,1.0,8,8,0,,,1211.9530071960924,80,,MinBattery_NearestTask,1187.1112015225146,1816.9612465912573,-0.029873736202716827,8.682689338456839e-05,2.422163383960724,0.0001,0.0003,0.0001,0.0003,,256,3,4,4,1,128,,1,0.99,0.95,0.2,0.01,1,D:\Python project\HGNN_PPO_USV_Scheduling\models\best_u10_t100_seed0.pth,3.1160942000569776,4.250237299944274,7.366430100053549,0.027047600015066564,2.212498100125231,1.9782765997806564,,
PPO_full_u10_t100_seed0_20260522_124407,PPO,full,u10_t100,10,100,0,95,2026-05-22 12:54:46,638.5989402999403,-0.8279749400648047,0.011396103576633404,1257.0110779982535,1231.1666033244442,17.30128262181766,1.0,8,8,0,,,1211.9530071960924,80,,MinBattery_NearestTask,1187.1112015225146,1816.9612465912573,-0.020205870177596806,6.96357453125529e-05,2.409174737930298,0.0001,0.0003,0.0001,0.0003,,256,3,4,4,1,128,,1,0.99,0.95,0.2,0.01,1,D:\Python project\HGNN_PPO_USV_Scheduling\models\best_u10_t100_seed0.pth,3.050699400017038,3.4769239000743255,6.5277335999999195,0.01523659995291382,1.82242769934237,1.6089164994191378,,
PPO_full_u10_t100_seed0_20260522_124407,PPO,full,u10_t100,10,100,0,96,2026-05-22 12:54:53,645.6821934999898,-0.8321918297306841,0.018174167952306593,1263.4130556043535,1224.2399331288973,27.591572333894682,1.0,8,8,0,,,1211.9530071960924,80,,MinBattery_NearestTask,1187.1112015225146,1816.9612465912573,-0.02185586476698518,7.28285266450257e-05,2.439957344532013,0.0001,0.0003,0.0001,0.0003,,256,3,4,4,1,128,,1,0.99,0.95,0.2,0.01,1,D:\Python project\HGNN_PPO_USV_Scheduling\models\best_u10_t100_seed0.pth,2.9982676999643445,4.01665280002635,7.015038499957882,0.014449000009335577,1.9468162000412121,2.025890899938531,,
PPO_full_u10_t100_seed0_20260522_124407,PPO,full,u10_t100,10,100,0,97,2026-05-22 12:54:59,651.5349686000263,-0.8420501444550693,0.013925118867287138,1278.3797052205553,1256.0601844105358,21.140771092966194,1.0,8,8,0,,,1211.9530071960924,80,,MinBattery_NearestTask,1187.1112015225146,1816.9612465912573,-0.01968586701899767,6.408961955457926e-05,2.4460734939575195,0.0001,0.0003,0.0001,0.0003,,256,3,4,4,1,128,,1,0.99,0.95,0.2,0.01,1,D:\Python project\HGNN_PPO_USV_Scheduling\models\best_u10_t100_seed0.pth,2.1761249999981374,3.6124042000155896,5.7886210000142455,0.015543799963779747,1.9017127002589405,1.6627865994814783,,
PPO_full_u10_t100_seed0_20260522_124407,PPO,full,u10_t100,10,100,0,98,2026-05-22 12:55:04,657.2835446000099,-0.8546394825422043,0.012337694839422216,1297.4925269672563,1267.344591784026,18.73078319121807,1.0,8,8,0,,,1211.9530071960924,80,,MinBattery_NearestTask,1187.1112015225146,1816.9612465912573,-0.02005402175709605,6.568986258571385e-05,2.4398979139328003,0.0001,0.0003,0.0001,0.0003,,256,3,4,4,1,128,,1,0.99,0.95,0.2,0.01,1,D:\Python project\HGNN_PPO_USV_Scheduling\models\best_u10_t100_seed0.pth,2.2064423999981955,3.466686200001277,5.673220800003037,0.015374199952930212,1.792019500164315,1.6320812992053106,,
PPO_full_u10_t100_seed0_20260522_124407,PPO,full,u10_t100,10,100,0,99,2026-05-22 12:55:10,662.9497605999932,-0.8397241711493253,0.01870546047870712,1274.8484700696222,1236.6987862643723,28.39816750849126,1.0,8,8,0,,,1211.9530071960924,80,,MinBattery_NearestTask,1187.1112015225146,1816.9612465912573,-0.015852488484233616,7.327051724132617e-05,2.3906634783744813,0.0001,0.0003,0.0001,0.0003,,256,3,4,4,1,128,,1,0.99,0.95,0.2,0.01,1,D:\Python project\HGNN_PPO_USV_Scheduling\models\best_u10_t100_seed0.pth,2.0736101999646053,3.5225167999742553,5.5962360999546945,0.014475499978289008,1.8750410994980484,1.6043018999043852,,
PPO_full_u10_t100_seed0_20260522_124407,PPO,full,u10_t100,10,100,0,100,2026-05-22 12:55:18,670.8518325999612,-0.832721829761524,0.008616166430348227,1264.2176885441534,1238.7605820638341,13.080850794803881,1.0,8,8,0,1191.6407767036706,1,1191.6407767036706,100,0.3815628371922155,MinBattery_NearestTask,1187.1112015225146,1816.9612465912573,-0.026899116467684506,5.576464367550216e-05,2.3986828553676607,0.0001,0.0003,0.0001,0.0003,,256,3,4,4,1,128,,1,0.99,0.95,0.2,0.01,1,D:\Python project\HGNN_PPO_USV_Scheduling\models\best_u10_t100_seed0.pth,2.1370837999274954,3.8309169000713155,7.827532099909149,0.014334899955429137,2.1072458998532966,1.6760067993309349,,
PPO_full_u10_t100_seed0_20260522_124407,PPO,full,u10_t100,10,100,0,101,2026-05-22 12:55:24,676.5220948000206,-0.8346177270791992,0.014568153017654854,1267.0959929658773,1224.0335893532842,22.117009637674027,1.0,8,8,0,,,1191.6407767036706,100,,MinBattery_NearestTask,1187.1112015225146,1816.9612465912573,-0.03447147013619542,6.580218418093864e-05,2.6924447774887086,0.0001,0.0003,0.0001,0.0003,,256,3,4,4,1,128,,1,0.99,0.95,0.2,0.01,1,D:\Python project\HGNN_PPO_USV_Scheduling\models\best_u10_t100_seed0.pth,2.1246539000421762,3.4738890000153333,5.598652700078674,0.013336199917830527,1.821354000014253,1.6070255007361993,,
PPO_full_u10_t100_seed0_20260522_124407,PPO,full,u10_t100,10,100,0,102,2026-05-22 12:55:29,682.3147646000143,-0.8463548373411398,0.018864364947570662,1284.9149835041555,1233.0758188476243,28.639412343376367,1.0,8,8,0,,,1191.6407767036706,100,,MinBattery_NearestTask,1187.1112015225146,1816.9612465912573,0.051003628931939604,7.367942816927098e-05,2.9151989316940305,0.0001,0.0003,0.0001,0.0003,,256,3,4,4,1,128,,1,0.99,0.95,0.2,0.01,1,D:\Python project\HGNN_PPO_USV_Scheduling\models\best_u10_t100_seed0.pth,2.099151299917139,3.6161383000435308,5.715400199987926,0.01277719996869564,1.8802937004948035,1.6933539995225146,,
PPO_full_u10_t100_seed0_20260522_124407,PPO,full,u10_t100,10,100,0,103,2026-05-22 12:55:36,688.9624148999574,-0.8498506666192063,0.012312958087001816,1290.2222650614647,1259.517146880408,18.693228465438914,1.0,8,8,0,,,1191.6407767036706,100,,MinBattery_NearestTask,1187.1112015225146,1816.9612465912573,-0.020975840743631124,5.8027253326145e-05,2.91504816532135,0.0001,0.0003,0.0001,0.0003,,256,3,4,4,1,128,,1,0.99,0.95,0.2,0.01,1,D:\Python project\HGNN_PPO_USV_Scheduling\models\best_u10_t100_seed0.pth,3.0147701000096276,3.559598400024697,6.574477800051682,0.014558900031261146,1.8949851000215858,1.618127500754781,,
PPO_full_u10_t100_seed0_20260522_124407,PPO,full,u10_t100,10,100,0,104,2026-05-22 12:55:43,695.5486947000027,-0.8904615666674797,0.06948625166459763,1351.8767291979807,1268.0618382755156,105.49230886642229,1.0,8,8,0,,,1191.6407767036706,100,,MinBattery_NearestTask,1187.1112015225146,1816.9612465912573,-0.04433731190860271,0.00020569744494423504,2.9521703934669494,0.0001,0.0003,0.0001,0.0003,,256,3,4,4,1,128,,1,0.99,0.95,0.2,0.01,1,D:\Python project\HGNN_PPO_USV_Scheduling\models\best_u10_t100_seed0.pth,3.0247897999361157,3.4912059000926092,6.516101900022477,0.018018499948084354,1.848160800873302,1.596520799677819,,
PPO_full_u10_t100_seed0_20260522_124407,PPO,full,u10_t100,10,100,0,105,2026-05-22 12:55:49,702.0711084000068,-0.849389567636917,0.018635071940952392,1289.5222359896356,1246.5229300152175,28.291305371196582,1.0,8,8,0,,,1191.6407767036706,100,,MinBattery_NearestTask,1187.1112015225146,1816.9612465912573,-0.03924950622022152,6.149046701466432e-05,2.8758716416358947,0.0001,0.0003,0.0001,0.0003,,256,3,4,4,1,128,,1,0.99,0.95,0.2,0.01,1,D:\Python project\HGNN_PPO_USV_Scheduling\models\best_u10_t100_seed0.pth,3.0291956000728533,3.4189777999417856,6.4482822000281885,0.013555100071243942,1.8060330011649057,1.5730330994119868,,
PPO_full_u10_t100_seed0_20260522_124407,PPO,full,u10_t100,10,100,0,106,2026-05-22 12:55:56,708.7317619000096,-0.8462382815342839,0.01377087703497666,1284.7380313606386,1260.8505734604632,20.906604957587966,1.0,8,8,0,,,1191.6407767036706,100,,MinBattery_NearestTask,1187.1112015225146,1816.9612465912573,-0.032239703051745894,5.5488878242613285e-05,2.828328263759613,0.0001,0.0003,0.0001,0.0003,,256,3,4,4,1,128,,1,0.99,0.95,0.2,0.01,1,D:\Python project\HGNN_PPO_USV_Scheduling\models\best_u10_t100_seed0.pth,3.096537399920635,3.4900359000312164,6.586698399973102,0.013871900038793683,1.8570076990872622,1.585039500030689,,
PPO_full_u10_t100_seed0_20260522_124407,PPO,full,u10_t100,10,100,0,107,2026-05-22 12:56:03,715.5071148999268,-0.8503697171567413,0.017707280202268885,1291.0102747513129,1246.9933230106042,26.882754898027493,1.0,8,8,0,,,1191.6407767036706,100,,MinBattery_NearestTask,1187.1112015225146,1816.9612465912573,-0.035657444950193164,5.498163753145491e-05,2.725650508403778,0.0001,0.0003,0.0001,0.0003,,256,3,4,4,1,128,,1,0.99,0.95,0.2,0.01,1,D:\Python project\HGNN_PPO_USV_Scheduling\models\best_u10_t100_seed0.pth,3.142497600056231,3.563207400031388,6.705798500101082,0.014021999901160598,1.843327300157398,1.6782675004797056,,
PPO_full_u10_t100_seed0_20260522_124407,PPO,full,u10_t100,10,100,0,108,2026-05-22 12:56:10,722.390483599971,-0.8451722870361698,0.018583046387403077,1283.1196648758873,1250.9125807415585,28.212321462401775,1.0,8,8,0,,,1191.6407767036706,100,,MinBattery_NearestTask,1187.1112015225146,1816.9612465912573,-0.03446149170398712,5.5249708020710385e-05,2.7874572229385377,0.0001,0.0003,0.0001,0.0003,,256,3,4,4,1,128,,1,0.99,0.95,0.2,0.01,1,D:\Python project\HGNN_PPO_USV_Scheduling\models\best_u10_t100_seed0.pth,3.1972688999958336,3.6165398999582976,6.813898099935614,0.01485589996445924,1.919295398867689,1.6488212004769593,,
PPO_full_u10_t100_seed0_20260522_124407,PPO,full,u10_t100,10,100,0,109,2026-05-22 12:56:16,729.0038921999512,-0.8382351940671291,0.01795989575565241,1272.5879418861728,1247.520287143349,27.266269583934367,1.0,8,8,0,,,1191.6407767036706,100,,MinBattery_NearestTask,1187.1112015225146,1816.9612465912573,-0.031973982732743024,6.190101867105113e-05,2.6938610172271726,0.0001,0.0003,0.0001,0.0003,,256,3,4,4,1,128,,1,0.99,0.95,0.2,0.01,1,D:\Python project\HGNN_PPO_USV_Scheduling\models\best_u10_t100_seed0.pth,2.9257892000023276,3.6155779999680817,6.541487199952826,0.014460799982771277,1.9506990003865212,1.6206860003294423,,
PPO_full_u10_t100_seed0_20260522_124407,PPO,full,u10_t100,10,100,0,110,2026-05-22 12:56:25,737.7483668000204,-0.8299470070638417,0.016134075378598095,1260.0050213465272,1225.8420432172388,24.494354240442764,1.0,8,8,0,1254.31953325662,1,1191.6407767036706,100,5.661502616427852,MinBattery_NearestTask,1187.1112015225146,1816.9612465912573,-0.02578115724027157,4.827244938496733e-05,2.6045453929901123,0.0001,0.0003,0.0001,0.0003,,256,3,4,4,1,128,,1,0.99,0.95,0.2,0.01,1,D:\Python project\HGNN_PPO_USV_Scheduling\models\best_u10_t100_seed0.pth,3.064613900030963,3.5065713999792933,8.672435100073926,0.014947599964216352,1.857873999280855,1.6016972007928416,,
PPO_full_u10_t100_seed0_20260522_124407,PPO,full,u10_t100,10,100,0,111,2026-05-22 12:56:32,744.389980899985,-0.8164893217867993,0.026144040198897066,1239.573896370532,1156.9914792068785,39.69123528191937,1.0,8,8,0,,,1191.6407767036706,100,,MinBattery_NearestTask,1187.1112015225146,1816.9612465912573,-0.024754604641348123,5.9985571169818286e-05,2.668303337097168,0.0001,0.0003,0.0001,0.0003,,256,3,4,4,1,128,,1,0.99,0.95,0.2,0.01,1,D:\Python project\HGNN_PPO_USV_Scheduling\models\best_u10_t100_seed0.pth,3.0783889000304043,3.49424969998654,6.572749400045723,0.015822799992747605,1.8505980984773487,1.5980832005152479,,
PPO_full_u10_t100_seed0_20260522_124407,PPO,full,u10_t100,10,100,0,112,2026-05-22 12:56:38,750.9315362999914,-0.8330965025982181,0.013578502069950512,1264.7865075790783,1234.933194225328,20.614546043161745,1.0,8,8,0,,,1191.6407767036706,100,,MinBattery_NearestTask,1187.1112015225146,1816.9612465912573,-0.029658261984586716,4.732945062642102e-05,2.6167349100112913,0.0001,0.0003,0.0001,0.0003,,256,3,4,4,1,128,,1,0.99,0.95,0.2,0.01,1,D:\Python project\HGNN_PPO_USV_Scheduling\models\best_u10_t100_seed0.pth,2.984916100045666,3.4775153999216855,6.462557299993932,0.01404140004888177,1.8268899001413956,1.605568399420008,,
PPO_full_u10_t100_seed0_20260522_124407,PPO,full,u10_t100,10,100,0,113,2026-05-22 12:56:44,756.5668439000146,-0.839813323329954,0.01177788939946412,1274.9838187054988,1237.2330252700408,17.880900416389146,1.0,8,8,0,,,1191.6407767036706,100,,MinBattery_NearestTask,1187.1112015225146,1816.9612465912573,-0.02406432928517461,4.686248108555446e-05,2.6042377185821532,0.0001,0.0003,0.0001,0.0003,,256,3,4,4,1,128,,1,0.99,0.95,0.2,0.01,1,D:\Python project\HGNN_PPO_USV_Scheduling\models\best_u10_t100_seed0.pth,2.0875336000462994,3.4794454999500886,5.567093100049533,0.013511799974367023,1.7875408002873883,1.65096169966273,,
PPO_full_u10_t100_seed0_20260522_124407,PPO,full,u10_t100,10,100,0,114,2026-05-22 12:56:49,762.131597999949,-0.8283638431665408,0.01669355544504987,1257.6015010696474,1221.0364344485447,25.34374304126081,1.0,8,8,0,,,1191.6407767036706,100,,MinBattery_NearestTask,1187.1112015225146,1816.9612465912573,-0.021324172075837852,4.968878280124045e-05,2.593255362510681,0.0001,0.0003,0.0001,0.0003,,256,3,4,4,1,128,,1,0.99,0.95,0.2,0.01,1,D:\Python project\HGNN_PPO_USV_Scheduling\models\best_u10_t100_seed0.pth,2.0594873999943957,3.438099200022407,5.497680000029504,0.013756399974226952,1.8189044002210721,1.5744673004373908,,
PPO_full_u10_t100_seed0_20260522_124407,PPO,full,u10_t100,10,100,0,115,2026-05-22 12:56:55,767.8874700999586,-0.8319843891535561,0.01820636134865928,1263.0981244502102,1219.4510213018564,27.64044755208739,1.0,8,8,0,,,1191.6407767036706,100,,MinBattery_NearestTask,1187.1112015225146,1816.9612465912573,-0.02093723274767399,4.1415933683310865e-05,2.564481644630432,0.0001,0.0003,0.0001,0.0003,,256,3,4,4,1,128,,1,0.99,0.95,0.2,0.01,1,D:\Python project\HGNN_PPO_USV_Scheduling\models\best_u10_t100_seed0.pth,2.2257207999937236,3.455216099973768,5.681078299996443,0.013839200022630394,1.8182131003122777,1.5953366003232077,,
PPO_full_u10_t100_seed0_20260522_124407,PPO,full,u10_t100,10,100,0,116,2026-05-22 12:57:02,774.5002101999708,-0.8368368533853054,0.012416815155915466,1270.4650156443106,1250.1863699362711,18.850901699054663,1.0,8,8,0,,,1191.6407767036706,100,,MinBattery_NearestTask,1187.1112015225146,1816.9612465912573,-0.02413715422153473,3.602682139899116e-05,2.50764479637146,0.0001,0.0003,0.0001,0.0003,,256,3,4,4,1,128,,1,0.99,0.95,0.2,0.01,1,D:\Python project\HGNN_PPO_USV_Scheduling\models\best_u10_t100_seed0.pth,3.0747749999864027,3.4650607999647036,6.539922999916598,0.014415699988603592,1.7914344997843727,1.6288741003954783,,
PPO_full_u10_t100_seed0_20260522_124407,PPO,full,u10_t100,10,100,0,117,2026-05-22 12:57:07,780.1044856000226,-0.8273485298517134,0.015591137056044714,1256.060077504005,1210.525033062968,23.67007870613009,1.0,8,8,0,,,1191.6407767036706,100,,MinBattery_NearestTask,1187.1112015225146,1816.9612465912573,-0.015904462095350028,4.678423547375132e-05,2.4331620073318483,0.0001,0.0003,0.0001,0.0003,,256,3,4,4,1,128,,1,0.99,0.95,0.2,0.01,1,D:\Python project\HGNN_PPO_USV_Scheduling\models\best_u10_t100_seed0.pth,2.0515383000019938,3.4825765000423416,5.5342056000372395,0.014356900006532669,1.7971383009571582,1.6439446003641933,,
PPO_full_u10_t100_seed0_20260522_124407,PPO,full,u10_t100,10,100,0,118,2026-05-22 12:57:13,785.7300267999526,-0.8280701239321986,0.02330873454230519,1257.1555837918122,1214.647837758855,35.386744351833855,1.0,8,8,0,,,1191.6407767036706,100,,MinBattery_NearestTask,1187.1112015225146,1816.9612465912573,-0.022641006205230952,4.097765375263407e-05,2.4299807572364807,0.0001,0.0003,0.0001,0.0003,,256,3,4,4,1,128,,1,0.99,0.95,0.2,0.01,1,D:\Python project\HGNN_PPO_USV_Scheduling\models\best_u10_t100_seed0.pth,2.179483199957758,3.3798812000313774,5.5594565999927,0.01445429993327707,1.7637344998074695,1.5759036005474627,,
PPO_full_u10_t100_seed0_20260522_124407,PPO,full,u10_t100,10,100,0,119,2026-05-22 12:57:19,791.4053083999315,-0.8238944854556007,0.02261297510778824,1250.8162327211285,1223.3526398215174,34.330459584638874,1.0,8,8,0,,,1191.6407767036706,100,,MinBattery_NearestTask,1187.1112015225146,1816.9612465912573,-0.02441759640350938,5.240332195171504e-05,2.4121138310432433,0.0001,0.0003,0.0001,0.0003,,256,3,4,4,1,128,,1,0.99,0.95,0.2,0.01,1,D:\Python project\HGNN_PPO_USV_Scheduling\models\best_u10_t100_seed0.pth,2.1265622000209987,3.4826485000085086,5.609311599982902,0.013853200012817979,1.822564800386317,1.6169589005876333,,
PPO_full_u10_t100_seed0_20260522_124407,PPO,full,u10_t100,10,100,0,120,2026-05-22 12:57:26,799.1354894000106,-0.8445612294785292,0.023803604054354832,1282.1919724034692,1237.5920409982475,36.1380430067923,1.0,8,8,0,1255.286379832996,1,1191.6407767036706,100,5.742947941443415,MinBattery_NearestTask,1187.1112015225146,1816.9612465912573,-0.024107809029519558,5.534126656129956e-05,2.3489461648464203,0.0001,0.0003,0.0001,0.0003,,256,3,4,4,1,128,,1,0.99,0.95,0.2,0.01,1,D:\Python project\HGNN_PPO_USV_Scheduling\models\best_u10_t100_seed0.pth,2.1085634999908507,3.549204900045879,7.670924099977128,0.014912599930539727,1.8601918002823368,1.647069799597375,,
PPO_full_u10_t100_seed0_20260522_124407,PPO,full,u10_t100,10,100,0,121,2026-05-22 12:57:32,804.707831799984,-0.8180907706993676,0.01034851142536517,1242.0051765053981,1222.0257187625593,15.710854124953851,1.0,8,8,0,,,1191.6407767036706,100,,MinBattery_NearestTask,1187.1112015225146,1816.9612465912573,-0.01998189985752106,3.5197072065784596e-05,2.4705492520332335,0.0001,0.0003,0.0001,0.0003,,256,3,4,4,1,128,,1,0.99,0.95,0.2,0.01,1,D:\Python project\HGNN_PPO_USV_Scheduling\models\best_u10_t100_seed0.pth,2.149201799998991,3.356431500054896,5.505791599978693,0.014441200066357851,1.8118634998099878,1.5044453998561949,,
PPO_full_u10_t100_seed0_20260522_124407,PPO,full,u10_t100,10,100,0,122,2026-05-22 12:57:37,810.2235769999679,-0.8235309996407687,0.0171513552298875,1250.264397546137,1220.6575974028246,26.038763353108752,1.0,8,8,0,,,1191.6407767036706,100,,MinBattery_NearestTask,1187.1112015225146,1816.9612465912573,-0.034321137554943565,3.9460159196096354e-05,2.640117655992508,0.0001,0.0003,0.0001,0.0003,,256,3,4,4,1,128,,1,0.99,0.95,0.2,0.01,1,D:\Python project\HGNN_PPO_USV_Scheduling\models\best_u10_t100_seed0.pth,2.0800250000320375,3.366607500007376,5.446725900052115,0.012874400010332465,1.803394699585624,1.5231439002091065,,
PPO_full_u10_t100_seed0_20260522_124407,PPO,full,u10_t100,10,100,0,123,2026-05-22 12:57:43,815.7545207999647,-0.8464664544782794,0.01370571767803935,1285.0844378814436,1261.561455764767,20.807681633291377,1.0,8,8,0,,,1191.6407767036706,100,,MinBattery_NearestTask,1187.1112015225146,1816.9612465912573,-0.01618685742840171,6.383051761076785e-05,2.5443808364868166,0.0001,0.0003,0.0001,0.0003,,256,3,4,4,1,128,,1,0.99,0.95,0.2,0.01,1,D:\Python project\HGNN_PPO_USV_Scheduling\models\best_u10_t100_seed0.pth,2.1008920000167564,3.362045600079,5.463041500071995,0.012785000028088689,1.7423477000556886,1.5768265996593982,,
PPO_full_u10_t100_seed0_20260522_124407,PPO,full,u10_t100,10,100,0,124,2026-05-22 12:57:49,821.3978753000265,-0.8132655902236345,0.00732240557425244,1234.679706834948,1211.9246247922251,11.116695058078738,1.0,8,8,0,,,1191.6407767036706,100,,MinBattery_NearestTask,1187.1112015225146,1816.9612465912573,-0.01874179570004344,3.8999860971671294e-05,2.605694832801819,0.0001,0.0003,0.0001,0.0003,,256,3,4,4,1,128,,1,0.99,0.95,0.2,0.01,1,D:\Python project\HGNN_PPO_USV_Scheduling\models\best_u10_t100_seed0.pth,2.076050699921325,3.4939335000235587,5.57008620002307,0.013889500056393445,1.8337041004560888,1.620854199398309,,
PPO_full_u10_t100_seed0_20260522_124407,PPO,full,u10_t100,10,100,0,125,2026-05-22 12:57:54,826.9758503999328,-0.8256261114201517,0.021520250593190616,1253.4451444370065,1214.8156151059457,32.671512249901895,1.0,8,8,0,,,1191.6407767036706,100,,MinBattery_NearestTask,1187.1112015225146,1816.9612465912573,-0.012570154797285795,5.4627961144433354e-05,2.6321120643615723,0.0001,0.0003,0.0001,0.0003,,256,3,4,4,1,128,,1,0.99,0.95,0.2,0.01,1,D:\Python project\HGNN_PPO_USV_Scheduling\models\best_u10_t100_seed0.pth,2.0378528999863192,3.4713788999943063,5.509328500018455,0.013588499976322055,1.8135266994358972,1.6169021995738149,,
PPO_full_u10_t100_seed0_20260522_124407,PPO,full,u10_t100,10,100,0,126,2026-05-22 12:58:00,832.7535215999233,-0.8271358826719071,0.015204147434747736,1255.737241814436,1215.6252507512481,23.082560633418172,1.0,8,8,0,,,1191.6407767036706,100,,MinBattery_NearestTask,1187.1112015225146,1816.9612465912573,-0.02547012930735946,4.1501627583784285e-05,2.5329220700263977,0.0001,0.0003,0.0001,0.0003,,256,3,4,4,1,128,,1,0.99,0.95,0.2,0.01,1,D:\Python project\HGNN_PPO_USV_Scheduling\models\best_u10_t100_seed0.pth,2.1855646000476554,3.5200679999543354,5.705720099969767,0.01357030007056892,1.8503319998271763,1.632058400195092,,
PPO_full_u10_t100_seed0_20260522_124407,PPO,full,u10_t100,10,100,0,127,2026-05-22 12:58:06,838.4831170999678,-0.8152925111440931,0.018195476319780697,1237.7569280501739,1208.519779322041,27.62392217043314,1.0,8,8,0,,,1191.6407767036706,100,,MinBattery_NearestTask,1187.1112015225146,1816.9612465912573,-0.01472898717969656,5.249230887784506e-05,2.410420199632645,0.0001,0.0003,0.0001,0.0003,,256,3,4,4,1,128,,1,0.99,0.95,0.2,0.01,1,D:\Python project\HGNN_PPO_USV_Scheduling\models\best_u10_t100_seed0.pth,2.178101599914953,3.483783300034702,5.661993599962443,0.013605999993160367,1.7826562995323911,1.6583000000100583,,
PPO_full_u10_t100_seed0_20260522_124407,PPO,full,u10_t100,10,100,0,128,2026-05-22 12:58:11,844.2067562999437,-0.8194957187668512,0.01787523821276149,1244.1381339167672,1208.301127785209,27.13774459591764,1.0,8,8,0,,,1191.6407767036706,100,,MinBattery_NearestTask,1187.1112015225146,1816.9612465912573,-0.016363591235131026,4.532956043476588e-05,2.389889334440231,0.0001,0.0003,0.0001,0.0003,,256,3,4,4,1,128,,1,0.99,0.95,0.2,0.01,1,D:\Python project\HGNN_PPO_USV_Scheduling\models\best_u10_t100_seed0.pth,2.1776565000182018,3.477895100018941,5.655643200036138,0.013834799989126623,1.8256682992214337,1.61181469890289,,
PPO_full_u10_t100_seed0_20260522_124407,PPO,full,u10_t100,10,100,0,129,2026-05-22 12:58:17,849.7965301999357,-0.8075261958125777,0.011857487582029976,1225.9663001766075,1199.1324929607254,18.001744408679617,1.0,8,8,0,,,1191.6407767036706,100,,MinBattery_NearestTask,1187.1112015225146,1816.9612465912573,-0.01836047410964966,3.4143196007789814e-05,2.3864654803276064,0.0001,0.0003,0.0001,0.0003,,256,3,4,4,1,128,,1,0.99,0.95,0.2,0.01,1,D:\Python project\HGNN_PPO_USV_Scheduling\models\best_u10_t100_seed0.pth,2.0611822999780998,3.447795500047505,5.509159600012936,0.014770400011911988,1.7734186010202393,1.6294455995084718,,
PPO_full_u10_t100_seed0_20260522_124407,PPO,full,u10_t100,10,100,0,130,2026-05-22 12:58:25,857.5362112999428,-0.8044074612971779,0.00572008470309216,1221.2315145623397,1211.4847082267797,8.684091137241998,1.0,8,8,0,1116.8193723146078,1,1116.8193723146078,130,-5.921250605482869,MinBattery_NearestTask,1187.1112015225146,1816.9612465912573,-0.008170378524810076,3.585216922147083e-05,2.3772287917137147,0.0001,0.0003,0.0001,0.0003,,256,3,4,4,1,128,,1,0.99,0.95,0.2,0.01,1,D:\Python project\HGNN_PPO_USV_Scheduling\models\best_u10_t100_seed0.pth,2.072866900009103,3.3881433000788093,7.673323800088838,0.013465199968777597,1.7971715001622215,1.5522215008968487,,
PPO_full_u10_t100_seed0_20260522_124407,PPO,full,u10_t100,10,100,0,131,2026-05-22 12:58:30,863.1761392999906,-0.8040167014057396,0.012040524050624342,1220.638272558739,1201.7334280443374,18.279625848766162,1.0,8,8,0,,,1116.8193723146078,130,,MinBattery_NearestTask,1187.1112015225146,1816.9612465912573,-0.012944478373974562,4.2578496786518374e-05,2.4225406527519224,0.0001,0.0003,0.0001,0.0003,,256,3,4,4,1,128,,1,0.99,0.95,0.2,0.01,1,D:\Python project\HGNN_PPO_USV_Scheduling\models\best_u10_t100_seed0.pth,2.1179872000357136,3.4520621999399737,5.570204799994826,0.013929600012488663,1.8276087996782735,1.5770477997139096,,
PPO_full_u10_t100_seed0_20260522_124407,PPO,full,u10_t100,10,100,0,132,2026-05-22 12:58:36,868.8107915000292,-0.8223480906398714,0.009744936045488052,1248.4685343545827,1231.622396770559,14.794520909780406,1.0,8,8,0,,,1116.8193723146078,130,,MinBattery_NearestTask,1187.1112015225146,1816.9612465912573,-0.015214521661400795,3.379696054253145e-05,2.429994959831238,0.0001,0.0003,0.0001,0.0003,,256,3,4,4,1,128,,1,0.99,0.95,0.2,0.01,1,D:\Python project\HGNN_PPO_USV_Scheduling\models\best_u10_t100_seed0.pth,2.1493253000080585,3.405090200016275,5.554507800028659,0.01289290003478527,1.8151576005620882,1.551673199981451,,
PPO_full_u10_t100_seed0_20260522_124407,PPO,full,u10_t100,10,100,0,133,2026-05-22 12:58:42,874.5364892999642,-0.8118122098469468,0.015701649848361712,1232.4732206894873,1194.6603009356706,23.837856494419366,1.0,8,8,0,,,1116.8193723146078,130,,MinBattery_NearestTask,1187.1112015225146,1816.9612465912573,-0.019791819136589766,3.87803007470211e-05,2.4861891627311707,0.0001,0.0003,0.0001,0.0003,,256,3,4,4,1,128,,1,0.99,0.95,0.2,0.01,1,D:\Python project\HGNN_PPO_USV_Scheduling\models\best_u10_t100_seed0.pth,2.1187120999675244,3.535543299978599,5.654344499926083,0.01414309989195317,1.8744146999670193,1.6169809995917603,,
PPO_full_u10_t100_seed0_20260522_124407,PPO,full,u10_t100,10,100,0,134,2026-05-22 12:58:48,880.3434192999266,-0.8145145258418213,0.022522957575287564,1236.575810004018,1166.173894573664,34.193797192950335,1.0,8,8,0,,,1116.8193723146078,130,,MinBattery_NearestTask,1187.1112015225146,1816.9612465912573,-0.020904286075383426,4.3466682964208306e-05,2.4497754263877867,0.0001,0.0003,0.0001,0.0003,,256,3,4,4,1,128,,1,0.99,0.95,0.2,0.01,1,D:\Python project\HGNN_PPO_USV_Scheduling\models\best_u10_t100_seed0.pth,2.101165600004606,3.6256353999488056,5.726895899977535,0.014403800014406443,1.9001363002462313,1.6840706004295498,,
PPO_full_u10_t100_seed0_20260522_124407,PPO,full,u10_t100,10,100,0,135,2026-05-22 12:58:53,885.9099516000133,-0.8108603262847731,0.009516816503954511,1231.0280946056914,1210.7338857606799,14.448195463272267,1.0,8,8,0,,,1116.8193723146078,130,,MinBattery_NearestTask,1187.1112015225146,1816.9612465912573,-0.02297429908066988,3.13255837863835e-05,2.3963702178001403,0.0001,0.0003,0.0001,0.0003,,256,3,4,4,1,128,,1,0.99,0.95,0.2,0.01,1,D:\Python project\HGNN_PPO_USV_Scheduling\models\best_u10_t100_seed0.pth,2.140825600014068,3.3517806000309065,5.4927166000707075,0.013712599989958107,1.792744900798425,1.5126435005804524,,
PPO_full_u10_t100_seed0_20260522_124407,PPO,full,u10_t100,10,100,0,136,2026-05-22 12:58:59,891.7178913999815,-0.8010562295488801,0.018399250829818817,1216.1437573987955,1155.2151732710736,27.933287592183145,1.0,8,8,0,,,1116.8193723146078,130,,MinBattery_NearestTask,1187.1112015225146,1816.9612465912573,-0.024445214103907348,3.817650773271452e-05,2.4241493773460387,0.0001,0.0003,0.0001,0.0003,,256,3,4,4,1,128,,1,0.99,0.95,0.2,0.01,1,D:\Python project\HGNN_PPO_USV_Scheduling\models\best_u10_t100_seed0.pth,2.110142899909988,3.6235123000806198,5.733752599917352,0.013302600011229515,1.9665321997599676,1.615674499538727,,
PPO_full_u10_t100_seed0_20260522_124407,PPO,full,u10_t100,10,100,0,137,2026-05-22 12:59:05,897.9276705000084,-0.811315521907557,0.010901495783959833,1231.719161343111,1216.0490643426103,16.55038130274349,1.0,8,8,0,,,1116.8193723146078,130,,MinBattery_NearestTask,1187.1112015225146,1816.9612465912573,-0.025471298824995756,2.8869455181848025e-05,2.4054907631874083,0.0001,0.0003,0.0001,0.0003,,256,3,4,4,1,128,,1,0.99,0.95,0.2,0.01,1,D:\Python project\HGNN_PPO_USV_Scheduling\models\best_u10_t100_seed0.pth,2.1578045999631286,3.9775251999963075,6.135478299926035,0.013986099977046251,2.284178599715233,1.6486929995007813,,
PPO_full_u10_t100_seed0_20260522_124407,PPO,full,u10_t100,10,100,0,138,2026-05-22 12:59:11,903.6913311999524,-0.8146927658017487,0.012799602917633622,1236.846409503265,1207.954369630043,19.43204061246703,1.0,8,8,0,,,1116.8193723146078,130,,MinBattery_NearestTask,1187.1112015225146,1816.9612465912573,-0.027060498557984827,3.042527770958259e-05,2.4817934155464174,0.0001,0.0003,0.0001,0.0003,,256,3,4,4,1,128,,1,0.99,0.95,0.2,0.01,1,D:\Python project\HGNN_PPO_USV_Scheduling\models\best_u10_t100_seed0.pth,2.1057383000152186,3.5880526000401005,5.693884300068021,0.014262199983932078,1.8740605994826183,1.669590499252081,,
PPO_full_u10_t100_seed0_20260522_124407,PPO,full,u10_t100,10,100,0,139,2026-05-22 12:59:17,909.346257199999,-0.8026665300009064,0.011386375338374334,1218.5884757219662,1199.6772715621687,17.2865134510743,1.0,8,8,0,,,1116.8193723146078,130,,MinBattery_NearestTask,1187.1112015225146,1816.9612465912573,-0.031014687735587358,3.280021375758224e-05,2.5767432165145876,0.0001,0.0003,0.0001,0.0003,,256,3,4,4,1,128,,1,0.99,0.95,0.2,0.01,1,D:\Python project\HGNN_PPO_USV_Scheduling\models\best_u10_t100_seed0.pth,2.128988099982962,3.444577799993567,5.573659699992277,0.013946299906820059,1.7761748005868867,1.6271418001269922,,
PPO_full_u10_t100_seed0_20260522_124407,PPO,full,u10_t100,10,100,0,140,2026-05-22 12:59:24,916.6807188999373,-0.8056294279147883,0.013540294406879526,1223.0866740616843,1179.0010057112008,20.556540113971515,1.0,8,8,0,1209.9353496654512,1,1116.8193723146078,130,1.9226630254742556,MinBattery_NearestTask,1187.1112015225146,1816.9612465912573,-0.011694730017334223,4.109531953872647e-05,2.488522619009018,0.0001,0.0003,0.0001,0.0003,,256,3,4,4,1,128,,1,0.99,0.95,0.2,0.01,1,D:\Python project\HGNN_PPO_USV_Scheduling\models\best_u10_t100_seed0.pth,2.1448092999635264,3.4882279000012204,7.270267599960789,0.01395359996240586,1.8243029998848215,1.6205184002174065,,
PPO_full_u10_t100_seed0_20260522_124407,PPO,full,u10_t100,10,100,0,141,2026-05-22 12:59:30,922.4092752999859,-0.8156944962760564,0.023238248285024875,1238.3672119363373,1172.1336930775828,35.279733859171984,1.0,8,8,0,,,1116.8193723146078,130,,MinBattery_NearestTask,1187.1112015225146,1816.9612465912573,-0.0192777263186872,6.166566499814508e-05,2.481169891357422,0.0001,0.0003,0.0001,0.0003,,256,3,4,4,1,128,,1,0.99,0.95,0.2,0.01,1,D:\Python project\HGNN_PPO_USV_Scheduling\models\best_u10_t100_seed0.pth,2.1252986000617966,3.534444099990651,5.659853700082749,0.01408580003771931,1.8861479999031872,1.6066697004716843,,
PPO_full_u10_t100_seed0_20260522_124407,PPO,full,u10_t100,10,100,0,142,2026-05-22 12:59:35,928.1980244999286,-0.8069797682335319,0.009305040970395017,1225.1367273393785,1203.7503731763718,14.126683085479241,1.0,8,8,0,,,1116.8193723146078,130,,MinBattery_NearestTask,1187.1112015225146,1816.9612465912573,-0.006694115810096264,2.9978630382174744e-05,2.418067903518677,0.0001,0.0003,0.0001,0.0003,,256,3,4,4,1,128,,1,0.99,0.95,0.2,0.01,1,D:\Python project\HGNN_PPO_USV_Scheduling\models\best_u10_t100_seed0.pth,2.178483499912545,3.5368537000613287,5.715454599936493,0.016063799965195358,1.8667262002127245,1.620002600015141,,
PPO_full_u10_t100_seed0_20260522_124407,PPO,full,u10_t100,10,100,0,143,2026-05-22 12:59:41,934.0580033999868,-0.7988028597954042,0.015118970130417094,1212.722747165414,1172.741624019516,22.9532465564375,1.0,8,8,0,,,1116.8193723146078,130,,MinBattery_NearestTask,1187.1112015225146,1816.9612465912573,-0.015145124215632678,4.066817773491493e-05,2.3501709699630737,0.0001,0.0003,0.0001,0.0003,,256,3,4,4,1,128,,1,0.99,0.95,0.2,0.01,1,D:\Python project\HGNN_PPO_USV_Scheduling\models\best_u10_t100_seed0.pth,2.2043207999086007,3.5854548000497743,5.789878199924715,0.014380400069057941,1.8985854000784457,1.6442668000236154,,
PPO_full_u10_t100_seed0_20260522_124407,PPO,full,u10_t100,10,100,0,144,2026-05-22 12:59:47,939.809351200005,-0.7990533857688904,0.01067203138420525,1213.1030895027961,1180.8066118362722,16.20201412574275,1.0,8,8,0,,,1116.8193723146078,130,,MinBattery_NearestTask,1187.1112015225146,1816.9612465912573,0.0028823714330792425,3.079495971178403e-05,2.3758595645427705,0.0001,0.0003,0.0001,0.0003,,256,3,4,4,1,128,,1,0.99,0.95,0.2,0.01,1,D:\Python project\HGNN_PPO_USV_Scheduling\models\best_u10_t100_seed0.pth,2.087168600060977,3.583985299919732,5.67126350000035,0.013724700082093477,1.844631900661625,1.6926688000094146,,
PPO_full_u10_t100_seed0_20260522_124407,PPO,full,u10_t100,10,100,0,145,2026-05-22 12:59:53,945.6771703999257,-0.8050832418771494,0.008758711260383703,1222.2574679266454,1205.8630375055172,13.29725883059772,1.0,8,8,0,,,1116.8193723146078,130,,MinBattery_NearestTask,1187.1112015225146,1816.9612465912573,-0.002594039551913738,3.1999089869714226e-05,2.3581609880924224,0.0001,0.0003,0.0001,0.0003,,256,3,4,4,1,128,,1,0.99,0.95,0.2,0.01,1,D:\Python project\HGNN_PPO_USV_Scheduling\models\best_u10_t100_seed0.pth,2.0962356000673026,3.6318457999732345,5.72825260006357,0.016834199894219637,1.8997179006692022,1.6867309003137052,,
PPO_full_u10_t100_seed0_20260522_124407,PPO,full,u10_t100,10,100,0,146,2026-05-22 13:00:00,952.5517617999576,-0.7967594320505278,0.014525035976441829,1209.6204656975742,1167.6694287640016,22.051550411998587,1.0,8,8,0,,,1116.8193723146078,130,,MinBattery_NearestTask,1187.1112015225146,1816.9612465912573,-0.009180440623313189,3.1149509850365576e-05,2.32237052321434,0.0001,0.0003,0.0001,0.0003,,256,3,4,4,1,128,,1,0.99,0.95,0.2,0.01,1,D:\Python project\HGNN_PPO_USV_Scheduling\models\best_u10_t100_seed0.pth,3.004468100029044,3.7869596999371424,6.791537299985066,0.01467090006917715,1.88665919972118,1.8525857002241537,,
PPO_full_u10_t100_seed0_20260522_124407,PPO,full,u10_t100,10,100,0,147,2026-05-22 13:00:06,959.3019042999949,-0.792559934678656,0.022059240133069504,1203.2448926421216,1150.5359168818757,33.48979284001247,1.0,8,8,0,,,1116.8193723146078,130,,MinBattery_NearestTask,1187.1112015225146,1816.9612465912573,-0.025897276420146227,3.5000694206246406e-05,2.2803093457221983,0.0001,0.0003,0.0001,0.0003,,256,3,4,4,1,128,,1,0.99,0.95,0.2,0.01,1,D:\Python project\HGNN_PPO_USV_Scheduling\models\best_u10_t100_seed0.pth,3.08048260002397,3.5971572999842465,6.677757600089535,0.014657199964858592,1.8621427995385602,1.6906923997448757,,
PPO_full_u10_t100_seed0_20260522_124407,PPO,full,u10_t100,10,100,0,148,2026-05-22 13:00:12,965.0975706999889,-0.7792414624653754,0.017878687364651657,1183.0251174967589,1129.8601224492559,27.14298101301897,1.0,8,8,0,,,1116.8193723146078,130,,MinBattery_NearestTask,1187.1112015225146,1816.9612465912573,-0.013812767080962659,3.288361444901966e-05,2.174902995824814,0.0001,0.0003,0.0001,0.0003,,256,3,4,4,1,128,,1,0.99,0.95,0.2,0.01,1,D:\Python project\HGNN_PPO_USV_Scheduling\models\best_u10_t100_seed0.pth,2.0797220000531524,3.644432900007814,5.724251099978574,0.013562400010414422,1.8409286007517949,1.7581339995376766,,
PPO_full_u10_t100_seed0_20260522_124407,PPO,full,u10_t100,10,100,0,149,2026-05-22 13:00:19,971.7084724999731,-0.7951390135021289,0.014178870368143005,1207.1603863307134,1164.4819079663646,21.526010346233374,1.0,8,8,0,,,1116.8193723146078,130,,MinBattery_NearestTask,1187.1112015225146,1816.9612465912573,-0.004444951713085174,2.6256019964421284e-05,2.2403260385990142,0.0001,0.0003,0.0001,0.0003,,256,3,4,4,1,128,,1,0.99,0.95,0.2,0.01,1,D:\Python project\HGNN_PPO_USV_Scheduling\models\best_u10_t100_seed0.pth,3.042377799982205,3.494614600087516,6.537101700087078,0.0146828000433743,1.8236505003878847,1.6279944997513667,,
PPO_full_u10_t100_seed0_20260522_124407,PPO,full,u10_t100,10,100,0,150,2026-05-22 13:00:27,980.2309684000211,-0.7870835163497925,0.01126776581364046,1194.9307297683085,1169.9169478519311,17.106443403863757,1.0,8,8,0,1225.2952280931122,1,1116.8193723146078,130,3.2165501026041285,MinBattery_NearestTask,1187.1112015225146,1816.9612465912573,-0.00965693786740303,2.5478848274360645e-05,2.173046007156372,0.0001,0.0003,0.0001,0.0003,,256,3,4,4,1,128,,1,0.99,0.95,0.2,0.01,1,D:\Python project\HGNN_PPO_USV_Scheduling\models\best_u10_t100_seed0.pth,3.0919261999661103,3.45318029995542,8.445613399962895,0.014413700089789927,1.8210178995504975,1.5849144994281232,,
PPO_full_u10_t100_seed0_20260522_124407,PPO,full,u10_t100,10,100,0,151,2026-05-22 13:00:34,986.8015292999335,-0.7878053640367833,0.008991005043206348,1196.026621075241,1172.7803065428723,13.649921507001084,1.0,8,8,0,,,1116.8193723146078,130,,MinBattery_NearestTask,1187.1112015225146,1816.9612465912573,-0.013831351473927498,2.706372379179811e-05,2.1331598782539367,0.0001,0.0003,0.0001,0.0003,,256,3,4,4,1,128,,1,0.99,0.95,0.2,0.01,1,D:\Python project\HGNN_PPO_USV_Scheduling\models\best_u10_t100_seed0.pth,3.0817621999885887,3.4009711999678984,6.482840899960138,0.014518399955704808,1.7946943003917113,1.564761899993755,,
PPO_full_u10_t100_seed0_20260522_124407,PPO,full,u10_t100,10,100,0,152,2026-05-22 13:00:40,993.3297211999306,-0.7943502076900146,0.009943552124084288,1205.962840854108,1180.0210112937143,15.096054928484554,1.0,8,8,0,,,1116.8193723146078,130,,MinBattery_NearestTask,1187.1112015225146,1816.9612465912573,-0.015077208895236253,3.257811291405233e-05,2.0143206369876863,0.0001,0.0003,0.0001,0.0003,,256,3,4,4,1,128,,1,0.99,0.95,0.2,0.01,1,D:\Python project\HGNN_PPO_USV_Scheduling\models\best_u10_t100_seed0.pth,3.0354937000665814,3.4124365999596193,6.448039400042035,0.014639500062912703,1.7835006007226184,1.5825851000845432,,
PPO_full_u10_t100_seed0_20260522_124407,PPO,full,u10_t100,10,100,0,153,2026-05-22 13:00:47,999.8812509999843,-0.7983536183606978,0.015396629958427476,1212.0407199290853,1177.6467594838196,23.374782840732255,1.0,8,8,0,,,1116.8193723146078,130,,MinBattery_NearestTask,1187.1112015225146,1816.9612465912573,-0.012931250855326653,2.6589540884742745e-05,2.037908900976181,0.0001,0.0003,0.0001,0.0003,,256,3,4,4,1,128,,1,0.99,0.95,0.2,0.01,1,D:\Python project\HGNN_PPO_USV_Scheduling\models\best_u10_t100_seed0.pth,3.0019683999707922,3.4722391000250354,6.474317100015469,0.014550599968060851,1.8263589006382972,1.6025094006909057,,
PPO_full_u10_t100_seed0_20260522_124407,PPO,full,u10_t100,10,100,0,154,2026-05-22 13:00:54,1006.5364946000045,-0.7942969108735917,0.011137997365108945,1205.8819269454573,1175.5869423941854,16.909432154506398,1.0,8,8,0,,,1116.8193723146078,130,,MinBattery_NearestTask,1187.1112015225146,1816.9612465912573,-0.008714102385565638,2.9159367350075628e-05,1.979213945865631,0.0001,0.0003,0.0001,0.0003,,256,3,4,4,1,128,,1,0.99,0.95,0.2,0.01,1,D:\Python project\HGNN_PPO_USV_Scheduling\models\best_u10_t100_seed0.pth,3.12270319997333,3.4608758999966085,6.583685200079344,0.015114300069399178,1.8155743000097573,1.5994037998607382,,
PPO_full_u10_t100_seed0_20260522_124407,PPO,full,u10_t100,10,100,0,155,2026-05-22 13:01:00,1013.0259402999654,-0.8017183228429693,0.010600610170368965,1217.1489310641643,1196.153573725591,16.09358420515942,1.0,8,8,0,,,1116.8193723146078,130,,MinBattery_NearestTask,1187.1112015225146,1816.9612465912573,-0.023635260462760925,3.2771239366411466e-05,1.9490721035003662,0.0001,0.0003,0.0001,0.0003,,256,3,4,4,1,128,,1,0.99,0.95,0.2,0.01,1,D:\Python project\HGNN_PPO_USV_Scheduling\models\best_u10_t100_seed0.pth,2.9672515999991447,3.448775399941951,6.416176599916071,0.015013299998827279,1.827046599588357,1.5800705995643511,,
PPO_full_u10_t100_seed0_20260522_124407,PPO,full,u10_t100,10,100,0,156,2026-05-22 13:01:07,1019.6198213000316,-0.7887918050259346,0.02075472600407105,1197.5242113900608,1155.8428343174555,31.50931175029741,1.0,8,8,0,,,1116.8193723146078,130,,MinBattery_NearestTask,1187.1112015225146,1816.9612465912573,-0.01226264102384448,3.7212629349596684e-05,2.04021736741066,0.0001,0.0003,0.0001,0.0003,,256,3,4,4,1,128,,1,0.99,0.95,0.2,0.01,1,D:\Python project\HGNN_PPO_USV_Scheduling\models\best_u10_t100_seed0.pth,3.0896584999281913,3.4293265000451356,6.519093699986115,0.016243599937297404,1.8039744993438944,1.5809549009427428,,
PPO_full_u10_t100_seed0_20260522_124407,PPO,full,u10_t100,10,100,0,157,2026-05-22 13:01:13,1026.1769036999904,-0.7918699252862651,0.017374552498021802,1202.1973374466825,1164.974247410407,26.377615925871194,1.0,8,8,0,,,1116.8193723146078,130,,MinBattery_NearestTask,1187.1112015225146,1816.9612465912573,-0.014587371982634068,3.0462640015684883e-05,2.077334851026535,0.0001,0.0003,0.0001,0.0003,,256,3,4,4,1,128,,1,0.99,0.95,0.2,0.01,1,D:\Python project\HGNN_PPO_USV_Scheduling\models\best_u10_t100_seed0.pth,2.987152599962428,3.4905320999678224,6.477792299934663,0.01455520000308752,1.823604999226518,1.6217228996101767,,
PPO_full_u10_t100_seed0_20260522_124407,PPO,full,u10_t100,10,100,0,158,2026-05-22 13:01:20,1032.7954000999453,-0.7860803335313197,0.023418591269268266,1193.407722422242,1158.1860000641384,35.55352611792737,1.0,8,8,0,,,1116.8193723146078,130,,MinBattery_NearestTask,1187.1112015225146,1816.9612465912573,-0.014801810011267662,3.946597146750719e-05,2.1445712554454803,0.0001,0.0003,0.0001,0.0003,,256,3,4,4,1,128,,1,0.99,0.95,0.2,0.01,1,D:\Python project\HGNN_PPO_USV_Scheduling\models\best_u10_t100_seed0.pth,3.0296234000707045,3.5044306999770924,6.534163000062108,0.014736199984326959,1.8322286006296054,1.6302760004764423,,
PPO_full_u10_t100_seed0_20260522_124407,PPO,full,u10_t100,10,100,0,159,2026-05-22 13:01:27,1039.5056837999728,-0.7818525700320108,0.014498164968002894,1186.9892364311418,1141.725622835504,22.010755511512738,1.0,8,8,0,,,1116.8193723146078,130,,MinBattery_NearestTask,1187.1112015225146,1816.9612465912573,-0.007343995645642281,2.742152385508234e-05,2.194811275005341,0.0001,0.0003,0.0001,0.0003,,256,3,4,4,1,128,,1,0.99,0.95,0.2,0.01,1,D:\Python project\HGNN_PPO_USV_Scheduling\models\best_u10_t100_seed0.pth,3.0351539000403136,3.5959304999560118,6.631194800022058,0.026937999995425344,1.9228106995578855,1.6122140989173204,,
PPO_full_u10_t100_seed0_20260522_124407,PPO,full,u10_t100,10,100,0,160,2026-05-22 13:01:35,1048.0790888000047,-0.7977315836678022,0.03223082731887072,1211.0963622413901,1156.837427307141,48.93204495983689,1.0,8,8,0,1226.7973549082808,1,1116.8193723146078,130,3.3430864214630582,MinBattery_NearestTask,1187.1112015225146,1816.9612465912573,-0.011946577858179808,6.329158848529915e-05,2.119986708164215,0.0001,0.0003,0.0001,0.0003,,256,3,4,4,1,128,,1,0.99,0.95,0.2,0.01,1,D:\Python project\HGNN_PPO_USV_Scheduling\models\best_u10_t100_seed0.pth,3.1127521001035348,3.4645308000035584,8.488866200088523,0.01609180006198585,1.8213334996253252,1.599436100688763,,
PPO_full_u10_t100_seed0_20260522_124407,PPO,full,u10_t100,10,100,0,161,2026-05-22 13:01:42,1054.7980383000104,-0.7894068145625016,0.010054323487297881,1198.4579036591517,1174.5771373237894,15.264225272714578,1.0,8,8,0,,,1116.8193723146078,130,,MinBattery_NearestTask,1187.1112015225146,1816.9612465912573,-0.015631208810955286,2.608317236081348e-05,2.036610494852066,0.0001,0.0003,0.0001,0.0003,,256,3,4,4,1,128,,1,0.99,0.95,0.2,0.01,1,D:\Python project\HGNN_PPO_USV_Scheduling\models\best_u10_t100_seed0.pth,3.101843300042674,3.5274880999932066,6.62944020004943,0.014415299985557795,1.8800222005229443,1.6023480992298573,,
PPO_full_u10_t100_seed0_20260522_124407,PPO,full,u10_t100,10,100,0,162,2026-05-22 13:01:49,1061.43605759996,-0.7966857811072516,0.01387342101430592,1209.5086506568969,1176.5028523304754,21.062284691069696,1.0,8,8,0,,,1116.8193723146078,130,,MinBattery_NearestTask,1187.1112015225146,1816.9612465912573,-0.0052633902058005335,2.921047026575252e-05,2.0502904117107392,0.0001,0.0003,0.0001,0.0003,,256,3,4,4,1,128,,1,0.99,0.95,0.2,0.01,1,D:\Python project\HGNN_PPO_USV_Scheduling\models\best_u10_t100_seed0.pth,3.0314425999531522,3.5286483999807388,6.560195900034159,0.014764699968509376,1.8653663002187386,1.6199297999264672,,
PPO_full_u10_t100_seed0_20260522_124407,PPO,full,u10_t100,10,100,0,163,2026-05-22 13:01:55,1068.0502545000054,-0.8064022997671562,0.014649502120548852,1224.2600289946527,1191.6889972192453,22.240511833905888,1.0,8,8,0,,,1116.8193723146078,130,,MinBattery_NearestTask,1187.1112015225146,1816.9612465912573,-0.014759617261588573,2.861374546228035e-05,2.0194003999233248,0.0001,0.0003,0.0001,0.0003,,256,3,4,4,1,128,,1,0.99,0.95,0.2,0.01,1,D:\Python project\HGNN_PPO_USV_Scheduling\models\best_u10_t100_seed0.pth,3.048921799985692,3.4924503000220284,6.541488200076856,0.01472129998728633,1.828130200970918,1.619223799672909,,
PPO_full_u10_t100_seed0_20260522_124407,PPO,full,u10_t100,10,100,0,164,2026-05-22 13:02:02,1074.7554791999282,-0.7934860568045199,0.00452730676633641,1204.6509083503975,1196.4140908717447,6.8732451713284,1.0,8,8,0,,,1116.8193723146078,130,,MinBattery_NearestTask,1187.1112015225146,1816.9612465912573,-0.0147411123290658,2.0860749482380926e-05,1.9374587452411651,0.0001,0.0003,0.0001,0.0003,,256,3,4,4,1,128,,1,0.99,0.95,0.2,0.01,1,D:\Python project\HGNN_PPO_USV_Scheduling\models\best_u10_t100_seed0.pth,3.0846899000462145,3.5421171999769285,6.626933900057338,0.015446100034750998,1.8702101001981646,1.6266857995651662,,
PPO_full_u10_t100_seed0_20260522_124407,PPO,full,u10_t100,10,100,0,165,2026-05-22 13:02:09,1081.8154889999423,-0.7963712176221602,0.0115045412143935,1209.0310881530577,1181.375529110737,17.465909961777648,1.0,8,8,0,,,1116.8193723146078,130,,MinBattery_NearestTask,1187.1112015225146,1816.9612465912573,-0.007983798775821924,2.644646839144116e-05,1.9498084044456483,0.0001,0.0003,0.0001,0.0003,,256,3,4,4,1,128,,1,0.99,0.95,0.2,0.01,1,D:\Python project\HGNN_PPO_USV_Scheduling\models\best_u10_t100_seed0.pth,3.0676640999736264,3.9010643999790773,6.96884049999062,0.015121400007046759,2.0743965000147,1.7779235993511975,,
PPO_full_u10_t100_seed0_20260522_124407,PPO,full,u10_t100,10,100,0,166,2026-05-22 13:02:16,1088.8405112000182,-0.8005483811617982,0.017370281923266295,1215.3727545367335,1185.2781375090208,26.371132444889724,1.0,8,8,0,,,1116.8193723146078,130,,MinBattery_NearestTask,1187.1112015225146,1816.9612465912573,-0.010955500565469265,3.114127334811201e-05,2.0402110087871552,0.0001,0.0003,0.0001,0.0003,,256,3,4,4,1,128,,1,0.99,0.95,0.2,0.01,1,D:\Python project\HGNN_PPO_USV_Scheduling\models\best_u10_t100_seed0.pth,3.123552699922584,3.822546500014141,6.946201600017957,0.02153240004554391,1.8525357006583363,1.9172024000436068,,
PPO_full_u10_t100_seed0_20260522_124407,PPO,full,u10_t100,10,100,0,167,2026-05-22 13:02:22,1094.4169720000355,-0.8023085339811308,0.018717613165458627,1218.044975018066,1181.1913734208779,28.416617416978728,1.0,8,8,0,,,1116.8193723146078,130,,MinBattery_NearestTask,1187.1112015225146,1816.9612465912573,-0.008149143755435944,3.66468244283169e-05,2.0076258397102356,0.0001,0.0003,0.0001,0.0003,,256,3,4,4,1,128,,1,0.99,0.95,0.2,0.01,1,D:\Python project\HGNN_PPO_USV_Scheduling\models\best_u10_t100_seed0.pth,2.0640467000193894,3.4401462000096217,5.504285300034098,0.013973900000564754,1.8218654997181147,1.5725686007644981,,
PPO_full_u10_t100_seed0_20260522_124407,PPO,full,u10_t100,10,100,0,168,2026-05-22 13:02:27,1100.2492924999679,-0.804394324000224,0.011496235697114292,1221.211569842993,1193.230265044622,17.453300730841658,1.0,8,8,0,,,1116.8193723146078,130,,MinBattery_NearestTask,1187.1112015225146,1816.9612465912573,-0.008199710734188556,2.717480821956997e-05,1.9884328866004943,0.0001,0.0003,0.0001,0.0003,,256,3,4,4,1,128,,1,0.99,0.95,0.2,0.01,1,D:\Python project\HGNN_PPO_USV_Scheduling\models\best_u10_t100_seed0.pth,2.205233499989845,3.5571288999635726,5.7624551999615505,0.015115700080059469,1.8330963996704668,1.6803699996089563,,
PPO_full_u10_t100_seed0_20260522_124407,PPO,full,u10_t100,10,100,0,169,2026-05-22 13:02:33,1106.1650925999274,-0.8077801087547796,0.016069208276206448,1226.3517845261338,1184.1976414022886,24.395874609769873,1.0,8,8,0,,,1116.8193723146078,130,,MinBattery_NearestTask,1187.1112015225146,1816.9612465912573,-0.01371641481295228,2.909743221152894e-05,2.0206920766830443,0.0001,0.0003,0.0001,0.0003,,256,3,4,4,1,128,,1,0.99,0.95,0.2,0.01,1,D:\Python project\HGNN_PPO_USV_Scheduling\models\best_u10_t100_seed0.pth,2.209429300040938,3.620865200064145,5.830388099886477,0.01421599998138845,1.8540413004811853,1.7248262001667172,,
PPO_full_u10_t100_seed0_20260522_124407,PPO,full,u10_t100,10,100,0,170,2026-05-22 13:02:41,1114.0544862999814,-0.8147120848397009,0.026257386402039284,1236.8757391889199,1167.3885813961083,39.8633146844526,1.0,8,8,0,1168.5570591187686,1,1116.8193723146078,130,-1.5629658266175608,MinBattery_NearestTask,1187.1112015225146,1816.9612465912573,-0.021072006300091744,4.572782441755407e-05,2.138156052827835,0.0001,0.0003,0.0001,0.0003,,256,3,4,4,1,128,,1,0.99,0.95,0.2,0.01,1,D:\Python project\HGNN_PPO_USV_Scheduling\models\best_u10_t100_seed0.pth,2.272301399963908,3.870503699989058,7.822619799990207,0.017107799998484552,1.9926134010311216,1.82806869992055,,
PPO_full_u10_t100_seed0_20260522_124407,PPO,full,u10_t100,10,100,0,171,2026-05-22 13:02:47,1119.9856513999403,-0.8022487486261352,0.022773364433787534,1217.9542103706167,1175.4391801615748,34.5739586929066,1.0,8,8,0,,,1116.8193723146078,130,,MinBattery_NearestTask,1187.1112015225146,1816.9612465912573,-0.01551981907337904,3.560012623893272e-05,2.195253248214722,0.0001,0.0003,0.0001,0.0003,,256,3,4,4,1,128,,1,0.99,0.95,0.2,0.01,1,D:\Python project\HGNN_PPO_USV_Scheduling\models\best_u10_t100_seed0.pth,2.1428946000523865,3.705370199983008,5.848504299996421,0.013859899947419763,2.034103100304492,1.6201780003029853,,
PPO_full_u10_t100_seed0_20260522_124407,PPO,full,u10_t100,10,100,0,172,2026-05-22 13:02:53,1125.715590299922,-0.8015531420199392,0.019054846097374806,1216.8981576235994,1162.7721671735071,28.928596114367043,1.0,8,8,0,,,1116.8193723146078,130,,MinBattery_NearestTask,1187.1112015225146,1816.9612465912573,-0.012012991197407246,4.50782390544191e-05,2.1875895929336546,0.0001,0.0003,0.0001,0.0003,,256,3,4,4,1,128,,1,0.99,0.95,0.2,0.01,1,D:\Python project\HGNN_PPO_USV_Scheduling\models\best_u10_t100_seed0.pth,2.114221499999985,3.5379008000018075,5.652212099987082,0.013348000007681549,1.865869099739939,1.6316926996223629,,
PPO_full_u10_t100_seed0_20260522_124407,PPO,full,u10_t100,10,100,0,173,2026-05-22 13:02:59,1131.4437604999403,-0.8053323583680561,0.009364428807462693,1222.6356704224327,1199.291463611215,14.216844231040715,1.0,8,8,0,,,1116.8193723146078,130,,MinBattery_NearestTask,1187.1112015225146,1816.9612465912573,-0.011238460671156645,3.427917815315595e-05,2.1498077380657197,0.0001,0.0003,0.0001,0.0003,,256,3,4,4,1,128,,1,0.99,0.95,0.2,0.01,1,D:\Python project\HGNN_PPO_USV_Scheduling\models\best_u10_t100_seed0.pth,2.134294499992393,3.5135742999846116,5.647997799911536,0.015008400077931583,1.8476525007281452,1.6150042007211596,,
PPO_full_u10_t100_seed0_20260522_124407,PPO,full,u10_t100,10,100,0,174,2026-05-22 13:03:05,1137.3573641999392,-0.7992920329903546,0.009106436180690456,1213.4653978126235,1187.844144873095,13.825166205291225,1.0,8,8,0,,,1116.8193723146078,130,,MinBattery_NearestTask,1187.1112015225146,1816.9612465912573,-0.0026259092055261135,2.6950589044645313e-05,2.1120972633361816,0.0001,0.0003,0.0001,0.0003,,256,3,4,4,1,128,,1,0.99,0.95,0.2,0.01,1,D:\Python project\HGNN_PPO_USV_Scheduling\models\best_u10_t100_seed0.pth,2.1606800000881776,3.6692610000027344,5.830033700098284,0.015452400082722306,1.8787969999248162,1.7448185002431273,,
PPO_full_u10_t100_seed0_20260522_124407,PPO,full,u10_t100,10,100,0,175,2026-05-22 13:03:10,1143.0609567000065,-0.803807159185469,0.011293887444248581,1220.3201507419508,1197.6688744476937,17.146100617459126,1.0,8,8,0,,,1116.8193723146078,130,,MinBattery_NearestTask,1187.1112015225146,1816.9612465912573,-0.013639135882258416,2.4521999912394676e-05,1.9727116596698762,0.0001,0.0003,0.0001,0.0003,,256,3,4,4,1,128,,1,0.99,0.95,0.2,0.01,1,D:\Python project\HGNN_PPO_USV_Scheduling\models\best_u10_t100_seed0.pth,2.1407340000150725,3.489668699912727,5.630497599951923,0.015427400008775294,1.8607237996766344,1.5855592004954815,,
PPO_full_u10_t100_seed0_20260522_124407,PPO,full,u10_t100,10,100,0,176,2026-05-22 13:03:16,1148.6738545999397,-0.794803425591629,0.009590399836784601,1206.6509050641578,1182.9428012411795,14.55990785944233,1.0,8,8,0,,,1116.8193723146078,130,,MinBattery_NearestTask,1187.1112015225146,1816.9612465912573,-0.0027297831512987612,2.268022683892923e-05,1.931131327152252,0.0001,0.0003,0.0001,0.0003,,256,3,4,4,1,128,,1,0.99,0.95,0.2,0.01,1,D:\Python project\HGNN_PPO_USV_Scheduling\models\best_u10_t100_seed0.pth,2.096806799992919,3.4420384000986814,5.538936800090596,0.013240500004030764,1.788166400627233,1.6115642004879192,,
PPO_full_u10_t100_seed0_20260522_124407,PPO,full,u10_t100,10,100,0,177,2026-05-22 13:03:22,1154.3737163000042,-0.7950017356554973,0.018175790954049233,1206.9519744988695,1137.8298511685186,27.59403633500323,1.0,8,8,0,,,1116.8193723146078,130,,MinBattery_NearestTask,1187.1112015225146,1816.9612465912573,-0.0036545032262802124,3.1992203957997845e-05,1.9152500712871552,0.0001,0.0003,0.0001,0.0003,,256,3,4,4,1,128,,1,0.99,0.95,0.2,0.01,1,D:\Python project\HGNN_PPO_USV_Scheduling\models\best_u10_t100_seed0.pth,2.1552443000255153,3.4653423000127077,5.620685100089759,0.01484870002605021,1.790245000156574,1.6321131001459435,,
PPO_full_u10_t100_seed0_20260522_124407,PPO,full,u10_t100,10,100,0,178,2026-05-22 13:03:27,1160.2246195999905,-0.7956338216358197,0.012637828006379179,1207.9115918025655,1178.7277427940735,19.186437942930727,1.0,8,8,0,,,1116.8193723146078,130,,MinBattery_NearestTask,1187.1112015225146,1816.9612465912573,0.0004515259526669979,2.8061623061148568e-05,1.8259777331352234,0.0001,0.0003,0.0001,0.0003,,256,3,4,4,1,128,,1,0.99,0.95,0.2,0.01,1,D:\Python project\HGNN_PPO_USV_Scheduling\models\best_u10_t100_seed0.pth,2.1230863000964746,3.6501345998840407,5.773315600003116,0.014797699986957014,1.854912000359036,1.7505854000337422,,
PPO_full_u10_t100_seed0_20260522_124407,PPO,full,u10_t100,10,100,0,179,2026-05-22 13:03:33,1166.001998599968,-0.7892181207788134,0.018149408985187212,1198.1714334231965,1151.6226212112942,27.553983882309012,1.0,8,8,0,,,1116.8193723146078,130,,MinBattery_NearestTask,1187.1112015225146,1816.9612465912573,-0.001102740950882435,3.3913129191205374e-05,2.009227225780487,0.0001,0.0003,0.0001,0.0003,,256,3,4,4,1,128,,1,0.99,0.95,0.2,0.01,1,D:\Python project\HGNN_PPO_USV_Scheduling\models\best_u10_t100_seed0.pth,2.225508200004697,3.4713722999440506,5.6970580000197515,0.015100100077688694,1.8279926002724096,1.5984865007922053,,
PPO_full_u10_t100_seed0_20260522_124407,PPO,full,u10_t100,10,100,0,180,2026-05-22 13:03:41,1173.3847491999622,-0.8002763486083161,0.014213316736289998,1214.959761441464,1172.7375735221567,21.5783059704876,1.0,8,8,0,1153.98665346556,1,1116.8193723146078,130,-2.790349211975351,MinBattery_NearestTask,1187.1112015225146,1816.9612465912573,-0.007656617499887944,2.9616248484671813e-05,1.9829647719860077,0.0001,0.0003,0.0001,0.0003,,256,3,4,4,1,128,,1,0.99,0.95,0.2,0.01,1,D:\Python project\HGNN_PPO_USV_Scheduling\models\best_u10_t100_seed0.pth,2.1548596000066027,3.4548231000080705,7.314618599950336,0.013335399911738932,1.8226480999728665,1.5896693997783586,,
PPO_full_u10_t100_seed0_20260522_124407,PPO,full,u10_t100,10,100,0,181,2026-05-22 13:03:46,1178.9998528999276,-0.8054526623224532,0.010796395240056966,1222.8183129108543,1194.7858954655367,16.390820256150523,1.0,8,8,0,,,1116.8193723146078,130,,MinBattery_NearestTask,1187.1112015225146,1816.9612465912573,-0.00511300889775157,2.3216119907374377e-05,2.012596390247345,0.0001,0.0003,0.0001,0.0003,,256,3,4,4,1,128,,1,0.99,0.95,0.2,0.01,1,D:\Python project\HGNN_PPO_USV_Scheduling\models\best_u10_t100_seed0.pth,2.1100993999280035,3.433359900023788,5.543547300039791,0.013821600005030632,1.7635971999261528,1.627610098803416,,
PPO_full_u10_t100_seed0_20260522_124407,PPO,full,u10_t100,10,100,0,182,2026-05-22 13:03:53,1186.2050438999431,-0.8082999579970567,0.010221012127610422,1227.141006789769,1197.1044268295707,15.517287844189074,1.0,8,8,0,,,1116.8193723146078,130,,MinBattery_NearestTask,1187.1112015225146,1816.9612465912573,-0.007894661091268063,2.426493088933057e-05,1.9372082662582397,0.0001,0.0003,0.0001,0.0003,,256,3,4,4,1,128,,1,0.99,0.95,0.2,0.01,1,D:\Python project\HGNN_PPO_USV_Scheduling\models\best_u10_t100_seed0.pth,3.190036899992265,3.9377469000173733,7.1278943999204785,0.014049699995666742,1.9371521006105468,1.9508660999126732,,
PPO_full_u10_t100_seed0_20260522_124407,PPO,full,u10_t100,10,100,0,183,2026-05-22 13:04:00,1192.8319888999686,-0.8025091232586411,0.008131990189158203,1218.3495046985636,1195.3695325267036,12.345786399217555,1.0,8,8,0,,,1116.8193723146078,130,,MinBattery_NearestTask,1187.1112015225146,1816.9612465912573,-0.010941078569740057,2.006789301049139e-05,2.0691080784797666,0.0001,0.0003,0.0001,0.0003,,256,3,4,4,1,128,,1,0.99,0.95,0.2,0.01,1,D:\Python project\HGNN_PPO_USV_Scheduling\models\best_u10_t100_seed0.pth,3.1028429999714717,3.435291700065136,6.538242500042543,0.014464100007899106,1.7929292001063004,1.6012338012224063,,
PPO_full_u10_t100_seed0_20260522_124407,PPO,full,u10_t100,10,100,0,184,2026-05-22 13:04:07,1199.351462499937,-0.796584769426693,0.00999200781534279,1209.3552972215148,1189.8318295287977,15.169619160633001,1.0,8,8,0,,,1116.8193723146078,130,,MinBattery_NearestTask,1187.1112015225146,1816.9612465912573,-0.011340154577046633,2.3688526789555907e-05,1.966423670053482,0.0001,0.0003,0.0001,0.0003,,256,3,4,4,1,128,,1,0.99,0.95,0.2,0.01,1,D:\Python project\HGNN_PPO_USV_Scheduling\models\best_u10_t100_seed0.pth,3.0523494000080973,3.3819171000504866,6.43437889998313,0.01441609999164939,1.7740423005307093,1.560967699624598,,
PPO_full_u10_t100_seed0_20260522_124407,PPO,full,u10_t100,10,100,0,185,2026-05-22 13:04:13,1205.6993534000358,-0.7951320926733132,0.0152858697049751,1207.149879299559,1177.2285476408986,23.206629363067076,1.0,8,8,0,,,1116.8193723146078,130,,MinBattery_NearestTask,1187.1112015225146,1816.9612465912573,-0.011576385833323002,2.9732223274550052e-05,2.0137935984134674,0.0001,0.0003,0.0001,0.0003,,256,3,4,4,1,128,,1,0.99,0.95,0.2,0.01,1,D:\Python project\HGNN_PPO_USV_Scheduling\models\best_u10_t100_seed0.pth,2.896479899995029,3.3757256999379024,6.272312400047667,0.01383670000359416,1.7785912005929276,1.5551482001319528,,
PPO_full_u10_t100_seed0_20260522_124407,PPO,full,u10_t100,10,100,0,186,2026-05-22 13:04:19,1212.3207989999792,-0.7916922478757555,0.014576986794469532,1201.9275919960492,1171.741468659347,22.13042085917272,1.0,8,8,0,,,1116.8193723146078,130,,MinBattery_NearestTask,1187.1112015225146,1816.9612465912573,0.0012265685945749283,2.4504678112862166e-05,1.9498502397537232,0.0001,0.0003,0.0001,0.0003,,256,3,4,4,1,128,,1,0.99,0.95,0.2,0.01,1,D:\Python project\HGNN_PPO_USV_Scheduling\models\best_u10_t100_seed0.pth,2.873728399979882,3.6624802000587806,6.536316700046882,0.013987999991513789,1.7581398988841102,1.8582668006420135,,
PPO_full_u10_t100_seed0_20260522_124407,PPO,full,u10_t100,10,100,0,187,2026-05-22 13:04:26,1218.697451199987,-0.7983265149011476,0.01609507240600799,1211.9995721270707,1167.256171815299,24.435140892008867,1.0,8,8,0,,,1116.8193723146078,130,,MinBattery_NearestTask,1187.1112015225146,1816.9612465912573,-0.014144833907485008,3.106508129349095e-05,1.927594952583313,0.0001,0.0003,0.0001,0.0003,,256,3,4,4,1,128,,1,0.99,0.95,0.2,0.01,1,D:\Python project\HGNN_PPO_USV_Scheduling\models\best_u10_t100_seed0.pth,2.9225702000549063,3.3778460000175983,6.300522000063211,0.013783800066448748,1.7678227997384965,1.568538500345312,,
PPO_full_u10_t100_seed0_20260522_124407,PPO,full,u10_t100,10,100,0,188,2026-05-22 13:04:32,1225.2601458999561,-0.8066721476460424,0.014564296180300052,1224.6697053709788,1195.4559798259274,22.111154282582433,1.0,8,8,0,,,1116.8193723146078,130,,MinBattery_NearestTask,1187.1112015225146,1816.9612465912573,-0.008432787377387285,2.7911269089599955e-05,1.8545629179477692,0.0001,0.0003,0.0001,0.0003,,256,3,4,4,1,128,,1,0.99,0.95,0.2,0.01,1,D:\Python project\HGNN_PPO_USV_Scheduling\models\best_u10_t100_seed0.pth,2.8410412999801338,3.644979599979706,6.4861359999049455,0.01361460005864501,2.0660786000080407,1.5370180997997522,,
PPO_full_u10_t100_seed0_20260522_124407,PPO,full,u10_t100,10,100,0,189,2026-05-22 13:04:39,1231.6564930999884,-0.7968058260155046,0.009450013527031233,1209.690899867869,1195.272944184234,14.346776835760163,1.0,8,8,0,,,1116.8193723146078,130,,MinBattery_NearestTask,1187.1112015225146,1816.9612465912573,-0.009330659825354814,2.059913997982221e-05,1.7424526715278625,0.0001,0.0003,0.0001,0.0003,,256,3,4,4,1,128,,1,0.99,0.95,0.2,0.01,1,D:\Python project\HGNN_PPO_USV_Scheduling\models\best_u10_t100_seed0.pth,2.9432574999518692,3.3769906000234187,6.320340299978852,0.014505899976938963,1.7687618007184938,1.5653238997329026,,
PPO_full_u10_t100_seed0_20260522_124407,PPO,full,u10_t100,10,100,0,190,2026-05-22 13:04:47,1240.240668399958,-0.7929502787356814,0.008984829569217943,1203.8375033362001,1185.5921247551116,13.640546055112774,1.0,8,8,0,1184.7612848142103,1,1116.8193723146078,130,-0.1979525342942183,MinBattery_NearestTask,1187.1112015225146,1816.9612465912573,-0.001617854293435812,2.3830139389247053e-05,1.6971301972866057,0.0001,0.0003,0.0001,0.0003,,256,3,4,4,1,128,,1,0.99,0.95,0.2,0.01,1,D:\Python project\HGNN_PPO_USV_Scheduling\models\best_u10_t100_seed0.pth,2.8823354000924155,3.4268226999556646,8.49234019999858,0.01482629997190088,1.7652232997352257,1.6191332000307739,,
PPO_full_u10_t100_seed0_20260522_124407,PPO,full,u10_t100,10,100,0,191,2026-05-22 13:04:54,1246.476022399962,-0.7928155697534998,0.012046956676095734,1203.632991490836,1163.0763219982339,18.28939170167653,1.0,8,8,0,,,1116.8193723146078,130,,MinBattery_NearestTask,1187.1112015225146,1816.9612465912573,-0.003140788422897458,2.4947849506133935e-05,1.7554557263851165,0.0001,0.0003,0.0001,0.0003,,256,3,4,4,1,128,,1,0.99,0.95,0.2,0.01,1,D:\Python project\HGNN_PPO_USV_Scheduling\models\best_u10_t100_seed0.pth,2.8051247999537736,3.3534354000585154,6.158651500009,0.015613800031132996,1.7577046006917953,1.5535407999996096,,
PPO_full_u10_t100_seed0_20260522_124407,PPO,full,u10_t100,10,100,0,192,2026-05-22 13:05:00,1252.7576669999398,-0.7948809609916738,0.014128353988554436,1206.7686173910379,1170.8098573443572,21.449317628023522,1.0,8,8,0,,,1116.8193723146078,130,,MinBattery_NearestTask,1187.1112015225146,1816.9612465912573,0.0025246837362647057,2.3112215822038706e-05,1.7041199755668641,0.0001,0.0003,0.0001,0.0003,,256,3,4,4,1,128,,1,0.99,0.95,0.2,0.01,1,D:\Python project\HGNN_PPO_USV_Scheduling\models\best_u10_t100_seed0.pth,2.8797873000148684,3.322890300070867,6.202785000088625,0.015071599977090955,1.7483073001494631,1.531824499485083,,
PPO_full_u10_t100_seed0_20260522_124407,PPO,full,u10_t100,10,100,0,193,2026-05-22 13:05:06,1259.2244699000148,-0.7867208544775421,0.013781191702155275,1194.3801454825687,1154.7423111934684,20.922264430214483,1.0,8,8,0,,,1116.8193723146078,130,,MinBattery_NearestTask,1187.1112015225146,1816.9612465912573,-0.005092734806239605,2.48330376962258e-05,1.9236110174655914,0.0001,0.0003,0.0001,0.0003,,256,3,4,4,1,128,,1,0.99,0.95,0.2,0.01,1,D:\Python project\HGNN_PPO_USV_Scheduling\models\best_u10_t100_seed0.pth,3.0415875000180677,3.347009600023739,6.388709200080484,0.014307099976576865,1.7523304007481784,1.5490525993518531,,
PPO_full_u10_t100_seed0_20260522_124407,PPO,full,u10_t100,10,100,0,194,2026-05-22 13:05:13,1265.4510015000124,-0.7980579102726393,0.01237471067376319,1211.5917832227228,1188.4853047302952,18.78697971550455,1.0,8,8,0,,,1116.8193723146078,130,,MinBattery_NearestTask,1187.1112015225146,1816.9612465912573,-0.005952426455914974,2.2294286063697656e-05,2.0021617758274077,0.0001,0.0003,0.0001,0.0003,,256,3,4,4,1,128,,1,0.99,0.95,0.2,0.01,1,D:\Python project\HGNN_PPO_USV_Scheduling\models\best_u10_t100_seed0.pth,2.8096487999428064,3.3414895000169054,6.151242399937473,0.014216199982911348,1.7680940001737326,1.532933401525952,,
PPO_full_u10_t100_seed0_20260522_124407,PPO,full,u10_t100,10,100,0,195,2026-05-22 13:05:19,1272.0683005999308,-0.7936079983423947,0.00429881550233538,1204.8360369775573,1196.4892462786534,6.526355384962878,1.0,8,8,0,,,1116.8193723146078,130,,MinBattery_NearestTask,1187.1112015225146,1816.9612465912573,-0.0056380672752857205,2.1790576920466264e-05,2.054013235569,0.0001,0.0003,0.0001,0.0003,,256,3,4,4,1,128,,1,0.99,0.95,0.2,0.01,1,D:\Python project\HGNN_PPO_USV_Scheduling\models\best_u10_t100_seed0.pth,2.7753985000308603,3.7624444999964908,6.537950900034048,0.014615399995818734,2.1016148997005075,1.6152327003655955,,
PPO_full_u10_t100_seed0_20260522_124407,PPO,full,u10_t100,10,100,0,196,2026-05-22 13:05:26,1278.4169528000057,-0.7853284561164752,0.011318845905977721,1192.2662407251241,1165.578952032029,17.183991936827876,1.0,8,8,0,,,1116.8193723146078,130,,MinBattery_NearestTask,1187.1112015225146,1816.9612465912573,-0.006971947457641363,2.7954768165727727e-05,2.0547273850440977,0.0001,0.0003,0.0001,0.0003,,256,3,4,4,1,128,,1,0.99,0.95,0.2,0.01,1,D:\Python project\HGNN_PPO_USV_Scheduling\models\best_u10_t100_seed0.pth,2.922747499891557,3.3407646000850946,6.263602399965748,0.014486100059002638,1.756927200127393,1.5432449990184978,,
PPO_full_u10_t100_seed0_20260522_124407,PPO,full,u10_t100,10,100,0,197,2026-05-22 13:05:32,1285.2180399999488,-0.7946902251263517,0.01051627929867846,1206.479046917247,1173.2313794890601,15.96555516128043,1.0,8,8,0,,,1116.8193723146078,130,,MinBattery_NearestTask,1187.1112015225146,1816.9612465912573,-0.001016757544130087,2.2182319080457093e-05,1.950374847650528,0.0001,0.0003,0.0001,0.0003,,256,3,4,4,1,128,,1,0.99,0.95,0.2,0.01,1,D:\Python project\HGNN_PPO_USV_Scheduling\models\best_u10_t100_seed0.pth,3.018437199993059,3.6955544999800622,6.714119500014931,0.014515200047753751,2.083377200528048,1.56636000063736,,
PPO_full_u10_t100_seed0_20260522_124407,PPO,full,u10_t100,10,100,0,198,2026-05-22 13:05:39,1291.630865199957,-0.791989323102839,0.012273057239894488,1202.3786042590696,1174.0947946147323,18.632651986117544,1.0,8,8,0,,,1116.8193723146078,130,,MinBattery_NearestTask,1187.1112015225146,1816.9612465912573,-0.011176016740500927,2.3997616217457108e-05,1.9848844003677368,0.0001,0.0003,0.0001,0.0003,,256,3,4,4,1,128,,1,0.99,0.95,0.2,0.01,1,D:\Python project\HGNN_PPO_USV_Scheduling\models\best_u10_t100_seed0.pth,2.886060000048019,3.448718399973586,6.334885300020687,0.014508300111629069,1.8177839005365968,1.5870393007062376,,
PPO_full_u10_t100_seed0_20260522_124407,PPO,full,u10_t100,10,100,0,199,2026-05-22 13:05:45,1298.0643159999745,-0.7912903936696537,0.015686699743324234,1201.3175068782914,1171.958922330103,23.81515961467096,1.0,8,8,0,,,1116.8193723146078,130,,MinBattery_NearestTask,1187.1112015225146,1816.9612465912573,0.004746268652379513,2.3287237772819936e-05,2.001611669063568,0.0001,0.0003,0.0001,0.0003,,256,3,4,4,1,128,,1,0.99,0.95,0.2,0.01,1,D:\Python project\HGNN_PPO_USV_Scheduling\models\best_u10_t100_seed0.pth,2.8951561000430956,3.4586542999604717,6.35391529998742,0.015444000018760562,1.787935700500384,1.6209891000762582,,
PPO_full_u10_t100_seed0_20260522_124407,PPO,full,u10_t100,10,100,0,200,2026-05-22 13:05:54,1306.7385079000378,-0.79775445127453,0.021241868410306775,1211.1310792764034,1171.9238491041874,32.24887930430226,1.0,8,8,0,1172.3243089035986,1,1116.8193723146078,130,-1.2456198374635212,MinBattery_NearestTask,1187.1112015225146,1816.9612465912573,-0.006692158030346036,3.485149534753873e-05,1.9041025507450104,0.0001,0.0003,0.0001,0.0003,,256,3,4,4,1,128,,1,0.99,0.95,0.2,0.01,1,D:\Python project\HGNN_PPO_USV_Scheduling\models\best_u10_t100_seed0.pth,3.3315663000103086,3.4060179999796674,8.591757299960591,0.015306100016459823,1.7792428005486727,1.5855065006762743,,
PPO_full_u10_t100_seed0_20260522_124407,PPO,full,u10_t100,10,100,0,201,2026-05-22 13:06:00,1313.0970158999553,-0.796128462631527,0.011828462582945752,1208.6625435296642,1176.1436560355578,17.95767937286473,1.0,8,8,0,,,1116.8193723146078,130,,MinBattery_NearestTask,1187.1112015225146,1816.9612465912573,-0.012454222366213798,2.8050020964656142e-05,1.8339935159683227,0.0001,0.0003,0.0001,0.0003,,256,3,4,4,1,128,,1,0.99,0.95,0.2,0.01,1,D:\Python project\HGNN_PPO_USV_Scheduling\models\best_u10_t100_seed0.pth,2.924155999906361,3.3548229000298306,6.27908279991243,0.014226099941879511,1.74959449947346,1.5615079995477572,,
PPO_full_u10_t100_seed0_20260522_124407,PPO,full,u10_t100,10,100,0,202,2026-05-22 13:06:07,1319.7187717999332,-0.7910729111467287,0.006294884669744904,1200.9873302903788,1182.746467759825,9.556738231680491,1.0,8,8,0,,,1116.8193723146078,130,,MinBattery_NearestTask,1187.1112015225146,1816.9612465912573,-0.0004284049198031426,1.8359337227593643e-05,1.8048362135887146,0.0001,0.0003,0.0001,0.0003,,256,3,4,4,1,128,,1,0.99,0.95,0.2,0.01,1,D:\Python project\HGNN_PPO_USV_Scheduling\models\best_u10_t100_seed0.pth,3.0767750000813976,3.463491400005296,6.540384800056927,0.013300899998284876,1.8180848999181762,1.6074309996329248,,
PPO_full_u10_t100_seed0_20260522_124407,PPO,full,u10_t100,10,100,0,203,2026-05-22 13:06:14,1326.4035554999718,-0.7851261498898886,0.013310171375901637,1191.9591044149993,1149.872980297776,20.207173019335617,1.0,8,8,0,,,1116.8193723146078,130,,MinBattery_NearestTask,1187.1112015225146,1816.9612465912573,-0.006535193435847759,2.2370852320818813e-05,1.8532162487506867,0.0001,0.0003,0.0001,0.0003,,256,3,4,4,1,128,,1,0.99,0.95,0.2,0.01,1,D:\Python project\HGNN_PPO_USV_Scheduling\models\best_u10_t100_seed0.pth,3.1211511000292376,3.484347900026478,6.605607400066219,0.024441399960778654,1.8315222008386627,1.5984303000150248,,
PPO_full_u10_t100_seed0_20260522_124407,PPO,full,u10_t100,10,100,0,204,2026-05-22 13:06:21,1333.6958153999876,-0.7867375700639123,0.012266980025708439,1194.4055226724154,1163.3547949191395,18.623425709831142,1.0,8,8,0,,,1116.8193723146078,130,,MinBattery_NearestTask,1187.1112015225146,1816.9612465912573,-0.010919206701219082,2.3681662241870072e-05,1.8927755558490753,0.0001,0.0003,0.0001,0.0003,,256,3,4,4,1,128,,1,0.99,0.95,0.2,0.01,1,D:\Python project\HGNN_PPO_USV_Scheduling\models\best_u10_t100_seed0.pth,3.0916434000246227,4.119355199974962,7.2110860999673605,0.017648500041104853,1.9616332005243748,2.11047199962195,,
PPO_full_u10_t100_seed0_20260522_124407,PPO,full,u10_t100,10,100,0,205,2026-05-22 13:06:27,1339.9657189999707,-0.7972087989055299,0.011439920270748192,1210.302683343894,1180.110211474254,17.36780404322595,1.0,8,8,0,,,1116.8193723146078,130,,MinBattery_NearestTask,1187.1112015225146,1816.9612465912573,0.0022398450598120688,2.7008975575881777e-05,1.9183422768115996,0.0001,0.0003,0.0001,0.0003,,256,3,4,4,1,128,,1,0.99,0.95,0.2,0.01,1,D:\Python project\HGNN_PPO_USV_Scheduling\models\best_u10_t100_seed0.pth,2.790341699961573,3.4011604000115767,6.19161300000269,0.016771099995821714,1.799546499736607,1.5526313995942473,,
PPO_full_u10_t100_seed0_20260522_124407,PPO,full,u10_t100,10,100,0,206,2026-05-22 13:06:34,1346.7934628999792,-0.7999185496624435,0.017729888545848466,1214.4165599302892,1174.9713373791537,26.917078326140512,1.0,8,8,0,,,1116.8193723146078,130,,MinBattery_NearestTask,1187.1112015225146,1816.9612465912573,0.00037830231711268427,3.297298532743298e-05,1.9254281771183015,0.0001,0.0003,0.0001,0.0003,,256,3,4,4,1,128,,1,0.99,0.95,0.2,0.01,1,D:\Python project\HGNN_PPO_USV_Scheduling\models\best_u10_t100_seed0.pth,2.97240490000695,3.764631800004281,6.737142900004983,0.014728300040587783,1.8100094003602862,1.913183399126865,,
PPO_full_u10_t100_seed0_20260522_124407,PPO,full,u10_t100,10,100,0,207,2026-05-22 13:06:40,1353.0729661999503,-0.7998649203970872,0.012685166782141686,1214.3351413058895,1190.2239752106645,19.258306501594717,1.0,8,8,0,,,1116.8193723146078,130,,MinBattery_NearestTask,1187.1112015225146,1816.9612465912573,-0.01688727844506502,3.0122538892101147e-05,1.9463436257839204,0.0001,0.0003,0.0001,0.0003,,256,3,4,4,1,128,,1,0.99,0.95,0.2,0.01,1,D:\Python project\HGNN_PPO_USV_Scheduling\models\best_u10_t100_seed0.pth,2.7926513999700546,3.4063220000825822,6.199082899955101,0.01429459999781102,1.798748200526461,1.564589099958539,,
PPO_full_u10_t100_seed0_20260522_124407,PPO,full,u10_t100,10,100,0,208,2026-05-22 13:06:46,1359.3094874999952,-0.8091516482059968,0.004626144759613477,1228.43402180249,1217.5112039197545,7.023298568435574,1.0,8,8,0,,,1116.8193723146078,130,,MinBattery_NearestTask,1187.1112015225146,1816.9612465912573,-0.01828752474859357,2.037074174040754e-05,1.9703949427604674,0.0001,0.0003,0.0001,0.0003,,256,3,4,4,1,128,,1,0.99,0.95,0.2,0.01,1,D:\Python project\HGNN_PPO_USV_Scheduling\models\best_u10_t100_seed0.pth,2.753558599972166,3.395325700053945,6.148992700036615,0.015463599935173988,1.7964810994453728,1.5491992002353072,,
PPO_full_u10_t100_seed0_20260522_124407,PPO,full,u10_t100,10,100,0,209,2026-05-22 13:06:53,1365.8557379000122,-0.785708256296454,0.012548508965102054,1192.8428439658232,1164.0238870361002,19.050835983343998,1.0,8,8,0,,,1116.8193723146078,130,,MinBattery_NearestTask,1187.1112015225146,1816.9612465912573,-0.010657204855233431,2.638929835484305e-05,1.9282959282398224,0.0001,0.0003,0.0001,0.0003,,256,3,4,4,1,128,,1,0.99,0.95,0.2,0.01,1,D:\Python project\HGNN_PPO_USV_Scheduling\models\best_u10_t100_seed0.pth,3.083186100004241,3.3756201000651345,6.458915000082925,0.014382999972440302,1.7800602001370862,1.5534173002233729,,
PPO_full_u10_t100_seed0_20260522_124407,PPO,full,u10_t100,10,100,0,210,2026-05-22 13:07:01,1373.948198499973,-0.7977009007459938,0.01621150986547656,1211.0497801882962,1157.7985939896912,24.611913363449197,1.0,8,8,0,1160.0730152363403,1,1116.8193723146078,130,-2.277645620014101,MinBattery_NearestTask,1187.1112015225146,1816.9612465912573,0.006864901604130864,3.47707291439292e-05,2.0495992922782897,0.0001,0.0003,0.0001,0.0003,,256,3,4,4,1,128,,1,0.99,0.95,0.2,0.01,1,D:\Python project\HGNN_PPO_USV_Scheduling\models\best_u10_t100_seed0.pth,2.698779599973932,3.4301841999404132,8.00511079991702,0.01493459998164326,1.7923906996147707,1.5924338994082063,,
PPO_full_u10_t100_seed0_20260522_124407,PPO,full,u10_t100,10,100,0,211,2026-05-22 13:07:08,1380.5005416999338,-0.7935946086695777,0.01507435361376018,1204.815709107416,1180.7864528378573,22.885510864225523,1.0,8,8,0,,,1116.8193723146078,130,,MinBattery_NearestTask,1187.1112015225146,1816.9612465912573,-0.015828473027795553,3.149222831780207e-05,2.151111708879471,0.0001,0.0003,0.0001,0.0003,,256,3,4,4,1,128,,1,0.99,0.95,0.2,0.01,1,D:\Python project\HGNN_PPO_USV_Scheduling\models\best_u10_t100_seed0.pth,3.075421500019729,3.396574900019914,6.47211019997485,0.014300699927844107,1.780794200138189,1.5747873006621376,,
PPO_full_u10_t100_seed0_20260522_124407,PPO,full,u10_t100,10,100,0,212,2026-05-22 13:07:14,1386.8214929000242,-0.809900971593552,0.013729344301323968,1229.5716260385389,1210.708874318165,20.843550988470334,1.0,8,8,0,,,1116.8193723146078,130,,MinBattery_NearestTask,1187.1112015225146,1816.9612465912573,-0.022157584615051747,3.451237013905484e-05,2.0604785001277923,0.0001,0.0003,0.0001,0.0003,,256,3,4,4,1,128,,1,0.99,0.95,0.2,0.01,1,D:\Python project\HGNN_PPO_USV_Scheduling\models\best_u10_t100_seed0.pth,2.8188646000344306,3.4165389999980107,6.2354859000770375,0.014056999934837222,1.7971140996087343,1.5782594002084807,,
PPO_full_u10_t100_seed0_20260522_124407,PPO,full,u10_t100,10,100,0,213,2026-05-22 13:07:21,1393.5233152,-0.8058560111638459,0.01718228520282531,1223.4306671469483,1187.5343331145546,26.085720473117657,1.0,8,8,0,,,1116.8193723146078,130,,MinBattery_NearestTask,1187.1112015225146,1816.9612465912573,-0.016002657674252987,3.354134516484919e-05,2.0302775967121125,0.0001,0.0003,0.0001,0.0003,,256,3,4,4,1,128,,1,0.99,0.95,0.2,0.01,1,D:\Python project\HGNN_PPO_USV_Scheduling\models\best_u10_t100_seed0.pth,2.9270039999391884,3.6933077999856323,6.620423899963498,0.013729400001466274,1.7937589004868641,1.857035800232552,,
PPO_full_u10_t100_seed0_20260522_124407,PPO,full,u10_t100,10,100,0,214,2026-05-22 13:07:27,1399.9927956999745,-0.7877677501184204,0.017012575033977302,1195.9695165545832,1151.9718378883808,25.82807069174364,1.0,8,8,0,,,1116.8193723146078,130,,MinBattery_NearestTask,1187.1112015225146,1816.9612465912573,-0.016344977989792824,3.132135102532629e-05,2.0805250334739687,0.0001,0.0003,0.0001,0.0003,,256,3,4,4,1,128,,1,0.99,0.95,0.2,0.01,1,D:\Python project\HGNN_PPO_USV_Scheduling\models\best_u10_t100_seed0.pth,2.9732167000183836,3.4164599999785423,6.389766399981454,0.017276600003242493,1.7830881000263616,1.5830329003510997,,
PPO_full_u10_t100_seed0_20260522_124407,PPO,full,u10_t100,10,100,0,215,2026-05-22 13:07:34,1406.7183149999473,-0.7950647785843392,0.009453875903796018,1207.0476847143716,1183.9551868061967,14.352640600646927,1.0,8,8,0,,,1116.8193723146078,130,,MinBattery_NearestTask,1187.1112015225146,1816.9612465912573,-0.010575348064303398,2.3451391843991587e-05,2.000068130493164,0.0001,0.0003,0.0001,0.0003,,256,3,4,4,1,128,,1,0.99,0.95,0.2,0.01,1,D:\Python project\HGNN_PPO_USV_Scheduling\models\best_u10_t100_seed0.pth,2.9240907999919727,3.717194000026211,6.641392100020312,0.015000000013969839,1.7986144997412339,1.8758756001479924,,
PPO_full_u10_t100_seed0_20260522_124407,PPO,full,u10_t100,10,100,0,216,2026-05-22 13:07:40,1413.2086149000097,-0.8024951807274124,0.009406492528645921,1218.3283374924545,1197.236639981598,14.280704332295754,1.0,8,8,0,,,1116.8193723146078,130,,MinBattery_NearestTask,1187.1112015225146,1816.9612465912573,-0.016936164274811746,2.1473079605129897e-05,2.01559356212616,0.0001,0.0003,0.0001,0.0003,,256,3,4,4,1,128,,1,0.99,0.95,0.2,0.01,1,D:\Python project\HGNN_PPO_USV_Scheduling\models\best_u10_t100_seed0.pth,2.9377505000447854,3.4699741000076756,6.407828699913807,0.01715259999036789,1.8031685000751168,1.6166580996941775,,
PPO_full_u10_t100_seed0_20260522_124407,PPO,full,u10_t100,10,100,0,217,2026-05-22 13:07:47,1419.600067500025,-0.7956780605895876,0.008125165471618467,1207.9787542881363,1193.3456774246536,12.335425281825444,1.0,8,8,0,,,1116.8193723146078,130,,MinBattery_NearestTask,1187.1112015225146,1816.9612465912573,-0.0067190696205943826,1.9387336810723354e-05,1.884146066904068,0.0001,0.0003,0.0001,0.0003,,256,3,4,4,1,128,,1,0.99,0.95,0.2,0.01,1,D:\Python project\HGNN_PPO_USV_Scheduling\models\best_u10_t100_seed0.pth,2.8896846999414265,3.4226319000590593,6.312422099988908,0.01656170003116131,1.7793891999172047,1.599208600120619,,
PPO_full_u10_t100_seed0_20260522_124407,PPO,full,u10_t100,10,100,0,218,2026-05-22 13:07:53,1426.093671599985,-0.7933782005115357,0.013169011020714702,1204.4871635936997,1176.5170914712544,19.992866859018438,1.0,8,8,0,,,1116.8193723146078,130,,MinBattery_NearestTask,1187.1112015225146,1816.9612465912573,-0.012162163481116295,2.992075777001446e-05,1.8579474925994872,0.0001,0.0003,0.0001,0.0003,,256,3,4,4,1,128,,1,0.99,0.95,0.2,0.01,1,D:\Python project\HGNN_PPO_USV_Scheduling\models\best_u10_t100_seed0.pth,3.0094774999888614,3.4039233999792486,6.413517100038007,0.014997599995695055,1.79049939988181,1.5669348004739732,,
PPO_full_u10_t100_seed0_20260522_124407,PPO,full,u10_t100,10,100,0,219,2026-05-22 13:08:00,1432.590191300027,-0.782450903425967,0.027678366353708236,1187.8976113929257,1082.5430908552262,42.02061130591978,1.0,8,8,0,,,1116.8193723146078,130,,MinBattery_NearestTask,1187.1112015225146,1816.9612465912573,-0.011047484185546637,4.8127809823199644e-05,1.8776685833930968,0.0001,0.0003,0.0001,0.0003,,256,3,4,4,1,128,,1,0.99,0.95,0.2,0.01,1,D:\Python project\HGNN_PPO_USV_Scheduling\models\best_u10_t100_seed0.pth,3.0182454000459984,3.3969614999368787,6.415334700024687,0.014572400017641485,1.7880775005323812,1.5654390001436695,,
PPO_full_u10_t100_seed0_20260522_124407,PPO,full,u10_t100,10,100,0,220,2026-05-22 13:08:08,1441.0208639999619,-0.7950518908067308,0.010246813535199748,1207.028118809124,1179.7519668704913,15.556458903116543,1.0,8,8,0,1197.9153203795568,1,1116.8193723146078,130,0.9101185165454951,MinBattery_NearestTask,1187.1112015225146,1816.9612465912573,-0.015211174506694078,2.4189868709072472e-05,1.9012443220615387,0.0001,0.0003,0.0001,0.0003,,256,3,4,4,1,128,,1,0.99,0.95,0.2,0.01,1,D:\Python project\HGNN_PPO_USV_Scheduling\models\best_u10_t100_seed0.pth,3.1401141000678763,3.3602406999561936,8.343576400075108,0.0152548000914976,1.7763069005450234,1.5409461995586753,,
PPO_full_u10_t100_seed0_20260522_124407,PPO,full,u10_t100,10,100,0,221,2026-05-22 13:08:14,1447.2782145999372,-0.7901991178990149,0.012202891661981677,1199.6607589908049,1173.3108606098633,18.526128340940954,1.0,8,8,0,,,1116.8193723146078,130,,MinBattery_NearestTask,1187.1112015225146,1816.9612465912573,-0.01135816404595971,2.8320300980340108e-05,1.9077431631088257,0.0001,0.0003,0.0001,0.0003,,256,3,4,4,1,128,,1,0.99,0.95,0.2,0.01,1,D:\Python project\HGNN_PPO_USV_Scheduling\models\best_u10_t100_seed0.pth,2.7906977999955416,3.373759299982339,6.164578999974765,0.014240399934351444,1.7645733000244945,1.567679800093174,,
PPO_full_u10_t100_seed0_20260522_124407,PPO,full,u10_t100,10,100,0,222,2026-05-22 13:08:21,1453.9201319999993,-0.7927268946519033,0.026794927388108597,1203.4983671445473,1136.0889173356654,40.67939611599247,1.0,8,8,0,,,1116.8193723146078,130,,MinBattery_NearestTask,1187.1112015225146,1816.9612465912573,-0.020257763992995025,4.613161341694649e-05,2.0719780778884886,0.0001,0.0003,0.0001,0.0003,,256,3,4,4,1,128,,1,0.99,0.95,0.2,0.01,1,D:\Python project\HGNN_PPO_USV_Scheduling\models\best_u10_t100_seed0.pth,2.899189900024794,3.6616235999390483,6.560920499963686,0.20946829998865724,1.7832053003367037,1.638013299787417,,
PPO_full_u10_t100_seed0_20260522_124407,PPO,full,u10_t100,10,100,0,223,2026-05-22 13:08:27,1460.3123874999583,-0.802138957692943,0.00701977857013329,1217.787528490999,1202.5125226965529,10.657254224459557,1.0,8,8,0,,,1116.8193723146078,130,,MinBattery_NearestTask,1187.1112015225146,1816.9612465912573,-0.009315916504710912,2.2030149643796904e-05,2.1293235206604004,0.0001,0.0003,0.0001,0.0003,,256,3,4,4,1,128,,1,0.99,0.95,0.2,0.01,1,D:\Python project\HGNN_PPO_USV_Scheduling\models\best_u10_t100_seed0.pth,2.9258325999835506,3.3733868999406695,6.2993127999361604,0.014311600010842085,1.7722863000817597,1.5586871996056288,,
PPO_full_u10_t100_seed0_20260522_124407,PPO,full,u10_t100,10,100,0,224,2026-05-22 13:08:34,1466.9996905999724,-0.794192499260272,0.012518936887705024,1205.7234118162382,1170.6974726502565,19.005940386763985,1.0,8,8,0,,,1116.8193723146078,130,,MinBattery_NearestTask,1187.1112015225146,1816.9612465912573,-0.019657045193016528,1.974609569970198e-05,2.0559870052337645,0.0001,0.0003,0.0001,0.0003,,256,3,4,4,1,128,,1,0.99,0.95,0.2,0.01,1,D:\Python project\HGNN_PPO_USV_Scheduling\models\best_u10_t100_seed0.pth,2.9503478999249637,3.6555498000234365,6.6060043999459594,0.014461299986578524,1.7908523000078276,1.8236400003079325,,
PPO_full_u10_t100_seed0_20260522_124407,PPO,full,u10_t100,10,100,0,225,2026-05-22 13:08:41,1473.4147817000048,-0.7873329774848473,0.00955080566297528,1195.3094554943182,1180.3176310415092,14.499796963937978,1.0,8,8,0,,,1116.8193723146078,130,,MinBattery_NearestTask,1187.1112015225146,1816.9612465912573,-0.010098749604076147,2.080150980873441e-05,2.1008436942100523,0.0001,0.0003,0.0001,0.0003,,256,3,4,4,1,128,,1,0.99,0.95,0.2,0.01,1,D:\Python project\HGNN_PPO_USV_Scheduling\models\best_u10_t100_seed0.pth,2.894849000032991,3.441912699956447,6.336870300001465,0.01750079996418208,1.7861433994257823,1.6063364999135956,,
PPO_full_u10_t100_seed0_20260522_124407,PPO,full,u10_t100,10,100,0,226,2026-05-22 13:08:47,1479.6490230000345,-0.7949986491620968,0.013737509519719276,1206.9472886609187,1187.1853978799666,20.85594722111032,1.0,8,8,0,,,1116.8193723146078,130,,MinBattery_NearestTask,1187.1112015225146,1816.9612465912573,-0.013892330341041087,2.135116552381078e-05,2.069208438396454,0.0001,0.0003,0.0001,0.0003,,256,3,4,4,1,128,,1,0.99,0.95,0.2,0.01,1,D:\Python project\HGNN_PPO_USV_Scheduling\models\best_u10_t100_seed0.pth,2.8074840999906883,3.344156499952078,6.151749499957077,0.01422469993121922,1.7675918994937092,1.5331176999025047,,
PPO_full_u10_t100_seed0_20260522_124407,PPO,full,u10_t100,10,100,0,227,2026-05-22 13:08:54,1486.398881400004,-0.7931590133179417,0.013326382324876925,1204.1543990169343,1173.0178175163328,20.2317840811695,1.0,8,8,0,,,1116.8193723146078,130,,MinBattery_NearestTask,1187.1112015225146,1816.9612465912573,-0.013804742153733968,2.3267171845873234e-05,1.9418119966983796,0.0001,0.0003,0.0001,0.0003,,256,3,4,4,1,128,,1,0.99,0.95,0.2,0.01,1,D:\Python project\HGNN_PPO_USV_Scheduling\models\best_u10_t100_seed0.pth,3.2905399000737816,3.3773879999062046,6.668116900022142,0.015655600000172853,1.7719799999613315,1.555867200368084,,
PPO_full_u10_t100_seed0_20260522_124407,PPO,full,u10_t100,10,100,0,228,2026-05-22 13:09:00,1493.059746599989,-0.7854992286365426,0.012962526356626047,1192.525503341847,1171.2555804626031,19.67938694841173,1.0,8,8,0,,,1116.8193723146078,130,,MinBattery_NearestTask,1187.1112015225146,1816.9612465912573,-0.004015682712197304,2.177906030738086e-05,1.8821576130390167,0.0001,0.0003,0.0001,0.0003,,256,3,4,4,1,128,,1,0.99,0.95,0.2,0.01,1,D:\Python project\HGNN_PPO_USV_Scheduling\models\best_u10_t100_seed0.pth,3.092096299980767,3.48870949994307,6.580922699999064,0.01621609996072948,1.839261599816382,1.6006480996729806,,
PPO_full_u10_t100_seed0_20260522_124407,PPO,full,u10_t100,10,100,0,229,2026-05-22 13:09:07,1499.6645755999489,-0.7923323946270966,0.01126102574601256,1202.899446962961,1183.8594181628928,17.096210799874502,1.0,8,8,0,,,1116.8193723146078,130,,MinBattery_NearestTask,1187.1112015225146,1816.9612465912573,-0.017168071363121273,2.1538747105296352e-05,1.9363069128990174,0.0001,0.0003,0.0001,0.0003,,256,3,4,4,1,128,,1,0.99,0.95,0.2,0.01,1,D:\Python project\HGNN_PPO_USV_Scheduling\models\best_u10_t100_seed0.pth,3.146915499935858,3.378213100018911,6.525236899964511,0.021783199976198375,1.7524157997686416,1.5721295002149418,,
PPO_full_u10_t100_seed0_20260522_124407,PPO,full,u10_t100,10,100,0,230,2026-05-22 13:09:15,1507.9238855999429,-0.7986398818427569,0.01808302909541361,1212.4753180681864,1175.5203361203965,27.453207575244395,1.0,8,8,0,1166.9143761498665,1,1116.8193723146078,130,-1.701342329745097,MinBattery_NearestTask,1187.1112015225146,1816.9612465912573,-0.01232722520828247,2.7915036871490883e-05,1.9392246806621551,0.0001,0.0003,0.0001,0.0003,,256,3,4,4,1,128,,1,0.99,0.95,0.2,0.01,1,D:\Python project\HGNN_PPO_USV_Scheduling\models\best_u10_t100_seed0.pth,2.927850699983537,3.3910716000245884,8.176051400019787,0.014902399969287217,1.7675621004309505,1.5794137995690107,,
PPO_full_u10_t100_seed0_20260522_124407,PPO,full,u10_t100,10,100,0,231,2026-05-22 13:09:22,1514.5282903999323,-0.8005928497675492,0.014094279644579275,1215.4402656742664,1194.7773600884166,21.397586801666666,1.0,8,8,0,,,1116.8193723146078,130,,MinBattery_NearestTask,1187.1112015225146,1816.9612465912573,-0.02847893700003624,2.1503606226360717e-05,1.9168169760704041,0.0001,0.0003,0.0001,0.0003,,256,3,4,4,1,128,,1,0.99,0.95,0.2,0.01,1,D:\Python project\HGNN_PPO_USV_Scheduling\models\best_u10_t100_seed0.pth,3.1400075000710785,3.3835595999844372,6.523677300079726,0.016187600092962384,1.772755300393328,1.5627316010650247,,
PPO_full_u10_t100_seed0_20260522_124407,PPO,full,u10_t100,10,100,0,232,2026-05-22 13:09:28,1520.9434470999986,-0.800737645755898,0.019523683686110172,1215.6600913629397,1174.7014310117681,29.640373747125036,1.0,8,8,0,,,1116.8193723146078,130,,MinBattery_NearestTask,1187.1112015225146,1816.9612465912573,-0.01350204398855567,3.427034879678104e-05,1.8450109457969666,0.0001,0.0003,0.0001,0.0003,,256,3,4,4,1,128,,1,0.99,0.95,0.2,0.01,1,D:\Python project\HGNN_PPO_USV_Scheduling\models\best_u10_t100_seed0.pth,2.9661717999260873,3.3693444000091404,6.335631599999033,0.014204700011759996,1.7616200997726992,1.564823999418877,,
PPO_full_u10_t100_seed0_20260522_124407,PPO,full,u10_t100,10,100,0,233,2026-05-22 13:09:35,1527.5803898000158,-0.8037039982855962,0.01999244551991358,1220.1635344149563,1193.274252612829,30.352036370618805,1.0,8,8,0,,,1116.8193723146078,130,,MinBattery_NearestTask,1187.1112015225146,1816.9612465912573,-0.016067311940714715,3.4908369998447596e-05,1.8244544970989227,0.0001,0.0003,0.0001,0.0003,,256,3,4,4,1,128,,1,0.99,0.95,0.2,0.01,1,D:\Python project\HGNN_PPO_USV_Scheduling\models\best_u10_t100_seed0.pth,2.8935273999813944,3.662407400086522,6.556040000054054,0.01438790000975132,2.0574445001548156,1.5584313998697326,,
PPO_full_u10_t100_seed0_20260522_124407,PPO,full,u10_t100,10,100,0,234,2026-05-22 13:09:41,1533.9445686999243,-0.8050945640485407,0.020276831110796385,1222.2746569672522,1183.5533189698622,30.78378354177698,1.0,8,8,0,,,1116.8193723146078,130,,MinBattery_NearestTask,1187.1112015225146,1816.9612465912573,-0.017267466001212598,3.23676144125784e-05,1.8824338686466218,0.0001,0.0003,0.0001,0.0003,,256,3,4,4,1,128,,1,0.99,0.95,0.2,0.01,1,D:\Python project\HGNN_PPO_USV_Scheduling\models\best_u10_t100_seed0.pth,2.8799846000038087,3.4058478999650106,6.285942899994552,0.014046699972823262,1.7946100996341556,1.5675361006287858,,
PPO_full_u10_t100_seed0_20260522_124407,PPO,full,u10_t100,10,100,0,235,2026-05-22 13:09:48,1540.729153299937,-0.7954612522043079,0.016657427384280322,1207.6496011593254,1172.666101526115,25.288894312855625,1.0,8,8,0,,,1116.8193723146078,130,,MinBattery_NearestTask,1187.1112015225146,1816.9612465912573,-0.012501457408070564,2.521006393180869e-05,1.9469032716751098,0.0001,0.0003,0.0001,0.0003,,256,3,4,4,1,128,,1,0.99,0.95,0.2,0.01,1,D:\Python project\HGNN_PPO_USV_Scheduling\models\best_u10_t100_seed0.pth,2.923454499919899,3.7431615000823513,6.666794399963692,0.015033100033178926,2.0588684000540525,1.6334404000081122,,
PPO_full_u10_t100_seed0_20260522_124407,PPO,full,u10_t100,10,100,0,236,2026-05-22 13:09:55,1547.6036951999413,-0.791844734426808,0.013760815886658392,1202.1590933068305,1168.6076381950202,20.891330371025614,1.0,8,8,0,,,1116.8193723146078,130,,MinBattery_NearestTask,1187.1112015225146,1816.9612465912573,-0.025255595035851,2.7041007879233803e-05,2.0088666784763336,0.0001,0.0003,0.0001,0.0003,,256,3,4,4,1,128,,1,0.99,0.95,0.2,0.01,1,D:\Python project\HGNN_PPO_USV_Scheduling\models\best_u10_t100_seed0.pth,3.1077247000066563,3.6866332000354305,6.794454099959694,0.028018099954351783,2.051065199659206,1.5767066999105737,,
PPO_full_u10_t100_seed0_20260522_124407,PPO,full,u10_t100,10,100,0,237,2026-05-22 13:10:00,1553.069481399958,-0.8050743947683648,0.011426233552205484,1222.2440364648799,1195.073362029636,17.34702520561003,1.0,8,8,0,,,1116.8193723146078,130,,MinBattery_NearestTask,1187.1112015225146,1816.9612465912573,-0.020380715057253838,1.954578224285797e-05,2.03240468621254,0.0001,0.0003,0.0001,0.0003,,256,3,4,4,1,128,,1,0.99,0.95,0.2,0.01,1,D:\Python project\HGNN_PPO_USV_Scheduling\models\best_u10_t100_seed0.pth,2.0171164999483153,3.3654099000850692,5.382614300004207,0.013623900013044477,1.7653924997430295,1.5536697999341413,,
PPO_full_u10_t100_seed0_20260522_124407,PPO,full,u10_t100,10,100,0,238,2026-05-22 13:10:06,1558.6366533000255,-0.81102260811561,0.014000612008482636,1231.2744668680016,1186.1675656507205,21.25538291296668,1.0,8,8,0,,,1116.8193723146078,130,,MinBattery_NearestTask,1187.1112015225146,1816.9612465912573,-0.02343638438731432,2.3504028604293126e-05,1.9286533641815184,0.0001,0.0003,0.0001,0.0003,,256,3,4,4,1,128,,1,0.99,0.95,0.2,0.01,1,D:\Python project\HGNN_PPO_USV_Scheduling\models\best_u10_t100_seed0.pth,2.0185994999483228,3.4716457000467926,5.490388600039296,0.013547100010327995,1.8351228999672458,1.5957053002202883,,
PPO_full_u10_t100_seed0_20260522_124407,PPO,full,u10_t100,10,100,0,239,2026-05-22 13:10:11,1564.0565490999725,-0.7969335500739673,0.01408909682091597,1209.884807374782,1169.3642000649425,21.389718366953524,1.0,8,8,0,,,1116.8193723146078,130,,MinBattery_NearestTask,1187.1112015225146,1816.9612465912573,-0.008480016384273767,2.5657349897301174e-05,1.9026424431800841,0.0001,0.0003,0.0001,0.0003,,256,3,4,4,1,128,,1,0.99,0.95,0.2,0.01,1,D:\Python project\HGNN_PPO_USV_Scheduling\models\best_u10_t100_seed0.pth,2.0005016999784857,3.341095400042832,5.341700899996795,0.013167499913834035,1.7224789994070306,1.5778151991544291,,
PPO_full_u10_t100_seed0_20260522_124407,PPO,full,u10_t100,10,100,0,240,2026-05-22 13:10:19,1571.4259161000373,-0.8036185962303704,0.008649032277935429,1220.033879126725,1199.7357758615287,13.130746911830904,1.0,8,8,0,1188.5027653359266,1,1116.8193723146078,130,0.11722270092534012,MinBattery_NearestTask,1187.1112015225146,1816.9612465912573,-0.015582716055214406,2.1094418543725623e-05,2.0830980241298676,0.0001,0.0003,0.0001,0.0003,,256,3,4,4,1,128,,1,0.99,0.95,0.2,0.01,1,D:\Python project\HGNN_PPO_USV_Scheduling\models\best_u10_t100_seed0.pth,2.056021500029601,3.3980084999930114,7.303537699976005,0.013568300055339932,1.7705505003686994,1.5859268003841862,,
PPO_full_u10_t100_seed0_20260522_124407,PPO,full,u10_t100,10,100,0,241,2026-05-22 13:10:24,1577.1023906000191,-0.7963030025448428,0.010798009743603013,1208.9275257096488,1184.1387200009203,16.393271355507046,1.0,8,8,0,,,1116.8193723146078,130,,MinBattery_NearestTask,1187.1112015225146,1816.9612465912573,-0.023415529672056436,2.4611806875327602e-05,2.1250623297691345,0.0001,0.0003,0.0001,0.0003,,256,3,4,4,1,128,,1,0.99,0.95,0.2,0.01,1,D:\Python project\HGNN_PPO_USV_Scheduling\models\best_u10_t100_seed0.pth,2.030460000038147,3.56720069993753,5.597788900020532,0.013668900006450713,1.8445013001328334,1.675177700119093,,
PPO_full_u10_t100_seed0_20260522_124407,PPO,full,u10_t100,10,100,0,242,2026-05-22 13:10:31,1583.4825940999435,-0.7950393192066711,0.008079874180238155,1207.009032916812,1186.9652548388858,12.266665163315793,1.0,8,8,0,,,1116.8193723146078,130,,MinBattery_NearestTask,1187.1112015225146,1816.9612465912573,-0.024494575951248408,2.1893400471526548e-05,2.2391702806949616,0.0001,0.0003,0.0001,0.0003,,256,3,4,4,1,128,,1,0.99,0.95,0.2,0.01,1,D:\Python project\HGNN_PPO_USV_Scheduling\models\best_u10_t100_seed0.pth,2.9236070999177173,3.374526600004174,6.298241699929349,0.01457610004581511,1.7854131001513451,1.5466955999145284,,
PPO_full_u10_t100_seed0_20260522_124407,PPO,full,u10_t100,10,100,0,243,2026-05-22 13:10:37,1589.730451399926,-0.7991930191803481,0.020817930502893062,1213.3150774949054,1179.915792562164,31.60526725734737,1.0,8,8,0,,,1116.8193723146078,130,,MinBattery_NearestTask,1187.1112015225146,1816.9612465912573,-0.01616974676027894,3.5829973858199085e-05,2.4767448472976685,0.0001,0.0003,0.0001,0.0003,,256,3,4,4,1,128,,1,0.99,0.95,0.2,0.01,1,D:\Python project\HGNN_PPO_USV_Scheduling\models\best_u10_t100_seed0.pth,2.828839599969797,3.3363240000326186,6.1652695999946445,0.014268299913965166,1.7709028999088332,1.5263114997651428,,
PPO_full_u10_t100_seed0_20260522_124407,PPO,full,u10_t100,10,100,0,244,2026-05-22 13:10:43,1596.2897689000238,-0.8116012364714208,0.01902347059670361,1232.152926128183,1181.0556228403082,28.880962605171174,1.0,8,8,0,,,1116.8193723146078,130,,MinBattery_NearestTask,1187.1112015225146,1816.9612465912573,-0.01834950353950262,4.6696354584128133e-05,2.368833758831024,0.0001,0.0003,0.0001,0.0003,,256,3,4,4,1,128,,1,0.99,0.95,0.2,0.01,1,D:\Python project\HGNN_PPO_USV_Scheduling\models\best_u10_t100_seed0.pth,3.1286240000044927,3.342606500023976,6.471337700029835,0.015111700049601495,1.7406955001642928,1.5528615004150197,,
PPO_full_u10_t100_seed0_20260522_124407,PPO,full,u10_t100,10,100,0,245,2026-05-22 13:10:50,1602.7424736999674,-0.8013330841875632,0.015445909660505613,1216.5640712645663,1187.293820468726,23.44959806572907,1.0,8,8,0,,,1116.8193723146078,130,,MinBattery_NearestTask,1187.1112015225146,1816.9612465912573,-0.0279193726554513,2.721569126151735e-05,2.3755511009693144,0.0001,0.0003,0.0001,0.0003,,256,3,4,4,1,128,,1,0.99,0.95,0.2,0.01,1,D:\Python project\HGNN_PPO_USV_Scheduling\models\best_u10_t100_seed0.pth,3.006560599897057,3.3655560000333935,6.372227099956945,0.014460999984294176,1.7810529002454132,1.5417419004952535,,
PPO_full_u10_t100_seed0_20260522_124407,PPO,full,u10_t100,10,100,0,246,2026-05-22 13:10:57,1609.4279749999987,-0.8168378185415888,0.023242099559449884,1240.1029755252493,1193.8287653915881,35.285580768761214,1.0,8,8,0,,,1116.8193723146078,130,,MinBattery_NearestTask,1187.1112015225146,1816.9612465912573,-0.017803160212934016,4.0278603319166e-05,2.377883322238922,0.0001,0.0003,0.0001,0.0003,,256,3,4,4,1,128,,1,0.99,0.95,0.2,0.01,1,D:\Python project\HGNN_PPO_USV_Scheduling\models\best_u10_t100_seed0.pth,3.188091199961491,3.415316400001757,6.603513999958523,0.014629899989813566,1.777406900539063,1.590887599857524,,
PPO_full_u10_t100_seed0_20260522_124407,PPO,full,u10_t100,10,100,0,247,2026-05-22 13:11:03,1615.8200321999611,-0.7933106638626887,0.01819156763335341,1204.3846311236166,1170.2234820787523,27.617988099361995,1.0,8,8,0,,,1116.8193723146078,130,,MinBattery_NearestTask,1187.1112015225146,1816.9612465912573,-0.02116768281906843,3.588149935239926e-05,2.39054013133049,0.0001,0.0003,0.0001,0.0003,,256,3,4,4,1,128,,1,0.99,0.95,0.2,0.01,1,D:\Python project\HGNN_PPO_USV_Scheduling\models\best_u10_t100_seed0.pth,2.834390199976042,3.459514799993485,6.29401059995871,0.016959200031124055,1.82842189935036,1.5851052005309612,,
PPO_full_u10_t100_seed0_20260522_124407,PPO,full,u10_t100,10,100,0,248,2026-05-22 13:11:10,1622.4566414,-0.7906149959099587,0.021185543053668123,1200.292134702262,1156.2384502166026,32.163367540792315,1.0,8,8,0,,,1116.8193723146078,130,,MinBattery_NearestTask,1187.1112015225146,1816.9612465912573,-0.019043468069285155,3.822038613179757e-05,2.361671234369278,0.0001,0.0003,0.0001,0.0003,,256,3,4,4,1,128,,1,0.99,0.95,0.2,0.01,1,D:\Python project\HGNN_PPO_USV_Scheduling\models\best_u10_t100_seed0.pth,2.8645011000335217,3.690976099926047,6.555587199982256,0.01442919997498393,1.8592837002361193,1.7870023996802047,,
PPO_full_u10_t100_seed0_20260522_124407,PPO,full,u10_t100,10,100,0,249,2026-05-22 13:11:16,1628.855252899928,-0.8035103130360983,0.020889891864559827,1219.869486259049,1168.7380035092378,31.71451721700904,1.0,8,8,0,,,1116.8193723146078,130,,MinBattery_NearestTask,1187.1112015225146,1816.9612465912573,-0.01890272755175829,3.3035966680472484e-05,2.3376091861724855,0.0001,0.0003,0.0001,0.0003,,256,3,4,4,1,128,,1,0.99,0.95,0.2,0.01,1,D:\Python project\HGNN_PPO_USV_Scheduling\models\best_u10_t100_seed0.pth,2.9417479999829084,3.376939400099218,6.318798499996774,0.013946600025519729,1.7627758003072813,1.5731768003897741,,
PPO_full_u10_t100_seed0_20260522_124407,PPO,full,u10_t100,10,100,0,250,2026-05-22 13:11:25,1637.3641863999655,-0.781814016694619,0.017852536850553494,1186.9307057077463,1145.034711709436,27.103279949223296,1.0,8,8,0,1200.3890325653156,1,1116.8193723146078,130,1.1184993474723859,MinBattery_NearestTask,1187.1112015225146,1816.9612465912573,-0.01462373735383153,2.9911082701801206e-05,2.3891432905197143,0.0001,0.0003,0.0001,0.0003,,256,3,4,4,1,128,,1,0.99,0.95,0.2,0.01,1,D:\Python project\HGNN_PPO_USV_Scheduling\models\best_u10_t100_seed0.pth,2.9353184000356123,3.6847034000093117,8.432129699969664,0.016775700030848384,2.0783195002004504,1.5573734998470172,,
PPO_full_u10_t100_seed0_20260522_124407,PPO,full,u10_t100,10,100,0,251,2026-05-22 13:11:31,1643.7628096999833,-0.7974654316687375,0.01943434685832896,1210.6922968584095,1160.5545871171523,29.504744784507615,1.0,8,8,0,,,1116.8193723146078,130,,MinBattery_NearestTask,1187.1112015225146,1816.9612465912573,-0.034008087292313575,2.9648754607478624e-05,2.35604382276535,0.0001,0.0003,0.0001,0.0003,,256,3,4,4,1,128,,1,0.99,0.95,0.2,0.01,1,D:\Python project\HGNN_PPO_USV_Scheduling\models\best_u10_t100_seed0.pth,2.972944999928586,3.339737900067121,6.312805199995637,0.01517899997998029,1.7781187003711239,1.5211304004769772,,
PPO_full_u10_t100_seed0_20260522_124407,PPO,full,u10_t100,10,100,0,252,2026-05-22 13:11:37,1650.308726600022,-0.8066913742767666,0.011651153810984026,1224.6988947662653,1193.3187293513902,17.688493580158593,1.0,8,8,0,,,1116.8193723146078,130,,MinBattery_NearestTask,1187.1112015225146,1816.9612465912573,-0.02421298433095217,3.0116381794869084e-05,2.2447015714645384,0.0001,0.0003,0.0001,0.0003,,256,3,4,4,1,128,,1,0.99,0.95,0.2,0.01,1,D:\Python project\HGNN_PPO_USV_Scheduling\models\best_u10_t100_seed0.pth,2.793602199992165,3.363969699945301,6.157682999968529,0.01945670007262379,1.7603513000067323,1.555022400105372,,
PPO_full_u10_t100_seed0_20260522_124407,PPO,full,u10_t100,10,100,0,253,2026-05-22 13:11:44,1656.7640884999419,-0.7910717573557099,0.019444073139031546,1200.9855786333874,1162.7151927596628,29.519510983337177,1.0,8,8,0,,,1116.8193723146078,130,,MinBattery_NearestTask,1187.1112015225146,1816.9612465912573,-0.026213683411478995,3.5597806336227224e-05,2.2872972559928892,0.0001,0.0003,0.0001,0.0003,,256,3,4,4,1,128,,1,0.99,0.95,0.2,0.01,1,D:\Python project\HGNN_PPO_USV_Scheduling\models\best_u10_t100_seed0.pth,2.9518367999698967,3.422692200052552,6.37464309995994,0.01798960007727146,1.8202690003672615,1.5576152006397024,,
PPO_full_u10_t100_seed0_20260522_124407,PPO,full,u10_t100,10,100,0,254,2026-05-22 13:11:50,1663.1666687999386,-0.7979648331804359,0.024851972300641362,1211.4504758831574,1156.8950907397332,37.729649751919894,1.0,8,8,0,,,1116.8193723146078,130,,MinBattery_NearestTask,1187.1112015225146,1816.9612465912573,-0.018646991793066264,3.6704653339256766e-05,2.331202906370163,0.0001,0.0003,0.0001,0.0003,,256,3,4,4,1,128,,1,0.99,0.95,0.2,0.01,1,D:\Python project\HGNN_PPO_USV_Scheduling\models\best_u10_t100_seed0.pth,2.927058400004171,3.3924308998975903,6.319594100001268,0.0196342000272125,1.7970481008524075,1.5475781001150608,,
PPO_full_u10_t100_seed0_20260522_124407,PPO,full,u10_t100,10,100,0,255,2026-05-22 13:11:57,1669.6445469999453,-0.7857777435278498,0.01436649841852982,1192.9483377620932,1156.56108744808,21.810862612246417,1.0,8,8,0,,,1116.8193723146078,130,,MinBattery_NearestTask,1187.1112015225146,1816.9612465912573,-0.027810037322342395,2.5888121135722032e-05,2.416787912845612,0.0001,0.0003,0.0001,0.0003,,256,3,4,4,1,128,,1,0.99,0.95,0.2,0.01,1,D:\Python project\HGNN_PPO_USV_Scheduling\models\best_u10_t100_seed0.pth,3.003063500043936,3.395704900030978,6.398873300058767,0.01700130000244826,1.7977190999081358,1.5553396004252136,,
PPO_full_u10_t100_seed0_20260522_124407,PPO,full,u10_t100,10,100,0,256,2026-05-22 13:12:03,1676.0785781999584,-0.786985052559907,0.01404456000100863,1194.7812444775363,1165.5997991023767,21.322103668375785,1.0,8,8,0,,,1116.8193723146078,130,,MinBattery_NearestTask,1187.1112015225146,1816.9612465912573,-0.02406295096501708,2.2260558707785095e-05,2.3246930491924287,0.0001,0.0003,0.0001,0.0003,,256,3,4,4,1,128,,1,0.99,0.95,0.2,0.01,1,D:\Python project\HGNN_PPO_USV_Scheduling\models\best_u10_t100_seed0.pth,2.958663500030525,3.39336679992266,6.352136099943891,0.019847200019285083,1.7586670002201572,1.5834711003117263,,
PPO_full_u10_t100_seed0_20260522_124407,PPO,full,u10_t100,10,100,0,257,2026-05-22 13:12:10,1682.7230310000014,-0.8166576678054558,0.030116042777634775,1239.8294751328208,1183.3228588597358,45.721431368433976,1.0,8,8,0,,,1116.8193723146078,130,,MinBattery_NearestTask,1187.1112015225146,1816.9612465912573,-0.028850670736283064,5.8258227163605625e-05,2.320680327415466,0.0001,0.0003,0.0001,0.0003,,256,3,4,4,1,128,,1,0.99,0.95,0.2,0.01,1,D:\Python project\HGNN_PPO_USV_Scheduling\models\best_u10_t100_seed0.pth,2.875490300008096,3.6869936999864876,6.56258569995407,0.01943260000552982,1.8016460007056594,1.8363767998525873,,
PPO_full_u10_t100_seed0_20260522_124407,PPO,full,u10_t100,10,100,0,258,2026-05-22 13:12:16,1689.157793899998,-0.8100300655599906,0.0173777621018948,1229.767613305863,1187.5238020588836,26.38248866709688,1.0,8,8,0,,,1116.8193723146078,130,,MinBattery_NearestTask,1187.1112015225146,1816.9612465912573,-0.028461786471307277,2.7995074506179664e-05,2.274000971317291,0.0001,0.0003,0.0001,0.0003,,256,3,4,4,1,128,,1,0.99,0.95,0.2,0.01,1,D:\Python project\HGNN_PPO_USV_Scheduling\models\best_u10_t100_seed0.pth,2.9704213000368327,3.384110200102441,6.354634799994528,0.019248399999924004,1.8116502999328077,1.527782999444753,,
PPO_full_u10_t100_seed0_20260522_124407,PPO,full,u10_t100,10,100,0,259,2026-05-22 13:12:23,1695.853460800019,-0.786449086865043,0.019829261450722207,1193.967554614147,1135.2357020811285,30.10429435235156,1.0,8,8,0,,,1116.8193723146078,130,,MinBattery_NearestTask,1187.1112015225146,1816.9612465912573,-0.02457863474264741,3.25466874983249e-05,2.2181270682811736,0.0001,0.0003,0.0001,0.0003,,256,3,4,4,1,128,,1,0.99,0.95,0.2,0.01,1,D:\Python project\HGNN_PPO_USV_Scheduling\models\best_u10_t100_seed0.pth,2.941934200003743,3.6619545000139624,6.6040000999346375,0.020353600033558905,2.057146499515511,1.5510978013044223,,
PPO_full_u10_t100_seed0_20260522_124407,PPO,full,u10_t100,10,100,0,260,2026-05-22 13:12:31,1704.0374139000196,-0.8082832531332385,0.018907474844784205,1227.1156458786354,1165.9028642354567,28.704860723208434,1.0,8,8,0,1187.687053353205,1,1116.8193723146078,130,0.04850866792865756,MinBattery_NearestTask,1187.1112015225146,1816.9612465912573,-0.03582460580393672,3.5100324485028974e-05,2.3026531088352202,0.0001,0.0003,0.0001,0.0003,,256,3,4,4,1,128,,1,0.99,0.95,0.2,0.01,1,D:\Python project\HGNN_PPO_USV_Scheduling\models\best_u10_t100_seed0.pth,2.960073300055228,3.358451299951412,8.104034699965268,0.021476600086316466,1.7621812999714166,1.54759630037006,,
PPO_full_u10_t100_seed0_20260522_124407,PPO,full,u10_t100,10,100,0,261,2026-05-22 13:12:38,1710.5321796999779,-0.795041535869153,0.013480643370614467,1207.0123981989736,1171.0034131372777,20.4659793858976,1.0,8,8,0,,,1116.8193723146078,130,,MinBattery_NearestTask,1187.1112015225146,1816.9612465912573,-0.017200454715639354,2.7337093606547568e-05,2.2286208295822143,0.0001,0.0003,0.0001,0.0003,,256,3,4,4,1,128,,1,0.99,0.95,0.2,0.01,1,D:\Python project\HGNN_PPO_USV_Scheduling\models\best_u10_t100_seed0.pth,2.7289377000415698,3.663973700022325,6.393055199994706,0.02062239998485893,2.049772699130699,1.55941069975961,,
PPO_full_u10_t100_seed0_20260522_124407,PPO,full,u10_t100,10,100,0,262,2026-05-22 13:12:44,1716.9250888000242,-0.8037946377843515,0.009978377595472493,1220.301141060431,1195.1830508234684,15.148926097904315,1.0,8,8,0,,,1116.8193723146078,130,,MinBattery_NearestTask,1187.1112015225146,1816.9612465912573,-0.01303903641179204,2.2160282924232888e-05,2.192382137775421,0.0001,0.0003,0.0001,0.0003,,256,3,4,4,1,128,,1,0.99,0.95,0.2,0.01,1,D:\Python project\HGNN_PPO_USV_Scheduling\models\best_u10_t100_seed0.pth,2.871116099995561,3.4393684999085963,6.310604500002228,0.022762599983252585,1.7890052006114274,1.6003023999510333,,
PPO_full_u10_t100_seed0_20260522_124407,PPO,full,u10_t100,10,100,0,263,2026-05-22 13:12:50,1723.2825420999434,-0.8138804796293198,0.021093806269176566,1235.613216724305,1198.045157401719,32.02409502324871,1.0,8,8,0,,,1116.8193723146078,130,,MinBattery_NearestTask,1187.1112015225146,1816.9612465912573,-0.02021136140450835,3.665137572170352e-05,2.21081133723259,0.0001,0.0003,0.0001,0.0003,,256,3,4,4,1,128,,1,0.99,0.95,0.2,0.01,1,D:\Python project\HGNN_PPO_USV_Scheduling\models\best_u10_t100_seed0.pth,2.8664122000336647,3.3999898999463767,6.2665148000232875,0.01991869998164475,1.7747618007706478,1.5747571998508647,,
PPO_full_u10_t100_seed0_20260522_124407,PPO,full,u10_t100,10,100,0,264,2026-05-22 13:12:57,1729.9215731000295,-0.8018257598900504,0.015269619667395064,1217.3120393321005,1176.864428940385,23.18195895788021,1.0,8,8,0,,,1116.8193723146078,130,,MinBattery_NearestTask,1187.1112015225146,1816.9612465912573,-0.00864751111716032,3.30059401676408e-05,2.18758712887764,0.0001,0.0003,0.0001,0.0003,,256,3,4,4,1,128,,1,0.99,0.95,0.2,0.01,1,D:\Python project\HGNN_PPO_USV_Scheduling\models\best_u10_t100_seed0.pth,3.1675127999624237,3.38338220003061,6.551001299987547,0.021782899973914027,1.7955598998814821,1.5392308005830273,,
PPO_full_u10_t100_seed0_20260522_124407,PPO,full,u10_t100,10,100,0,265,2026-05-22 13:13:03,1736.3386249999749,-0.8044410613880588,0.010061894098194364,1221.2825253893775,1200.4671983739338,15.27571878695461,1.0,8,8,0,,,1116.8193723146078,130,,MinBattery_NearestTask,1187.1112015225146,1816.9612465912573,-0.026892082523554562,2.0621485618903533e-05,2.148403513431549,0.0001,0.0003,0.0001,0.0003,,256,3,4,4,1,128,,1,0.99,0.95,0.2,0.01,1,D:\Python project\HGNN_PPO_USV_Scheduling\models\best_u10_t100_seed0.pth,2.9443547000410035,3.384564399952069,6.329028500011191,0.02504779992159456,1.7645404996583238,1.5628125999355689,,
PPO_full_u10_t100_seed0_20260522_124407,PPO,full,u10_t100,10,100,0,266,2026-05-22 13:13:10,1743.0391518999822,-0.8067006540172498,0.013142764020564194,1224.7129830387767,1204.7276190381326,19.953019312484255,1.0,8,8,0,,,1116.8193723146078,130,,MinBattery_NearestTask,1187.1112015225146,1816.9612465912573,-0.01774776665493846,2.5653712177700073e-05,2.0512162601947783,0.0001,0.0003,0.0001,0.0003,,256,3,4,4,1,128,,1,0.99,0.95,0.2,0.01,1,D:\Python project\HGNN_PPO_USV_Scheduling\models\best_u10_t100_seed0.pth,2.883279199944809,3.727017900091596,6.610405400046147,0.024523900006897748,1.8232674997998402,1.849997399491258,,
PPO_full_u10_t100_seed0_20260522_124407,PPO,full,u10_t100,10,100,0,267,2026-05-22 13:13:17,1749.483964300016,-0.804171104131707,0.007214499326369995,1220.8726829588882,1199.9515429605092,10.952874461089635,1.0,8,8,0,,,1116.8193723146078,130,,MinBattery_NearestTask,1187.1112015225146,1816.9612465912573,-0.020374388117343187,1.8885727804445196e-05,2.151579909324646,0.0001,0.0003,0.0001,0.0003,,256,3,4,4,1,128,,1,0.99,0.95,0.2,0.01,1,D:\Python project\HGNN_PPO_USV_Scheduling\models\best_u10_t100_seed0.pth,2.925881899893284,3.4328247000230476,6.358796199900098,0.02194090001285076,1.7905687987804413,1.5900415000505745,,
PPO_full_u10_t100_seed0_20260522_124407,PPO,full,u10_t100,10,100,0,268,2026-05-22 13:13:24,1756.383580600028,-0.803631696790071,0.00995243580449497,1220.0537680724822,1195.852835805352,15.109541912388691,1.0,8,8,0,,,1116.8193723146078,130,,MinBattery_NearestTask,1187.1112015225146,1816.9612465912573,-0.02239011839032173,2.132824400177924e-05,2.1063032293319703,0.0001,0.0003,0.0001,0.0003,,256,3,4,4,1,128,,1,0.99,0.95,0.2,0.01,1,D:\Python project\HGNN_PPO_USV_Scheduling\models\best_u10_t100_seed0.pth,3.0640492000384256,3.7526195000391454,6.81677400006447,0.02484790002927184,1.827679499401711,1.8713973996927962,,
PPO_full_u10_t100_seed0_20260522_124407,PPO,full,u10_t100,10,100,0,269,2026-05-22 13:13:30,1762.9373388999375,-0.8012460564501929,0.02746376046014385,1216.4319479059063,1115.6876064697535,41.69480194556278,1.0,8,8,0,,,1116.8193723146078,130,,MinBattery_NearestTask,1187.1112015225146,1816.9612465912573,-0.017927171587944032,5.160380620509386e-05,2.1279955303668974,0.0001,0.0003,0.0001,0.0003,,256,3,4,4,1,128,,1,0.99,0.95,0.2,0.01,1,D:\Python project\HGNN_PPO_USV_Scheduling\models\best_u10_t100_seed0.pth,2.936643799999729,3.530349100008607,6.4671035999199376,0.014696500031277537,1.8830326005117968,1.6004534998210147,,
PPO_full_u10_t100_seed0_20260522_124407,PPO,full,u10_t100,10,100,0,270,2026-05-22 13:13:39,1771.459109099931,-0.8057726584240109,0.01624038606120164,1223.304123078663,1192.004588859831,24.655752489684126,1.0,8,8,0,1140.4049773627885,1,1116.8193723146078,130,-3.9344438920148073,MinBattery_NearestTask,1187.1112015225146,1816.9612465912573,-0.015828158631920816,2.748554387835611e-05,2.1545553326606752,0.0001,0.0003,0.0001,0.0003,,256,3,4,4,1,128,,1,0.99,0.95,0.2,0.01,1,D:\Python project\HGNN_PPO_USV_Scheduling\models\best_u10_t100_seed0.pth,2.949649399961345,3.4110802999930456,8.433684900053777,0.014919999986886978,1.7933466997928917,1.5718281996669248,,
PPO_full_u10_t100_seed0_20260522_124407,PPO,full,u10_t100,10,100,0,271,2026-05-22 13:13:45,1777.9069694000063,-0.8107362297984921,0.012937268079144677,1230.8396943891541,1203.1186882966786,19.641040456182427,1.0,8,8,0,,,1116.8193723146078,130,,MinBattery_NearestTask,1187.1112015225146,1816.9612465912573,-0.01821838442236185,2.0853392907156377e-05,2.0011636340618133,0.0001,0.0003,0.0001,0.0003,,256,3,4,4,1,128,,1,0.99,0.95,0.2,0.01,1,D:\Python project\HGNN_PPO_USV_Scheduling\models\best_u10_t100_seed0.pth,2.9212632999988273,3.4289937999565154,6.350364299956709,0.014084999915212393,1.840063099632971,1.543249000213109,,
PPO_full_u10_t100_seed0_20260522_124407,PPO,full,u10_t100,10,100,0,272,2026-05-22 13:13:52,1784.4235834999708,-0.7967761408844595,0.010495664119461711,1209.645832636036,1179.5956819092594,15.934257706011625,1.0,8,8,0,,,1116.8193723146078,130,,MinBattery_NearestTask,1187.1112015225146,1816.9612465912573,-0.009183555208146572,1.876985453236557e-05,2.2069209527969362,0.0001,0.0003,0.0001,0.0003,,256,3,4,4,1,128,,1,0.99,0.95,0.2,0.01,1,D:\Python project\HGNN_PPO_USV_Scheduling\models\best_u10_t100_seed0.pth,2.9330431999405846,3.4972036000108346,6.4303563999710605,0.015045400010421872,1.8078742998186499,1.6445961992722005,,
PPO_full_u10_t100_seed0_20260522_124407,PPO,full,u10_t100,10,100,0,273,2026-05-22 13:13:58,1791.1754927999573,-0.8066783394598749,0.0091995785890337,1224.6791056296142,1201.3190087669736,13.966572706205138,1.0,8,8,0,,,1116.8193723146078,130,,MinBattery_NearestTask,1187.1112015225146,1816.9612465912573,-0.01667159628123045,1.9581272190407618e-05,2.098890128135681,0.0001,0.0003,0.0001,0.0003,,256,3,4,4,1,128,,1,0.99,0.95,0.2,0.01,1,D:\Python project\HGNN_PPO_USV_Scheduling\models\best_u10_t100_seed0.pth,3.158166200038977,3.508715600008145,6.666996499989182,0.014499699929729104,1.8374829995445907,1.6236664998577908,,
PPO_full_u10_t100_seed0_20260522_124407,PPO,full,u10_t100,10,100,0,274,2026-05-22 13:14:05,1797.6380073999753,-0.8075288782570142,0.015286254593829474,1225.9703725974139,1186.665694520263,23.207213691807418,1.0,8,8,0,,,1116.8193723146078,130,,MinBattery_NearestTask,1187.1112015225146,1816.9612465912573,-0.0016274325549602508,3.4334805995968054e-05,2.233350051641464,0.0001,0.0003,0.0001,0.0003,,256,3,4,4,1,128,,1,0.99,0.95,0.2,0.01,1,D:\Python project\HGNN_PPO_USV_Scheduling\models\best_u10_t100_seed0.pth,2.9488325000274926,3.4261382000986487,6.375091399997473,0.014023700030520558,1.807120900019072,1.5765020003309473,,
PPO_full_u10_t100_seed0_20260522_124407,PPO,full,u10_t100,10,100,0,275,2026-05-22 13:14:11,1804.2496006999863,-0.7968709374219403,0.007650159593541445,1209.7897503948993,1193.3955173963404,11.614283104732078,1.0,8,8,0,,,1116.8193723146078,130,,MinBattery_NearestTask,1187.1112015225146,1816.9612465912573,-0.021228324342519044,2.0917616493534296e-05,2.237081663608551,0.0001,0.0003,0.0001,0.0003,,256,3,4,4,1,128,,1,0.99,0.95,0.2,0.01,1,D:\Python project\HGNN_PPO_USV_Scheduling\models\best_u10_t100_seed0.pth,3.05078109994065,3.475933999987319,6.526803400018252,0.01692570000886917,1.7905766000039876,1.6424280991777778,,
PPO_full_u10_t100_seed0_20260522_124407,PPO,full,u10_t100,10,100,0,276,2026-05-22 13:14:18,1810.6790083999513,-0.8156179626723699,0.018018699149396522,1238.2510205119136,1199.271099253911,27.35554344209544,1.0,8,8,0,,,1116.8193723146078,130,,MinBattery_NearestTask,1187.1112015225146,1816.9612465912573,-0.022199710831046104,3.1713821044832e-05,2.2760048520565035,0.0001,0.0003,0.0001,0.0003,,256,3,4,4,1,128,,1,0.99,0.95,0.2,0.01,1,D:\Python project\HGNN_PPO_USV_Scheduling\models\best_u10_t100_seed0.pth,2.936312299920246,3.4018680000444874,6.3382851999485865,0.013936499948613346,1.789874599315226,1.5661794004263356,,
PPO_full_u10_t100_seed0_20260522_124407,PPO,full,u10_t100,10,100,0,277,2026-05-22 13:14:24,1817.3250587999355,-0.8038553943818856,0.009702154205890458,1220.3933802242832,1197.2593633932584,14.729570578907982,1.0,8,8,0,,,1116.8193723146078,130,,MinBattery_NearestTask,1187.1112015225146,1816.9612465912573,-0.018149897251278163,2.2838646082163905e-05,2.1526096022129058,0.0001,0.0003,0.0001,0.0003,,256,3,4,4,1,128,,1,0.99,0.95,0.2,0.01,1,D:\Python project\HGNN_PPO_USV_Scheduling\models\best_u10_t100_seed0.pth,2.886169199948199,3.666397099965252,6.552673299913295,0.014577999943867326,1.8047387002734467,1.8191608004271984,,
PPO_full_u10_t100_seed0_20260522_124407,PPO,full,u10_t100,10,100,0,278,2026-05-22 13:14:31,1823.6102417999646,-0.8057294432085365,0.018147656390063934,1223.2385148072517,1176.454802829161,27.551323135734854,1.0,8,8,0,,,1116.8193723146078,130,,MinBattery_NearestTask,1187.1112015225146,1816.9612465912573,-0.02261761162430048,3.5355780928512106e-05,2.0952568113803864,0.0001,0.0003,0.0001,0.0003,,256,3,4,4,1,128,,1,0.99,0.95,0.2,0.01,1,D:\Python project\HGNN_PPO_USV_Scheduling\models\best_u10_t100_seed0.pth,2.801169399986975,3.398592400015332,6.199865699978545,0.013842899934388697,1.779825400793925,1.5782949008280411,,
PPO_full_u10_t100_seed0_20260522_124407,PPO,full,u10_t100,10,100,0,279,2026-05-22 13:14:37,1830.0640444000019,-0.8080154541022446,0.01768722876773839,1226.7090800125115,1185.4495597044242,26.852313305999783,1.0,8,8,0,,,1116.8193723146078,130,,MinBattery_NearestTask,1187.1112015225146,1816.9612465912573,-0.01667327843606472,3.0763897357246605e-05,2.0749699664115906,0.0001,0.0003,0.0001,0.0003,,256,3,4,4,1,128,,1,0.99,0.95,0.2,0.01,1,D:\Python project\HGNN_PPO_USV_Scheduling\models\best_u10_t100_seed0.pth,2.9218835999490693,3.4402698000194505,6.362263499991968,0.013694899971596897,1.84222579956986,1.5574126003775746,,
PPO_full_u10_t100_seed0_20260522_124407,PPO,full,u10_t100,10,100,0,280,2026-05-22 13:14:46,1838.551475299988,-0.7921136801168553,0.00805278219429861,1202.5674000023723,1176.5566834206884,12.22553478025328,1.0,8,8,0,1197.9467018276664,1,1116.8193723146078,130,0.9127620303182059,MinBattery_NearestTask,1187.1112015225146,1816.9612465912573,-0.01524801019579172,2.4355311388717382e-05,2.056046073436737,0.0001,0.0003,0.0001,0.0003,,256,3,4,4,1,128,,1,0.99,0.95,0.2,0.01,1,D:\Python project\HGNN_PPO_USV_Scheduling\models\best_u10_t100_seed0.pth,3.1274675000458956,3.3906093999976292,8.398440700024366,0.014807000057771802,1.7757273003226146,1.5704781000968069,,
PPO_full_u10_t100_seed0_20260522_124407,PPO,full,u10_t100,10,100,0,281,2026-05-22 13:14:52,1845.0274435000028,-0.8004876833893797,0.022777359263990167,1215.2806046797177,1167.1468121127898,34.58002354532722,1.0,8,8,0,,,1116.8193723146078,130,,MinBattery_NearestTask,1187.1112015225146,1816.9612465912573,-0.023990944754332305,3.543085982528282e-05,2.0674540150165557,0.0001,0.0003,0.0001,0.0003,,256,3,4,4,1,128,,1,0.99,0.95,0.2,0.01,1,D:\Python project\HGNN_PPO_USV_Scheduling\models\best_u10_t100_seed0.pth,2.967785899993032,3.4209111999953166,6.3888068000087515,0.014959399937652051,1.799734300118871,1.5778513993136585,,
PPO_full_u10_t100_seed0_20260522_124407,PPO,full,u10_t100,10,100,0,282,2026-05-22 13:14:59,1851.6391061999602,-0.7966166336207848,0.013046754881390009,1209.403672652976,1173.3407593507427,19.807260611717812,1.0,8,8,0,,,1116.8193723146078,130,,MinBattery_NearestTask,1187.1112015225146,1816.9612465912573,-0.023619959577918053,2.5203920904459666e-05,2.1718935239315034,0.0001,0.0003,0.0001,0.0003,,256,3,4,4,1,128,,1,0.99,0.95,0.2,0.01,1,D:\Python project\HGNN_PPO_USV_Scheduling\models\best_u10_t100_seed0.pth,3.159021999919787,3.366338500054553,6.525468299980275,0.015172800049185753,1.7931866005528718,1.5304741992149502,,
PPO_full_u10_t100_seed0_20260522_124407,PPO,full,u10_t100,10,100,0,283,2026-05-22 13:15:05,1858.060746800038,-0.797011368805649,0.01373188146393146,1210.002949848746,1173.9223268758813,20.84740284599641,1.0,8,8,0,,,1116.8193723146078,130,,MinBattery_NearestTask,1187.1112015225146,1816.9612465912573,-0.020533379912376405,2.3192133758129783e-05,2.1474474906921386,0.0001,0.0003,0.0001,0.0003,,256,3,4,4,1,128,,1,0.99,0.95,0.2,0.01,1,D:\Python project\HGNN_PPO_USV_Scheduling\models\best_u10_t100_seed0.pth,2.9042974999174476,3.4326522999908775,6.337060499936342,0.014829499996267259,1.7858560008462518,1.6046692007221282,,
PPO_full_u10_t100_seed0_20260522_124407,PPO,full,u10_t100,10,100,0,284,2026-05-22 13:15:12,1864.7819250000175,-0.8013921713463348,0.008621874402706349,1216.6537759277744,1199.6468675849007,13.089516497278568,1.0,8,8,0,,,1116.8193723146078,130,,MinBattery_NearestTask,1187.1112015225146,1816.9612465912573,-0.019163364600390195,1.859429431533499e-05,2.213181414604187,0.0001,0.0003,0.0001,0.0003,,256,3,4,4,1,128,,1,0.99,0.95,0.2,0.01,1,D:\Python project\HGNN_PPO_USV_Scheduling\models\best_u10_t100_seed0.pth,3.223845500033349,3.411438100039959,6.635432000039145,0.017089399974793196,1.7390920006437227,1.6227626000763848,,
PPO_full_u10_t100_seed0_20260522_124407,PPO,full,u10_t100,10,100,0,285,2026-05-22 13:15:17,1870.2067353000166,-0.7970035964979769,0.009142635157678974,1209.9911501234492,1192.3020213837394,13.88012259694635,1.0,8,8,0,,,1116.8193723146078,130,,MinBattery_NearestTask,1187.1112015225146,1816.9612465912573,-0.013720825817435979,1.78787649520018e-05,2.212156455516815,0.0001,0.0003,0.0001,0.0003,,256,3,4,4,1,128,,1,0.99,0.95,0.2,0.01,1,D:\Python project\HGNN_PPO_USV_Scheduling\models\best_u10_t100_seed0.pth,2.0576749000465497,3.2867946000769734,5.344557899981737,0.014801400015130639,1.7110934003721923,1.5349637997569516,,
PPO_full_u10_t100_seed0_20260522_124407,PPO,full,u10_t100,10,100,0,286,2026-05-22 13:15:23,1875.7631351000164,-0.7855839184844498,0.014683836507106356,1192.6540773745405,1165.601882135602,22.292637450480306,1.0,8,8,0,,,1116.8193723146078,130,,MinBattery_NearestTask,1187.1112015225146,1816.9612465912573,-0.021327038388699295,2.3600904614795582e-05,2.1522081005573273,0.0001,0.0003,0.0001,0.0003,,256,3,4,4,1,128,,1,0.99,0.95,0.2,0.01,1,D:\Python project\HGNN_PPO_USV_Scheduling\models\best_u10_t100_seed0.pth,2.119527700007893,3.3559565000468865,5.475592900067568,0.01453289994969964,1.7543642004020512,1.558529199915938,,
PPO_full_u10_t100_seed0_20260522_124407,PPO,full,u10_t100,10,100,0,287,2026-05-22 13:15:28,1881.2390048999805,-0.7951245234883892,0.011723755980962541,1207.138387950195,1175.965921248985,17.79871639915179,1.0,8,8,0,,,1116.8193723146078,130,,MinBattery_NearestTask,1187.1112015225146,1816.9612465912573,-0.012688586823642253,2.883450751141936e-05,2.1551817154884336,0.0001,0.0003,0.0001,0.0003,,256,3,4,4,1,128,,1,0.99,0.95,0.2,0.01,1,D:\Python project\HGNN_PPO_USV_Scheduling\models\best_u10_t100_seed0.pth,2.0540939000202343,3.340834999922663,5.395019899937324,0.01349620008841157,1.7605167998699471,1.540712800459005,,
PPO_full_u10_t100_seed0_20260522_124407,PPO,full,u10_t100,10,100,0,288,2026-05-22 13:15:34,1886.8548767999746,-0.8032659977891197,0.013205888888422442,1219.4985728930574,1195.3008971353647,20.04885392577432,1.0,8,8,0,,,1116.8193723146078,130,,MinBattery_NearestTask,1187.1112015225146,1816.9612465912573,-0.023537531550973653,2.7463830938359025e-05,2.155837936401367,0.0001,0.0003,0.0001,0.0003,,256,3,4,4,1,128,,1,0.99,0.95,0.2,0.01,1,D:\Python project\HGNN_PPO_USV_Scheduling\models\best_u10_t100_seed0.pth,2.0929121000226587,3.4365927999606356,5.529663400026038,0.013285000110045075,1.772071399842389,1.6230168011970818,,
PPO_full_u10_t100_seed0_20260522_124407,PPO,full,u10_t100,10,100,0,289,2026-05-22 13:15:40,1892.457444199943,-0.793208518581734,0.015081308552417098,1204.2295566841474,1166.7345576064376,22.896069680097256,1.0,8,8,0,,,1116.8193723146078,130,,MinBattery_NearestTask,1187.1112015225146,1816.9612465912573,-0.02710121002048254,2.500322060768667e-05,2.110261285305023,0.0001,0.0003,0.0001,0.0003,,256,3,4,4,1,128,,1,0.99,0.95,0.2,0.01,1,D:\Python project\HGNN_PPO_USV_Scheduling\models\best_u10_t100_seed0.pth,2.1313829000573605,3.377872299985029,5.509358900017105,0.014524600002914667,1.7523991003399715,1.5812789996853098,,
PPO_full_u10_t100_seed0_20260522_124407,PPO,full,u10_t100,10,100,0,290,2026-05-22 13:15:48,1900.6705498000374,-0.7861126082464248,0.01396915110168797,1193.4567210965533,1154.6444749951365,21.207619742306346,1.0,8,8,0,1173.754679840421,1,1116.8193723146078,130,-1.1251280979375338,MinBattery_NearestTask,1187.1112015225146,1816.9612465912573,-0.016318307388573886,2.138554270459281e-05,2.1046708047389986,0.0001,0.0003,0.0001,0.0003,,256,3,4,4,1,128,,1,0.99,0.95,0.2,0.01,1,D:\Python project\HGNN_PPO_USV_Scheduling\models\best_u10_t100_seed0.pth,3.0012576999142766,3.4365189000964165,8.146843099966645,0.014686599955894053,1.7642780998721719,1.6300412996206433,,
PPO_full_u10_t100_seed0_20260522_124407,PPO,full,u10_t100,10,100,0,291,2026-05-22 13:15:54,1906.7267960000318,-0.765004549597504,0.0100894985117514,1161.4109884628415,1142.5635234536703,15.317627124953532,1.0,8,8,0,,,1116.8193723146078,130,,MinBattery_NearestTask,1187.1112015225146,1816.9612465912573,-0.016773450728505848,1.890607501991326e-05,2.105830421447754,0.0001,0.0003,0.0001,0.0003,,256,3,4,4,1,128,,1,0.99,0.95,0.2,0.01,1,D:\Python project\HGNN_PPO_USV_Scheduling\models\best_u10_t100_seed0.pth,1.9989741999888793,3.961901600006968,5.961025999975391,0.013188200071454048,2.105005700723268,1.8145674988627434,,
PPO_full_u10_t100_seed0_20260522_124407,PPO,full,u10_t100,10,100,0,292,2026-05-22 13:16:00,1913.1958189000143,-0.7827678791433,0.01672249642550575,1188.378836088099,1158.798006721713,25.38768052207194,1.0,8,8,0,,,1116.8193723146078,130,,MinBattery_NearestTask,1187.1112015225146,1816.9612465912573,-0.016480951234698296,2.6696326576711725e-05,2.1085325956344603,0.0001,0.0003,0.0001,0.0003,,256,3,4,4,1,128,,1,0.99,0.95,0.2,0.01,1,D:\Python project\HGNN_PPO_USV_Scheduling\models\best_u10_t100_seed0.pth,3.031850300030783,3.3390196999534965,6.370975200086832,0.014120499952696264,1.7559609004529193,1.544323199777864,,
PPO_full_u10_t100_seed0_20260522_124407,PPO,full,u10_t100,10,100,0,293,2026-05-22 13:16:08,1920.7744763999945,-0.7774886859190931,0.011126254162166092,1180.3640954907544,1153.402981155288,16.89160391421058,1.0,8,8,0,,,1116.8193723146078,130,,MinBattery_NearestTask,1187.1112015225146,1816.9612465912573,-0.020713858380913733,2.5425216917938088e-05,2.077902785539627,0.0001,0.0003,0.0001,0.0003,,256,3,4,4,1,128,,1,0.99,0.95,0.2,0.01,1,D:\Python project\HGNN_PPO_USV_Scheduling\models\best_u10_t100_seed0.pth,3.177830900065601,4.292065099929459,7.469999699969776,0.014991600066423416,2.1555326003581285,2.0888205994851887,,
PPO_full_u10_t100_seed0_20260522_124407,PPO,full,u10_t100,10,100,0,294,2026-05-22 13:16:15,1927.433042199933,-0.7884319565232454,0.007919330000539796,1196.9778982924133,1179.94894378024,12.022930959991777,1.0,8,8,0,,,1116.8193723146078,130,,MinBattery_NearestTask,1187.1112015225146,1816.9612465912573,-0.006087148692458868,1.7572249098520843e-05,2.045034738779068,0.0001,0.0003,0.0001,0.0003,,256,3,4,4,1,128,,1,0.99,0.95,0.2,0.01,1,D:\Python project\HGNN_PPO_USV_Scheduling\models\best_u10_t100_seed0.pth,3.142877500038594,3.420523399952799,6.563513100030832,0.015753400046378374,1.782586099812761,1.594884300371632,,
PPO_full_u10_t100_seed0_20260522_124407,PPO,full,u10_t100,10,100,0,295,2026-05-22 13:16:21,1934.0580856000306,-0.7895823364217328,0.020635887183555343,1198.724376605141,1166.3796542058335,31.328893591901497,1.0,8,8,0,,,1116.8193723146078,130,,MinBattery_NearestTask,1187.1112015225146,1816.9612465912573,-0.01569589115679264,3.566667664017586e-05,2.045488327741623,0.0001,0.0003,0.0001,0.0003,,256,3,4,4,1,128,,1,0.99,0.95,0.2,0.01,1,D:\Python project\HGNN_PPO_USV_Scheduling\models\best_u10_t100_seed0.pth,3.0528391000116244,3.4740938999457285,6.5270397999556735,0.015667300089262426,1.8119017005665228,1.6166971996426582,,
PPO_full_u10_t100_seed0_20260522_124407,PPO,full,u10_t100,10,100,0,296,2026-05-22 13:16:28,1940.92755579995,-0.7792291157874865,0.018698373509787352,1183.0063730757238,1142.320427085686,28.387408247539675,1.0,8,8,0,,,1116.8193723146078,130,,MinBattery_NearestTask,1187.1112015225146,1816.9612465912573,-0.01453266005963087,2.838243038240762e-05,2.1271128022670744,0.0001,0.0003,0.0001,0.0003,,256,3,4,4,1,128,,1,0.99,0.95,0.2,0.01,1,D:\Python project\HGNN_PPO_USV_Scheduling\models\best_u10_t100_seed0.pth,3.301695799920708,3.472606100025587,6.774405199917965,0.01575699995737523,1.813822700525634,1.6157550001516938,,
PPO_full_u10_t100_seed0_20260522_124407,PPO,full,u10_t100,10,100,0,297,2026-05-22 13:16:35,1947.5443389000138,-0.7922773692618157,0.033054426326567986,1202.815908814181,1148.8281609772491,50.1824126055324,1.0,8,8,0,,,1116.8193723146078,130,,MinBattery_NearestTask,1187.1112015225146,1816.9612465912573,-0.016425037756562233,6.119484693044797e-05,2.194161262512207,0.0001,0.0003,0.0001,0.0003,,256,3,4,4,1,128,,1,0.99,0.95,0.2,0.01,1,D:\Python project\HGNN_PPO_USV_Scheduling\models\best_u10_t100_seed0.pth,3.048407100024633,3.4735072000185028,6.522017500014044,0.013751799939200282,1.814133699866943,1.613356199930422,,
PPO_full_u10_t100_seed0_20260522_124407,PPO,full,u10_t100,10,100,0,298,2026-05-22 13:16:42,1954.4675326999277,-0.7846740591560266,0.014765743486012695,1191.2727514431563,1156.9564742579519,22.41698660027773,1.0,8,8,0,,,1116.8193723146078,130,,MinBattery_NearestTask,1187.1112015225146,1816.9612465912573,-0.02316216705366969,2.6751337745736237e-05,2.2305060601234437,0.0001,0.0003,0.0001,0.0003,,256,3,4,4,1,128,,1,0.99,0.95,0.2,0.01,1,D:\Python project\HGNN_PPO_USV_Scheduling\models\best_u10_t100_seed0.pth,3.420347699895501,3.4038944001076743,6.824358299956657,0.014729700051248074,1.7805088999448344,1.579259400605224,,
PPO_full_u10_t100_seed0_20260522_124407,PPO,full,u10_t100,10,100,0,299,2026-05-22 13:16:49,1961.4213656999636,-0.7885914357548576,0.022688425768765518,1197.2200157178895,1150.5264570816412,34.44500691222262,1.0,8,8,0,,,1116.8193723146078,130,,MinBattery_NearestTask,1187.1112015225146,1816.9612465912573,-0.03085269493982196,3.724206490005599e-05,2.198504892587662,0.0001,0.0003,0.0001,0.0003,,256,3,4,4,1,128,,1,0.99,0.95,0.2,0.01,1,D:\Python project\HGNN_PPO_USV_Scheduling\models\best_u10_t100_seed0.pth,3.0873967999359593,3.757966100005433,6.845466399914585,0.013792000012472272,1.937880500801839,1.7735784999094903,,
PPO_full_u10_t100_seed0_20260522_124407,PPO,full,u10_t100,10,100,0,300,2026-05-22 13:16:58,1970.5552174999611,-0.7870024915546705,0.017698055665300583,1194.807719928116,1156.5736268928435,26.868750434127193,1.0,8,8,0,1222.9907076605618,1,1116.8193723146078,130,3.022421664628417,MinBattery_NearestTask,1187.1112015225146,1816.9612465912573,-0.023911774680018424,2.6870542560573084e-05,2.150183262825012,0.0001,0.0003,0.0001,0.0003,,256,3,4,4,1,128,,1,0.99,0.95,0.2,0.01,1,D:\Python project\HGNN_PPO_USV_Scheduling\models\best_u10_t100_seed0.pth,3.1732871000422165,4.046849200036377,9.040055300109088,0.019449299899861217,1.80127670080401,2.1958037007134408,,
PPO_full_u10_t100_seed0_20260522_124407,PPO,full,u10_t100,10,100,0,301,2026-05-22 13:17:05,1977.7141124999616,-0.7889936575862686,0.015500609734372622,1197.8306589553006,1164.7889803072449,23.532642365128705,1.0,8,8,0,,,1116.8193723146078,130,,MinBattery_NearestTask,1187.1112015225146,1816.9612465912573,-0.020686048232018948,2.4587469933976536e-05,2.074345556497574,0.0001,0.0003,0.0001,0.0003,,256,3,4,4,1,128,,1,0.99,0.95,0.2,0.01,1,D:\Python project\HGNN_PPO_USV_Scheduling\models\best_u10_t100_seed0.pth,2.9626530000241473,4.104051899979822,7.066824099980295,0.014543300028890371,2.0082329008728266,2.050522100762464,,
PPO_full_u10_t100_seed0_20260522_124407,PPO,full,u10_t100,10,100,0,302,2026-05-22 13:17:12,1985.1083296999568,-0.7858875044813824,0.015792607017859634,1193.1149741273334,1143.4235050383897,23.975945419759626,1.0,8,8,0,,,1116.8193723146078,130,,MinBattery_NearestTask,1187.1112015225146,1816.9612465912573,-0.01473936265334487,2.560038847150281e-05,1.9878343403339387,0.0001,0.0003,0.0001,0.0003,,256,3,4,4,1,128,,1,0.99,0.95,0.2,0.01,1,D:\Python project\HGNN_PPO_USV_Scheduling\models\best_u10_t100_seed0.pth,3.368141899933107,3.9319776000920683,7.300228700041771,0.019780199974775314,2.0222652992233634,1.856749199796468,,
PPO_full_u10_t100_seed0_20260522_124407,PPO,full,u10_t100,10,100,0,303,2026-05-22 13:17:19,1991.7594347000122,-0.7810481443946662,0.015153883785912956,1185.7679773221537,1162.8606515493354,23.006251604788627,1.0,8,8,0,,,1116.8193723146078,130,,MinBattery_NearestTask,1187.1112015225146,1816.9612465912573,-0.018922978453338145,2.6150045587201022e-05,1.977833765745163,0.0001,0.0003,0.0001,0.0003,,256,3,4,4,1,128,,1,0.99,0.95,0.2,0.01,1,D:\Python project\HGNN_PPO_USV_Scheduling\models\best_u10_t100_seed0.pth,3.015007499954663,3.5463762000435963,6.56150119996164,0.019099999917671084,1.8644576997030526,1.6287448996445164,,
PPO_full_u10_t100_seed0_20260522_124407,PPO,full,u10_t100,10,100,0,304,2026-05-22 13:17:26,1998.7011356999865,-0.7863024966265086,0.011533537375845108,1193.7450049392141,1160.423104226206,17.509931217011825,1.0,8,8,0,,,1116.8193723146078,130,,MinBattery_NearestTask,1187.1112015225146,1816.9612465912573,-0.014263389296829701,2.0355809010652592e-05,1.9853423750400543,0.0001,0.0003,0.0001,0.0003,,256,3,4,4,1,128,,1,0.99,0.95,0.2,0.01,1,D:\Python project\HGNN_PPO_USV_Scheduling\models\best_u10_t100_seed0.pth,3.0126733999932185,3.8364970999537036,6.849278899957426,0.3139792999718338,1.822250500204973,1.6714761995244771,,
PPO_full_u10_t100_seed0_20260522_124407,PPO,full,u10_t100,10,100,0,305,2026-05-22 13:17:32,2005.3070100999903,-0.7824018440698113,0.01493226064532568,1187.8231306916591,1146.1722295924515,22.66978883353955,1.0,8,8,0,,,1116.8193723146078,130,,MinBattery_NearestTask,1187.1112015225146,1816.9612465912573,-0.018195241615176203,2.5985726197177427e-05,1.965396910905838,0.0001,0.0003,0.0001,0.0003,,256,3,4,4,1,128,,1,0.99,0.95,0.2,0.01,1,D:\Python project\HGNN_PPO_USV_Scheduling\models\best_u10_t100_seed0.pth,3.0154286000179127,3.4884140000212938,6.503945800010115,0.01511679997202009,1.8227275998797268,1.6243084003217518,,
PPO_full_u10_t100_seed0_20260522_124407,PPO,full,u10_t100,10,100,0,306,2026-05-22 13:17:40,2012.5391939999536,-0.7880483992796599,0.013730058917963492,1196.3955911706594,1155.740303431696,20.844635901779807,1.0,8,8,0,,,1116.8193723146078,130,,MinBattery_NearestTask,1187.1112015225146,1816.9612465912573,-0.012161175403743982,2.278971783198358e-05,1.89235901594162,0.0001,0.0003,0.0001,0.0003,,256,3,4,4,1,128,,1,0.99,0.95,0.2,0.01,1,D:\Python project\HGNN_PPO_USV_Scheduling\models\best_u10_t100_seed0.pth,3.115982599905692,3.995281200041063,7.111378599889576,0.01479090005159378,2.3317586006596684,1.6139265998499468,,
PPO_full_u10_t100_seed0_20260522_124407,PPO,full,u10_t100,10,100,0,307,2026-05-22 13:17:47,2019.4421423999593,-0.7813856251120996,0.012188215433394349,1186.2803322013865,1162.2989532721222,18.503847253646168,1.0,8,8,0,,,1116.8193723146078,130,,MinBattery_NearestTask,1187.1112015225146,1816.9612465912573,-0.013905708882957698,1.9743680732062784e-05,1.847298138141632,0.0001,0.0003,0.0001,0.0003,,256,3,4,4,1,128,,1,0.99,0.95,0.2,0.01,1,D:\Python project\HGNN_PPO_USV_Scheduling\models\best_u10_t100_seed0.pth,3.128164800000377,3.6878460000734776,6.816123199998401,0.04291159997228533,1.8767036000499502,1.7382473006146029,,
PPO_full_u10_t100_seed0_20260522_124407,PPO,full,u10_t100,10,100,0,308,2026-05-22 13:17:54,2026.8857300999807,-0.7877308156126946,0.023599803884220828,1195.9134435013893,1164.1139544321675,35.82863862851932,1.0,8,8,0,,,1116.8193723146078,130,,MinBattery_NearestTask,1187.1112015225146,1816.9612465912573,-0.022378237769007683,3.028299929610512e-05,1.8489457988739013,0.0001,0.0003,0.0001,0.0003,,256,3,4,4,1,128,,1,0.99,0.95,0.2,0.01,1,D:\Python project\HGNN_PPO_USV_Scheduling\models\best_u10_t100_seed0.pth,3.020859899930656,4.301341600017622,7.322380999918096,0.018582399934530258,2.5288516997825354,1.7213454998563975,,
PPO_full_u10_t100_seed0_20260522_124407,PPO,full,u10_t100,10,100,0,309,2026-05-22 13:18:02,2034.4495816000272,-0.7871342637319312,0.013586443940191551,1195.0077731888773,1162.5514721131894,20.626603194157525,1.0,8,8,0,,,1116.8193723146078,130,,MinBattery_NearestTask,1187.1112015225146,1816.9612465912573,-0.008074135351926089,2.3246919499797514e-05,1.8484871292114258,0.0001,0.0003,0.0001,0.0003,,256,3,4,4,1,128,,1,0.99,0.95,0.2,0.01,1,D:\Python project\HGNN_PPO_USV_Scheduling\models\best_u10_t100_seed0.pth,3.1542430999688804,4.309630100033246,7.464003000059165,0.02116180001758039,2.21384530083742,2.040645599947311,,
PPO_full_u10_t100_seed0_20260522_124407,PPO,full,u10_t100,10,100,0,310,2026-05-22 13:18:12,2044.8107774000382,-0.7800599366093379,0.011769848385848948,1184.267704701071,1158.6688425742354,17.86869274837475,1.0,8,8,0,1237.0576024509987,1,1116.8193723146078,130,4.207390248228299,MinBattery_NearestTask,1187.1112015225146,1816.9612465912573,-0.008839402813464403,1.9858748951264717e-05,1.8778971660137176,0.0001,0.0003,0.0001,0.0003,,256,3,4,4,1,128,,1,0.99,0.95,0.2,0.01,1,D:\Python project\HGNN_PPO_USV_Scheduling\models\best_u10_t100_seed0.pth,3.143099799985066,4.87337689998094,10.249233099981211,0.01654510002117604,2.3066911002388224,2.5097719996701926,,
PPO_full_u10_t100_seed0_20260522_124407,PPO,full,u10_t100,10,100,0,311,2026-05-22 13:18:19,2051.763280999963,-0.7791415985872494,0.016487536900131043,1182.873506626644,1149.351063647502,25.030970781250417,1.0,8,8,0,,,1116.8193723146078,130,,MinBattery_NearestTask,1187.1112015225146,1816.9612465912573,-0.011149091981351375,1.9249083798058565e-05,1.9195249438285829,0.0001,0.0003,0.0001,0.0003,,256,3,4,4,1,128,,1,0.99,0.95,0.2,0.01,1,D:\Python project\HGNN_PPO_USV_Scheduling\models\best_u10_t100_seed0.pth,3.254296200000681,3.5943650000263005,6.8487866999348626,0.024584600003436208,1.859163700020872,1.6452295003691688,,
PPO_full_u10_t100_seed0_20260522_124407,PPO,full,u10_t100,10,100,0,312,2026-05-22 13:18:26,2058.728804299957,-0.7829754388991975,0.028392527520957573,1188.6939481765028,1140.022617716077,43.10483312866999,1.0,8,8,0,,,1116.8193723146078,130,,MinBattery_NearestTask,1187.1112015225146,1816.9612465912573,0.000854409746825695,4.2843099963647545e-05,1.909392088651657,0.0001,0.0003,0.0001,0.0003,,256,3,4,4,1,128,,1,0.99,0.95,0.2,0.01,1,D:\Python project\HGNN_PPO_USV_Scheduling\models\best_u10_t100_seed0.pth,3.0658728000707924,3.8085943999467418,6.874575200024992,0.015686500002630055,1.8120120997773483,1.9515696000307798,,
PPO_full_u10_t100_seed0_20260522_124407,PPO,full,u10_t100,10,100,0,313,2026-05-22 13:18:32,2065.199270399986,-0.7782551272709888,0.011343007775800667,1181.527687796934,1154.841685550367,17.220673890064568,1.0,8,8,0,,,1116.8193723146078,130,,MinBattery_NearestTask,1187.1112015225146,1816.9612465912573,-0.020866860589012503,1.9260898761785937e-05,1.9078958821296692,0.0001,0.0003,0.0001,0.0003,,256,3,4,4,1,128,,1,0.99,0.95,0.2,0.01,1,D:\Python project\HGNN_PPO_USV_Scheduling\models\best_u10_t100_seed0.pth,2.919083600048907,3.4614697999786586,6.380643400014378,0.014833099907264113,1.8206183997681364,1.6003866996616125,,
PPO_full_u10_t100_seed0_20260522_124407,PPO,full,u10_t100,10,100,0,314,2026-05-22 13:18:39,2072.169625199982,-0.7867552785221564,0.012555957494058712,1194.4324072157874,1168.0261698045185,19.062144155802127,1.0,8,8,0,,,1116.8193723146078,130,,MinBattery_NearestTask,1187.1112015225146,1816.9612465912573,-0.008787445034831762,1.804149247618625e-05,1.8710466480255128,0.0001,0.0003,0.0001,0.0003,,256,3,4,4,1,128,,1,0.99,0.95,0.2,0.01,1,D:\Python project\HGNN_PPO_USV_Scheduling\models\best_u10_t100_seed0.pth,2.954237399972044,3.9132064000004902,6.867582699982449,0.014967800001613796,1.869202200556174,1.9949054999742657,,
PPO_full_u10_t100_seed0_20260522_124407,PPO,full,u10_t100,10,100,0,315,2026-05-22 13:18:46,2078.8355961999623,-0.7816622642327749,0.016345297289938516,1186.7003188730473,1143.347140229243,24.81502612267392,1.0,8,8,0,,,1116.8193723146078,130,,MinBattery_NearestTask,1187.1112015225146,1816.9612465912573,-0.005622273795306682,2.0987435786992136e-05,1.8091399943828583,0.0001,0.0003,0.0001,0.0003,,256,3,4,4,1,128,,1,0.99,0.95,0.2,0.01,1,D:\Python project\HGNN_PPO_USV_Scheduling\models\best_u10_t100_seed0.pth,3.1472742999903858,3.4166802000254393,6.564072599983774,0.01470930001232773,1.7677390997996554,1.6052617998793721,,
PPO_full_u10_t100_seed0_20260522_124407,PPO,full,u10_t100,10,100,0,316,2026-05-22 13:18:53,2085.582836800022,-0.7905557431357815,0.007924240359481322,1200.2021786058408,1186.16795691544,12.030385745502368,1.0,8,8,0,,,1116.8193723146078,130,,MinBattery_NearestTask,1187.1112015225146,1816.9612465912573,-0.02428037501871586,1.8982933470397255e-05,1.8297169637680053,0.0001,0.0003,0.0001,0.0003,,256,3,4,4,1,128,,1,0.99,0.95,0.2,0.01,1,D:\Python project\HGNN_PPO_USV_Scheduling\models\best_u10_t100_seed0.pth,2.8860985999926925,3.756731200031936,6.642942299949937,0.01448239991441369,2.1235373000381514,1.5918133006198332,,
PPO_full_u10_t100_seed0_20260522_124407,PPO,full,u10_t100,10,100,0,317,2026-05-22 13:18:59,2092.220231399988,-0.8071197719003649,0.021531739906732378,1225.3492774440417,1172.7377306876722,32.68895504158768,1.0,8,8,0,,,1116.8193723146078,130,,MinBattery_NearestTask,1187.1112015225146,1816.9612465912573,-0.017777025774121283,4.0573240521553086e-05,1.7866661548614502,0.0001,0.0003,0.0001,0.0003,,256,3,4,4,1,128,,1,0.99,0.95,0.2,0.01,1,D:\Python project\HGNN_PPO_USV_Scheduling\models\best_u10_t100_seed0.pth,3.068593299947679,3.479651500005275,6.548352499958128,0.015911199967376888,1.8261300002923235,1.6101722994353622,,
PPO_full_u10_t100_seed0_20260522_124407,PPO,full,u10_t100,10,100,0,318,2026-05-22 13:19:06,2098.8359202999854,-0.7951741843155021,0.011975848964920531,1207.2137817897947,1177.4782228584215,18.181437733080106,1.0,8,8,0,,,1116.8193723146078,130,,MinBattery_NearestTask,1187.1112015225146,1816.9612465912573,-0.02044815618544817,2.1161940776437404e-05,1.8659238779544831,0.0001,0.0003,0.0001,0.0003,,256,3,4,4,1,128,,1,0.99,0.95,0.2,0.01,1,D:\Python project\HGNN_PPO_USV_Scheduling\models\best_u10_t100_seed0.pth,3.0378841999918222,3.4736151999095455,6.511615399969742,0.014609300065785646,1.8606871000956744,1.5653416997520253,,
PPO_full_u10_t100_seed0_20260522_124407,PPO,full,u10_t100,10,100,0,319,2026-05-22 13:19:13,2105.6137007999932,-0.7987822640176955,0.033031394614948986,1212.6914791650347,1150.414649707177,50.14744643053199,1.0,8,8,0,,,1116.8193723146078,130,,MinBattery_NearestTask,1187.1112015225146,1816.9612465912573,-0.017658684635534883,5.305193106323713e-05,1.8776584303379058,0.0001,0.0003,0.0001,0.0003,,256,3,4,4,1,128,,1,0.99,0.95,0.2,0.01,1,D:\Python project\HGNN_PPO_USV_Scheduling\models\best_u10_t100_seed0.pth,3.2221252999734133,3.46533520007506,6.687571799964644,0.014963999972678721,1.7925620001042262,1.6298453010385856,,
PPO_full_u10_t100_seed0_20260522_124407,PPO,full,u10_t100,10,100,0,320,2026-05-22 13:19:21,2114.0922298999503,-0.8023576379041409,0.022371501982508434,1218.1195233796288,1177.7999603272624,33.96386105752427,1.0,8,8,0,1233.9042788060067,1,1116.8193723146078,130,3.941760234717536,MinBattery_NearestTask,1187.1112015225146,1816.9612465912573,-0.025047040097415447,3.815018131717807e-05,1.8576527369022369,0.0001,0.0003,0.0001,0.0003,,256,3,4,4,1,128,,1,0.99,0.95,0.2,0.01,1,D:\Python project\HGNN_PPO_USV_Scheduling\models\best_u10_t100_seed0.pth,2.981622999999672,3.44341959990561,8.38091099995654,0.01507840002886951,1.8020487003959715,1.5992898001568392,,
PPO_full_u10_t100_seed0_20260522_124407,PPO,full,u10_t100,10,100,0,321,2026-05-22 13:19:28,2120.956311399932,-0.7892819673549614,0.015944906504593542,1198.268363716164,1153.6692432570567,24.2071627341182,1.0,8,8,0,,,1116.8193723146078,130,,MinBattery_NearestTask,1187.1112015225146,1816.9612465912573,-0.015915270131081342,2.5420665624551476e-05,1.94674311876297,0.0001,0.0003,0.0001,0.0003,,256,3,4,4,1,128,,1,0.99,0.95,0.2,0.01,1,D:\Python project\HGNN_PPO_USV_Scheduling\models\best_u10_t100_seed0.pth,3.322753999964334,3.4456679000286385,6.768516600015573,0.015688300016336143,1.7997131999582052,1.6033138007624075,,
PPO_full_u10_t100_seed0_20260522_124407,PPO,full,u10_t100,10,100,0,322,2026-05-22 13:19:35,2127.540841399925,-0.7950468035751541,0.010114654644783758,1207.0203954999527,1170.7684812658185,15.355818544006276,1.0,8,8,0,,,1116.8193723146078,130,,MinBattery_NearestTask,1187.1112015225146,1816.9612465912573,-0.00986736075952649,2.329239338905609e-05,1.9958631825447082,0.0001,0.0003,0.0001,0.0003,,256,3,4,4,1,128,,1,0.99,0.95,0.2,0.01,1,D:\Python project\HGNN_PPO_USV_Scheduling\models\best_u10_t100_seed0.pth,3.000733399996534,3.492230800096877,6.493071500095539,0.014597899978980422,1.807842999463901,1.6385958004975691,,
PPO_full_u10_t100_seed0_20260522_124407,PPO,full,u10_t100,10,100,0,323,2026-05-22 13:19:42,2134.485091699986,-0.7906240868746132,0.014770262744043612,1200.305936379979,1163.70282506911,22.42384762605803,1.0,8,8,0,,,1116.8193723146078,130,,MinBattery_NearestTask,1187.1112015225146,1816.9612465912573,-0.023765604021027686,2.225363956313231e-05,2.040475013256073,0.0001,0.0003,0.0001,0.0003,,256,3,4,4,1,128,,1,0.99,0.95,0.2,0.01,1,D:\Python project\HGNN_PPO_USV_Scheduling\models\best_u10_t100_seed0.pth,3.372269000043161,3.4779858000110835,6.850343900034204,0.017160500050522387,1.8358096000738442,1.597788699902594,,
PPO_full_u10_t100_seed0_20260522_124407,PPO,full,u10_t100,10,100,0,324,2026-05-22 13:19:48,2141.1512085000286,-0.793507553849511,0.024981839547408933,1204.6835446324762,1145.3320941434233,37.92681099431593,1.0,8,8,0,,,1116.8193723146078,130,,MinBattery_NearestTask,1187.1112015225146,1816.9612465912573,-0.014125979337841273,3.670132062325138e-05,2.014996258020401,0.0001,0.0003,0.0001,0.0003,,256,3,4,4,1,128,,1,0.99,0.95,0.2,0.01,1,D:\Python project\HGNN_PPO_USV_Scheduling\models\best_u10_t100_seed0.pth,3.011905499966815,3.5571360000176355,6.5691508000018075,0.014572100015357137,1.8757558993529528,1.6396369993453845,,
PPO_full_u10_t100_seed0_20260522_124407,PPO,full,u10_t100,10,100,0,325,2026-05-22 13:19:55,2148.2211872999324,-0.7773026616012857,0.014565217628485208,1180.081677971883,1143.6313069874448,22.11255320242941,1.0,8,8,0,,,1116.8193723146078,130,,MinBattery_NearestTask,1187.1112015225146,1816.9612465912573,-0.00836300352588296,2.2320758539535745e-05,2.0408322298526764,0.0001,0.0003,0.0001,0.0003,,256,3,4,4,1,128,,1,0.99,0.95,0.2,0.01,1,D:\Python project\HGNN_PPO_USV_Scheduling\models\best_u10_t100_seed0.pth,3.1754109000321478,3.792016099905595,6.967552299960516,0.024862400023266673,2.1302240011282265,1.6043030002620071,,
PPO_full_u10_t100_seed0_20260522_124407,PPO,full,u10_t100,10,100,0,326,2026-05-22 13:20:02,2154.7535323000047,-0.7823190464117846,0.013835694599340568,1187.6974293348476,1154.2554918505666,21.00500938085207,1.0,8,8,0,,,1116.8193723146078,130,,MinBattery_NearestTask,1187.1112015225146,1816.9612465912573,-0.023095837999135255,2.30683421887079e-05,2.051881904602051,0.0001,0.0003,0.0001,0.0003,,256,3,4,4,1,128,,1,0.99,0.95,0.2,0.01,1,D:\Python project\HGNN_PPO_USV_Scheduling\models\best_u10_t100_seed0.pth,3.017893400043249,3.4265918999444693,6.444575099973008,0.015047899913042784,1.8042005999013782,1.5804095005150884,,
PPO_full_u10_t100_seed0_20260522_124407,PPO,full,u10_t100,10,100,0,327,2026-05-22 13:20:09,2161.4646314999554,-0.7811702727107687,0.016411044435509926,1185.9533895113996,1155.3708447367399,24.914841813138615,1.0,8,8,0,,,1116.8193723146078,130,,MinBattery_NearestTask,1187.1112015225146,1816.9612465912573,-0.006772310305386782,2.4006538405956236e-05,1.9693796920776367,0.0001,0.0003,0.0001,0.0003,,256,3,4,4,1,128,,1,0.99,0.95,0.2,0.01,1,D:\Python project\HGNN_PPO_USV_Scheduling\models\best_u10_t100_seed0.pth,2.8865903000114486,3.735401199897751,6.622098000021651,0.015984800062142313,2.050318500958383,1.6412018998526037,,
PPO_full_u10_t100_seed0_20260522_124407,PPO,full,u10_t100,10,100,0,328,2026-05-22 13:20:15,2167.9086010999745,-0.7791649251805812,0.015613950953942897,1182.9089204837687,1152.235531212322,23.704714201726222,1.0,8,8,0,,,1116.8193723146078,130,,MinBattery_NearestTask,1187.1112015225146,1816.9612465912573,-0.027276968713849783,2.3464365067411564e-05,2.000815668106079,0.0001,0.0003,0.0001,0.0003,,256,3,4,4,1,128,,1,0.99,0.95,0.2,0.01,1,D:\Python project\HGNN_PPO_USV_Scheduling\models\best_u10_t100_seed0.pth,2.9146524999523535,3.437465099967085,6.35222379991319,0.01518049999140203,1.816677399794571,1.5775334005011246,,
PPO_full_u10_t100_seed0_20260522_124407,PPO,full,u10_t100,10,100,0,329,2026-05-22 13:20:21,2174.256855799933,-0.7909466014162921,0.026714966011141084,1200.7955699812983,1148.8568702908806,40.5580007309434,1.0,8,8,0,,,1116.8193723146078,130,,MinBattery_NearestTask,1187.1112015225146,1816.9612465912573,-0.018787820618599654,3.522934063767025e-05,2.0420357620716096,0.0001,0.0003,0.0001,0.0003,,256,3,4,4,1,128,,1,0.99,0.95,0.2,0.01,1,D:\Python project\HGNN_PPO_USV_Scheduling\models\best_u10_t100_seed0.pth,2.8305643999483436,3.4266712000826374,6.257349199964665,0.027705000014975667,1.8320966005558148,1.5361827998422086,,
PPO_full_u10_t100_seed0_20260522_124407,PPO,full,u10_t100,10,100,0,330,2026-05-22 13:20:30,2182.7452867999673,-0.787847914056866,0.023633545954466154,1196.0912194634589,1122.839008343467,35.87986500511665,1.0,8,8,0,1190.5324080831813,1,1116.8193723146078,130,0.28819596313123885,MinBattery_NearestTask,1187.1112015225146,1816.9612465912573,-0.019338336884975434,3.1615096786481446e-05,1.9522721254825592,0.0001,0.0003,0.0001,0.0003,,256,3,4,4,1,128,,1,0.99,0.95,0.2,0.01,1,D:\Python project\HGNN_PPO_USV_Scheduling\models\best_u10_t100_seed0.pth,3.0695691000437364,3.342388999997638,8.393152400036342,0.01419380004517734,1.764419499784708,1.5349888001801446,,
PPO_full_u10_t100_seed0_20260522_124407,PPO,full,u10_t100,10,100,0,331,2026-05-22 13:20:36,2189.015311499941,-0.7789551294588267,0.01628646842038942,1182.5904138072967,1140.632534650194,24.725713587775854,1.0,8,8,0,,,1116.8193723146078,130,,MinBattery_NearestTask,1187.1112015225146,1816.9612465912573,-0.029804710112512112,2.612307203889941e-05,1.970004185438156,0.0001,0.0003,0.0001,0.0003,,256,3,4,4,1,128,,1,0.99,0.95,0.2,0.01,1,D:\Python project\HGNN_PPO_USV_Scheduling\models\best_u10_t100_seed0.pth,2.8076854000100866,3.3708172000478953,6.178585799993016,0.013837400008924305,1.785387599724345,1.5478049990488216,,
PPO_full_u10_t100_seed0_20260522_124407,PPO,full,u10_t100,10,100,0,332,2026-05-22 13:20:43,2195.481968399952,-0.7801351535569858,0.013412670079929074,1184.381897210858,1149.8993518338366,20.36278401697395,1.0,8,8,0,,,1116.8193723146078,130,,MinBattery_NearestTask,1187.1112015225146,1816.9612465912573,-0.027445156369358303,2.1429931889542788e-05,1.8988902497291564,0.0001,0.0003,0.0001,0.0003,,256,3,4,4,1,128,,1,0.99,0.95,0.2,0.01,1,D:\Python project\HGNN_PPO_USV_Scheduling\models\best_u10_t100_seed0.pth,3.0094051000196487,3.368149400106631,6.377663999912329,0.014844599994830787,1.7785009004874155,1.5479080002987757,,
PPO_full_u10_t100_seed0_20260522_124407,PPO,full,u10_t100,10,100,0,333,2026-05-22 13:20:49,2201.8100670999847,-0.7921870034799073,0.011944210589337357,1202.6787177188544,1172.3341605316798,18.133405133693973,1.0,8,8,0,,,1116.8193723146078,130,,MinBattery_NearestTask,1187.1112015225146,1816.9612465912573,-0.01662093248218298,2.1209386904956773e-05,1.8287152206897737,0.0001,0.0003,0.0001,0.0003,,256,3,4,4,1,128,,1,0.99,0.95,0.2,0.01,1,D:\Python project\HGNN_PPO_USV_Scheduling\models\best_u10_t100_seed0.pth,2.8993895000312477,3.3283427000278607,6.227820200030692,0.014737299992702901,1.7556672993814573,1.526974500855431,,
PPO_full_u10_t100_seed0_20260522_124407,PPO,full,u10_t100,10,100,0,334,2026-05-22 13:20:55,2208.3402552999323,-0.7860615526313629,0.011263791605112698,1193.3792097243836,1163.4835399106648,17.100409858759974,1.0,8,8,0,,,1116.8193723146078,130,,MinBattery_NearestTask,1187.1112015225146,1816.9612465912573,-0.009489931482821703,2.1883994795643956e-05,1.8171415650844573,0.0001,0.0003,0.0001,0.0003,,256,3,4,4,1,128,,1,0.99,0.95,0.2,0.01,1,D:\Python project\HGNN_PPO_USV_Scheduling\models\best_u10_t100_seed0.pth,2.7523290999233723,3.67771509999875,6.430199999944307,0.014988799928687513,2.0687850998947397,1.566871399874799,,
PPO_full_u10_t100_seed0_20260522_124407,PPO,full,u10_t100,10,100,0,335,2026-05-22 13:21:02,2214.662591099972,-0.7896189646852925,0.007671310543278456,1198.779984729052,1178.6224772491562,11.646393953554952,1.0,8,8,0,,,1116.8193723146078,130,,MinBattery_NearestTask,1187.1112015225146,1816.9612465912573,-0.01853951158002019,1.812994345527841e-05,1.8193968152999878,0.0001,0.0003,0.0001,0.0003,,256,3,4,4,1,128,,1,0.99,0.95,0.2,0.01,1,D:\Python project\HGNN_PPO_USV_Scheduling\models\best_u10_t100_seed0.pth,2.8253971999511123,3.405688700033352,6.231197000015527,0.014613499981351197,1.8055830996017903,1.5569455004297197,,
PPO_full_u10_t100_seed0_20260522_124407,PPO,full,u10_t100,10,100,0,336,2026-05-22 13:21:09,2221.3703193999827,-0.7862756753194782,0.017227539313860014,1193.7042854941774,1145.6622486433002,26.154424145346166,1.0,8,8,0,,,1116.8193723146078,130,,MinBattery_NearestTask,1187.1112015225146,1816.9612465912573,-0.009839686155319214,2.6213834835289163e-05,1.8014396345615387,0.0001,0.0003,0.0001,0.0003,,256,3,4,4,1,128,,1,0.99,0.95,0.2,0.01,1,D:\Python project\HGNN_PPO_USV_Scheduling\models\best_u10_t100_seed0.pth,2.855023100040853,3.752809699974023,6.607949000084773,0.014553999993950129,1.7989939003018662,1.910611399798654,,
PPO_full_u10_t100_seed0_20260522_124407,PPO,full,u10_t100,10,100,0,337,2026-05-22 13:21:15,2227.7007023999467,-0.7888927922365243,0.018757398471871644,1197.6775276757417,1151.8698907398689,28.477018485275295,1.0,8,8,0,,,1116.8193723146078,130,,MinBattery_NearestTask,1187.1112015225146,1816.9612465912573,-0.016388202123343944,2.8457849471124063e-05,1.8166024005413055,0.0001,0.0003,0.0001,0.0003,,256,3,4,4,1,128,,1,0.99,0.95,0.2,0.01,1,D:\Python project\HGNN_PPO_USV_Scheduling\models\best_u10_t100_seed0.pth,2.811562000075355,3.427185699925758,6.2388551000040025,0.013874900061637163,1.8179954997031018,1.5671156004536897,,
PPO_full_u10_t100_seed0_20260522_124407,PPO,full,u10_t100,10,100,0,338,2026-05-22 13:21:21,2234.0718532999745,-0.7851570047241261,0.012863515177837962,1192.0059474612917,1162.1041253188291,19.529070625344545,1.0,8,8,0,,,1116.8193723146078,130,,MinBattery_NearestTask,1187.1112015225146,1816.9612465912573,-0.015548062939196826,2.0524459432635923e-05,1.7149495589733124,0.0001,0.0003,0.0001,0.0003,,256,3,4,4,1,128,,1,0.99,0.95,0.2,0.01,1,D:\Python project\HGNN_PPO_USV_Scheduling\models\best_u10_t100_seed0.pth,2.8972279999870807,3.383523900061846,6.280858100042678,0.013754999963566661,1.7719353009015322,1.5714700997341424,,
PPO_full_u10_t100_seed0_20260522_124407,PPO,full,u10_t100,10,100,0,339,2026-05-22 13:21:28,2240.7455252000364,-0.7817985494101989,0.013834254329495674,1186.9072236590491,1142.081543006727,21.002822798791794,1.0,8,8,0,,,1116.8193723146078,130,,MinBattery_NearestTask,1187.1112015225146,1816.9612465912573,-0.010188316851854324,2.0814261611121764e-05,1.8309658420085908,0.0001,0.0003,0.0001,0.0003,,256,3,4,4,1,128,,1,0.99,0.95,0.2,0.01,1,D:\Python project\HGNN_PPO_USV_Scheduling\models\best_u10_t100_seed0.pth,3.08961589995306,3.4898662000196055,6.57957429997623,0.013718999922275543,1.8391667989781126,1.6105884006246924,,
PPO_full_u10_t100_seed0_20260522_124407,PPO,full,u10_t100,10,100,0,340,2026-05-22 13:21:36,2248.8777119999286,-0.7875236836064903,0.007983887383951263,1195.5989808119912,1178.454825079394,12.120940382968318,1.0,8,8,0,1208.9455456094067,1,1116.8193723146078,130,1.839283805837964,MinBattery_NearestTask,1187.1112015225146,1816.9612465912573,-0.013362537063658237,1.5880853907219717e-05,1.9948096263408661,0.0001,0.0003,0.0001,0.0003,,256,3,4,4,1,128,,1,0.99,0.95,0.2,0.01,1,D:\Python project\HGNN_PPO_USV_Scheduling\models\best_u10_t100_seed0.pth,2.8427573000080884,3.3805223000235856,8.036150000058115,0.013381799915805459,1.7712595001794398,1.566027301014401,,
PPO_full_u10_t100_seed0_20260522_124407,PPO,full,u10_t100,10,100,0,341,2026-05-22 13:21:43,2255.430131000001,-0.7910858186679559,0.028502243036701062,1201.0069261698998,1133.4640930078626,43.2714005113822,1.0,8,8,0,,,1116.8193723146078,130,,MinBattery_NearestTask,1187.1112015225146,1816.9612465912573,-0.012599523980170488,4.5020308143648435e-05,2.0882592856884004,0.0001,0.0003,0.0001,0.0003,,256,3,4,4,1,128,,1,0.99,0.95,0.2,0.01,1,D:\Python project\HGNN_PPO_USV_Scheduling\models\best_u10_t100_seed0.pth,2.9497997000580654,3.5103902999544516,6.460298800026067,0.014681700034998357,1.8237431002780795,1.64328530151397,,
PPO_full_u10_t100_seed0_20260522_124407,PPO,full,u10_t100,10,100,0,342,2026-05-22 13:21:49,2261.8750820999267,-0.7952284056627338,0.01241771386810755,1207.2960992982553,1180.138398901906,18.85226610167944,1.0,8,8,0,,,1116.8193723146078,130,,MinBattery_NearestTask,1187.1112015225146,1816.9612465912573,-0.020031014680862425,2.109905329234607e-05,2.013786803483963,0.0001,0.0003,0.0001,0.0003,,256,3,4,4,1,128,,1,0.99,0.95,0.2,0.01,1,D:\Python project\HGNN_PPO_USV_Scheduling\models\best_u10_t100_seed0.pth,2.9710283000022173,3.3761831000447273,6.34730020002462,0.014525900012813509,1.754955400712788,1.581358999479562,,
PPO_full_u10_t100_seed0_20260522_124407,PPO,full,u10_t100,10,100,0,343,2026-05-22 13:21:56,2268.608689000015,-0.7872103146293481,0.012786974255437338,1195.1232317805798,1157.466182979618,19.412868089830265,1.0,8,8,0,,,1116.8193723146078,130,,MinBattery_NearestTask,1187.1112015225146,1816.9612465912573,-0.022198173850774765,1.8872279852075736e-05,2.0969958889484404,0.0001,0.0003,0.0001,0.0003,,256,3,4,4,1,128,,1,0.99,0.95,0.2,0.01,1,D:\Python project\HGNN_PPO_USV_Scheduling\models\best_u10_t100_seed0.pth,2.943555900012143,3.697024399996735,6.640688900020905,0.014349499950185418,2.0529190002707765,1.6017197996843606,,
PPO_full_u10_t100_seed0_20260522_124407,PPO,full,u10_t100,10,100,0,344,2026-05-22 13:22:02,2275.061495000031,-0.7876530294811108,0.011738576586648548,1195.7953505200871,1171.6591369921782,17.821216676187415,1.0,8,8,0,,,1116.8193723146078,130,,MinBattery_NearestTask,1187.1112015225146,1816.9612465912573,-0.0113162581063807,2.22729626148066e-05,2.0812439024448395,0.0001,0.0003,0.0001,0.0003,,256,3,4,4,1,128,,1,0.99,0.95,0.2,0.01,1,D:\Python project\HGNN_PPO_USV_Scheduling\models\best_u10_t100_seed0.pth,2.905188100063242,3.45532229996752,6.360618900042027,0.014431199990212917,1.8102478004293516,1.5977326004067436,,
PPO_full_u10_t100_seed0_20260522_124407,PPO,full,u10_t100,10,100,0,345,2026-05-22 13:22:09,2281.8692615999607,-0.7929310139057819,0.016699517788058345,1203.8082559478703,1164.4556765898649,25.352794922966233,1.0,8,8,0,,,1116.8193723146078,130,,MinBattery_NearestTask,1187.1112015225146,1816.9612465912573,-0.012032212931662798,2.3142196132539537e-05,2.045716089010239,0.0001,0.0003,0.0001,0.0003,,256,3,4,4,1,128,,1,0.99,0.95,0.2,0.01,1,D:\Python project\HGNN_PPO_USV_Scheduling\models\best_u10_t100_seed0.pth,2.9426336999749765,3.7628616000292823,6.705658599967137,0.014650300028733909,2.0800951994024217,1.6389210992492735,,
PPO_full_u10_t100_seed0_20260522_124407,PPO,full,u10_t100,10,100,0,346,2026-05-22 13:22:15,2288.2885340999346,-0.7897436612435934,0.02592900492953769,1198.9692959600902,1157.0904661183295,39.36477405384898,1.0,8,8,0,,,1116.8193723146078,130,,MinBattery_NearestTask,1187.1112015225146,1816.9612465912573,-0.02548253994435072,3.660892225070711e-05,1.9799532532691955,0.0001,0.0003,0.0001,0.0003,,256,3,4,4,1,128,,1,0.99,0.95,0.2,0.01,1,D:\Python project\HGNN_PPO_USV_Scheduling\models\best_u10_t100_seed0.pth,2.855594399967231,3.457028599921614,6.3127355999313295,0.014291300089098513,1.8459279007511213,1.5671695006312802,,
PPO_full_u10_t100_seed0_20260522_124407,PPO,full,u10_t100,10,100,0,347,2026-05-22 13:22:22,2294.9361927999416,-0.7795144678677854,0.02613890855755697,1183.4395875472119,1133.131075144724,39.683444550943456,1.0,8,8,0,,,1116.8193723146078,130,,MinBattery_NearestTask,1187.1112015225146,1816.9612465912573,-0.015557329002767802,3.529996924044099e-05,1.9340391075611114,0.0001,0.0003,0.0001,0.0003,,256,3,4,4,1,128,,1,0.99,0.95,0.2,0.01,1,D:\Python project\HGNN_PPO_USV_Scheduling\models\best_u10_t100_seed0.pth,2.9866178000811487,3.5686629998963326,6.555370800080709,0.014195600058883429,1.8230858993483707,1.7044566997792572,,
PPO_full_u10_t100_seed0_20260522_124407,PPO,full,u10_t100,10,100,0,348,2026-05-22 13:22:29,2301.923655999941,-0.7893746969670468,0.01262562005435742,1198.4091435200075,1179.5801559742904,19.16790413207674,1.0,8,8,0,,,1116.8193723146078,130,,MinBattery_NearestTask,1187.1112015225146,1816.9612465912573,-0.014062513373792171,2.2529204152306192e-05,1.878335996866226,0.0001,0.0003,0.0001,0.0003,,256,3,4,4,1,128,,1,0.99,0.95,0.2,0.01,1,D:\Python project\HGNN_PPO_USV_Scheduling\models\best_u10_t100_seed0.pth,3.3820108000654727,3.498233599937521,6.8803507999982685,0.015154500026255846,1.8341132008936256,1.6181487996364012,,
PPO_full_u10_t100_seed0_20260522_124407,PPO,full,u10_t100,10,100,0,349,2026-05-22 13:22:36,2308.603525399929,-0.7783615078674138,0.022731597298605445,1181.68919218761,1131.4460591534853,34.51054886118387,1.0,8,8,0,,,1116.8193723146078,130,,MinBattery_NearestTask,1187.1112015225146,1816.9612465912573,-0.010560072530061006,3.031324248695455e-05,1.9240958416461944,0.0001,0.0003,0.0001,0.0003,,256,3,4,4,1,128,,1,0.99,0.95,0.2,0.01,1,D:\Python project\HGNN_PPO_USV_Scheduling\models\best_u10_t100_seed0.pth,3.1101423000218347,3.4751778999343514,6.585431599989533,0.015499399974942207,1.8264478006167337,1.6041678001638502,,
PPO_full_u10_t100_seed0_20260522_124407,PPO,full,u10_t100,10,100,0,350,2026-05-22 13:22:44,2317.328637599945,-0.7880378596400793,0.012762131031494409,1196.379590150496,1160.3125765885186,19.37515172161869,1.0,8,8,0,1203.9160039902058,1,1116.8193723146078,130,1.415604742515981,MinBattery_NearestTask,1187.1112015225146,1816.9612465912573,-0.00935499520972371,1.908141261083074e-05,1.8883429121971131,0.0001,0.0003,0.0001,0.0003,,256,3,4,4,1,128,,1,0.99,0.95,0.2,0.01,1,D:\Python project\HGNN_PPO_USV_Scheduling\models\best_u10_t100_seed0.pth,3.195864300010726,3.5193862000014633,8.623556800070219,0.014385199989192188,1.864944500150159,1.6132905001286417,,
PPO_full_u10_t100_seed0_20260522_124407,PPO,full,u10_t100,10,100,0,351,2026-05-22 13:22:51,2323.8386020000326,-0.7830443148491811,0.016792374817282445,1188.7985139404502,1137.1070272959132,25.493768168358844,1.0,8,8,0,,,1116.8193723146078,130,,MinBattery_NearestTask,1187.1112015225146,1816.9612465912573,-0.013323667868971824,2.2460808004325372e-05,1.8570467388629914,0.0001,0.0003,0.0001,0.0003,,256,3,4,4,1,128,,1,0.99,0.95,0.2,0.01,1,D:\Python project\HGNN_PPO_USV_Scheduling\models\best_u10_t100_seed0.pth,2.935267799999565,3.465714000049047,6.401092599960975,0.017796200001612306,1.8340577994240448,1.5869060006225482,,
PPO_full_u10_t100_seed0_20260522_124407,PPO,full,u10_t100,10,100,0,352,2026-05-22 13:22:58,2330.7836943999864,-0.7930032689620309,0.010519166892411695,1203.9179517873836,1175.5191687191132,15.969939034675388,1.0,8,8,0,,,1116.8193723146078,130,,MinBattery_NearestTask,1187.1112015225146,1816.9612465912573,-0.013711186535656452,1.7925004644894216e-05,1.7889957058429717,0.0001,0.0003,0.0001,0.0003,,256,3,4,4,1,128,,1,0.99,0.95,0.2,0.01,1,D:\Python project\HGNN_PPO_USV_Scheduling\models\best_u10_t100_seed0.pth,3.3168115000007674,3.5270379000576213,6.843964700005017,0.017209499957971275,1.8750349003821611,1.6017526005161926,,
PPO_full_u10_t100_seed0_20260522_124407,PPO,full,u10_t100,10,100,0,353,2026-05-22 13:23:04,2337.2936229000334,-0.7923861951907529,0.013265784870143231,1202.981125648204,1163.3788123168301,20.13978652398168,1.0,8,8,0,,,1116.8193723146078,130,,MinBattery_NearestTask,1187.1112015225146,1816.9612465912573,-0.010643068831413985,2.1584926134892157e-05,1.7070385789871216,0.0001,0.0003,0.0001,0.0003,,256,3,4,4,1,128,,1,0.99,0.95,0.2,0.01,1,D:\Python project\HGNN_PPO_USV_Scheduling\models\best_u10_t100_seed0.pth,2.9741124999709427,3.435215799952857,6.409480499918573,0.01460720004979521,1.812795800389722,1.5804323004558682,,
PPO_full_u10_t100_seed0_20260522_124407,PPO,full,u10_t100,10,100,0,354,2026-05-22 13:23:11,2344.3130818000063,-0.7929832552492471,0.013121290623865486,1203.887567463579,1155.7136497415843,19.920418932658265,1.0,8,8,0,,,1116.8193723146078,130,,MinBattery_NearestTask,1187.1112015225146,1816.9612465912573,-0.01036855231039226,1.9518104609232977e-05,1.6431772518157959,0.0001,0.0003,0.0001,0.0003,,256,3,4,4,1,128,,1,0.99,0.95,0.2,0.01,1,D:\Python project\HGNN_PPO_USV_Scheduling\models\best_u10_t100_seed0.pth,3.0718934999313205,3.8434068000642583,6.915424700011499,0.014512000023387372,1.8328155998606235,1.9672678998904303,,
PPO_full_u10_t100_seed0_20260522_124407,PPO,full,u10_t100,10,100,0,355,2026-05-22 13:23:18,2350.8206002999796,-0.783343613297443,0.016367019971887643,1189.2529014428824,1147.314073645983,24.848004961202285,1.0,8,8,0,,,1116.8193723146078,130,,MinBattery_NearestTask,1187.1112015225146,1816.9612465912573,-0.01574038654565811,2.4798331896818126e-05,1.6503385186195374,0.0001,0.0003,0.0001,0.0003,,256,3,4,4,1,128,,1,0.99,0.95,0.2,0.01,1,D:\Python project\HGNN_PPO_USV_Scheduling\models\best_u10_t100_seed0.pth,2.946803200058639,3.4624897999456152,6.409407900064252,0.014681399916298687,1.8211388003546745,1.5957966005662456,,
PPO_full_u10_t100_seed0_20260522_124407,PPO,full,u10_t100,10,100,0,356,2026-05-22 13:23:25,2358.0202615000308,-0.7920843014777883,0.01065231299316785,1202.522798079081,1176.4549257781955,16.172078152110167,1.0,8,8,0,,,1116.8193723146078,130,,MinBattery_NearestTask,1187.1112015225146,1816.9612465912573,-0.0072462452482432126,2.139060771696677e-05,1.5807063245773316,0.0001,0.0003,0.0001,0.0003,,256,3,4,4,1,128,,1,0.99,0.95,0.2,0.01,1,D:\Python project\HGNN_PPO_USV_Scheduling\models\best_u10_t100_seed0.pth,3.2272745999507606,3.8669707000954077,7.094386799959466,0.015342899947427213,2.1740202002692968,1.6491190006490797,,
PPO_full_u10_t100_seed0_20260522_124407,PPO,full,u10_t100,10,100,0,357,2026-05-22 13:23:32,2364.6558178999694,-0.7937482069670563,0.012369733487648532,1205.0488982441273,1170.9088085065505,18.779423474632086,1.0,8,8,0,,,1116.8193723146078,130,,MinBattery_NearestTask,1187.1112015225146,1816.9612465912573,0.006359310364350676,2.0851081635555602e-05,1.5122183787822723,0.0001,0.0003,0.0001,0.0003,,256,3,4,4,1,128,,1,0.99,0.95,0.2,0.01,1,D:\Python project\HGNN_PPO_USV_Scheduling\models\best_u10_t100_seed0.pth,3.0843782000010833,3.4547339000273496,6.539220500038937,0.015365500003099442,1.8301829010015354,1.5827861005673185,,
PPO_full_u10_t100_seed0_20260522_124407,PPO,full,u10_t100,10,100,0,358,2026-05-22 13:23:38,2371.1531321000075,-0.7827136261007415,0.017840239068507156,1188.2964704605765,1138.1039507529156,27.08460976064753,1.0,8,8,0,,,1116.8193723146078,130,,MinBattery_NearestTask,1187.1112015225146,1816.9612465912573,-0.00933706996962428,2.4319499752891717e-05,1.58307634472847,0.0001,0.0003,0.0001,0.0003,,256,3,4,4,1,128,,1,0.99,0.95,0.2,0.01,1,D:\Python project\HGNN_PPO_USV_Scheduling\models\best_u10_t100_seed0.pth,2.9189109000144526,3.488448799937032,6.4074874999932945,0.014641599962487817,1.80941540049389,1.636441600159742,,
PPO_full_u10_t100_seed0_20260522_124407,PPO,full,u10_t100,10,100,0,359,2026-05-22 13:23:45,2377.614336599945,-0.7840534557767638,0.016421797609089184,1190.330566740422,1158.8158867913257,24.931167015338335,1.0,8,8,0,,,1116.8193723146078,130,,MinBattery_NearestTask,1187.1112015225146,1816.9612465912573,-0.005212088106200099,2.245938631858735e-05,1.6043459606170654,0.0001,0.0003,0.0001,0.0003,,256,3,4,4,1,128,,1,0.99,0.95,0.2,0.01,1,D:\Python project\HGNN_PPO_USV_Scheduling\models\best_u10_t100_seed0.pth,2.9341637000907212,3.4312860999489203,6.365561400074512,0.013452299986965954,1.8053199995774776,1.5807617000536993,,
PPO_full_u10_t100_seed0_20260522_124407,PPO,full,u10_t100,10,100,0,360,2026-05-22 13:23:53,2386.255583800026,-0.793001279641209,0.014833516547477613,1203.9149316497083,1168.4934457055444,22.519877986150632,1.0,8,8,0,1208.3012540400882,1,1116.8193723146078,130,1.7850099039076153,MinBattery_NearestTask,1187.1112015225146,1816.9612465912573,-0.006225232444703579,2.1649384198099142e-05,1.6037182450294494,0.0001,0.0003,0.0001,0.0003,,256,3,4,4,1,128,,1,0.99,0.95,0.2,0.01,1,D:\Python project\HGNN_PPO_USV_Scheduling\models\best_u10_t100_seed0.pth,3.101499499985948,3.4546263999072835,8.538769799983129,0.015286400099284947,1.808608100633137,1.604657999938354,,
PPO_full_u10_t100_seed0_20260522_124407,PPO,full,u10_t100,10,100,0,361,2026-05-22 13:24:00,2392.6653931000037,-0.7785041440715519,0.011251310245424355,1181.905738945307,1157.303593961421,17.08146096714804,1.0,8,8,0,,,1116.8193723146078,130,,MinBattery_NearestTask,1187.1112015225146,1816.9612465912573,-0.00810786015354097,1.9345104874446406e-05,1.6606512236595155,0.0001,0.0003,0.0001,0.0003,,256,3,4,4,1,128,,1,0.99,0.95,0.2,0.01,1,D:\Python project\HGNN_PPO_USV_Scheduling\models\best_u10_t100_seed0.pth,2.88240829994902,3.4319347999989986,6.314487199997529,0.014370899996720254,1.8070366997271776,1.5829461003886536,,
PPO_full_u10_t100_seed0_20260522_124407,PPO,full,u10_t100,10,100,0,362,2026-05-22 13:24:06,2399.1572446000064,-0.7850677226000375,0.012591805903944106,1191.8704015484673,1166.846060702578,19.116568325150865,1.0,8,8,0,,,1116.8193723146078,130,,MinBattery_NearestTask,1187.1112015225146,1816.9612465912573,-0.006892457790672779,2.25982018855575e-05,1.6198517966270447,0.0001,0.0003,0.0001,0.0003,,256,3,4,4,1,128,,1,0.99,0.95,0.2,0.01,1,D:\Python project\HGNN_PPO_USV_Scheduling\models\best_u10_t100_seed0.pth,2.9072341000428423,3.4840728000272065,6.391421900014393,0.015026699984446168,1.8319848001701757,1.609430599724874,,
PPO_full_u10_t100_seed0_20260522_124407,PPO,full,u10_t100,10,100,0,363,2026-05-22 13:24:13,2405.6765952999704,-0.7895522618844361,0.011734156728769625,1198.6787181863674,1171.5812045548237,17.81450655725968,1.0,8,8,0,,,1116.8193723146078,130,,MinBattery_NearestTask,1187.1112015225146,1816.9612465912573,-0.006531959334388375,1.996603361931193e-05,1.599791407585144,0.0001,0.0003,0.0001,0.0003,,256,3,4,4,1,128,,1,0.99,0.95,0.2,0.01,1,D:\Python project\HGNN_PPO_USV_Scheduling\models\best_u10_t100_seed0.pth,3.002237300039269,3.4229810999240726,6.425349300028756,0.014266200014390051,1.8069467993918806,1.5706534003838897,,
PPO_full_u10_t100_seed0_20260522_124407,PPO,full,u10_t100,10,100,0,364,2026-05-22 13:24:19,2412.21262190002,-0.7880199802706745,0.016655362579171176,1196.3524461340266,1158.640550464922,25.28575957680209,1.0,8,8,0,,,1116.8193723146078,130,,MinBattery_NearestTask,1187.1112015225146,1816.9612465912573,-0.009473569635301828,2.37105799078563e-05,1.6489996826648712,0.0001,0.0003,0.0001,0.0003,,256,3,4,4,1,128,,1,0.99,0.95,0.2,0.01,1,D:\Python project\HGNN_PPO_USV_Scheduling\models\best_u10_t100_seed0.pth,2.989539200090803,3.452250500093214,6.441898200078867,0.0141730000032112,1.8149466001195833,1.5948639999842271,,
PPO_full_u10_t100_seed0_20260522_124407,PPO,full,u10_t100,10,100,0,365,2026-05-22 13:24:26,2418.7369084999664,-0.7932722417486832,0.014403518737578492,1204.3262996203212,1165.8343756297147,21.86706594510515,1.0,8,8,0,,,1116.8193723146078,130,,MinBattery_NearestTask,1187.1112015225146,1816.9612465912573,-0.018447196017950772,2.2552172349605826e-05,1.7348066568374634,0.0001,0.0003,0.0001,0.0003,,256,3,4,4,1,128,,1,0.99,0.95,0.2,0.01,1,D:\Python project\HGNN_PPO_USV_Scheduling\models\best_u10_t100_seed0.pth,2.9387730000307783,3.486355100059882,6.425234100082889,0.014090199954807758,1.8177507009822875,1.6261437000939623,,
PPO_full_u10_t100_seed0_20260522_124407,PPO,full,u10_t100,10,100,0,366,2026-05-22 13:24:32,2425.24098709994,-0.7765991578093818,0.014089011721021493,1179.0136359128228,1150.713154833969,21.389589170398196,1.0,8,8,0,,,1116.8193723146078,130,,MinBattery_NearestTask,1187.1112015225146,1816.9612465912573,-0.018425637129694222,2.1713957266911166e-05,1.8970479714870452,0.0001,0.0003,0.0001,0.0003,,256,3,4,4,1,128,,1,0.99,0.95,0.2,0.01,1,D:\Python project\HGNN_PPO_USV_Scheduling\models\best_u10_t100_seed0.pth,2.855718200094998,3.5527007000055164,6.408526100101881,0.015943099977448583,1.8442109999014065,1.6623729002894834,,
PPO_full_u10_t100_seed0_20260522_124407,PPO,full,u10_t100,10,100,0,367,2026-05-22 13:24:39,2431.7751993000275,-0.7866570410948875,0.007691783370669832,1194.2832655831417,1176.5198086732084,11.677475293802937,1.0,8,8,0,,,1116.8193723146078,130,,MinBattery_NearestTask,1187.1112015225146,1816.9612465912573,-0.022555756866931915,1.6417274509876733e-05,2.0936300110816957,0.0001,0.0003,0.0001,0.0003,,256,3,4,4,1,128,,1,0.99,0.95,0.2,0.01,1,D:\Python project\HGNN_PPO_USV_Scheduling\models\best_u10_t100_seed0.pth,3.0098223000532016,3.417744699981995,6.4276712000137195,0.014604999916628003,1.8048213997390121,1.5685439001535997,,
PPO_full_u10_t100_seed0_20260522_124407,PPO,full,u10_t100,10,100,0,368,2026-05-22 13:24:46,2438.654168499983,-0.7833244199169025,0.01492292983795926,1189.2237625272028,1143.6152469174765,22.655623032548874,1.0,8,8,0,,,1116.8193723146078,130,,MinBattery_NearestTask,1187.1112015225146,1816.9612465912573,-0.007180363480001688,2.3226148082358124e-05,1.9212901592254639,0.0001,0.0003,0.0001,0.0003,,256,3,4,4,1,128,,1,0.99,0.95,0.2,0.01,1,D:\Python project\HGNN_PPO_USV_Scheduling\models\best_u10_t100_seed0.pth,3.099026200012304,3.6669553999090567,6.766148099908605,0.014385999995283782,2.0115142001304775,1.6092940006637946,,
PPO_full_u10_t100_seed0_20260522_124407,PPO,full,u10_t100,10,100,0,369,2026-05-22 13:24:53,2445.566137799993,-0.7796314219521018,0.014286407488248923,1183.6171443457197,1148.0417199535154,21.689270542560802,1.0,8,8,0,,,1116.8193723146078,130,,MinBattery_NearestTask,1187.1112015225146,1816.9612465912573,-0.011168090552091598,1.8534547971285066e-05,1.8983237755298614,0.0001,0.0003,0.0001,0.0003,,256,3,4,4,1,128,,1,0.99,0.95,0.2,0.01,1,D:\Python project\HGNN_PPO_USV_Scheduling\models\best_u10_t100_seed0.pth,3.025969799957238,3.7950561000034213,6.821111699915491,0.015765699907206,2.0534837999148294,1.6981722000055015,,
PPO_full_u10_t100_seed0_20260522_124407,PPO,full,u10_t100,10,100,0,370,2026-05-22 13:25:00,2452.9325367999263,-0.7917865564180108,0.018564666003711795,1202.0707688926295,1178.7860968426266,28.184416818432723,1.0,8,8,0,1210.535546613657,1,1116.8193723146078,130,1.9732224800085967,MinBattery_NearestTask,1187.1112015225146,1816.9612465912573,-0.012580281309783458,3.069515984861937e-05,1.7854459488391876,0.0001,0.0003,0.0001,0.0003,,256,3,4,4,1,128,,1,0.99,0.95,0.2,0.01,1,D:\Python project\HGNN_PPO_USV_Scheduling\models\best_u10_t100_seed0.pth,2.080762300058268,3.5015192999271676,7.286581799970008,0.014543100027367473,1.8244441001443192,1.6326653006253764,,
PPO_full_u10_t100_seed0_20260522_124407,PPO,full,u10_t100,10,100,0,371,2026-05-22 13:25:06,2458.706445500022,-0.7861191472113448,0.010574973156622763,1193.4666483913848,1161.5794582015826,16.054662724899075,1.0,8,8,0,,,1116.8193723146078,130,,MinBattery_NearestTask,1187.1112015225146,1816.9612465912573,-0.015215981341898442,1.9469652975203645e-05,1.79868625164032,0.0001,0.0003,0.0001,0.0003,,256,3,4,4,1,128,,1,0.99,0.95,0.2,0.01,1,D:\Python project\HGNN_PPO_USV_Scheduling\models\best_u10_t100_seed0.pth,2.079033700050786,3.6050946000032127,5.684239999973215,0.014231399982236326,1.9136510998941958,1.643551099812612,,
PPO_full_u10_t100_seed0_20260522_124407,PPO,full,u10_t100,10,100,0,372,2026-05-22 13:25:12,2465.2055378999794,-0.7880391633477333,0.021025288528799237,1196.3815694072155,1150.6811386340642,31.920073084267067,1.0,8,8,0,,,1116.8193723146078,130,,MinBattery_NearestTask,1187.1112015225146,1816.9612465912573,-0.015966615583747627,2.560666530371236e-05,1.824244247674942,0.0001,0.0003,0.0001,0.0003,,256,3,4,4,1,128,,1,0.99,0.95,0.2,0.01,1,D:\Python project\HGNN_PPO_USV_Scheduling\models\best_u10_t100_seed0.pth,2.59742979996372,3.806412599980831,6.403962399926968,0.015313299954868853,1.8622864003991708,1.90150610008277,,
PPO_full_u10_t100_seed0_20260522_124407,PPO,full,u10_t100,10,100,0,373,2026-05-22 13:25:18,2470.969225500012,-0.7879297519700721,0.012971299232928021,1196.215463759418,1154.0373523081507,19.69270571225816,1.0,8,8,0,,,1116.8193723146078,130,,MinBattery_NearestTask,1187.1112015225146,1816.9612465912573,-0.01780885588377714,2.0590792892107857e-05,1.739399826526642,0.0001,0.0003,0.0001,0.0003,,256,3,4,4,1,128,,1,0.99,0.95,0.2,0.01,1,D:\Python project\HGNN_PPO_USV_Scheduling\models\best_u10_t100_seed0.pth,2.1734489999944344,3.499630199978128,5.673197399941273,0.014096700004301965,1.8544969005743042,1.6022854995680973,,
PPO_full_u10_t100_seed0_20260522_124407,PPO,full,u10_t100,10,100,0,374,2026-05-22 13:25:24,2476.8972811999265,-0.7791376771302168,0.017861544374461014,1182.8675531675556,1137.880237164232,27.11695494926156,1.0,8,8,0,,,1116.8193723146078,130,,MinBattery_NearestTask,1187.1112015225146,1816.9612465912573,-0.012804017970338463,2.285207925524446e-05,1.6307574236392974,0.0001,0.0003,0.0001,0.0003,,256,3,4,4,1,128,,1,0.99,0.95,0.2,0.01,1,D:\Python project\HGNN_PPO_USV_Scheduling\models\best_u10_t100_seed0.pth,2.309796700021252,3.523322199936956,5.833212699973956,0.015524200047366321,1.8452580998418853,1.6322420004289597,,
PPO_full_u10_t100_seed0_20260522_124407,PPO,full,u10_t100,10,100,0,375,2026-05-22 13:25:30,2482.6083575999364,-0.7872936515779405,0.014835508702716538,1195.249751874991,1153.9392929818973,22.522902426967903,1.0,8,8,0,,,1116.8193723146078,130,,MinBattery_NearestTask,1187.1112015225146,1816.9612465912573,0.02302998747676611,2.3349446364591132e-05,1.541135984659195,0.0001,0.0003,0.0001,0.0003,,256,3,4,4,1,128,,1,0.99,0.95,0.2,0.01,1,D:\Python project\HGNN_PPO_USV_Scheduling\models\best_u10_t100_seed0.pth,2.1119723999872804,3.507455399958417,5.619546699919738,0.014178200042806566,1.8311338000930846,1.6327907997183502,,
PPO_full_u10_t100_seed0_20260522_124407,PPO,full,u10_t100,10,100,0,376,2026-05-22 13:25:36,2488.8837345000356,-0.7772046420194614,0.00877072772398256,1179.9328670668037,1166.2144973781737,13.315501928463641,1.0,8,8,0,,,1116.8193723146078,130,,MinBattery_NearestTask,1187.1112015225146,1816.9612465912573,-0.009043548591434955,1.8724471865425584e-05,1.7227045440673827,0.0001,0.0003,0.0001,0.0003,,256,3,4,4,1,128,,1,0.99,0.95,0.2,0.01,1,D:\Python project\HGNN_PPO_USV_Scheduling\models\best_u10_t100_seed0.pth,2.4798934999853373,3.6937711999053136,6.173838799935766,0.01635829999577254,1.929667800781317,1.7175314004998654,,
PPO_full_u10_t100_seed0_20260522_124407,PPO,full,u10_t100,10,100,0,377,2026-05-22 13:25:42,2495.0213705999777,-0.7908861847095234,0.01598464349042057,1200.7038468312007,1153.8673458798837,24.267490443296058,1.0,8,8,0,,,1116.8193723146078,130,,MinBattery_NearestTask,1187.1112015225146,1816.9612465912573,0.0005071462877094746,2.9121774414306856e-05,1.7534064149856567,0.0001,0.0003,0.0001,0.0003,,256,3,4,4,1,128,,1,0.99,0.95,0.2,0.01,1,D:\Python project\HGNN_PPO_USV_Scheduling\models\best_u10_t100_seed0.pth,2.309495799941942,3.7269505000440404,6.0365815999684855,0.015580000006593764,1.9639850003877655,1.7178364002611488,,
PPO_full_u10_t100_seed0_20260522_124407,PPO,full,u10_t100,10,100,0,378,2026-05-22 13:25:48,2500.71920209995,-0.7726029265003733,0.011471162241943375,1172.946656367193,1135.455404501799,17.415234831273438,1.0,8,8,0,,,1116.8193723146078,130,,MinBattery_NearestTask,1187.1112015225146,1816.9612465912573,-0.018037079479545356,1.6902781235330623e-05,1.8587739646434784,0.0001,0.0003,0.0001,0.0003,,256,3,4,4,1,128,,1,0.99,0.95,0.2,0.01,1,D:\Python project\HGNN_PPO_USV_Scheduling\models\best_u10_t100_seed0.pth,2.2283688000170514,3.3797696999972686,5.608241499983706,0.014128400012850761,1.7643303998047486,1.5701264005620033,,
PPO_full_u10_t100_seed0_20260522_124407,PPO,full,u10_t100,10,100,0,379,2026-05-22 13:25:54,2506.4377267999807,-0.7760824062980143,0.012743523461358557,1178.2291165476468,1150.6318454945117,19.346902168807926,1.0,8,8,0,,,1116.8193723146078,130,,MinBattery_NearestTask,1187.1112015225146,1816.9612465912573,-0.01991916947066784,2.086732933548774e-05,1.8953486239910127,0.0001,0.0003,0.0001,0.0003,,256,3,4,4,1,128,,1,0.99,0.95,0.2,0.01,1,D:\Python project\HGNN_PPO_USV_Scheduling\models\best_u10_t100_seed0.pth,2.2258920000167564,3.399794799974188,5.625780500005931,0.014502300065942109,1.7377272002631798,1.62030209985096,,
PPO_full_u10_t100_seed0_20260522_124407,PPO,full,u10_t100,10,100,0,380,2026-05-22 13:26:01,2514.1165793000255,-0.7861044665822481,0.015648947528734518,1193.4443606233456,1154.5284922884482,23.757845136101626,1.0,8,8,0,1114.413282282747,1,1114.413282282747,380,-6.123935074197744,MinBattery_NearestTask,1187.1112015225146,1816.9612465912573,-0.022477385252714158,2.2166342851051014e-05,1.8885049307346344,0.0001,0.0003,0.0001,0.0003,,256,3,4,4,1,128,,1,0.99,0.95,0.2,0.01,1,D:\Python project\HGNN_PPO_USV_Scheduling\models\best_u10_t100_seed0.pth,2.1523686998989433,3.5911665000021458,7.598073699977249,0.013435899978503585,1.8702091998420656,1.6789454007521272,,
PPO_full_u10_t100_seed0_20260522_124407,PPO,full,u10_t100,10,100,0,381,2026-05-22 13:26:07,2519.8188814999303,-0.776707161725252,0.01074983097877034,1179.1776047869353,1142.445809826594,16.32012754620991,1.0,8,8,0,,,1114.413282282747,380,,MinBattery_NearestTask,1187.1112015225146,1816.9612465912573,-0.011509290635585786,1.8840144161913485e-05,1.924008526802063,0.0001,0.0003,0.0001,0.0003,,256,3,4,4,1,128,,1,0.99,0.95,0.2,0.01,1,D:\Python project\HGNN_PPO_USV_Scheduling\models\best_u10_t100_seed0.pth,2.129707100102678,3.472511800006032,5.602372399996966,0.01352999999653548,1.7863829003181309,1.6445650001987815,,
PPO_full_u10_t100_seed0_20260522_124407,PPO,full,u10_t100,10,100,0,382,2026-05-22 13:26:13,2525.4148931999225,-0.7839637672638797,0.019064405392698897,1190.1944038581787,1125.549229080724,28.94310880012444,1.0,8,8,0,,,1114.413282282747,380,,MinBattery_NearestTask,1187.1112015225146,1816.9612465912573,-0.021354118585586546,2.6569764550004038e-05,1.9284973073005676,0.0001,0.0003,0.0001,0.0003,,256,3,4,4,1,128,,1,0.99,0.95,0.2,0.01,1,D:\Python project\HGNN_PPO_USV_Scheduling\models\best_u10_t100_seed0.pth,2.0456598999444395,3.455977800069377,5.501726999995299,0.013844899949617684,1.7783889999845996,1.635162400198169,,
PPO_full_u10_t100_seed0_20260522_124407,PPO,full,u10_t100,10,100,0,383,2026-05-22 13:26:18,2531.0897237999598,-0.7828891560246005,0.014675048947314683,1188.5629556500849,1164.717182576761,22.279296394522976,1.0,8,8,0,,,1114.413282282747,380,,MinBattery_NearestTask,1187.1112015225146,1816.9612465912573,-0.029303570482879876,2.2850079590170934e-05,1.8647532343864441,0.0001,0.0003,0.0001,0.0003,,256,3,4,4,1,128,,1,0.99,0.95,0.2,0.01,1,D:\Python project\HGNN_PPO_USV_Scheduling\models\best_u10_t100_seed0.pth,2.1705442999955267,3.410725499968976,5.581403899937868,0.013639999902807176,1.7565884998766705,1.6117488003801554,,
PPO_full_u10_t100_seed0_20260522_124407,PPO,full,u10_t100,10,100,0,384,2026-05-22 13:26:24,2536.88795340003,-0.787849514877109,0.01111273613590737,1196.093649789163,1166.4373211559935,16.871081181048524,1.0,8,8,0,,,1114.413282282747,380,,MinBattery_NearestTask,1187.1112015225146,1816.9612465912573,-0.02152274373918772,1.816337570289761e-05,1.9128636169433593,0.0001,0.0003,0.0001,0.0003,,256,3,4,4,1,128,,1,0.99,0.95,0.2,0.01,1,D:\Python project\HGNN_PPO_USV_Scheduling\models\best_u10_t100_seed0.pth,2.1787004000507295,3.5258753000525758,5.704670300008729,0.014921699999831617,1.8261183998547494,1.6584673000033945,,
PPO_full_u10_t100_seed0_20260522_124407,PPO,full,u10_t100,10,100,0,385,2026-05-22 13:26:30,2542.5569435999496,-0.7772269148924771,0.01189682779366164,1179.966681191803,1158.7428803213688,18.061469745086423,1.0,8,8,0,,,1114.413282282747,380,,MinBattery_NearestTask,1187.1112015225146,1816.9612465912573,-0.009047868438065052,2.046794238140137e-05,1.9363020718097688,0.0001,0.0003,0.0001,0.0003,,256,3,4,4,1,128,,1,0.99,0.95,0.2,0.01,1,D:\Python project\HGNN_PPO_USV_Scheduling\models\best_u10_t100_seed0.pth,2.106217199936509,3.463114400045015,5.569443500018679,0.01438029995188117,1.8351895003579557,1.5864362999564037,,
PPO_full_u10_t100_seed0_20260522_124407,PPO,full,u10_t100,10,100,0,386,2026-05-22 13:26:36,2548.3443557999562,-0.7754250927830835,0.014880783871192418,1177.2311994247912,1149.1380912441878,22.59163806808282,1.0,8,8,0,,,1114.413282282747,380,,MinBattery_NearestTask,1187.1112015225146,1816.9612465912573,-0.011818148735910654,2.0128620485593272e-05,1.9800155687332153,0.0001,0.0003,0.0001,0.0003,,256,3,4,4,1,128,,1,0.99,0.95,0.2,0.01,1,D:\Python project\HGNN_PPO_USV_Scheduling\models\best_u10_t100_seed0.pth,2.148032999946736,3.53753890004009,5.6856625999789685,0.013479299959726632,1.8343216996872798,1.6597813002299517,,
PPO_full_u10_t100_seed0_20260522_124407,PPO,full,u10_t100,10,100,0,387,2026-05-22 13:26:41,2553.959077699925,-0.7707235897123468,0.009118902953137614,1170.0934937320362,1146.7342814216302,13.84409295091446,1.0,8,8,0,,,1114.413282282747,380,,MinBattery_NearestTask,1187.1112015225146,1816.9612465912573,-0.016327364407479762,1.66639979397587e-05,2.0267150628566744,0.0001,0.0003,0.0001,0.0003,,256,3,4,4,1,128,,1,0.99,0.95,0.2,0.01,1,D:\Python project\HGNN_PPO_USV_Scheduling\models\best_u10_t100_seed0.pth,2.0973321000346914,3.416917899972759,5.514338799985126,0.01505889999680221,1.8359366008080542,1.540036199730821,,
PPO_full_u10_t100_seed0_20260522_124407,PPO,full,u10_t100,10,100,0,388,2026-05-22 13:26:47,2559.6889491999755,-0.7793700071493481,0.01265497806739298,1183.2202708570267,1158.1184161750598,19.21247474143705,1.0,8,8,0,,,1114.413282282747,380,,MinBattery_NearestTask,1187.1112015225146,1816.9612465912573,-0.026995430272072553,1.9914544236598885e-05,2.1066663813591004,0.0001,0.0003,0.0001,0.0003,,256,3,4,4,1,128,,1,0.99,0.95,0.2,0.01,1,D:\Python project\HGNN_PPO_USV_Scheduling\models\best_u10_t100_seed0.pth,2.1091760999988765,3.5319712000200525,5.641237400006503,0.013764699921011925,1.89930530032143,1.5923331991070881,,
PPO_full_u10_t100_seed0_20260522_124407,PPO,full,u10_t100,10,100,0,389,2026-05-22 13:26:53,2565.4558888999745,-0.7802809202099875,0.011765886922408446,1184.6031965386028,1156.7034018403974,17.86267855254718,1.0,8,8,0,,,1114.413282282747,380,,MinBattery_NearestTask,1187.1112015225146,1816.9612465912573,-0.01517825597897172,1.867415311608056e-05,2.05134317278862,0.0001,0.0003,0.0001,0.0003,,256,3,4,4,1,128,,1,0.99,0.95,0.2,0.01,1,D:\Python project\HGNN_PPO_USV_Scheduling\models\best_u10_t100_seed0.pth,2.1190040000947192,3.5516240000724792,5.670722500071861,0.014177000033669174,1.8126536993077025,1.6938458995427936,,
PPO_full_u10_t100_seed0_20260522_124407,PPO,full,u10_t100,10,100,0,390,2026-05-22 13:27:00,2573.11189629999,-0.7754288914367176,0.024724099825761434,1177.236966446797,1136.9318348297315,37.53551692287245,1.0,8,8,0,1165.7916458489392,1,1114.413282282747,380,-1.7959190045744933,MinBattery_NearestTask,1187.1112015225146,1816.9612465912573,-0.012984325923025609,3.6823360969719945e-05,2.0108303487300874,0.0001,0.0003,0.0001,0.0003,,256,3,4,4,1,128,,1,0.99,0.95,0.2,0.01,1,D:\Python project\HGNN_PPO_USV_Scheduling\models\best_u10_t100_seed0.pth,2.191831700038165,3.689900500001386,7.581183300004341,0.014536000089719892,2.0013980998191983,1.6438925996189937,,
PPO_full_u10_t100_seed0_20260522_124407,PPO,full,u10_t100,10,100,0,391,2026-05-22 13:27:06,2578.9192944000242,-0.7714538749539963,0.013841643559129478,1171.202194725789,1152.3031184754198,21.01404094448452,1.0,8,8,0,,,1114.413282282747,380,,MinBattery_NearestTask,1187.1112015225146,1816.9612465912573,-0.014664020203053952,1.8010732073889812e-05,2.015767471790314,0.0001,0.0003,0.0001,0.0003,,256,3,4,4,1,128,,1,0.99,0.95,0.2,0.01,1,D:\Python project\HGNN_PPO_USV_Scheduling\models\best_u10_t100_seed0.pth,2.184127299929969,3.5204693000996485,5.704706999938935,0.01451840007212013,1.8125242999522015,1.6675643008202314,,
PPO_full_u10_t100_seed0_20260522_124407,PPO,full,u10_t100,10,100,0,392,2026-05-22 13:27:12,2584.7886427999474,-0.7616505327566282,0.009335869029000729,1156.3190030406217,1129.8093846314089,14.173485481669527,1.0,8,8,0,,,1114.413282282747,380,,MinBattery_NearestTask,1187.1112015225146,1816.9612465912573,-0.00784636665135622,1.6023827702156267e-05,1.8804109716415405,0.0001,0.0003,0.0001,0.0003,,256,3,4,4,1,128,,1,0.99,0.95,0.2,0.01,1,D:\Python project\HGNN_PPO_USV_Scheduling\models\best_u10_t100_seed0.pth,2.121574499993585,3.643617600086145,5.765282100066543,0.013605099986307323,1.8587908007903025,1.7445589002454653,,
PPO_full_u10_t100_seed0_20260522_124407,PPO,full,u10_t100,10,100,0,393,2026-05-22 13:27:18,2590.559270799975,-0.7759169069353993,0.020638045709098825,1177.9778595081614,1118.316033892944,31.332170612000738,1.0,8,8,0,,,1114.413282282747,380,,MinBattery_NearestTask,1187.1112015225146,1816.9612465912573,-0.015088966712355614,3.248764451200259e-05,1.8574024510383607,0.0001,0.0003,0.0001,0.0003,,256,3,4,4,1,128,,1,0.99,0.95,0.2,0.01,1,D:\Python project\HGNN_PPO_USV_Scheduling\models\best_u10_t100_seed0.pth,2.0830572000704706,3.591461099917069,5.674626499996521,0.013048100052401423,1.9038270998280495,1.6434887002687901,,
PPO_full_u10_t100_seed0_20260522_124407,PPO,full,u10_t100,10,100,0,394,2026-05-22 13:27:23,2596.310139499954,-0.7698256220514865,0.017853922805220444,1168.7302214362624,1109.088977477866,27.105384071323776,1.0,8,8,0,,,1114.413282282747,380,,MinBattery_NearestTask,1187.1112015225146,1816.9612465912573,-0.02551880299113691,2.4061707454166025e-05,1.8954162275791169,0.0001,0.0003,0.0001,0.0003,,256,3,4,4,1,128,,1,0.99,0.95,0.2,0.01,1,D:\Python project\HGNN_PPO_USV_Scheduling\models\best_u10_t100_seed0.pth,2.0971123999916017,3.539596199989319,5.636806900030933,0.013624199898913503,1.854150700615719,1.6441722001181915,,
PPO_full_u10_t100_seed0_20260522_124407,PPO,full,u10_t100,10,100,0,395,2026-05-22 13:27:29,2602.096710499958,-0.7824588826317713,0.021176503294343462,1187.90972522585,1147.3889978878,32.14964360174086,1.0,8,8,0,,,1114.413282282747,380,,MinBattery_NearestTask,1187.1112015225146,1816.9612465912573,-0.021469108238816263,3.380386390745116e-05,1.875164428949356,0.0001,0.0003,0.0001,0.0003,,256,3,4,4,1,128,,1,0.99,0.95,0.2,0.01,1,D:\Python project\HGNN_PPO_USV_Scheduling\models\best_u10_t100_seed0.pth,2.139208900043741,3.5502150000538677,5.689519100007601,0.014648500015027821,1.8736764002824202,1.6342807008186355,,
PPO_full_u10_t100_seed0_20260522_124407,PPO,full,u10_t100,10,100,0,396,2026-05-22 13:27:35,2607.8907850999385,-0.7861448745788794,0.010211027273974492,1193.5057070445323,1175.4689531100794,15.50212908632677,1.0,8,8,0,,,1114.413282282747,380,,MinBattery_NearestTask,1187.1112015225146,1816.9612465912573,-0.013789631891995668,2.0242268874426372e-05,1.8192514717578887,0.0001,0.0003,0.0001,0.0003,,256,3,4,4,1,128,,1,0.99,0.95,0.2,0.01,1,D:\Python project\HGNN_PPO_USV_Scheduling\models\best_u10_t100_seed0.pth,2.1694998999591917,3.529122699983418,5.698716399958357,0.01386319997254759,1.7911857003346086,1.6970054996199906,,
PPO_full_u10_t100_seed0_20260522_124407,PPO,full,u10_t100,10,100,0,397,2026-05-22 13:27:41,2613.631105499924,-0.7911209257311214,0.010308551414770202,1201.0602248449918,1171.6496449985616,15.650187825088645,1.0,8,8,0,,,1114.413282282747,380,,MinBattery_NearestTask,1187.1112015225146,1816.9612465912573,-0.01815777311101556,2.3138660390031872e-05,1.9024261510372162,0.0001,0.0003,0.0001,0.0003,,256,3,4,4,1,128,,1,0.99,0.95,0.2,0.01,1,D:\Python project\HGNN_PPO_USV_Scheduling\models\best_u10_t100_seed0.pth,2.147072699968703,3.499306100071408,5.646473900065757,0.013972599990665913,1.8716263003880158,1.582197800045833,,
PPO_full_u10_t100_seed0_20260522_124407,PPO,full,u10_t100,10,100,0,398,2026-05-22 13:27:47,2619.561062099994,-0.7680917969967135,0.029748758118008665,1166.097971115993,1068.8173043307354,45.16382888122263,1.0,8,8,0,,,1114.413282282747,380,,MinBattery_NearestTask,1187.1112015225146,1816.9612465912573,-0.027415886279195546,4.6371432526939314e-05,2.0616516673564913,0.0001,0.0003,0.0001,0.0003,,256,3,4,4,1,128,,1,0.99,0.95,0.2,0.01,1,D:\Python project\HGNN_PPO_USV_Scheduling\models\best_u10_t100_seed0.pth,2.189163700095378,3.6544320998946205,5.8436850000871345,0.014469000045210123,1.9014621000969782,1.709173298906535,,
PPO_full_u10_t100_seed0_20260522_124407,PPO,full,u10_t100,10,100,0,399,2026-05-22 13:27:53,2626.2104189000092,-0.7979236041081055,0.015508118940174707,1211.3878829251496,1180.8566889427627,23.54404265567314,1.0,8,8,0,,,1114.413282282747,380,,MinBattery_NearestTask,1187.1112015225146,1816.9612465912573,-0.019983926452696324,2.2932990577828605e-05,2.155751727819443,0.0001,0.0003,0.0001,0.0003,,256,3,4,4,1,128,,1,0.99,0.95,0.2,0.01,1,D:\Python project\HGNN_PPO_USV_Scheduling\models\best_u10_t100_seed0.pth,2.169543999945745,4.370405200053938,6.54006579995621,0.013759299996308982,1.9944552998058498,2.331274300813675,,
PPO_full_u10_t100_seed0_20260522_124407,PPO,full,u10_t100,10,100,0,400,2026-05-22 13:28:02,2634.437169999932,-0.8012509520148244,0.019891996633377165,1216.4393802310615,1176.0984977353032,30.199537355202978,1.0,8,8,0,1159.0553954113402,1,1114.413282282747,380,-2.3633679873622464,MinBattery_NearestTask,1187.1112015225146,1816.9612465912573,-0.031139272078871728,2.8305520299909403e-05,2.2688030004501343,0.0001,0.0003,0.0001,0.0003,,256,3,4,4,1,128,,1,0.99,0.95,0.2,0.01,1,D:\Python project\HGNN_PPO_USV_Scheduling\models\best_u10_t100_seed0.pth,2.3178233999060467,3.7327048000879586,8.14987269998528,0.016110599972307682,1.9160143000772223,1.7653242000378668,,
PPO_full_u10_t100_seed0_20260522_124407,PPO,full,u10_t100,10,100,0,401,2026-05-22 13:28:08,2640.3492746999254,-0.796020714420874,0.021361441652140444,1208.4989628608885,1164.2857047225796,32.4304124429807,1.0,8,8,0,,,1114.413282282747,380,,MinBattery_NearestTask,1187.1112015225146,1816.9612465912573,-0.01356727589853108,2.7567507449930416e-05,2.284692338705063,0.0001,0.0003,0.0001,0.0003,,256,3,4,4,1,128,,1,0.99,0.95,0.2,0.01,1,D:\Python project\HGNN_PPO_USV_Scheduling\models\best_u10_t100_seed0.pth,2.195416499977,3.6033675000071526,5.798884500050917,0.014049199991859496,1.9811191998887807,1.5765670008258894,,
PPO_full_u10_t100_seed0_20260522_124407,PPO,full,u10_t100,10,100,0,402,2026-05-22 13:28:13,2646.226924699964,-0.8032126357991978,0.018985760978575267,1219.417560039612,1178.1063654673876,28.823712795496142,1.0,8,8,0,,,1114.413282282747,380,,MinBattery_NearestTask,1187.1112015225146,1816.9612465912573,-0.023521819803863763,2.862609074327338e-05,2.1891680538654326,0.0001,0.0003,0.0001,0.0003,,256,3,4,4,1,128,,1,0.99,0.95,0.2,0.01,1,D:\Python project\HGNN_PPO_USV_Scheduling\models\best_u10_t100_seed0.pth,2.2071496000280604,3.575124599970877,5.782382700010203,0.02407439996022731,1.8456444995244965,1.6770274000009522,,
PPO_full_u10_t100_seed0_20260522_124407,PPO,full,u10_t100,10,100,0,403,2026-05-22 13:28:19,2651.9311158999335,-0.7903355419109034,0.028943223905488986,1199.8678745518573,1151.7144595477255,43.940886760819076,1.0,8,8,0,,,1114.413282282747,380,,MinBattery_NearestTask,1187.1112015225146,1816.9612465912573,-0.02399404378607869,4.303676718336646e-05,2.207594476938248,0.0001,0.0003,0.0001,0.0003,,256,3,4,4,1,128,,1,0.99,0.95,0.2,0.01,1,D:\Python project\HGNN_PPO_USV_Scheduling\models\best_u10_t100_seed0.pth,2.099313299986534,3.5027972999960184,5.602230399963446,0.014018399990163743,1.8723617002833635,1.5873636001488194,,
PPO_full_u10_t100_seed0_20260522_124407,PPO,full,u10_t100,10,100,0,404,2026-05-22 13:28:25,2658.037450099946,-0.7955073853512432,0.024302570933684656,1207.7196393621193,1171.8616786628204,36.89556218342664,1.0,8,8,0,,,1114.413282282747,380,,MinBattery_NearestTask,1187.1112015225146,1816.9612465912573,-0.030894264746457338,3.906523715158983e-05,2.1739534544944763,0.0001,0.0003,0.0001,0.0003,,256,3,4,4,1,128,,1,0.99,0.95,0.2,0.01,1,D:\Python project\HGNN_PPO_USV_Scheduling\models\best_u10_t100_seed0.pth,2.480314699932933,3.5326905000256374,6.013092799927108,0.02518150000832975,1.8491864998359233,1.6316641005687416,,
PPO_full_u10_t100_seed0_20260522_124407,PPO,full,u10_t100,10,100,0,405,2026-05-22 13:28:31,2664.004493799992,-0.7872711563030558,0.01049303571486935,1195.2156001049743,1174.7236968655366,15.930267327160545,1.0,8,8,0,,,1114.413282282747,380,,MinBattery_NearestTask,1187.1112015225146,1816.9612465912573,-0.019039366990327836,1.821543123696756e-05,2.1447443068027496,0.0001,0.0003,0.0001,0.0003,,256,3,4,4,1,128,,1,0.99,0.95,0.2,0.01,1,D:\Python project\HGNN_PPO_USV_Scheduling\models\best_u10_t100_seed0.pth,2.126726199989207,3.7318634999683127,5.858736700029112,0.014548499952070415,1.9239084997680038,1.7635519995819777,,
PPO_full_u10_t100_seed0_20260522_124407,PPO,full,u10_t100,10,100,0,406,2026-05-22 13:28:38,2670.7508987999754,-0.7816366589343255,0.014171906020913784,1186.6614455421663,1156.6437359014117,21.51543724649987,1.0,8,8,0,,,1114.413282282747,380,,MinBattery_NearestTask,1187.1112015225146,1816.9612465912573,-0.01729855129495263,1.8557652037998195e-05,2.1952909553050994,0.0001,0.0003,0.0001,0.0003,,256,3,4,4,1,128,,1,0.99,0.95,0.2,0.01,1,D:\Python project\HGNN_PPO_USV_Scheduling\models\best_u10_t100_seed0.pth,3.0812051999382675,3.562600100063719,6.643910199985839,0.014078899985179305,1.8311041004490107,1.6905941009754315,,
PPO_full_u10_t100_seed0_20260522_124407,PPO,full,u10_t100,10,100,0,407,2026-05-22 13:28:44,2677.3323402999667,-0.7802870808711458,0.02552974456759866,1184.6125495020187,1138.323261935375,38.75862684615249,1.0,8,8,0,,,1114.413282282747,380,,MinBattery_NearestTask,1187.1112015225146,1816.9612465912573,-0.025761413779109718,3.488750453470857e-05,2.137898532152176,0.0001,0.0003,0.0001,0.0003,,256,3,4,4,1,128,,1,0.99,0.95,0.2,0.01,1,D:\Python project\HGNN_PPO_USV_Scheduling\models\best_u10_t100_seed0.pth,3.06327629997395,3.405624600010924,6.469022399978712,0.014364799950271845,1.8034084994578734,1.5589319003047422,,
PPO_full_u10_t100_seed0_20260522_124407,PPO,full,u10_t100,10,100,0,408,2026-05-22 13:28:51,2683.8687747999793,-0.7626219940204533,0.016723105290149108,1157.7938515069034,1126.1228394350123,25.388604885316116,1.0,8,8,0,,,1114.413282282747,380,,MinBattery_NearestTask,1187.1112015225146,1816.9612465912573,-0.02713502475991845,2.408362805908837e-05,2.0845476138591765,0.0001,0.0003,0.0001,0.0003,,256,3,4,4,1,128,,1,0.99,0.95,0.2,0.01,1,D:\Python project\HGNN_PPO_USV_Scheduling\models\best_u10_t100_seed0.pth,2.9646686000050977,3.4596033000852913,6.424385900027119,0.014935399987734854,1.830864500720054,1.5809501002077013,,
PPO_full_u10_t100_seed0_20260522_124407,PPO,full,u10_t100,10,100,0,409,2026-05-22 13:28:58,2690.4195342999883,-0.7786287513129582,0.016333932847868864,1182.0949145776444,1151.154909095242,24.797772907769062,1.0,8,8,0,,,1114.413282282747,380,,MinBattery_NearestTask,1187.1112015225146,1816.9612465912573,-0.021649485416710378,2.8106266304348536e-05,2.0736758089065552,0.0001,0.0003,0.0001,0.0003,,256,3,4,4,1,128,,1,0.99,0.95,0.2,0.01,1,D:\Python project\HGNN_PPO_USV_Scheduling\models\best_u10_t100_seed0.pth,2.986734400037676,3.461146399960853,6.447990600019693,0.014905399992130697,1.8066029004985467,1.6103922999463975,,
PPO_full_u10_t100_seed0_20260522_124407,PPO,full,u10_t100,10,100,0,410,2026-05-22 13:29:06,2698.8338238999713,-0.7660322002698087,0.006613193934460459,1162.9711422995003,1147.0721851414905,10.039987485511368,1.0,8,8,0,1150.4886297008327,1,1114.413282282747,380,-3.085016110934859,MinBattery_NearestTask,1187.1112015225146,1816.9612465912573,-0.026318241190165282,1.6098907549348952e-05,2.07990447640419,0.0001,0.0003,0.0001,0.0003,,256,3,4,4,1,128,,1,0.99,0.95,0.2,0.01,1,D:\Python project\HGNN_PPO_USV_Scheduling\models\best_u10_t100_seed0.pth,2.934153000009246,3.4537834000075236,8.308378099929541,0.014820900047197938,1.8371861993800849,1.5736596999922767,,
PPO_full_u10_t100_seed0_20260522_124407,PPO,full,u10_t100,10,100,0,411,2026-05-22 13:29:12,2705.327818599995,-0.774396500695523,0.016207496157995337,1175.6696163547724,1145.3690740739444,24.605819852011084,1.0,8,8,0,,,1114.413282282747,380,,MinBattery_NearestTask,1187.1112015225146,1816.9612465912573,-0.02592162763699889,2.1355835419853973e-05,2.0650063836574555,0.0001,0.0003,0.0001,0.0003,,256,3,4,4,1,128,,1,0.99,0.95,0.2,0.01,1,D:\Python project\HGNN_PPO_USV_Scheduling\models\best_u10_t100_seed0.pth,3.0038889000425115,3.3812695000087842,6.385260799899697,0.014035400003194809,1.7690521000185981,1.5739235002547503,,
PPO_full_u10_t100_seed0_20260522_124407,PPO,full,u10_t100,10,100,0,412,2026-05-22 13:29:19,2711.7845822999952,-0.7759709991659192,0.015073167460061364,1178.0599809948235,1134.7752875276142,22.883710075013855,1.0,8,8,0,,,1114.413282282747,380,,MinBattery_NearestTask,1187.1112015225146,1816.9612465912573,-0.02377618072554469,2.321151770047436e-05,2.043823834657669,0.0001,0.0003,0.0001,0.0003,,256,3,4,4,1,128,,1,0.99,0.95,0.2,0.01,1,D:\Python project\HGNN_PPO_USV_Scheduling\models\best_u10_t100_seed0.pth,2.9104295999277383,3.4350117000285536,6.345548699959181,0.015902600018307567,1.8001017000060529,1.5888837999664247,,
PPO_full_u10_t100_seed0_20260522_124407,PPO,full,u10_t100,10,100,0,413,2026-05-22 13:29:26,2718.4710609000176,-0.7710315356771973,0.017554875818468037,1170.5610096802989,1124.358084638006,26.651378331536012,1.0,8,8,0,,,1114.413282282747,380,,MinBattery_NearestTask,1187.1112015225146,1816.9612465912573,-0.02478784669190645,2.185693330375216e-05,1.9495942616462707,0.0001,0.0003,0.0001,0.0003,,256,3,4,4,1,128,,1,0.99,0.95,0.2,0.01,1,D:\Python project\HGNN_PPO_USV_Scheduling\models\best_u10_t100_seed0.pth,3.0667913999641314,3.5189810000592843,6.585879100020975,0.015488500008359551,1.8776964995777234,1.5992668992839754,,
PPO_full_u10_t100_seed0_20260522_124407,PPO,full,u10_t100,10,100,0,414,2026-05-22 13:29:32,2725.0694364999654,-0.7791510496845466,0.0221319026381804,1182.887855048833,1141.5463924957392,33.60010725831159,1.0,8,8,0,,,1114.413282282747,380,,MinBattery_NearestTask,1187.1112015225146,1816.9612465912573,-0.019491330068558455,3.535447266585834e-05,1.9029892134666442,0.0001,0.0003,0.0001,0.0003,,256,3,4,4,1,128,,1,0.99,0.95,0.2,0.01,1,D:\Python project\HGNN_PPO_USV_Scheduling\models\best_u10_t100_seed0.pth,2.9468815999571234,3.555208000005223,6.50219869997818,0.014462099992670119,1.8567248992621899,1.6558356997556984,,
PPO_full_u10_t100_seed0_20260522_124407,PPO,full,u10_t100,10,100,0,415,2026-05-22 13:29:39,2731.6947797000175,-0.7574360223705139,0.014921330118516669,1149.9206375982212,1098.7731026649176,22.65319437805252,1.0,8,8,0,,,1114.413282282747,380,,MinBattery_NearestTask,1187.1112015225146,1816.9612465912573,-0.018859997484833003,2.083399145703879e-05,1.9736330485343934,0.0001,0.0003,0.0001,0.0003,,256,3,4,4,1,128,,1,0.99,0.95,0.2,0.01,1,D:\Python project\HGNN_PPO_USV_Scheduling\models\best_u10_t100_seed0.pth,3.0793205000227317,3.445655999938026,6.5250879999948665,0.014078499982133508,1.8030993001302704,1.600275499629788,,
PPO_full_u10_t100_seed0_20260522_124407,PPO,full,u10_t100,10,100,0,416,2026-05-22 13:29:45,2738.2416599999415,-0.7571001123436982,0.013217206199776033,1149.4106673026406,1125.3500944778918,20.06603558799172,1.0,8,8,0,,,1114.413282282747,380,,MinBattery_NearestTask,1187.1112015225146,1816.9612465912573,0.0023423254303634165,2.108751977175416e-05,2.019944443702698,0.0001,0.0003,0.0001,0.0003,,256,3,4,4,1,128,,1,0.99,0.95,0.2,0.01,1,D:\Python project\HGNN_PPO_USV_Scheduling\models\best_u10_t100_seed0.pth,3.047103999997489,3.398700700025074,6.445909900008701,0.014152000076137483,1.8056782996281981,1.548366800067015,,
PPO_full_u10_t100_seed0_20260522_124407,PPO,full,u10_t100,10,100,0,417,2026-05-22 13:29:52,2744.880996800028,-0.7759143585756445,0.017305848152976453,1177.973990651403,1112.2823592084524,26.273310688297403,1.0,8,8,0,,,1114.413282282747,380,,MinBattery_NearestTask,1187.1112015225146,1816.9612465912573,-0.03498230493627488,2.2597034212594736e-05,1.9005859363079072,0.0001,0.0003,0.0001,0.0003,,256,3,4,4,1,128,,1,0.99,0.95,0.2,0.01,1,D:\Python project\HGNN_PPO_USV_Scheduling\models\best_u10_t100_seed0.pth,3.0842264000093564,3.451768000028096,6.53610409994144,0.014677099999971688,1.8089692003559321,1.5998881004052237,,
PPO_full_u10_t100_seed0_20260522_124407,PPO,full,u10_t100,10,100,0,418,2026-05-22 13:29:59,2751.4065578000154,-0.78473636432399,0.0159118845136217,1191.3673416083375,1162.8231211138536,24.157029564066082,1.0,8,8,0,,,1114.413282282747,380,,MinBattery_NearestTask,1187.1112015225146,1816.9612465912573,-0.025601447392255068,2.4382064384553815e-05,1.8884880340099335,0.0001,0.0003,0.0001,0.0003,,256,3,4,4,1,128,,1,0.99,0.95,0.2,0.01,1,D:\Python project\HGNN_PPO_USV_Scheduling\models\best_u10_t100_seed0.pth,3.017144500045106,3.409972499939613,6.427220199955627,0.014307399978861213,1.7970404998632148,1.569200300378725,,
PPO_full_u10_t100_seed0_20260522_124407,PPO,full,u10_t100,10,100,0,419,2026-05-22 13:30:05,2757.9086338999914,-0.777342464549902,0.020208676546822426,1180.142105824136,1137.6281196957596,30.680312968229607,1.0,8,8,0,,,1114.413282282747,380,,MinBattery_NearestTask,1187.1112015225146,1816.9612465912573,-0.01888193916529417,2.7922139006477666e-05,1.8716806197166442,0.0001,0.0003,0.0001,0.0003,,256,3,4,4,1,128,,1,0.99,0.95,0.2,0.01,1,D:\Python project\HGNN_PPO_USV_Scheduling\models\best_u10_t100_seed0.pth,2.976155999931507,3.425062800059095,6.401325899991207,0.014342800015583634,1.798837400157936,1.5801482007373124,,
PPO_full_u10_t100_seed0_20260522_124407,PPO,full,u10_t100,10,100,0,420,2026-05-22 13:30:14,2766.4536407999694,-0.7706784315284223,0.014923983584925095,1170.0249356939744,1140.4759738304263,22.657222805132996,1.0,8,8,0,1177.137541478404,1,1114.413282282747,380,-0.8401622384928226,MinBattery_NearestTask,1187.1112015225146,1816.9612465912573,-0.003428560961037874,2.2323846096696797e-05,1.859102281332016,0.0001,0.0003,0.0001,0.0003,,256,3,4,4,1,128,,1,0.99,0.95,0.2,0.01,1,D:\Python project\HGNN_PPO_USV_Scheduling\models\best_u10_t100_seed0.pth,3.0642240999732167,3.461132000084035,8.44069950003177,0.014448800007812679,1.7944321003742516,1.6251730005024,,
PPO_full_u10_t100_seed0_20260522_124407,PPO,full,u10_t100,10,100,0,421,2026-05-22 13:30:20,2773.0613572000293,-0.7744223360061334,0.012040629906637963,1175.7088388844281,1155.367867598118,18.27978655674813,1.0,8,8,0,,,1114.413282282747,380,,MinBattery_NearestTask,1187.1112015225146,1816.9612465912573,-0.008921130280941724,2.0761436244356445e-05,1.869109342098236,0.0001,0.0003,0.0001,0.0003,,256,3,4,4,1,128,,1,0.99,0.95,0.2,0.01,1,D:\Python project\HGNN_PPO_USV_Scheduling\models\best_u10_t100_seed0.pth,3.0297294000629336,3.4772640999872237,6.507139400113374,0.014798899996094406,1.8423475009622052,1.593320200452581,,
PPO_full_u10_t100_seed0_20260522_124407,PPO,full,u10_t100,10,100,0,422,2026-05-22 13:30:27,2779.6353971000062,-0.7765032544847221,0.016594773529625986,1178.8680378570355,1134.7191024661263,25.193774780163476,1.0,8,8,0,,,1114.413282282747,380,,MinBattery_NearestTask,1187.1112015225146,1816.9612465912573,-0.021832573972642422,2.430830362754932e-05,1.8152661895751954,0.0001,0.0003,0.0001,0.0003,,256,3,4,4,1,128,,1,0.99,0.95,0.2,0.01,1,D:\Python project\HGNN_PPO_USV_Scheduling\models\best_u10_t100_seed0.pth,2.9800493998918682,3.4934160000411794,6.4735746999504045,0.014433100004680455,1.8527564000105485,1.6005588006228209,,
PPO_full_u10_t100_seed0_20260522_124407,PPO,full,u10_t100,10,100,0,423,2026-05-22 13:30:33,2786.2170111000305,-0.7797553741483596,0.018510466190729963,1183.8053255047125,1144.9929673482263,28.102132002737353,1.0,8,8,0,,,1114.413282282747,380,,MinBattery_NearestTask,1187.1112015225146,1816.9612465912573,-0.020911822803318502,2.5348121162096505e-05,1.7501937973499297,0.0001,0.0003,0.0001,0.0003,,256,3,4,4,1,128,,1,0.99,0.95,0.2,0.01,1,D:\Python project\HGNN_PPO_USV_Scheduling\models\best_u10_t100_seed0.pth,3.020576599985361,3.458688799990341,6.479377600015141,0.014522399986162782,1.8142154002562165,1.5956739991670474,,
PPO_full_u10_t100_seed0_20260522_124407,PPO,full,u10_t100,10,100,0,424,2026-05-22 13:30:40,2792.8992305999855,-0.7661159702161311,0.02466870575906659,1163.0983197603573,1103.4970909907554,37.45141902072422,1.0,8,8,0,,,1114.413282282747,380,,MinBattery_NearestTask,1187.1112015225146,1816.9612465912573,-0.021246044188737868,3.060205416659301e-05,1.677813310623169,0.0001,0.0003,0.0001,0.0003,,256,3,4,4,1,128,,1,0.99,0.95,0.2,0.01,1,D:\Python project\HGNN_PPO_USV_Scheduling\models\best_u10_t100_seed0.pth,3.1422202000394464,3.442767999949865,6.585096099996008,0.014862800016999245,1.812356100534089,1.5890699997544289,,
PPO_full_u10_t100_seed0_20260522_124407,PPO,full,u10_t100,10,100,0,425,2026-05-22 13:30:47,2799.4974963000277,-0.762649176117949,0.015271227265874529,1157.835118695102,1128.6738261010964,23.184399574135355,1.0,8,8,0,,,1114.413282282747,380,,MinBattery_NearestTask,1187.1112015225146,1816.9612465912573,-0.004926813626661896,2.1408757520475772e-05,1.7051850080490112,0.0001,0.0003,0.0001,0.0003,,256,3,4,4,1,128,,1,0.99,0.95,0.2,0.01,1,D:\Python project\HGNN_PPO_USV_Scheduling\models\best_u10_t100_seed0.pth,2.9759086000267416,3.5219622999429703,6.497979399980977,0.014599000103771687,1.8654202003963292,1.6141916004708037,,
PPO_full_u10_t100_seed0_20260522_124407,PPO,full,u10_t100,10,100,0,426,2026-05-22 13:30:53,2805.9871814999497,-0.7559925261533005,0.01373085989949725,1147.7291573392367,1123.7026612018853,20.84585193213595,1.0,8,8,0,,,1114.413282282747,380,,MinBattery_NearestTask,1187.1112015225146,1816.9612465912573,-0.011113133262842894,1.8707256758716538e-05,1.7552523028850555,0.0001,0.0003,0.0001,0.0003,,256,3,4,4,1,128,,1,0.99,0.95,0.2,0.01,1,D:\Python project\HGNN_PPO_USV_Scheduling\models\best_u10_t100_seed0.pth,2.917673600022681,3.4679487999528646,6.3857289999723434,0.014479400007985532,1.838625299045816,1.5891471999930218,,
PPO_full_u10_t100_seed0_20260522_124407,PPO,full,u10_t100,10,100,0,427,2026-05-22 13:31:00,2812.54867509997,-0.7606972637728072,0.006399645158419828,1154.8717736439428,1135.7083541036957,9.715783014836132,1.0,8,8,0,,,1114.413282282747,380,,MinBattery_NearestTask,1187.1112015225146,1816.9612465912573,0.0026438195630908014,1.3679191170012928e-05,1.730275684595108,0.0001,0.0003,0.0001,0.0003,,256,3,4,4,1,128,,1,0.99,0.95,0.2,0.01,1,D:\Python project\HGNN_PPO_USV_Scheduling\models\best_u10_t100_seed0.pth,3.004716599942185,3.4598748000571504,6.464698199997656,0.01469300000462681,1.8477348003070801,1.5654266000492498,,
PPO_full_u10_t100_seed0_20260522_124407,PPO,full,u10_t100,10,100,0,428,2026-05-22 13:31:06,2819.0292053000303,-0.7665788811863223,0.015473025970095524,1163.8010997474084,1128.1382053783063,23.490765376355984,1.0,8,8,0,,,1114.413282282747,380,,MinBattery_NearestTask,1187.1112015225146,1816.9612465912573,-0.0009620489180088044,1.698861250133632e-05,1.6580704712867738,0.0001,0.0003,0.0001,0.0003,,256,3,4,4,1,128,,1,0.99,0.95,0.2,0.01,1,D:\Python project\HGNN_PPO_USV_Scheduling\models\best_u10_t100_seed0.pth,2.97554020001553,3.403558799996972,6.379203599994071,0.014662200002931058,1.795710000093095,1.5671237998176366,,
PPO_full_u10_t100_seed0_20260522_124407,PPO,full,u10_t100,10,100,0,429,2026-05-22 13:31:13,2825.593523400021,-0.7727886751333942,0.01918280725808433,1173.2286553482395,1140.4061943838449,29.122863584047618,1.0,8,8,0,,,1114.413282282747,380,,MinBattery_NearestTask,1187.1112015225146,1816.9612465912573,-0.014804335106164216,2.4507247849214765e-05,1.6402020859718323,0.0001,0.0003,0.0001,0.0003,,256,3,4,4,1,128,,1,0.99,0.95,0.2,0.01,1,D:\Python project\HGNN_PPO_USV_Scheduling\models\best_u10_t100_seed0.pth,2.9830756000010297,3.4822064000181854,6.465388500015251,0.014440499944612384,1.8531642007874325,1.5867537003941834,,
PPO_full_u10_t100_seed0_20260522_124407,PPO,full,u10_t100,10,100,0,430,2026-05-22 13:31:21,2834.1739201999735,-0.7746323926958898,0.02382216721380097,1176.0277417560665,1117.6716438160443,36.16622513639217,1.0,8,8,0,1188.4388418428248,1,1114.413282282747,380,0.11183790689594955,MinBattery_NearestTask,1187.1112015225146,1816.9612465912573,-0.007984830960631371,2.9926687448096344e-05,1.6264671099185943,0.0001,0.0003,0.0001,0.0003,,256,3,4,4,1,128,,1,0.99,0.95,0.2,0.01,1,D:\Python project\HGNN_PPO_USV_Scheduling\models\best_u10_t100_seed0.pth,3.0954143999842927,3.4436816999223083,8.483450899948366,0.014741600025445223,1.827150100376457,1.5730535995680839,,
PPO_full_u10_t100_seed0_20260522_124407,PPO,full,u10_t100,10,100,0,431,2026-05-22 13:31:28,2840.6963220000034,-0.775136648169759,0.018600955649501105,1176.7932899461427,1139.392185593019,28.239510861218868,1.0,8,8,0,,,1114.413282282747,380,,MinBattery_NearestTask,1187.1112015225146,1816.9612465912573,-0.000316335279494524,2.7169053309989978e-05,1.620460969209671,0.0001,0.0003,0.0001,0.0003,,256,3,4,4,1,128,,1,0.99,0.95,0.2,0.01,1,D:\Python project\HGNN_PPO_USV_Scheduling\models\best_u10_t100_seed0.pth,3.010905099916272,3.4034388000145555,6.414452399942093,0.014973500045016408,1.7873979997821152,1.5702559996861964,,
PPO_full_u10_t100_seed0_20260522_124407,PPO,full,u10_t100,10,100,0,432,2026-05-22 13:31:34,2847.263705099933,-0.7809611324557513,0.02232148916927185,1185.635877948318,1143.7649843321524,33.88793284129666,1.0,8,8,0,,,1114.413282282747,380,,MinBattery_NearestTask,1187.1112015225146,1816.9612465912573,-0.019900082433596252,3.33185405270342e-05,1.6217543184757233,0.0001,0.0003,0.0001,0.0003,,256,3,4,4,1,128,,1,0.99,0.95,0.2,0.01,1,D:\Python project\HGNN_PPO_USV_Scheduling\models\best_u10_t100_seed0.pth,3.0307340000290424,3.438840699964203,6.469683500006795,0.014996000099927187,1.8083004001528025,1.5875226993812248,,
PPO_full_u10_t100_seed0_20260522_124407,PPO,full,u10_t100,10,100,0,433,2026-05-22 13:31:41,2853.8883715999546,-0.7777079060786656,0.0167599913244996,1180.6969101156533,1140.0609171073504,25.44460435046712,1.0,8,8,0,,,1114.413282282747,380,,MinBattery_NearestTask,1187.1112015225146,1816.9612465912573,-0.011661626072600484,2.4476122725900495e-05,1.6153120028972625,0.0001,0.0003,0.0001,0.0003,,256,3,4,4,1,128,,1,0.99,0.95,0.2,0.01,1,D:\Python project\HGNN_PPO_USV_Scheduling\models\best_u10_t100_seed0.pth,3.0869076000526547,3.4373449999839067,6.524358700029552,0.014028800069354475,1.8020370994927362,1.5928223996888846,,
PPO_full_u10_t100_seed0_20260522_124407,PPO,full,u10_t100,10,100,0,434,2026-05-22 13:31:48,2860.4655046999687,-0.7770378321967497,0.01329024594678989,1179.6796205192077,1140.969401957937,20.176922725618574,1.0,8,8,0,,,1114.413282282747,380,,MinBattery_NearestTask,1187.1112015225146,1816.9612465912573,-0.007249463964253664,2.0937916151524405e-05,1.6854774236679078,0.0001,0.0003,0.0001,0.0003,,256,3,4,4,1,128,,1,0.99,0.95,0.2,0.01,1,D:\Python project\HGNN_PPO_USV_Scheduling\models\best_u10_t100_seed0.pth,3.0124265999766067,3.4622630999656394,6.474800499971025,0.014554599998518825,1.834083499852568,1.5869354999158531,,
PPO_full_u10_t100_seed0_20260522_124407,PPO,full,u10_t100,10,100,0,435,2026-05-22 13:31:54,2866.977999499999,-0.7724109130705838,0.013658820245976104,1172.6551463266223,1146.5281568706876,20.736483111717103,1.0,8,8,0,,,1114.413282282747,380,,MinBattery_NearestTask,1187.1112015225146,1816.9612465912573,-0.010290456982329488,1.9951191070504138e-05,1.7217505443096162,0.0001,0.0003,0.0001,0.0003,,256,3,4,4,1,128,,1,0.99,0.95,0.2,0.01,1,D:\Python project\HGNN_PPO_USV_Scheduling\models\best_u10_t100_seed0.pth,2.9597311998950318,3.4500996000133455,6.409937899908982,0.014467700035311282,1.8117313005495816,1.5935135005274788,,
PPO_full_u10_t100_seed0_20260522_124407,PPO,full,u10_t100,10,100,0,436,2026-05-22 13:32:01,2873.556719299988,-0.7826167454016753,0.02403795849064683,1188.1493885791363,1149.516999187673,36.49383411633239,1.0,8,8,0,,,1114.413282282747,380,,MinBattery_NearestTask,1187.1112015225146,1816.9612465912573,-0.02032281817868352,3.435138038184959e-05,1.6246961581707,0.0001,0.0003,0.0001,0.0003,,256,3,4,4,1,128,,1,0.99,0.95,0.2,0.01,1,D:\Python project\HGNN_PPO_USV_Scheduling\models\best_u10_t100_seed0.pth,3.038962599937804,3.4349304001079872,6.474014000035822,0.015060000005178154,1.7904145002830774,1.601761799887754,,
PPO_full_u10_t100_seed0_20260522_124407,PPO,full,u10_t100,10,100,0,437,2026-05-22 13:32:07,2880.068502799957,-0.7780335578791402,0.02478045539866168,1181.1913066256907,1108.2342943316169,37.621074559963496,1.0,8,8,0,,,1114.413282282747,380,,MinBattery_NearestTask,1187.1112015225146,1816.9612465912573,-0.013382625980302692,3.0485748675346257e-05,1.6410832631587982,0.0001,0.0003,0.0001,0.0003,,256,3,4,4,1,128,,1,0.99,0.95,0.2,0.01,1,D:\Python project\HGNN_PPO_USV_Scheduling\models\best_u10_t100_seed0.pth,2.9798271000618115,3.4298697999911383,6.409809499979019,0.014357200008817017,1.8029321000212803,1.5834608008153737,,
PPO_full_u10_t100_seed0_20260522_124407,PPO,full,u10_t100,10,100,0,438,2026-05-22 13:32:14,2886.6934194000205,-0.7708515931536835,0.02024310083031065,1170.2878253911197,1104.3622597840263,30.73257506410098,1.0,8,8,0,,,1114.413282282747,380,,MinBattery_NearestTask,1187.1112015225146,1816.9612465912573,-0.01658711928874254,2.750363532868505e-05,1.6613714694976807,0.0001,0.0003,0.0001,0.0003,,256,3,4,4,1,128,,1,0.99,0.95,0.2,0.01,1,D:\Python project\HGNN_PPO_USV_Scheduling\models\best_u10_t100_seed0.pth,3.042467899969779,3.486354499938898,6.528940899996087,0.014380899956449866,1.7940609003417194,1.6466208992060274,,
PPO_full_u10_t100_seed0_20260522_124407,PPO,full,u10_t100,10,100,0,439,2026-05-22 13:32:21,2893.4452410000376,-0.7632286343079934,0.019062519563506478,1158.7148377890949,1125.1709266933274,28.940245780881497,1.0,8,8,0,,,1114.413282282747,380,,MinBattery_NearestTask,1187.1112015225146,1816.9612465912573,-0.001574321798980236,2.425587646484928e-05,1.6016471683979034,0.0001,0.0003,0.0001,0.0003,,256,3,4,4,1,128,,1,0.99,0.95,0.2,0.01,1,D:\Python project\HGNN_PPO_USV_Scheduling\models\best_u10_t100_seed0.pth,3.171934699988924,3.484111799974926,6.656170999980532,0.014928999939002097,1.8284829010954127,1.6132873996393755,,
PPO_full_u10_t100_seed0_20260522_124407,PPO,full,u10_t100,10,100,0,440,2026-05-22 13:32:29,2901.8743560999865,-0.7611884434292411,0.013872188917256218,1155.6174704513564,1119.7122890457717,21.060414151798874,1.0,8,8,0,1133.1271921436169,1,1114.413282282747,380,-4.547510739487697,MinBattery_NearestTask,1187.1112015225146,1816.9612465912573,-0.024628053130581976,1.9053495529988142e-05,1.640730663537979,0.0001,0.0003,0.0001,0.0003,,256,3,4,4,1,128,,1,0.99,0.95,0.2,0.01,1,D:\Python project\HGNN_PPO_USV_Scheduling\models\best_u10_t100_seed0.pth,2.975161600043066,3.444748400012031,8.317553700064309,0.014193400042131543,1.8150677003432065,1.585982600110583,,
PPO_full_u10_t100_seed0_20260522_124407,PPO,full,u10_t100,10,100,0,441,2026-05-22 13:32:36,2908.44476079999,-0.7667759570234594,0.01468980371298181,1164.1002954096195,1128.4985173436894,22.301696714870094,1.0,8,8,0,,,1114.413282282747,380,,MinBattery_NearestTask,1187.1112015225146,1816.9612465912573,-0.009472695747390389,2.095084994834906e-05,1.5533536112308501,0.0001,0.0003,0.0001,0.0003,,256,3,4,4,1,128,,1,0.99,0.95,0.2,0.01,1,D:\Python project\HGNN_PPO_USV_Scheduling\models\best_u10_t100_seed0.pth,2.949370800051838,3.5122664000373334,6.461758200079203,0.018250200082547963,1.8149465011665598,1.6504348998423666,,
PPO_full_u10_t100_seed0_20260522_124407,PPO,full,u10_t100,10,100,0,442,2026-05-22 13:32:42,2915.0469242000254,-0.7639890830742937,0.014097708042595133,1159.8693323000214,1120.4924677224049,21.402791710749284,1.0,8,8,0,,,1114.413282282747,380,,MinBattery_NearestTask,1187.1112015225146,1816.9612465912573,-0.0036278098355978726,1.8515059396122523e-05,1.6597181820869447,0.0001,0.0003,0.0001,0.0003,,256,3,4,4,1,128,,1,0.99,0.95,0.2,0.01,1,D:\Python project\HGNN_PPO_USV_Scheduling\models\best_u10_t100_seed0.pth,3.001863199984655,3.4956674000713974,6.497642200090922,0.014569199993275106,1.8594160004286095,1.5909364998806268,,
PPO_full_u10_t100_seed0_20260522_124407,PPO,full,u10_t100,10,100,0,443,2026-05-22 13:32:49,2921.632425299962,-0.759619748859673,0.01670935338816068,1153.2359171500107,1123.5593837545441,25.36772708780501,1.0,8,8,0,,,1114.413282282747,380,,MinBattery_NearestTask,1187.1112015225146,1816.9612465912573,-0.018138737538829445,1.93552718974388e-05,1.6458225572109222,0.0001,0.0003,0.0001,0.0003,,256,3,4,4,1,128,,1,0.99,0.95,0.2,0.01,1,D:\Python project\HGNN_PPO_USV_Scheduling\models\best_u10_t100_seed0.pth,3.0134236000012606,3.4700717999367043,6.48361599992495,0.014414400095120072,1.810564900166355,1.618065900169313,,
PPO_full_u10_t100_seed0_20260522_124407,PPO,full,u10_t100,10,100,0,444,2026-05-22 13:32:55,2928.2513286999892,-0.759108114147389,0.015589769812708798,1152.4591659826638,1125.228517429537,23.66800299110974,1.0,8,8,0,,,1114.413282282747,380,,MinBattery_NearestTask,1187.1112015225146,1816.9612465912573,-0.014623362245038152,2.0475685769270058e-05,1.6550765931606293,0.0001,0.0003,0.0001,0.0003,,256,3,4,4,1,128,,1,0.99,0.95,0.2,0.01,1,D:\Python project\HGNN_PPO_USV_Scheduling\models\best_u10_t100_seed0.pth,3.0604191001039,3.4560683999443427,6.516594500048086,0.01423820003401488,1.8097713008755818,1.6043639006093144,,
PPO_full_u10_t100_seed0_20260522_124407,PPO,full,u10_t100,10,100,0,445,2026-05-22 13:33:02,2934.9608184000244,-0.774045617250229,0.020768481685552762,1175.1369137855545,1144.9837641556558,31.530195285741797,1.0,8,8,0,,,1114.413282282747,380,,MinBattery_NearestTask,1187.1112015225146,1816.9612465912573,-0.016002842299640177,3.1289123635360736e-05,1.6795907747745513,0.0001,0.0003,0.0001,0.0003,,256,3,4,4,1,128,,1,0.99,0.95,0.2,0.01,1,D:\Python project\HGNN_PPO_USV_Scheduling\models\best_u10_t100_seed0.pth,3.0684745999751613,3.5321122999303043,6.600702199968509,0.014993199962191284,1.8402127000736073,1.650082099949941,,
PPO_full_u10_t100_seed0_20260522_124407,PPO,full,u10_t100,10,100,0,446,2026-05-22 13:33:09,2941.6478352999547,-0.7807750254077619,0.03140867245933607,1185.3533348305302,1126.394895521377,47.68386978416754,1.0,8,8,0,,,1114.413282282747,380,,MinBattery_NearestTask,1187.1112015225146,1816.9612465912573,-0.020572490794584154,5.0370912795187906e-05,1.7597701013088227,0.0001,0.0003,0.0001,0.0003,,256,3,4,4,1,128,,1,0.99,0.95,0.2,0.01,1,D:\Python project\HGNN_PPO_USV_Scheduling\models\best_u10_t100_seed0.pth,3.0634132999693975,3.519551799981855,6.583076299983077,0.014050199999473989,1.8903734001796693,1.5833506998606026,,
PPO_full_u10_t100_seed0_20260522_124407,PPO,full,u10_t100,10,100,0,447,2026-05-22 13:33:15,2948.2855446999893,-0.7767572487711913,0.01742126550949666,1179.2536457014164,1147.7043668138463,26.448534464668963,1.0,8,8,0,,,1114.413282282747,380,,MinBattery_NearestTask,1187.1112015225146,1816.9612465912573,-0.02305551222525537,2.909284942688828e-05,1.6747055733203888,0.0001,0.0003,0.0001,0.0003,,256,3,4,4,1,128,,1,0.99,0.95,0.2,0.01,1,D:\Python project\HGNN_PPO_USV_Scheduling\models\best_u10_t100_seed0.pth,3.025210199994035,3.496642400044948,6.52195710001979,0.015594800002872944,1.8297635004855692,1.622883299482055,,
PPO_full_u10_t100_seed0_20260522_124407,PPO,full,u10_t100,10,100,0,448,2026-05-22 13:33:22,2954.9522237000056,-0.7870750550788765,0.008924733590974608,1194.9178840760533,1173.438687303014,13.549309827130957,1.0,8,8,0,,,1114.413282282747,380,,MinBattery_NearestTask,1187.1112015225146,1816.9612465912573,-0.008037565890699625,1.8685722075133527e-05,1.6996186423301696,0.0001,0.0003,0.0001,0.0003,,256,3,4,4,1,128,,1,0.99,0.95,0.2,0.01,1,D:\Python project\HGNN_PPO_USV_Scheduling\models\best_u10_t100_seed0.pth,3.0311175000388175,3.5225418999325484,6.553806300042197,0.015123500023037195,1.855133599950932,1.6215162008302286,,
PPO_full_u10_t100_seed0_20260522_124407,PPO,full,u10_t100,10,100,0,449,2026-05-22 13:33:28,2960.421877900022,-0.780698837514566,0.01664112924148293,1185.2376682552242,1143.1726071388268,25.264150875517394,1.0,8,8,0,,,1114.413282282747,380,,MinBattery_NearestTask,1187.1112015225146,1816.9612465912573,-0.018107982091605662,2.6212381453660782e-05,1.8843729650974275,0.0001,0.0003,0.0001,0.0003,,256,3,4,4,1,128,,1,0.99,0.95,0.2,0.01,1,D:\Python project\HGNN_PPO_USV_Scheduling\models\best_u10_t100_seed0.pth,2.1407621999969706,3.2347760000266135,5.375710999942385,0.014379499945789576,1.689374701003544,1.5042389001464471,,
PPO_full_u10_t100_seed0_20260522_124407,PPO,full,u10_t100,10,100,0,450,2026-05-22 13:33:35,2967.958864999935,-0.7747224340366021,0.012503832518678076,1176.1644402927932,1145.5815367324865,18.983009307241787,1.0,8,8,0,1214.9235638697191,1,1114.413282282747,380,2.3428607456095185,MinBattery_NearestTask,1187.1112015225146,1816.9612465912573,-0.023324874453246592,1.8647484052962683e-05,1.9562116611003875,0.0001,0.0003,0.0001,0.0003,,256,3,4,4,1,128,,1,0.99,0.95,0.2,0.01,1,D:\Python project\HGNN_PPO_USV_Scheduling\models\best_u10_t100_seed0.pth,2.105076599982567,3.33423010003753,7.457968099974096,0.013716600020416081,1.7716669996734709,1.521891399868764,,
PPO_full_u10_t100_seed0_20260522_124407,PPO,full,u10_t100,10,100,0,451,2026-05-22 13:33:41,2973.493805099977,-0.7855231220802026,0.020247982014288735,1192.5617777771215,1151.0573248240794,30.73998555690367,1.0,8,8,0,,,1114.413282282747,380,,MinBattery_NearestTask,1187.1112015225146,1816.9612465912573,-0.026011098325252533,2.8252712272660574e-05,2.033773949146271,0.0001,0.0003,0.0001,0.0003,,256,3,4,4,1,128,,1,0.99,0.95,0.2,0.01,1,D:\Python project\HGNN_PPO_USV_Scheduling\models\best_u10_t100_seed0.pth,2.098984400043264,3.3414798999438062,5.440555599983782,0.014797999989241362,1.745983399450779,1.5539084005868062,,
PPO_full_u10_t100_seed0_20260522_124407,PPO,full,u10_t100,10,100,0,452,2026-05-22 13:33:46,2979.01558310003,-0.7774198890675625,0.018229618695196563,1180.2596498121225,1142.0575337154803,27.67575628044083,1.0,8,8,0,,,1114.413282282747,380,,MinBattery_NearestTask,1187.1112015225146,1816.9612465912573,-0.01797701442614198,2.6267146813552246e-05,1.9738005554676057,0.0001,0.0003,0.0001,0.0003,,256,3,4,4,1,128,,1,0.99,0.95,0.2,0.01,1,D:\Python project\HGNN_PPO_USV_Scheduling\models\best_u10_t100_seed0.pth,2.0778092000400648,3.350548499962315,5.428447499987669,0.014298399910330772,1.801189599907957,1.5086846997728571,,
PPO_full_u10_t100_seed0_20260522_124407,PPO,full,u10_t100,10,100,0,453,2026-05-22 13:33:52,2984.7360532999737,-0.7789823758786093,0.01629703580902602,1182.6317786480004,1146.7935647875324,24.741756735869995,1.0,8,8,0,,,1114.413282282747,380,,MinBattery_NearestTask,1187.1112015225146,1816.9612465912573,-0.01909531993791461,2.603800196084194e-05,1.9678699016571044,0.0001,0.0003,0.0001,0.0003,,256,3,4,4,1,128,,1,0.99,0.95,0.2,0.01,1,D:\Python project\HGNN_PPO_USV_Scheduling\models\best_u10_t100_seed0.pth,2.144988099928014,3.4786013000411913,5.623711899970658,0.01349879999179393,1.8647909003775567,1.5728816004702821,,
PPO_full_u10_t100_seed0_20260522_124407,PPO,full,u10_t100,10,100,0,454,2026-05-22 13:33:57,2990.3313423999352,-0.7826717061022375,0.020173077282280027,1188.232828555539,1147.2897485001001,30.626267045179148,1.0,8,8,0,,,1114.413282282747,380,,MinBattery_NearestTask,1187.1112015225146,1816.9612465912573,-0.02153170619159937,3.241335680286284e-05,1.893443342447281,0.0001,0.0003,0.0001,0.0003,,256,3,4,4,1,128,,1,0.99,0.95,0.2,0.01,1,D:\Python project\HGNN_PPO_USV_Scheduling\models\best_u10_t100_seed0.pth,2.0373930000932887,3.451617500046268,5.489108100067824,0.013889600057154894,1.8026341999648139,1.6067105998517945,,
PPO_full_u10_t100_seed0_20260522_124407,PPO,full,u10_t100,10,100,0,455,2026-05-22 13:34:03,2996.0544137000106,-0.7706252602186672,0.009899038227653612,1169.9442123264425,1151.7145053537724,15.028475031762282,1.0,8,8,0,,,1114.413282282747,380,,MinBattery_NearestTask,1187.1112015225146,1816.9612465912573,-0.010135543495416642,1.6082856286629977e-05,1.8265000665187836,0.0001,0.0003,0.0001,0.0003,,256,3,4,4,1,128,,1,0.99,0.95,0.2,0.01,1,D:\Python project\HGNN_PPO_USV_Scheduling\models\best_u10_t100_seed0.pth,2.1238939000759274,3.505720799905248,5.629704400082119,0.014152700081467628,1.8526250997092575,1.610745799727738,,
PPO_full_u10_t100_seed0_20260522_124407,PPO,full,u10_t100,10,100,0,456,2026-05-22 13:34:09,3001.689370399923,-0.7709689913714255,0.015455315242817336,1170.4660564620112,1124.7134446813748,23.463877388192593,1.0,8,8,0,,,1114.413282282747,380,,MinBattery_NearestTask,1187.1112015225146,1816.9612465912573,-0.022047181613743305,1.8605277246024345e-05,1.9194041740894319,0.0001,0.0003,0.0001,0.0003,,256,3,4,4,1,128,,1,0.99,0.95,0.2,0.01,1,D:\Python project\HGNN_PPO_USV_Scheduling\models\best_u10_t100_seed0.pth,2.095744500053115,3.434368599904701,5.530202700057998,0.014397799968719482,1.7819633993785828,1.6114697002340108,,
PPO_full_u10_t100_seed0_20260522_124407,PPO,full,u10_t100,10,100,0,457,2026-05-22 13:34:14,3007.2327022999525,-0.7706170314002596,0.016837802064485805,1169.931719537837,1129.7089038109912,25.56273469163686,1.0,8,8,0,,,1114.413282282747,380,,MinBattery_NearestTask,1187.1112015225146,1816.9612465912573,-0.02237807437777519,2.0888562867185102e-05,1.9239917922019958,0.0001,0.0003,0.0001,0.0003,,256,3,4,4,1,128,,1,0.99,0.95,0.2,0.01,1,D:\Python project\HGNN_PPO_USV_Scheduling\models\best_u10_t100_seed0.pth,2.021670400048606,3.4170029999222606,5.438793699955568,0.013385500060394406,1.7778810998424888,1.591493799816817,,
PPO_full_u10_t100_seed0_20260522_124407,PPO,full,u10_t100,10,100,0,458,2026-05-22 13:34:20,3013.0244324000087,-0.781260272943541,0.02006549281453997,1186.0900256390682,1138.9765547769741,30.462934966844493,1.0,8,8,0,,,1114.413282282747,380,,MinBattery_NearestTask,1187.1112015225146,1816.9612465912573,-0.03200666442513466,2.4611124872535582e-05,1.8677757823467254,0.0001,0.0003,0.0001,0.0003,,256,3,4,4,1,128,,1,0.99,0.95,0.2,0.01,1,D:\Python project\HGNN_PPO_USV_Scheduling\models\best_u10_t100_seed0.pth,2.2209621999645606,3.4701315000420436,5.69118600001093,0.014551299973390996,1.8226206005783752,1.6062832998577505,,
PPO_full_u10_t100_seed0_20260522_124407,PPO,full,u10_t100,10,100,0,459,2026-05-22 13:34:26,3018.776447799988,-0.7790708389544604,0.018532358602350415,1182.7660811020455,1139.3647874938456,28.13536852065522,1.0,8,8,0,,,1114.413282282747,380,,MinBattery_NearestTask,1187.1112015225146,1816.9612465912573,-0.01487950462847948,3.0291574403236156e-05,1.829334205389023,0.0001,0.0003,0.0001,0.0003,,256,3,4,4,1,128,,1,0.99,0.95,0.2,0.01,1,D:\Python project\HGNN_PPO_USV_Scheduling\models\best_u10_t100_seed0.pth,2.126210800022818,3.5131555000552908,5.639461699989624,0.014065099996514618,1.8555622001877055,1.617291800561361,,
PPO_full_u10_t100_seed0_20260522_124407,PPO,full,u10_t100,10,100,0,460,2026-05-22 13:34:33,3026.3344292999245,-0.778117732297615,0.010845727366555251,1181.3190981461669,1153.2720007581627,16.46571507060554,1.0,8,8,0,1105.3421513220496,1,1105.3421513220496,460,-6.888069971506725,MinBattery_NearestTask,1187.1112015225146,1816.9612465912573,-0.027944702468812466,1.8136455910280347e-05,1.8716899561882019,0.0001,0.0003,0.0001,0.0003,,256,3,4,4,1,128,,1,0.99,0.95,0.2,0.01,1,D:\Python project\HGNN_PPO_USV_Scheduling\models\best_u10_t100_seed0.pth,2.0785656000953168,3.587518599932082,7.461415700032376,0.013663800084032118,1.8546212997753173,1.6930969991954044,,
PPO_full_u10_t100_seed0_20260522_124407,PPO,full,u10_t100,10,100,0,461,2026-05-22 13:34:39,3031.935815499979,-0.7832961582882725,0.015882969513565482,1189.180856421533,1155.3747049612973,24.113131526055277,1.0,8,8,0,,,1105.3421513220496,460,,MinBattery_NearestTask,1187.1112015225146,1816.9612465912573,-0.018029174506664275,2.3680836511630333e-05,1.843717098236084,0.0001,0.0003,0.0001,0.0003,,256,3,4,4,1,128,,1,0.99,0.95,0.2,0.01,1,D:\Python project\HGNN_PPO_USV_Scheduling\models\best_u10_t100_seed0.pth,2.072347900015302,3.4331998000852764,5.505642500007525,0.0130322000477463,1.835800399654545,1.5527458984870464,,
PPO_full_u10_t100_seed0_20260522_124407,PPO,full,u10_t100,10,100,0,462,2026-05-22 13:34:45,3037.6454648999497,-0.7765441808629291,0.017597558427440374,1178.9301712723104,1133.2642827167406,26.71617801292722,1.0,8,8,0,,,1105.3421513220496,460,,MinBattery_NearestTask,1187.1112015225146,1816.9612465912573,-0.016910228971391918,2.0090112998332187e-05,1.8005715072155,0.0001,0.0003,0.0001,0.0003,,256,3,4,4,1,128,,1,0.99,0.95,0.2,0.01,1,D:\Python project\HGNN_PPO_USV_Scheduling\models\best_u10_t100_seed0.pth,2.179267800063826,3.4349685999331996,5.6143488000379875,0.013148199999704957,1.8594786000903696,1.534933700459078,,
PPO_full_u10_t100_seed0_20260522_124407,PPO,full,u10_t100,10,100,0,463,2026-05-22 13:34:50,3043.3220559000038,-0.7900024844557246,0.013786284027800098,1199.3622349599914,1170.603958561752,20.92999547307405,1.0,8,8,0,,,1105.3421513220496,460,,MinBattery_NearestTask,1187.1112015225146,1816.9612465912573,-0.009239190863445402,2.1125838393345476e-05,1.7677078700065614,0.0001,0.0003,0.0001,0.0003,,256,3,4,4,1,128,,1,0.99,0.95,0.2,0.01,1,D:\Python project\HGNN_PPO_USV_Scheduling\models\best_u10_t100_seed0.pth,2.0771196000277996,3.4917081999592483,5.569002900039777,0.01394749991595745,1.830287499120459,1.6194983999012038,,
PPO_full_u10_t100_seed0_20260522_124407,PPO,full,u10_t100,10,100,0,464,2026-05-22 13:34:56,3049.1081441999413,-0.7786998021425273,0.027182502002878212,1182.202782189993,1138.8417168364808,41.26780231132752,1.0,8,8,0,,,1105.3421513220496,460,,MinBattery_NearestTask,1187.1112015225146,1816.9612465912573,-0.026591710336506365,3.563682308595162e-05,1.698302707672119,0.0001,0.0003,0.0001,0.0003,,256,3,4,4,1,128,,1,0.99,0.95,0.2,0.01,1,D:\Python project\HGNN_PPO_USV_Scheduling\models\best_u10_t100_seed0.pth,2.1015762999886647,3.581941799959168,5.6836493000155315,0.014048099983483553,1.8678465990815312,1.6724134996766225,,
PPO_full_u10_t100_seed0_20260522_124407,PPO,full,u10_t100,10,100,0,465,2026-05-22 13:35:02,3054.9082785999635,-0.7831908307202418,0.010778829182670742,1189.0209507125237,1171.824908245335,16.364151902239335,1.0,8,8,0,,,1105.3421513220496,460,,MinBattery_NearestTask,1187.1112015225146,1816.9612465912573,-0.013582637412473559,1.699844835457043e-05,1.634390504360199,0.0001,0.0003,0.0001,0.0003,,256,3,4,4,1,128,,1,0.99,0.95,0.2,0.01,1,D:\Python project\HGNN_PPO_USV_Scheduling\models\best_u10_t100_seed0.pth,2.235505499993451,3.472280599991791,5.707875599968247,0.014716299949213862,1.8144553999882191,1.6136533999815583,,
PPO_full_u10_t100_seed0_20260522_124407,PPO,full,u10_t100,10,100,0,466,2026-05-22 13:35:08,3060.820591900032,-0.7841072571622345,0.008936346083724688,1190.4122466733234,1168.9853434631648,13.566939626444674,1.0,8,8,0,,,1105.3421513220496,460,,MinBattery_NearestTask,1187.1112015225146,1816.9612465912573,-0.012989733684808016,1.662075018884934e-05,1.5880881750583649,0.0001,0.0003,0.0001,0.0003,,256,3,4,4,1,128,,1,0.99,0.95,0.2,0.01,1,D:\Python project\HGNN_PPO_USV_Scheduling\models\best_u10_t100_seed0.pth,2.1123187000630423,3.6839464999502525,5.796356600010768,0.01366650010459125,1.9722107994602993,1.6719973009312525,,
PPO_full_u10_t100_seed0_20260522_124407,PPO,full,u10_t100,10,100,0,467,2026-05-22 13:35:15,3067.5644049999537,-0.7840535773103899,0.016327999831309278,1190.3307512497674,1147.8163802166964,24.78876554875316,1.0,8,8,0,,,1105.3421513220496,460,,MinBattery_NearestTask,1187.1112015225146,1816.9612465912573,-0.014479174399748445,2.3483425238737254e-05,1.6490606331825257,0.0001,0.0003,0.0001,0.0003,,256,3,4,4,1,128,,1,0.99,0.95,0.2,0.01,1,D:\Python project\HGNN_PPO_USV_Scheduling\models\best_u10_t100_seed0.pth,2.9776237999321893,3.6551318999845535,6.632848699926399,0.015311799943447113,2.00263110070955,1.609573400230147,,
PPO_full_u10_t100_seed0_20260522_124407,PPO,full,u10_t100,10,100,0,468,2026-05-22 13:35:22,3074.3486339999363,-0.7824955266288243,0.013481927916406457,1187.9653572359616,1154.1677132677287,20.4679295515519,1.0,8,8,0,,,1105.3421513220496,460,,MinBattery_NearestTask,1187.1112015225146,1816.9612465912573,-0.02115566350519657,2.1665735171154666e-05,1.6062337350845337,0.0001,0.0003,0.0001,0.0003,,256,3,4,4,1,128,,1,0.99,0.95,0.2,0.01,1,D:\Python project\HGNN_PPO_USV_Scheduling\models\best_u10_t100_seed0.pth,3.032303999993019,3.6244793999940157,6.656895700027235,0.015405899961479008,1.9757686003576964,1.6046192001085728,,
PPO_full_u10_t100_seed0_20260522_124407,PPO,full,u10_t100,10,100,0,469,2026-05-22 13:35:28,3080.958818599931,-0.7686892076449976,0.014483887264274471,1167.0049451881168,1137.6583540908885,21.989079454803083,1.0,8,8,0,,,1105.3421513220496,460,,MinBattery_NearestTask,1187.1112015225146,1816.9612465912573,-0.016450109742581844,1.9024300572709764e-05,1.7528812098503113,0.0001,0.0003,0.0001,0.0003,,256,3,4,4,1,128,,1,0.99,0.95,0.2,0.01,1,D:\Python project\HGNN_PPO_USV_Scheduling\models\best_u10_t100_seed0.pth,2.9915184000274166,3.501547300023958,6.493184000020847,0.015436499961651862,1.8525621000444517,1.6053884003777057,,
PPO_full_u10_t100_seed0_20260522_124407,PPO,full,u10_t100,10,100,0,470,2026-05-22 13:35:36,3089.164956899942,-0.7710622932896487,0.01089146959386761,1170.6077051268799,1141.6604790742663,16.5351597888955,1.0,8,8,0,1148.6927798817999,1,1105.3421513220496,460,-3.2362950995190425,MinBattery_NearestTask,1187.1112015225146,1816.9612465912573,-0.02777665751054883,1.4665220860479166e-05,1.7751339840888978,0.0001,0.0003,0.0001,0.0003,,256,3,4,4,1,128,,1,0.99,0.95,0.2,0.01,1,D:\Python project\HGNN_PPO_USV_Scheduling\models\best_u10_t100_seed0.pth,2.8652957000304013,3.39324690005742,8.102295799995773,0.017009599949233234,1.7919548008358106,1.5577395996078849,,
PPO_full_u10_t100_seed0_20260522_124407,PPO,full,u10_t100,10,100,0,471,2026-05-22 13:35:43,3095.4679266000167,-0.7782997799958769,0.014469833567971241,1181.595478459587,1152.080530860611,21.967743480626634,1.0,8,8,0,,,1105.3421513220496,460,,MinBattery_NearestTask,1187.1112015225146,1816.9612465912573,-0.013667088858783245,1.7942494323506253e-05,1.8004292500019075,0.0001,0.0003,0.0001,0.0003,,256,3,4,4,1,128,,1,0.99,0.95,0.2,0.01,1,D:\Python project\HGNN_PPO_USV_Scheduling\models\best_u10_t100_seed0.pth,2.837848800001666,3.361647899961099,6.199601099942811,0.015893700066953897,1.7700089002028108,1.5503856007708237,,
PPO_full_u10_t100_seed0_20260522_124407,PPO,full,u10_t100,10,100,0,472,2026-05-22 13:35:49,3102.114323399961,-0.7795146096274923,0.03134028911918861,1183.439802763293,1133.6263008388555,47.58005188829122,1.0,8,8,0,,,1105.3421513220496,460,,MinBattery_NearestTask,1187.1112015225146,1816.9612465912573,-0.016844635494053364,4.681736114434898e-05,1.7611246263980866,0.0001,0.0003,0.0001,0.0003,,256,3,4,4,1,128,,1,0.99,0.95,0.2,0.01,1,D:\Python project\HGNN_PPO_USV_Scheduling\models\best_u10_t100_seed0.pth,3.0477904999861494,3.49272059998475,6.540615499950945,0.014417300000786781,1.8197095996001735,1.6306216000812128,,
PPO_full_u10_t100_seed0_20260522_124407,PPO,full,u10_t100,10,100,0,473,2026-05-22 13:35:56,3108.7533326999983,-0.7751321224172365,0.014627916110863538,1176.7864190605858,1143.280789543554,22.207740487828563,1.0,8,8,0,,,1105.3421513220496,460,,MinBattery_NearestTask,1187.1112015225146,1816.9612465912573,-0.015804950930178165,2.410748105830862e-05,1.7552023112773896,0.0001,0.0003,0.0001,0.0003,,256,3,4,4,1,128,,1,0.99,0.95,0.2,0.01,1,D:\Python project\HGNN_PPO_USV_Scheduling\models\best_u10_t100_seed0.pth,3.092014600057155,3.4373073000460863,6.5294320998946205,0.014696099911816418,1.8066395997302607,1.5873618002515286,,
PPO_full_u10_t100_seed0_20260522_124407,PPO,full,u10_t100,10,100,0,474,2026-05-22 13:36:02,3115.325121199945,-0.7820825267093956,0.015251536471930215,1187.3383509718665,1150.3912416519356,23.154505497727023,1.0,8,8,0,,,1105.3421513220496,460,,MinBattery_NearestTask,1187.1112015225146,1816.9612465912573,-0.01956647712737322,1.9749236585084873e-05,1.7490097725391387,0.0001,0.0003,0.0001,0.0003,,256,3,4,4,1,128,,1,0.99,0.95,0.2,0.01,1,D:\Python project\HGNN_PPO_USV_Scheduling\models\best_u10_t100_seed0.pth,3.0200895000016317,3.4331153000239283,6.453312100027688,0.016886300058104098,1.8160108003066853,1.5711879992159083,,
PPO_full_u10_t100_seed0_20260522_124407,PPO,full,u10_t100,10,100,0,475,2026-05-22 13:36:09,3121.8455779999495,-0.7645261158499088,0.012524165580068,1160.6846421790178,1135.1346156526613,19.013878458202726,1.0,8,8,0,,,1105.3421513220496,460,,MinBattery_NearestTask,1187.1112015225146,1816.9612465912573,-0.014715887364000082,1.5443318834513774e-05,1.8239977288246154,0.0001,0.0003,0.0001,0.0003,,256,3,4,4,1,128,,1,0.99,0.95,0.2,0.01,1,D:\Python project\HGNN_PPO_USV_Scheduling\models\best_u10_t100_seed0.pth,2.9281237999675795,3.47671519999858,6.404946599970572,0.01479529996868223,1.831118000089191,1.6035257007461041,,
PPO_full_u10_t100_seed0_20260522_124407,PPO,full,u10_t100,10,100,0,476,2026-05-22 13:36:16,3128.4129261999624,-0.7715610497076444,0.006524053110054901,1171.3649047863216,1161.0711135180582,9.90465609037165,1.0,8,8,0,,,1105.3421513220496,460,,MinBattery_NearestTask,1187.1112015225146,1816.9612465912573,0.008340700156986713,1.6325302058248782e-05,1.8274150133132934,0.0001,0.0003,0.0001,0.0003,,256,3,4,4,1,128,,1,0.99,0.95,0.2,0.01,1,D:\Python project\HGNN_PPO_USV_Scheduling\models\best_u10_t100_seed0.pth,2.9975244000088423,3.4583338999655098,6.455969000002369,0.015003699925728142,1.8293670995626599,1.58123110095039,,
PPO_full_u10_t100_seed0_20260522_124407,PPO,full,u10_t100,10,100,0,477,2026-05-22 13:36:22,3135.0888957999414,-0.7546834955623585,0.011761527028048085,1145.7418194686918,1109.7204052623667,17.856059468750512,1.0,8,8,0,,,1105.3421513220496,460,,MinBattery_NearestTask,1187.1112015225146,1816.9612465912573,-0.005855871420353651,1.6736513412070054e-05,2.009292995929718,0.0001,0.0003,0.0001,0.0003,,256,3,4,4,1,128,,1,0.99,0.95,0.2,0.01,1,D:\Python project\HGNN_PPO_USV_Scheduling\models\best_u10_t100_seed0.pth,3.1118141999468207,3.4612312000244856,6.573156300000846,0.01597459998447448,1.8157664005411789,1.6024576007621363,,
PPO_full_u10_t100_seed0_20260522_124407,PPO,full,u10_t100,10,100,0,478,2026-05-22 13:36:29,3141.6551497000037,-0.7666601216175853,0.006473227156177893,1163.9244369610574,1149.031986099102,9.827493384132897,1.0,8,8,0,,,1105.3421513220496,460,,MinBattery_NearestTask,1187.1112015225146,1816.9612465912573,-0.022032161336392166,1.5243289158206608e-05,2.011378039121628,0.0001,0.0003,0.0001,0.0003,,256,3,4,4,1,128,,1,0.99,0.95,0.2,0.01,1,D:\Python project\HGNN_PPO_USV_Scheduling\models\best_u10_t100_seed0.pth,3.0512243000557646,3.41192600002978,6.463262700010091,0.015656899893656373,1.8086370003875345,1.5608386003877968,,
PPO_full_u10_t100_seed0_20260522_124407,PPO,full,u10_t100,10,100,0,479,2026-05-22 13:36:35,3148.0899962999392,-0.7724009881000212,0.014628322832883619,1172.6400784817608,1146.5732329318712,22.208357963141154,1.0,8,8,0,,,1105.3421513220496,460,,MinBattery_NearestTask,1187.1112015225146,1816.9612465912573,0.0007800074853003025,2.0638746700569755e-05,1.9188462746143342,0.0001,0.0003,0.0001,0.0003,,256,3,4,4,1,128,,1,0.99,0.95,0.2,0.01,1,D:\Python project\HGNN_PPO_USV_Scheduling\models\best_u10_t100_seed0.pth,2.9172691999701783,3.408655400038697,6.326032600016333,0.01445579994469881,1.7974548996426165,1.568197800545022,,
PPO_full_u10_t100_seed0_20260522_124407,PPO,full,u10_t100,10,100,0,480,2026-05-22 13:36:44,3156.3682046999456,-0.7655566893013943,0.010649920587653221,1162.249233306748,1133.4335589930613,16.16844606122258,1.0,8,8,0,1139.9279660802729,1,1105.3421513220496,460,-3.974626419304906,MinBattery_NearestTask,1187.1112015225146,1816.9612465912573,-0.0029848008789122105,1.9378916599634978e-05,1.893594696521759,0.0001,0.0003,0.0001,0.0003,,256,3,4,4,1,128,,1,0.99,0.95,0.2,0.01,1,D:\Python project\HGNN_PPO_USV_Scheduling\models\best_u10_t100_seed0.pth,2.891102400026284,3.4038201000075787,8.162034100038,0.01491560006979853,1.8085006985347718,1.5465856002410874,,
PPO_full_u10_t100_seed0_20260522_124407,PPO,full,u10_t100,10,100,0,481,2026-05-22 13:36:50,3162.982539199991,-0.7697792783075103,0.020124671703413827,1168.6598635102487,1131.0360864530035,30.55277889242542,1.0,8,8,0,,,1105.3421513220496,460,,MinBattery_NearestTask,1187.1112015225146,1816.9612465912573,-0.014523053411394357,2.629708209497039e-05,1.9801459801197052,0.0001,0.0003,0.0001,0.0003,,256,3,4,4,1,128,,1,0.99,0.95,0.2,0.01,1,D:\Python project\HGNN_PPO_USV_Scheduling\models\best_u10_t100_seed0.pth,3.104771099984646,3.3976263999938965,6.502509400015697,0.014886799966916442,1.783443700056523,1.572368200053461,,
PPO_full_u10_t100_seed0_20260522_124407,PPO,full,u10_t100,10,100,0,482,2026-05-22 13:36:57,3169.609007799998,-0.7604946417722707,0.009897858549490428,1154.5641579336163,1135.1796090060607,15.026684073548687,1.0,8,8,0,,,1105.3421513220496,460,,MinBattery_NearestTask,1187.1112015225146,1816.9612465912573,-0.019867381993681193,1.649826609991578e-05,2.0041277801990507,0.0001,0.0003,0.0001,0.0003,,256,3,4,4,1,128,,1,0.99,0.95,0.2,0.01,1,D:\Python project\HGNN_PPO_USV_Scheduling\models\best_u10_t100_seed0.pth,3.035462800064124,3.4825038999551907,6.518075100029819,0.015408400096930563,1.7971000006655231,1.6429357995511964,,
PPO_full_u10_t100_seed0_20260522_124407,PPO,full,u10_t100,10,100,0,483,2026-05-22 13:37:03,3176.15641029994,-0.7783604491821114,0.020581309098943724,1181.6875849177654,1142.1170114230486,31.246034493572477,1.0,8,8,0,,,1105.3421513220496,460,,MinBattery_NearestTask,1187.1112015225146,1816.9612465912573,-0.03156878616660833,2.9557234593085014e-05,1.9824755001068115,0.0001,0.0003,0.0001,0.0003,,256,3,4,4,1,128,,1,0.99,0.95,0.2,0.01,1,D:\Python project\HGNN_PPO_USV_Scheduling\models\best_u10_t100_seed0.pth,2.944195100106299,3.4942965001100674,6.438613000093028,0.01483240001834929,1.84128309879452,1.6097046009963378,,
PPO_full_u10_t100_seed0_20260522_124407,PPO,full,u10_t100,10,100,0,484,2026-05-22 13:37:10,3182.749279999989,-0.7856067398410084,0.0275080948816983,1192.6887241936909,1133.3634204317398,41.76210936796639,1.0,8,8,0,,,1105.3421513220496,460,,MinBattery_NearestTask,1187.1112015225146,1816.9612465912573,-0.017809369452297687,4.396110834932187e-05,1.8905401337146759,0.0001,0.0003,0.0001,0.0003,,256,3,4,4,1,128,,1,0.99,0.95,0.2,0.01,1,D:\Python project\HGNN_PPO_USV_Scheduling\models\best_u10_t100_seed0.pth,3.026561800041236,3.4596530999988317,6.486329399980605,0.014525400009006262,1.806306499056518,1.6104421000927687,,
PPO_full_u10_t100_seed0_20260522_124407,PPO,full,u10_t100,10,100,0,485,2026-05-22 13:37:16,3189.2358633999247,-0.7740179298338785,0.019408708974536844,1175.0948794347673,1137.5401954045183,29.465821983365124,1.0,8,8,0,,,1105.3421513220496,460,,MinBattery_NearestTask,1187.1112015225146,1816.9612465912573,-0.015850577130913736,2.8280395827096073e-05,1.903019713163376,0.0001,0.0003,0.0001,0.0003,,256,3,4,4,1,128,,1,0.99,0.95,0.2,0.01,1,D:\Python project\HGNN_PPO_USV_Scheduling\models\best_u10_t100_seed0.pth,2.983383600017987,3.3944714000681415,6.377996600000188,0.01516429998446256,1.790911800111644,1.5634031995432451,,
PPO_full_u10_t100_seed0_20260522_124407,PPO,full,u10_t100,10,100,0,486,2026-05-22 13:37:23,3195.745333399973,-0.7855753309519846,0.020446231487644347,1192.6410399951237,1148.7350727521675,31.040963004597803,1.0,8,8,0,,,1105.3421513220496,460,,MinBattery_NearestTask,1187.1112015225146,1816.9612465912573,-0.01932602459564805,2.7011928254978555e-05,1.8012784218788147,0.0001,0.0003,0.0001,0.0003,,256,3,4,4,1,128,,1,0.99,0.95,0.2,0.01,1,D:\Python project\HGNN_PPO_USV_Scheduling\models\best_u10_t100_seed0.pth,2.967611699947156,3.4308773999800906,6.398598999949172,0.01545869989786297,1.8020450993208215,1.5843057995662093,,
PPO_full_u10_t100_seed0_20260522_124407,PPO,full,u10_t100,10,100,0,487,2026-05-22 13:37:29,3202.3135213999776,-0.7744230322667964,0.017751862810201614,1175.709895930148,1141.3159141505078,26.950439110852912,1.0,8,8,0,,,1105.3421513220496,460,,MinBattery_NearestTask,1187.1112015225146,1816.9612465912573,-0.01478627448901534,2.3813062462068047e-05,1.830439419746399,0.0001,0.0003,0.0001,0.0003,,256,3,4,4,1,128,,1,0.99,0.95,0.2,0.01,1,D:\Python project\HGNN_PPO_USV_Scheduling\models\best_u10_t100_seed0.pth,2.988531499984674,3.4611732000485063,6.449824000010267,0.014453600044362247,1.8149704998359084,1.599080799962394,,
PPO_full_u10_t100_seed0_20260522_124407,PPO,full,u10_t100,10,100,0,488,2026-05-22 13:37:36,3208.987681400031,-0.7730828782726251,0.012972744243624344,1173.6753072785095,1146.9459206434528,19.694899491761845,1.0,8,8,0,,,1105.3421513220496,460,,MinBattery_NearestTask,1187.1112015225146,1816.9612465912573,-0.007450395654886961,1.6748698376432e-05,1.8642740643024445,0.0001,0.0003,0.0001,0.0003,,256,3,4,4,1,128,,1,0.99,0.95,0.2,0.01,1,D:\Python project\HGNN_PPO_USV_Scheduling\models\best_u10_t100_seed0.pth,3.0890096001094207,3.4762828999664634,6.5653970000566915,0.01495079998858273,1.7897750000702217,1.6442114997189492,,
PPO_full_u10_t100_seed0_20260522_124407,PPO,full,u10_t100,10,100,0,489,2026-05-22 13:37:43,3215.482278099982,-0.7741052306521692,0.010958653638991614,1175.227417378127,1149.5616989098771,16.63715694472609,1.0,8,8,0,,,1105.3421513220496,460,,MinBattery_NearestTask,1187.1112015225146,1816.9612465912573,-0.020811515860259533,1.6202040355892678e-05,1.9147261679172516,0.0001,0.0003,0.0001,0.0003,,256,3,4,4,1,128,,1,0.99,0.95,0.2,0.01,1,D:\Python project\HGNN_PPO_USV_Scheduling\models\best_u10_t100_seed0.pth,2.926747100078501,3.4593789000064135,6.386266099987552,0.014489699969999492,1.8126272994559258,1.6052351004909724,,
PPO_full_u10_t100_seed0_20260522_124407,PPO,full,u10_t100,10,100,0,490,2026-05-22 13:37:51,3224.0812608000124,-0.7711219101706774,0.0159853499295255,1170.6982140013183,1138.475825773228,24.268562941674798,1.0,8,8,0,1202.8992879967723,1,1105.3421513220496,460,1.329958512227735,MinBattery_NearestTask,1187.1112015225146,1816.9612465912573,-0.019517726991325618,2.467182414875424e-05,1.925559995174408,0.0001,0.0003,0.0001,0.0003,,256,3,4,4,1,128,,1,0.99,0.95,0.2,0.01,1,D:\Python project\HGNN_PPO_USV_Scheduling\models\best_u10_t100_seed0.pth,3.1649073000298813,3.425054599996656,8.494786800001748,0.01515680004376918,1.7878287000348791,1.5935024998616427,,
PPO_full_u10_t100_seed0_20260522_124407,PPO,full,u10_t100,10,100,0,491,2026-05-22 13:37:58,3230.6438092000317,-0.7825342040025672,0.020253887882727493,1188.0240762682777,1142.792385718025,30.74895170031403,1.0,8,8,0,,,1105.3421513220496,460,,MinBattery_NearestTask,1187.1112015225146,1816.9612465912573,-0.016564070861786604,2.6325547260057647e-05,1.9091031432151795,0.0001,0.0003,0.0001,0.0003,,256,3,4,4,1,128,,1,0.99,0.95,0.2,0.01,1,D:\Python project\HGNN_PPO_USV_Scheduling\models\best_u10_t100_seed0.pth,3.027621499961242,3.4250530999852344,6.4527865999843925,0.015043399995192885,1.7945892004063353,1.5801341000478715,,
PPO_full_u10_t100_seed0_20260522_124407,PPO,full,u10_t100,10,100,0,492,2026-05-22 13:38:04,3237.2931849999586,-0.7765345432596442,0.02292668918071224,1178.9155397013435,1127.8116236032229,34.806732531931786,1.0,8,8,0,,,1105.3421513220496,460,,MinBattery_NearestTask,1187.1112015225146,1816.9612465912573,-0.005233017448335886,2.9567560504801803e-05,1.9031391251087189,0.0001,0.0003,0.0001,0.0003,,256,3,4,4,1,128,,1,0.99,0.95,0.2,0.01,1,D:\Python project\HGNN_PPO_USV_Scheduling\models\best_u10_t100_seed0.pth,3.0528817999875173,3.475383299984969,6.5283780000172555,0.015401899931021035,1.832819500239566,1.5981418997980654,,
PPO_full_u10_t100_seed0_20260522_124407,PPO,full,u10_t100,10,100,0,493,2026-05-22 13:38:11,3243.901158599998,-0.7732749844038729,0.015303848524763627,1173.9669580561417,1134.7807899910074,23.233924362649763,1.0,8,8,0,,,1105.3421513220496,460,,MinBattery_NearestTask,1187.1112015225146,1816.9612465912573,-0.01655418025329709,2.108779804984806e-05,1.9602524268627166,0.0001,0.0003,0.0001,0.0003,,256,3,4,4,1,128,,1,0.99,0.95,0.2,0.01,1,D:\Python project\HGNN_PPO_USV_Scheduling\models\best_u10_t100_seed0.pth,3.062872500042431,3.43405929999426,6.49703850003425,0.014392899931408465,1.8268343013478443,1.5658247997052968,,
PPO_full_u10_t100_seed0_20260522_124407,PPO,full,u10_t100,10,100,0,494,2026-05-22 13:38:18,3250.4161455000285,-0.7863907004957037,0.030090188612616066,1193.8789138721245,1149.9363075742601,45.682180214481946,1.0,8,8,0,,,1105.3421513220496,460,,MinBattery_NearestTask,1187.1112015225146,1816.9612465912573,-0.019160098936408756,3.947343792788161e-05,1.9548377466201783,0.0001,0.0003,0.0001,0.0003,,256,3,4,4,1,128,,1,0.99,0.95,0.2,0.01,1,D:\Python project\HGNN_PPO_USV_Scheduling\models\best_u10_t100_seed0.pth,3.0239820999559015,3.383672000025399,6.407772499951534,0.01480239990632981,1.7695257996674627,1.572463299962692,,
PPO_full_u10_t100_seed0_20260522_124407,PPO,full,u10_t100,10,100,0,495,2026-05-22 13:38:24,3256.942534700036,-0.7820425508780857,0.015344860847953693,1187.2776606533832,1153.8084696347796,23.296188257472792,1.0,8,8,0,,,1105.3421513220496,460,,MinBattery_NearestTask,1187.1112015225146,1816.9612465912573,-0.017048514038324355,2.0608955010175125e-05,1.9132133841514587,0.0001,0.0003,0.0001,0.0003,,256,3,4,4,1,128,,1,0.99,0.95,0.2,0.01,1,D:\Python project\HGNN_PPO_USV_Scheduling\models\best_u10_t100_seed0.pth,3.0009141999762505,3.414106599986553,6.41512799996417,0.014518000069074333,1.776357599766925,1.591143500059843,,
PPO_full_u10_t100_seed0_20260522_124407,PPO,full,u10_t100,10,100,0,496,2026-05-22 13:38:31,3263.5395176999737,-0.7763251388280041,0.014294744144550084,1178.5976270718465,1139.1914449193505,21.70192704798979,1.0,8,8,0,,,1105.3421513220496,460,,MinBattery_NearestTask,1187.1112015225146,1816.9612465912573,-0.018193776877596976,2.2889583260621293e-05,1.7691079330444337,0.0001,0.0003,0.0001,0.0003,,256,3,4,4,1,128,,1,0.99,0.95,0.2,0.01,1,D:\Python project\HGNN_PPO_USV_Scheduling\models\best_u10_t100_seed0.pth,3.055161500000395,3.433148799929768,6.488417299930006,0.014118799939751625,1.8117176996311173,1.579008499858901,,
PPO_full_u10_t100_seed0_20260522_124407,PPO,full,u10_t100,10,100,0,497,2026-05-22 13:38:37,3270.1300438999897,-0.7913631204925531,0.028148963182059276,1201.4279189422662,1150.2438960659351,42.73505977275598,1.0,8,8,0,,,1105.3421513220496,460,,MinBattery_NearestTask,1187.1112015225146,1816.9612465912573,-0.015206452514976264,4.546552310785046e-05,1.7667945301532746,0.0001,0.0003,0.0001,0.0003,,256,3,4,4,1,128,,1,0.99,0.95,0.2,0.01,1,D:\Python project\HGNN_PPO_USV_Scheduling\models\best_u10_t100_seed0.pth,3.0604537000181153,3.4202647999627516,6.480807899963111,0.015320000005885959,1.7897634995169938,1.5890389994019642,,
PPO_full_u10_t100_seed0_20260522_124407,PPO,full,u10_t100,10,100,0,498,2026-05-22 13:38:44,3276.58149110002,-0.7855778533050229,0.012041493460185444,1192.6448693691282,1156.6026199680523,18.281097582388135,1.0,8,8,0,,,1105.3421513220496,460,,MinBattery_NearestTask,1187.1112015225146,1816.9612465912573,-0.017914547678083183,2.288950846377702e-05,1.683773444890976,0.0001,0.0003,0.0001,0.0003,,256,3,4,4,1,128,,1,0.99,0.95,0.2,0.01,1,D:\Python project\HGNN_PPO_USV_Scheduling\models\best_u10_t100_seed0.pth,2.9280238000210375,3.4144290999975055,6.342563500045799,0.013655700022354722,1.7947623999789357,1.5788975001778454,,
PPO_full_u10_t100_seed0_20260522_124407,PPO,full,u10_t100,10,100,0,499,2026-05-22 13:38:50,3283.0883659999818,-0.7809633599966186,0.013715176262063821,1185.6392597457752,1158.6949402886346,20.822041421644364,1.0,8,8,0,,,1105.3421513220496,460,,MinBattery_NearestTask,1187.1112015225146,1816.9612465912573,-0.01759601862169802,2.6422086348247832e-05,1.6621424400806426,0.0001,0.0003,0.0001,0.0003,,256,3,4,4,1,128,,1,0.99,0.95,0.2,0.01,1,D:\Python project\HGNN_PPO_USV_Scheduling\models\best_u10_t100_seed0.pth,2.9045505999820307,3.5033612999832258,6.408003899967298,0.014010699931532145,1.8672033000038937,1.589526500320062,,
PPO_full_u10_t100_seed0_20260522_124407,PPO,full,u10_t100,10,100,0,500,2026-05-22 13:38:58,3290.376671899925,-0.7954226171192411,0.026262833269118147,1207.5909463286314,1149.9638734070004,39.8715839833495,1.0,8,8,0,1136.8321330353945,1,1105.3421513220496,460,-4.235413533511889,MinBattery_NearestTask,1187.1112015225146,1816.9612465912573,-0.008091822052374482,4.480780833546305e-05,1.564791054725647,0.0001,0.0003,0.0001,0.0003,,256,3,4,4,1,128,,1,0.99,0.95,0.2,0.01,1,D:\Python project\HGNN_PPO_USV_Scheduling\models\best_u10_t100_seed0.pth,2.077163300011307,3.4614102999912575,7.2022157000610605,0.013431099941954017,1.8549285993212834,1.563550999155268,,
PPO_full_u10_t100_seed0_20260522_124407,PPO,full,u10_t100,10,100,0,501,2026-05-22 13:39:04,3296.618134499993,-0.7830372024749067,0.023311965551343884,1188.7877161097172,1123.3080234317245,35.391649589852804,1.0,8,8,0,,,1105.3421513220496,460,,MinBattery_NearestTask,1187.1112015225146,1816.9612465912573,-0.010468673398718239,3.505781708554423e-05,1.7081359255313873,0.0001,0.0003,0.0001,0.0003,,256,3,4,4,1,128,,1,0.99,0.95,0.2,0.01,1,D:\Python project\HGNN_PPO_USV_Scheduling\models\best_u10_t100_seed0.pth,2.3817569999955595,3.7404610000085086,6.122319499962032,0.014411600073799491,1.8971696997759864,1.8014070000499487,,
PPO_full_u10_t100_seed0_20260522_124407,PPO,full,u10_t100,10,100,0,502,2026-05-22 13:39:11,3303.4809474999784,-0.7989978447049082,0.03726807245058913,1213.0187684330017,1155.1265672109234,56.579465946596585,1.0,8,8,0,,,1105.3421513220496,460,,MinBattery_NearestTask,1187.1112015225146,1816.9612465912573,-0.016572046438232065,6.77329653990455e-05,1.7276405835151671,0.0001,0.0003,0.0001,0.0003,,256,3,4,4,1,128,,1,0.99,0.95,0.2,0.01,1,D:\Python project\HGNN_PPO_USV_Scheduling\models\best_u10_t100_seed0.pth,3.1930609999690205,3.5687107000267133,6.761889099958353,0.01814669999293983,1.831123200361617,1.6914002008270472,,
PPO_full_u10_t100_seed0_20260522_124407,PPO,full,u10_t100,10,100,0,503,2026-05-22 13:39:17,3310.0263487999327,-0.778103804695181,0.007289889097372334,1181.2979536045843,1168.395946316966,11.067329347019278,1.0,8,8,0,,,1105.3421513220496,460,,MinBattery_NearestTask,1187.1112015225146,1816.9612465912573,-0.01990936053916812,2.1053096197647392e-05,1.920409746170044,0.0001,0.0003,0.0001,0.0003,,256,3,4,4,1,128,,1,0.99,0.95,0.2,0.01,1,D:\Python project\HGNN_PPO_USV_Scheduling\models\best_u10_t100_seed0.pth,2.974217399954796,3.4232627999735996,6.397613900015131,0.013819699990563095,1.7456773997982964,1.6294051992008463,,
PPO_full_u10_t100_seed0_20260522_124407,PPO,full,u10_t100,10,100,0,504,2026-05-22 13:39:24,3316.9775224999757,-0.7929439844830982,0.020556392385851253,1203.8279475575869,1148.7210693528084,31.2082065559515,1.0,8,8,0,,,1105.3421513220496,460,,MinBattery_NearestTask,1187.1112015225146,1816.9612465912573,-0.012535926159471274,2.993740453348437e-05,2.041624001264572,0.0001,0.0003,0.0001,0.0003,,256,3,4,4,1,128,,1,0.99,0.95,0.2,0.01,1,D:\Python project\HGNN_PPO_USV_Scheduling\models\best_u10_t100_seed0.pth,3.3838722000364214,3.452584799961187,6.836562899989076,0.014605099917389452,1.7762644996400923,1.6345225003315136,,
PPO_full_u10_t100_seed0_20260522_124407,PPO,full,u10_t100,10,100,0,505,2026-05-22 13:39:31,3323.4826252999483,-0.796493884581353,0.028804556122890436,1209.217318096922,1168.5537768170686,43.73036476256368,1.0,8,8,0,,,1105.3421513220496,460,,MinBattery_NearestTask,1187.1112015225146,1816.9612465912573,-0.022831742465496064,3.728700377905625e-05,2.1498518061637877,0.0001,0.0003,0.0001,0.0003,,256,3,4,4,1,128,,1,0.99,0.95,0.2,0.01,1,D:\Python project\HGNN_PPO_USV_Scheduling\models\best_u10_t100_seed0.pth,2.9704427000833675,3.417522299918346,6.388073700014502,0.013642000034451485,1.7749522001249716,1.6023827000753954,,
PPO_full_u10_t100_seed0_20260522_124407,PPO,full,u10_t100,10,100,0,506,2026-05-22 13:39:37,3330.2761409999803,-0.7896733278954606,0.021141890060970496,1198.8625176103149,1143.0940442259314,32.09709464682714,1.0,8,8,0,,,1105.3421513220496,460,,MinBattery_NearestTask,1187.1112015225146,1816.9612465912573,-0.010489767137914895,5.1274120542075254e-05,2.1987456583976748,0.0001,0.0003,0.0001,0.0003,,256,3,4,4,1,128,,1,0.99,0.95,0.2,0.01,1,D:\Python project\HGNN_PPO_USV_Scheduling\models\best_u10_t100_seed0.pth,3.1690649999072775,3.5049216001061723,6.674089799984358,0.015698599978350103,1.793884900631383,1.6631387996021658,,
PPO_full_u10_t100_seed0_20260522_124407,PPO,full,u10_t100,10,100,0,507,2026-05-22 13:39:44,3336.6340949999867,-0.7969510168030581,0.015755770792406112,1209.9113249309314,1184.8951462877824,23.920021573244327,1.0,8,8,0,,,1105.3421513220496,460,,MinBattery_NearestTask,1187.1112015225146,1816.9612465912573,-0.02929400933906436,3.385888046068431e-05,2.1696398198604583,0.0001,0.0003,0.0001,0.0003,,256,3,4,4,1,128,,1,0.99,0.95,0.2,0.01,1,D:\Python project\HGNN_PPO_USV_Scheduling\models\best_u10_t100_seed0.pth,2.9325142999878153,3.3143635999877006,6.246981299947947,0.013923199963755906,1.7464990003500134,1.5284551997901872,,
PPO_full_u10_t100_seed0_20260522_124407,PPO,full,u10_t100,10,100,0,508,2026-05-22 13:39:51,3343.4386165000033,-0.7819653993682973,0.03009478530773724,1187.160531139197,1116.941102057183,45.6891588033376,1.0,8,8,0,,,1105.3421513220496,460,,MinBattery_NearestTask,1187.1112015225146,1816.9612465912573,-0.01932435844093561,4.5316325085877906e-05,2.241975120306015,0.0001,0.0003,0.0001,0.0003,,256,3,4,4,1,128,,1,0.99,0.95,0.2,0.01,1,D:\Python project\HGNN_PPO_USV_Scheduling\models\best_u10_t100_seed0.pth,2.999412599951029,3.696927700075321,6.696451899944805,0.014170299982652068,1.8305401999969035,1.8234888991573825,,
PPO_full_u10_t100_seed0_20260522_124407,PPO,full,u10_t100,10,100,0,509,2026-05-22 13:39:57,3350.0347832000116,-0.7953102807390315,0.028638808550386956,1207.4204000143013,1131.2127045937684,43.47873089696394,1.0,8,8,0,,,1105.3421513220496,460,,MinBattery_NearestTask,1187.1112015225146,1816.9612465912573,-0.0267632888071239,3.9941695731613436e-05,2.1647670888900756,0.0001,0.0003,0.0001,0.0003,,256,3,4,4,1,128,,1,0.99,0.95,0.2,0.01,1,D:\Python project\HGNN_PPO_USV_Scheduling\models\best_u10_t100_seed0.pth,3.085252200020477,3.3904789000516757,6.47583350003697,0.014573599910363555,1.7797944000922143,1.5704404995776713,,
PPO_full_u10_t100_seed0_20260522_124407,PPO,full,u10_t100,10,100,0,510,2026-05-22 13:40:06,3358.80954009993,-0.7689440991177471,0.01573614886937887,1167.3919151185212,1122.7224245648558,23.890232054958993,1.0,8,8,0,1175.2114941574864,1,1105.3421513220496,460,-1.0024088181264244,MinBattery_NearestTask,1187.1112015225146,1816.9612465912573,-0.021481041386723517,2.311171361270681e-05,2.1413549411296846,0.0001,0.0003,0.0001,0.0003,,256,3,4,4,1,128,,1,0.99,0.95,0.2,0.01,1,D:\Python project\HGNN_PPO_USV_Scheduling\models\best_u10_t100_seed0.pth,2.9546654999721795,3.665654300013557,8.652645300026052,0.01427090005017817,1.7973975002532825,1.8221953001338989,,
PPO_full_u10_t100_seed0_20260522_124407,PPO,full,u10_t100,10,100,0,511,2026-05-22 13:40:13,3365.36881679995,-0.7887680700519365,0.0274402826858544,1197.4881775395083,1159.652791631638,41.65915856924713,1.0,8,8,0,,,1105.3421513220496,460,,MinBattery_NearestTask,1187.1112015225146,1816.9612465912573,-0.019947815854102373,4.1030801467059066e-05,2.0670540809631346,0.0001,0.0003,0.0001,0.0003,,256,3,4,4,1,128,,1,0.99,0.95,0.2,0.01,1,D:\Python project\HGNN_PPO_USV_Scheduling\models\best_u10_t100_seed0.pth,3.0513664999743924,3.381937999976799,6.433414799976163,0.015058399992994964,1.758648099959828,1.5806753003271297,,
PPO_full_u10_t100_seed0_20260522_124407,PPO,full,u10_t100,10,100,0,512,2026-05-22 13:40:20,3372.521392100025,-0.7780473247244011,0.016750304261887068,1181.2122071097087,1136.780080841523,25.42989769157196,1.0,8,8,0,,,1105.3421513220496,460,,MinBattery_NearestTask,1187.1112015225146,1816.9612465912573,-0.02864548595622182,2.2290436099865474e-05,2.0493471562862395,0.0001,0.0003,0.0001,0.0003,,256,3,4,4,1,128,,1,0.99,0.95,0.2,0.01,1,D:\Python project\HGNN_PPO_USV_Scheduling\models\best_u10_t100_seed0.pth,2.992716500069946,4.047033399925567,7.0398715999908745,0.015822799992747605,2.239144000224769,1.7625764010008425,,
PPO_full_u10_t100_seed0_20260522_124407,PPO,full,u10_t100,10,100,0,513,2026-05-22 13:40:26,3378.9729840999935,-0.7799355572217979,0.025473949934178546,1184.0788749908384,1149.648608606996,38.67392081350798,1.0,8,8,0,,,1105.3421513220496,460,,MinBattery_NearestTask,1187.1112015225146,1816.9612465912573,-0.0274370488896966,3.8846168827149086e-05,2.084224727153778,0.0001,0.0003,0.0001,0.0003,,256,3,4,4,1,128,,1,0.99,0.95,0.2,0.01,1,D:\Python project\HGNN_PPO_USV_Scheduling\models\best_u10_t100_seed0.pth,2.9616155999246985,3.373497800086625,6.335234500002116,0.014378500054590404,1.737882900168188,1.5942071005702019,,
PPO_full_u10_t100_seed0_20260522_124407,PPO,full,u10_t100,10,100,0,514,2026-05-22 13:40:33,3385.963808099972,-0.7721966658990937,0.012855373570857443,1172.3298815692472,1147.4961406286611,19.516710238970525,1.0,8,8,0,,,1105.3421513220496,460,,MinBattery_NearestTask,1187.1112015225146,1816.9612465912573,-0.01944942560046911,2.0365427917568014e-05,2.038205245733261,0.0001,0.0003,0.0001,0.0003,,256,3,4,4,1,128,,1,0.99,0.95,0.2,0.01,1,D:\Python project\HGNN_PPO_USV_Scheduling\models\best_u10_t100_seed0.pth,3.100717499968596,3.775558099965565,6.876377500011586,0.01475239999126643,2.0950708005111665,1.633415400632657,,
PPO_full_u10_t100_seed0_20260522_124407,PPO,full,u10_t100,10,100,0,515,2026-05-22 13:40:40,3392.46819169994,-0.7784645245197219,0.02173546645138332,1181.845589521519,1148.1885675075712,32.99824764347311,1.0,8,8,0,,,1105.3421513220496,460,,MinBattery_NearestTask,1187.1112015225146,1816.9612465912573,-0.023412996903061867,3.1265003490261736e-05,1.9619582450389863,0.0001,0.0003,0.0001,0.0003,,256,3,4,4,1,128,,1,0.99,0.95,0.2,0.01,1,D:\Python project\HGNN_PPO_USV_Scheduling\models\best_u10_t100_seed0.pth,3.011653699912131,3.376499200006947,6.38825530000031,0.014263099990785122,1.7381468998501077,1.5980798995587975,,
PPO_full_u10_t100_seed0_20260522_124407,PPO,full,u10_t100,10,100,0,516,2026-05-22 13:40:46,3398.968108400004,-0.7634568020043311,0.008573755689062807,1159.061236343036,1136.2985205212049,13.016463856211615,1.0,8,8,0,,,1105.3421513220496,460,,MinBattery_NearestTask,1187.1112015225146,1816.9612465912573,-0.007274844646453857,1.35872979353735e-05,1.8889505195617675,0.0001,0.0003,0.0001,0.0003,,256,3,4,4,1,128,,1,0.99,0.95,0.2,0.01,1,D:\Python project\HGNN_PPO_USV_Scheduling\models\best_u10_t100_seed0.pth,3.0537297999253497,3.3300193999893963,6.383851399994455,0.014014899963513017,1.7241923002293333,1.565385999623686,,
PPO_full_u10_t100_seed0_20260522_124407,PPO,full,u10_t100,10,100,0,517,2026-05-22 13:40:53,3405.701888200012,-0.7754446640614353,0.02290847997310979,1177.2609120555826,1122.3611418636174,34.77908776326765,1.0,8,8,0,,,1105.3421513220496,460,,MinBattery_NearestTask,1187.1112015225146,1816.9612465912573,-0.01995172383263707,2.8280072583584115e-05,1.868660135269165,0.0001,0.0003,0.0001,0.0003,,256,3,4,4,1,128,,1,0.99,0.95,0.2,0.01,1,D:\Python project\HGNN_PPO_USV_Scheduling\models\best_u10_t100_seed0.pth,3.1619393000146374,3.4555319000501186,6.617562200059183,0.013900799909606576,1.8147510995622724,1.6000586000736803,,
PPO_full_u10_t100_seed0_20260522_124407,PPO,full,u10_t100,10,100,0,518,2026-05-22 13:40:59,3412.290487600025,-0.767820654250798,0.007888028005381192,1165.6863289045657,1142.7642347257627,11.975409045047384,1.0,8,8,0,,,1105.3421513220496,460,,MinBattery_NearestTask,1187.1112015225146,1816.9612465912573,-0.006606829101219774,1.375458620259451e-05,1.7609467720985412,0.0001,0.0003,0.0001,0.0003,,256,3,4,4,1,128,,1,0.99,0.95,0.2,0.01,1,D:\Python project\HGNN_PPO_USV_Scheduling\models\best_u10_t100_seed0.pth,3.0878362000221387,3.374140299973078,6.462080999976024,0.01629170007072389,1.7417839997215196,1.5867361003765836,,
PPO_full_u10_t100_seed0_20260522_124407,PPO,full,u10_t100,10,100,0,519,2026-05-22 13:41:07,3419.3719135000138,-0.7738203227413136,0.01417084211499438,1174.7948772337031,1145.7940782808432,21.513822050843615,1.0,8,8,0,,,1105.3421513220496,460,,MinBattery_NearestTask,1187.1112015225146,1816.9612465912573,-0.01598913235589862,2.2126338276393653e-05,1.6893500363826752,0.0001,0.0003,0.0001,0.0003,,256,3,4,4,1,128,,1,0.99,0.95,0.2,0.01,1,D:\Python project\HGNN_PPO_USV_Scheduling\models\best_u10_t100_seed0.pth,3.266521199955605,3.672282899962738,6.938985500019044,0.02043140004388988,1.909036099910736,1.7109785005450249,,
PPO_full_u10_t100_seed0_20260522_124407,PPO,full,u10_t100,10,100,0,520,2026-05-22 13:41:15,3427.735720800003,-0.7628760521425229,0.012312547025893126,1158.1795562649145,1126.1269648746852,18.692604402629307,1.0,8,8,0,1122.7555938090115,1,1105.3421513220496,460,-5.421194546135579,MinBattery_NearestTask,1187.1112015225146,1816.9612465912573,-0.011197502994909882,1.9211273456676282e-05,1.6339124023914338,0.0001,0.0003,0.0001,0.0003,,256,3,4,4,1,128,,1,0.99,0.95,0.2,0.01,1,D:\Python project\HGNN_PPO_USV_Scheduling\models\best_u10_t100_seed0.pth,3.0733698999974877,3.430216799955815,8.248142800061032,0.01913769997190684,1.7285917998524383,1.65572049934417,,
PPO_full_u10_t100_seed0_20260522_124407,PPO,full,u10_t100,10,100,0,521,2026-05-22 13:41:22,3434.540754799964,-0.7624096777368052,0.016105398651208816,1157.4715181756987,1115.8109598589408,24.450817942102265,1.0,8,8,0,,,1105.3421513220496,460,,MinBattery_NearestTask,1187.1112015225146,1816.9612465912573,-0.00825306100770831,2.1161117738301984e-05,1.631598162651062,0.0001,0.0003,0.0001,0.0003,,256,3,4,4,1,128,,1,0.99,0.95,0.2,0.01,1,D:\Python project\HGNN_PPO_USV_Scheduling\models\best_u10_t100_seed0.pth,3.2093022000044584,3.4760494999354705,6.685456000035629,0.014451200026087463,1.8412127001211047,1.5921676999423653,,
PPO_full_u10_t100_seed0_20260522_124407,PPO,full,u10_t100,10,100,0,522,2026-05-22 13:41:28,3441.239856299944,-0.7658610650679943,0.00859574617594344,1162.7113290683183,1142.2692375077572,13.049849269564099,1.0,8,8,0,,,1105.3421513220496,460,,MinBattery_NearestTask,1187.1112015225146,1816.9612465912573,-0.010091571547091007,1.5135693092815928e-05,1.6653961765766143,0.0001,0.0003,0.0001,0.0003,,256,3,4,4,1,128,,1,0.99,0.95,0.2,0.01,1,D:\Python project\HGNN_PPO_USV_Scheduling\models\best_u10_t100_seed0.pth,3.1470012000063434,3.4402512999949977,6.587363200029358,0.014064000104553998,1.7896972000598907,1.6098916010232642,,
PPO_full_u10_t100_seed0_20260522_124407,PPO,full,u10_t100,10,100,0,523,2026-05-22 13:41:35,3448.077864199993,-0.7767775663328857,0.009056908658852598,1179.2844913211231,1154.6517103786816,13.749974746463872,1.0,8,8,0,,,1105.3421513220496,460,,MinBattery_NearestTask,1187.1112015225146,1816.9612465912573,-0.01290837787091732,1.6482486616951065e-05,1.7149291670322417,0.0001,0.0003,0.0001,0.0003,,256,3,4,4,1,128,,1,0.99,0.95,0.2,0.01,1,D:\Python project\HGNN_PPO_USV_Scheduling\models\best_u10_t100_seed0.pth,2.9999974999809638,3.7192918999353424,6.719395099906251,0.013903999933972955,1.8085642997175455,1.8674333993112668,,
PPO_full_u10_t100_seed0_20260522_124407,PPO,full,u10_t100,10,100,0,524,2026-05-22 13:41:42,3454.6001309999265,-0.7734514615510486,0.01888768747098532,1174.2348812966638,1127.887971242861,28.674820021653126,1.0,8,8,0,,,1105.3421513220496,460,,MinBattery_NearestTask,1187.1112015225146,1816.9612465912573,-0.006684771943837404,2.85373435508518e-05,1.6626074051856994,0.0001,0.0003,0.0001,0.0003,,256,3,4,4,1,128,,1,0.99,0.95,0.2,0.01,1,D:\Python project\HGNN_PPO_USV_Scheduling\models\best_u10_t100_seed0.pth,3.042105700005777,3.3661405999446288,6.40835539996624,0.013548300019465387,1.74352039990481,1.5814090999774635,,
PPO_full_u10_t100_seed0_20260522_124407,PPO,full,u10_t100,10,100,0,525,2026-05-22 13:41:49,3461.354930200032,-0.7765283612294462,0.014059833575306291,1178.9061542959798,1138.8528527107837,21.345291631155494,1.0,8,8,0,,,1105.3421513220496,460,,MinBattery_NearestTask,1187.1112015225146,1816.9612465912573,-0.01560178305953741,1.7691186203592225e-05,1.7342667543888093,0.0001,0.0003,0.0001,0.0003,,256,3,4,4,1,128,,1,0.99,0.95,0.2,0.01,1,D:\Python project\HGNN_PPO_USV_Scheduling\models\best_u10_t100_seed0.pth,2.9432544000446796,3.689509099931456,6.632870399975218,0.013061300036497414,1.7527521994197741,1.8935849000699818,,
PPO_full_u10_t100_seed0_20260522_124407,PPO,full,u10_t100,10,100,0,526,2026-05-22 13:41:55,3468.071679699933,-0.7692620086242983,0.01847936149958643,1167.874557469393,1126.4542289044696,28.054909629869325,1.0,8,8,0,,,1105.3421513220496,460,,MinBattery_NearestTask,1187.1112015225146,1816.9612465912573,-0.00959179872646928,2.3073697220752365e-05,1.7938322985172273,0.0001,0.0003,0.0001,0.0003,,256,3,4,4,1,128,,1,0.99,0.95,0.2,0.01,1,D:\Python project\HGNN_PPO_USV_Scheduling\models\best_u10_t100_seed0.pth,3.0424668999621645,3.5545843000290915,6.597158799995668,0.013111599953845143,1.8602428009035066,1.6537967006443068,,
PPO_full_u10_t100_seed0_20260522_124407,PPO,full,u10_t100,10,100,0,527,2026-05-22 13:42:02,3474.582835900015,-0.7784020621547909,0.009401383016007113,1181.7507607037892,1165.6798267664715,14.272947196566856,1.0,8,8,0,,,1105.3421513220496,460,,MinBattery_NearestTask,1187.1112015225146,1816.9612465912573,-0.013794527389109135,1.7664340784904198e-05,1.710252788066864,0.0001,0.0003,0.0001,0.0003,,256,3,4,4,1,128,,1,0.99,0.95,0.2,0.01,1,D:\Python project\HGNN_PPO_USV_Scheduling\models\best_u10_t100_seed0.pth,2.989765000063926,3.4037104999879375,6.393577000009827,0.014446599991060793,1.7752467001555488,1.5882496992126107,,
PPO_full_u10_t100_seed0_20260522_124407,PPO,full,u10_t100,10,100,0,528,2026-05-22 13:42:09,3481.4540254999883,-0.7796893511089067,0.01274670341711644,1183.7050909589798,1159.9867030178007,19.35172989899845,1.0,8,8,0,,,1105.3421513220496,460,,MinBattery_NearestTask,1187.1112015225146,1816.9612465912573,-0.015298579782247544,1.6266175152850336e-05,1.6509809219837188,0.0001,0.0003,0.0001,0.0003,,256,3,4,4,1,128,,1,0.99,0.95,0.2,0.01,1,D:\Python project\HGNN_PPO_USV_Scheduling\models\best_u10_t100_seed0.pth,3.2559487998951226,3.5022626999998465,6.758320299908519,0.017976599978283048,1.8032499005785212,1.6515387004474178,,
PPO_full_u10_t100_seed0_20260522_124407,PPO,full,u10_t100,10,100,0,529,2026-05-22 13:42:15,3488.3058012999827,-0.7772577533303743,0.01414469920949889,1180.0134993455767,1147.852067530542,21.474132538240372,1.0,8,8,0,,,1105.3421513220496,460,,MinBattery_NearestTask,1187.1112015225146,1816.9612465912573,-0.004249137444421649,1.8184492873842827e-05,1.655350489616394,0.0001,0.0003,0.0001,0.0003,,256,3,4,4,1,128,,1,0.99,0.95,0.2,0.01,1,D:\Python project\HGNN_PPO_USV_Scheduling\models\best_u10_t100_seed0.pth,3.0694949000608176,3.6656644999748096,6.735269200056791,0.01522380008827895,1.887667499948293,1.7293724996270612,,
PPO_full_u10_t100_seed0_20260522_124407,PPO,full,u10_t100,10,100,0,530,2026-05-22 13:42:24,3497.036383299972,-0.7756350152672351,0.01219495854575532,1177.5498985487995,1157.9280093519944,18.514084480073915,1.0,8,8,0,1115.488084416507,1,1105.3421513220496,460,-6.033395777425761,MinBattery_NearestTask,1187.1112015225146,1816.9612465912573,-0.008389239888638258,1.5672494409955107e-05,1.6207045900821686,0.0001,0.0003,0.0001,0.0003,,256,3,4,4,1,128,,1,0.99,0.95,0.2,0.01,1,D:\Python project\HGNN_PPO_USV_Scheduling\models\best_u10_t100_seed0.pth,3.2343811000464484,3.5567771999631077,8.616688400041312,0.029199799988418818,1.8363207002403215,1.6607990000629798,,
PPO_full_u10_t100_seed0_20260522_124407,PPO,full,u10_t100,10,100,0,531,2026-05-22 13:42:31,3503.594366599922,-0.766920908091402,0.020598301916374233,1164.3203565362974,1124.0360786306865,31.27183256875929,1.0,8,8,0,,,1105.3421513220496,460,,MinBattery_NearestTask,1187.1112015225146,1816.9612465912573,-0.006957290638238192,2.8058587513442035e-05,1.657246664762497,0.0001,0.0003,0.0001,0.0003,,256,3,4,4,1,128,,1,0.99,0.95,0.2,0.01,1,D:\Python project\HGNN_PPO_USV_Scheduling\models\best_u10_t100_seed0.pth,3.055189699982293,3.3850653000408784,6.440368499956094,0.01497010001912713,1.7287895010085776,1.6139423993881792,,
PPO_full_u10_t100_seed0_20260522_124407,PPO,full,u10_t100,10,100,0,532,2026-05-22 13:42:38,3510.7751759999665,-0.7684697254849835,0.009026517388488151,1166.671732800627,1145.9569228174391,13.70383547137963,1.0,8,8,0,,,1105.3421513220496,460,,MinBattery_NearestTask,1187.1112015225146,1816.9612465912573,-0.015488727279007434,1.3018645395277417e-05,1.7132069444656373,0.0001,0.0003,0.0001,0.0003,,256,3,4,4,1,128,,1,0.99,0.95,0.2,0.01,1,D:\Python project\HGNN_PPO_USV_Scheduling\models\best_u10_t100_seed0.pth,3.4584719999693334,3.5980138999875635,7.056597199989483,0.015428900020197034,1.842227399814874,1.7125168001512066,,
PPO_full_u10_t100_seed0_20260522_124407,PPO,full,u10_t100,10,100,0,533,2026-05-22 13:42:44,3517.3022875000024,-0.7572861243043498,0.012133293458185444,1149.6930660611838,1119.386909512451,18.420466069116877,1.0,8,8,0,,,1105.3421513220496,460,,MinBattery_NearestTask,1187.1112015225146,1816.9612465912573,-0.0053054509777575734,1.63256202267803e-05,1.7679216420650483,0.0001,0.0003,0.0001,0.0003,,256,3,4,4,1,128,,1,0.99,0.95,0.2,0.01,1,D:\Python project\HGNN_PPO_USV_Scheduling\models\best_u10_t100_seed0.pth,2.9712098999880254,3.4323153999866918,6.403627699939534,0.014018099987879395,1.7861278009368107,1.603144800872542,,
PPO_full_u10_t100_seed0_20260522_124407,PPO,full,u10_t100,10,100,0,534,2026-05-22 13:42:51,3524.086284299963,-0.7701628610226303,0.014569013977456883,1169.2422093022565,1136.376512621512,22.118316725553754,1.0,8,8,0,,,1105.3421513220496,460,,MinBattery_NearestTask,1187.1112015225146,1816.9612465912573,-0.022460305504500865,1.7671673404038302e-05,1.7302839052677155,0.0001,0.0003,0.0001,0.0003,,256,3,4,4,1,128,,1,0.99,0.95,0.2,0.01,1,D:\Python project\HGNN_PPO_USV_Scheduling\models\best_u10_t100_seed0.pth,2.9437733000377193,3.719833599985577,6.663708199979737,0.014809300075285137,1.823797900462523,1.8529425000306219,,
PPO_full_u10_t100_seed0_20260522_124407,PPO,full,u10_t100,10,100,0,535,2026-05-22 13:42:58,3530.587995399954,-0.7655621875624201,0.011572937925679969,1162.2575806306638,1127.9193068645086,17.569748157386577,1.0,8,8,0,,,1105.3421513220496,460,,MinBattery_NearestTask,1187.1112015225146,1816.9612465912573,-0.009816112127155066,1.9114139759039974e-05,1.6882420647144318,0.0001,0.0003,0.0001,0.0003,,256,3,4,4,1,128,,1,0.99,0.95,0.2,0.01,1,D:\Python project\HGNN_PPO_USV_Scheduling\models\best_u10_t100_seed0.pth,2.9764581999043003,3.4042958000209183,6.38085879990831,0.013874800060875714,1.7692685002693906,1.5928923004539683,,
PPO_full_u10_t100_seed0_20260522_124407,PPO,full,u10_t100,10,100,0,536,2026-05-22 13:43:05,3537.3919301999267,-0.7676429572951802,0.01727908474244098,1165.4165537810325,1111.0776981482322,26.232679140287594,1.0,8,8,0,,,1105.3421513220496,460,,MinBattery_NearestTask,1187.1112015225146,1816.9612465912573,-0.009126281552016734,2.3447173043678048e-05,1.7067608690261842,0.0001,0.0003,0.0001,0.0003,,256,3,4,4,1,128,,1,0.99,0.95,0.2,0.01,1,D:\Python project\HGNN_PPO_USV_Scheduling\models\best_u10_t100_seed0.pth,3.038999699987471,3.6373372999951243,6.676442400086671,0.015035600052215159,1.8470075000077486,1.744742400944233,,
PPO_full_u10_t100_seed0_20260522_124407,PPO,full,u10_t100,10,100,0,537,2026-05-22 13:43:11,3544.0042178999865,-0.7569371532573903,0.015553744724597349,1149.163266847823,1120.8087149191547,23.613310593247583,1.0,8,8,0,,,1105.3421513220496,460,,MinBattery_NearestTask,1187.1112015225146,1816.9612465912573,-0.0017375419288873672,2.187862862683687e-05,1.8300947260856628,0.0001,0.0003,0.0001,0.0003,,256,3,4,4,1,128,,1,0.99,0.95,0.2,0.01,1,D:\Python project\HGNN_PPO_USV_Scheduling\models\best_u10_t100_seed0.pth,3.127498699934222,3.372681300039403,6.50027429999318,0.014609399950131774,1.7211792001035064,1.6115796987432986,,
PPO_full_u10_t100_seed0_20260522_124407,PPO,full,u10_t100,10,100,0,538,2026-05-22 13:43:18,3550.846475700033,-0.7689197259389623,0.009816936053467583,1167.3549123612443,1146.7850825248415,14.903829541318391,1.0,8,8,0,,,1105.3421513220496,460,,MinBattery_NearestTask,1187.1112015225146,1816.9612465912573,-0.014124183999374509,1.5870772263042454e-05,1.7847492372989655,0.0001,0.0003,0.0001,0.0003,,256,3,4,4,1,128,,1,0.99,0.95,0.2,0.01,1,D:\Python project\HGNN_PPO_USV_Scheduling\models\best_u10_t100_seed0.pth,3.017453500069678,3.672885700012557,6.690482700010762,0.014440500061027706,2.068205400253646,1.5598460003966466,,
PPO_full_u10_t100_seed0_20260522_124407,PPO,full,u10_t100,10,100,0,539,2026-05-22 13:43:25,3557.5916000999277,-0.7777520245590772,0.013156946917684428,1180.7638897015538,1142.1939777508667,19.974551436145973,1.0,8,8,0,,,1105.3421513220496,460,,MinBattery_NearestTask,1187.1112015225146,1816.9612465912573,-0.013472811002284289,1.8479866180314276e-05,1.7464912736415863,0.0001,0.0003,0.0001,0.0003,,256,3,4,4,1,128,,1,0.99,0.95,0.2,0.01,1,D:\Python project\HGNN_PPO_USV_Scheduling\models\best_u10_t100_seed0.pth,3.1570718999719247,3.465387300006114,6.622585900011472,0.01473910000640899,1.7641910987440497,1.657378699281253,,
PPO_full_u10_t100_seed0_20260522_124407,PPO,full,u10_t100,10,100,0,540,2026-05-22 13:43:34,3566.731972699985,-0.7669441482737549,0.014320756259449912,1164.3556392064106,1128.654686318013,21.741417997545206,1.0,8,8,0,1091.796360318598,1,1091.796360318598,540,-8.029141758722494,MinBattery_NearestTask,1187.1112015225146,1816.9612465912573,-0.008153505120426417,1.696234972769162e-05,1.728910665512085,0.0001,0.0003,0.0001,0.0003,,256,3,4,4,1,128,,1,0.99,0.95,0.2,0.01,1,D:\Python project\HGNN_PPO_USV_Scheduling\models\best_u10_t100_seed0.pth,3.0686515999259427,3.53540619998239,9.02079449989833,0.014758900040760636,1.8038612005766481,1.6853051000507548,,
PPO_full_u10_t100_seed0_20260522_124407,PPO,full,u10_t100,10,100,0,541,2026-05-22 13:43:41,3573.3853515000083,-0.7624626030061594,0.028590944950425398,1157.5518680107784,1070.5704796920402,43.40606556318,1.0,8,8,0,,,1091.796360318598,540,,MinBattery_NearestTask,1187.1112015225146,1816.9612465912573,-0.018275889102369547,4.272072390449466e-05,1.8001073801517486,0.0001,0.0003,0.0001,0.0003,,256,3,4,4,1,128,,1,0.99,0.95,0.2,0.01,1,D:\Python project\HGNN_PPO_USV_Scheduling\models\best_u10_t100_seed0.pth,2.9844153999583796,3.5465882000280544,6.531104899942875,0.016577200032770634,1.860184600460343,1.642273599980399,,
PPO_full_u10_t100_seed0_20260522_124407,PPO,full,u10_t100,10,100,0,542,2026-05-22 13:43:47,3580.044039899949,-0.7659299845244657,0.020376793260628467,1162.815960882739,1107.4246755966158,30.935543605565314,1.0,8,8,0,,,1091.796360318598,540,,MinBattery_NearestTask,1187.1112015225146,1816.9612465912573,-0.003564523058012128,2.7162617807334756e-05,1.8151839578151703,0.0001,0.0003,0.0001,0.0003,,256,3,4,4,1,128,,1,0.99,0.95,0.2,0.01,1,D:\Python project\HGNN_PPO_USV_Scheduling\models\best_u10_t100_seed0.pth,3.0062906000530347,3.5315754999173805,6.537973399972543,0.015549100004136562,1.8485031996387988,1.63855969987344,,
PPO_full_u10_t100_seed0_20260522_124407,PPO,full,u10_t100,10,100,0,543,2026-05-22 13:43:54,3587.329307799926,-0.7713282218114074,0.03600335364323074,1171.0114312321411,1099.1147745498765,54.65940113004823,1.0,8,8,0,,,1091.796360318598,540,,MinBattery_NearestTask,1187.1112015225146,1816.9612465912573,-0.007355082910507917,5.236738105850236e-05,1.8019401907920838,0.0001,0.0003,0.0001,0.0003,,256,3,4,4,1,128,,1,0.99,0.95,0.2,0.01,1,D:\Python project\HGNN_PPO_USV_Scheduling\models\best_u10_t100_seed0.pth,3.4647564999759197,3.692643899936229,7.157507199910469,0.034685500082559884,1.9789631001185626,1.6508159000659361,,
PPO_full_u10_t100_seed0_20260522_124407,PPO,full,u10_t100,10,100,0,544,2026-05-22 13:44:01,3594.032845599926,-0.7677508147085034,0.018299108717236837,1165.5803002386015,1122.7517257355453,27.781254313398367,1.0,8,8,0,,,1091.796360318598,540,,MinBattery_NearestTask,1187.1112015225146,1816.9612465912573,-0.024799479646608235,2.6038456744572614e-05,1.765549166202545,0.0001,0.0003,0.0001,0.0003,,256,3,4,4,1,128,,1,0.99,0.95,0.2,0.01,1,D:\Python project\HGNN_PPO_USV_Scheduling\models\best_u10_t100_seed0.pth,3.1310705000068992,3.4576820000074804,6.588874099892564,0.015411900007165968,1.7576095005497336,1.6521944999694824,,
PPO_full_u10_t100_seed0_20260522_124407,PPO,full,u10_t100,10,100,0,545,2026-05-22 13:44:08,3600.8933590999804,-0.7735457599996176,0.018947971982826203,1174.3780428692594,1129.4517657601068,28.76634247668034,1.0,8,8,0,,,1091.796360318598,540,,MinBattery_NearestTask,1187.1112015225146,1816.9612465912573,-0.013186370776966215,2.757451214165485e-05,1.6507208228111268,0.0001,0.0003,0.0001,0.0003,,256,3,4,4,1,128,,1,0.99,0.95,0.2,0.01,1,D:\Python project\HGNN_PPO_USV_Scheduling\models\best_u10_t100_seed0.pth,3.1725255000637844,3.5580938999773934,6.7307201999938115,0.01638669997919351,1.836314599844627,1.6768129002302885,,
PPO_full_u10_t100_seed0_20260522_124407,PPO,full,u10_t100,10,100,0,546,2026-05-22 13:44:15,3607.3975440999493,-0.7660976531131332,0.014063346523856204,1163.0705111875718,1131.8762654226446,21.350624902768025,1.0,8,8,0,,,1091.796360318598,540,,MinBattery_NearestTask,1187.1112015225146,1816.9612465912573,0.0007910292688757181,1.9389943108762964e-05,1.5765720152854918,0.0001,0.0003,0.0001,0.0003,,256,3,4,4,1,128,,1,0.99,0.95,0.2,0.01,1,D:\Python project\HGNN_PPO_USV_Scheduling\models\best_u10_t100_seed0.pth,3.0029267999343574,3.3738256000215188,6.376855199923739,0.01356529991608113,1.7975778002291918,1.5350543997483328,,
PPO_full_u10_t100_seed0_20260522_124407,PPO,full,u10_t100,10,100,0,547,2026-05-22 13:44:21,3614.3135234999936,-0.7749163303908864,0.012347905268814924,1176.4588089427666,1150.2185686684352,18.746284412615807,1.0,8,8,0,,,1091.796360318598,540,,MinBattery_NearestTask,1187.1112015225146,1816.9612465912573,-0.0039648701716214416,1.9695223841154075e-05,1.577255779504776,0.0001,0.0003,0.0001,0.0003,,256,3,4,4,1,128,,1,0.99,0.95,0.2,0.01,1,D:\Python project\HGNN_PPO_USV_Scheduling\models\best_u10_t100_seed0.pth,2.9865480998996645,3.808060200070031,6.794711299939081,0.26374540000688285,1.8382902992889285,1.6785400004591793,,
PPO_full_u10_t100_seed0_20260522_124407,PPO,full,u10_t100,10,100,0,548,2026-05-22 13:44:28,3620.959052799968,-0.7499493846759153,0.0480436952991159,1138.5546093965304,952.912929310515,72.93875007163207,1.0,8,8,0,,,1091.796360318598,540,,MinBattery_NearestTask,1187.1112015225146,1816.9612465912573,-0.008834002651274203,9.969853930670069e-05,1.6998210978507995,0.0001,0.0003,0.0001,0.0003,,256,3,4,4,1,128,,1,0.99,0.95,0.2,0.01,1,D:\Python project\HGNN_PPO_USV_Scheduling\models\best_u10_t100_seed0.pth,2.9816251000156626,3.5452869000146165,6.527000100002624,0.014840199961327016,1.843716399394907,1.6564496997743845,,
PPO_full_u10_t100_seed0_20260522_124407,PPO,full,u10_t100,10,100,0,549,2026-05-22 13:44:35,3627.9084392000223,-0.7796520181815577,0.018355230110398402,1183.6484130319304,1135.334927926674,27.866456424601473,1.0,8,8,0,,,1091.796360318598,540,,MinBattery_NearestTask,1187.1112015225146,1816.9612465912573,-0.01690601742826402,3.132240837658173e-05,1.6792807173728943,0.0001,0.0003,0.0001,0.0003,,256,3,4,4,1,128,,1,0.99,0.95,0.2,0.01,1,D:\Python project\HGNN_PPO_USV_Scheduling\models\best_u10_t100_seed0.pth,2.937824200023897,3.879269400029443,6.817200400051661,0.014387500006705523,2.1912721996195614,1.6428340005222708,,
PPO_full_u10_t100_seed0_20260522_124407,PPO,full,u10_t100,10,100,0,550,2026-05-22 13:44:44,3636.6767404000275,-0.7798704778786538,0.014427707529956304,1183.980073141504,1158.2872574965895,21.903788771498863,1.0,8,8,0,1173.5335264753605,1,1091.796360318598,540,-1.143757638689639,MinBattery_NearestTask,1187.1112015225146,1816.9612465912573,0.014462243327870964,2.035098855230899e-05,1.674508364200592,0.0001,0.0003,0.0001,0.0003,,256,3,4,4,1,128,,1,0.99,0.95,0.2,0.01,1,D:\Python project\HGNN_PPO_USV_Scheduling\models\best_u10_t100_seed0.pth,3.1203679000027478,3.558138699969277,8.650970899965614,0.018194400006905198,1.8687021001242101,1.6386448001721874,,
PPO_full_u10_t100_seed0_20260522_124407,PPO,full,u10_t100,10,100,0,551,2026-05-22 13:44:51,3643.836273199995,-0.7865335070805469,0.01935252319428276,1194.0957192975939,1144.296260750563,29.38052212127046,1.0,8,8,0,,,1091.796360318598,540,,MinBattery_NearestTask,1187.1112015225146,1816.9612465912573,-0.015037763761356474,2.6670533206925028e-05,1.6569946002960205,0.0001,0.0003,0.0001,0.0003,,256,3,4,4,1,128,,1,0.99,0.95,0.2,0.01,1,D:\Python project\HGNN_PPO_USV_Scheduling\models\best_u10_t100_seed0.pth,3.1878104999195784,3.8332962000276893,7.021361699909903,0.015691999928094447,2.1480798999546096,1.6346076999325305,,
PPO_full_u10_t100_seed0_20260522_124407,PPO,full,u10_t100,10,100,0,552,2026-05-22 13:44:58,3651.0366928000003,-0.7696088248350813,0.034623055925985746,1168.4010852637603,1046.5511801344855,52.56386727080267,1.0,8,8,0,,,1091.796360318598,540,,MinBattery_NearestTask,1187.1112015225146,1816.9612465912573,-0.014380022138357162,5.471061268508493e-05,1.684843111038208,0.0001,0.0003,0.0001,0.0003,,256,3,4,4,1,128,,1,0.99,0.95,0.2,0.01,1,D:\Python project\HGNN_PPO_USV_Scheduling\models\best_u10_t100_seed0.pth,3.236875000060536,3.842348200036213,7.079328500083648,0.020233299932442605,2.000180200091563,1.7846542004263029,,
PPO_full_u10_t100_seed0_20260522_124407,PPO,full,u10_t100,10,100,0,553,2026-05-22 13:45:05,3658.2066236999817,-0.7624233448849105,0.02428726105310717,1157.4922673019605,1111.2959208691555,36.87231910135073,1.0,8,8,0,,,1091.796360318598,540,,MinBattery_NearestTask,1187.1112015225146,1816.9612465912573,-0.014890042021870614,4.0321203937310204e-05,1.666139954328537,0.0001,0.0003,0.0001,0.0003,,256,3,4,4,1,128,,1,0.99,0.95,0.2,0.01,1,D:\Python project\HGNN_PPO_USV_Scheduling\models\best_u10_t100_seed0.pth,3.1288674999959767,3.921351399971172,7.050337600056082,0.02202369994483888,1.9414310998981819,1.9293141999514773,,
PPO_full_u10_t100_seed0_20260522_124407,PPO,full,u10_t100,10,100,0,554,2026-05-22 13:45:12,3664.7206056999275,-0.7651940018734888,0.01360719920081067,1161.698610223044,1123.499759880906,20.658113317547027,1.0,8,8,0,,,1091.796360318598,540,,MinBattery_NearestTask,1187.1112015225146,1816.9612465912573,-0.003976902766153216,1.9076345001849404e-05,1.645012171268463,0.0001,0.0003,0.0001,0.0003,,256,3,4,4,1,128,,1,0.99,0.95,0.2,0.01,1,D:\Python project\HGNN_PPO_USV_Scheduling\models\best_u10_t100_seed0.pth,3.0027295999461785,3.3920212000375614,6.394862800021656,0.019251200021244586,1.7773112987633795,1.563198700430803,,
PPO_full_u10_t100_seed0_20260522_124407,PPO,full,u10_t100,10,100,0,555,2026-05-22 13:45:18,3671.2605739999563,-0.7692119202183076,0.0185738777492198,1167.7985144901158,1128.3964848943438,28.1984018626544,1.0,8,8,0,,,1091.796360318598,540,,MinBattery_NearestTask,1187.1112015225146,1816.9612465912573,-0.013053903626278042,2.3595214579472667e-05,1.650478938817978,0.0001,0.0003,0.0001,0.0003,,256,3,4,4,1,128,,1,0.99,0.95,0.2,0.01,1,D:\Python project\HGNN_PPO_USV_Scheduling\models\best_u10_t100_seed0.pth,3.0123308999463916,3.4103617999935523,6.4228106999071315,0.014862600015476346,1.7580098995240405,1.6054794994415715,,
PPO_full_u10_t100_seed0_20260522_124407,PPO,full,u10_t100,10,100,0,556,2026-05-22 13:45:25,3677.8559473999776,-0.768847628208092,0.027823976554517703,1167.2454553692303,1067.9617842618284,42.24167311181539,1.0,8,8,0,,,1091.796360318598,540,,MinBattery_NearestTask,1187.1112015225146,1816.9612465912573,-0.019568274011835456,3.968144093050796e-05,1.6009180104732514,0.0001,0.0003,0.0001,0.0003,,256,3,4,4,1,128,,1,0.99,0.95,0.2,0.01,1,D:\Python project\HGNN_PPO_USV_Scheduling\models\best_u10_t100_seed0.pth,3.0131064999150112,3.452491700067185,6.46577949996572,0.015357399941422045,1.7847881997004151,1.621055600582622,,
PPO_full_u10_t100_seed0_20260522_124407,PPO,full,u10_t100,10,100,0,557,2026-05-22 13:45:32,3684.4826668000314,-0.7649813527694269,0.03578722694938828,1161.3757716121177,1021.4216214648513,54.33128292831879,1.0,8,8,0,,,1091.796360318598,540,,MinBattery_NearestTask,1187.1112015225146,1816.9612465912573,-0.013684680815786124,6.653965186615096e-05,1.6464238095283508,0.0001,0.0003,0.0001,0.0003,,256,3,4,4,1,128,,1,0.99,0.95,0.2,0.01,1,D:\Python project\HGNN_PPO_USV_Scheduling\models\best_u10_t100_seed0.pth,3.105904500000179,3.403011499904096,6.509022099897265,0.014570300001651049,1.743923899368383,1.6139521999284625,,
PPO_full_u10_t100_seed0_20260522_124407,PPO,full,u10_t100,10,100,0,558,2026-05-22 13:45:38,3691.180819100002,-0.7721974954610933,0.028367743449685397,1172.3311409897597,1066.9541962329777,43.067206564580275,1.0,8,8,0,,,1091.796360318598,540,,MinBattery_NearestTask,1187.1112015225146,1816.9612465912573,-0.008508466612547637,4.2482742537686134e-05,1.6390026426315307,0.0001,0.0003,0.0001,0.0003,,256,3,4,4,1,128,,1,0.99,0.95,0.2,0.01,1,D:\Python project\HGNN_PPO_USV_Scheduling\models\best_u10_t100_seed0.pth,3.1272850000532344,3.452340199961327,6.5797332000220194,0.018737700069323182,1.8167070999043062,1.5872141998261213,,
PPO_full_u10_t100_seed0_20260522_124407,PPO,full,u10_t100,10,100,0,559,2026-05-22 13:45:45,3697.850626599975,-0.7932892835765974,0.015089675661653475,1204.3521721020122,1160.7286291260725,22.90877241841939,1.0,8,8,0,,,1091.796360318598,540,,MinBattery_NearestTask,1187.1112015225146,1816.9612465912573,-0.0072101721540093425,3.09401063441328e-05,1.6113952803611755,0.0001,0.0003,0.0001,0.0003,,256,3,4,4,1,128,,1,0.99,0.95,0.2,0.01,1,D:\Python project\HGNN_PPO_USV_Scheduling\models\best_u10_t100_seed0.pth,3.0736686000600457,3.4591361999046057,6.53290420002304,0.018553100060671568,1.8088181001367047,1.5943033993244171,,
PPO_full_u10_t100_seed0_20260522_124407,PPO,full,u10_t100,10,100,0,560,2026-05-22 13:45:54,3706.4301298999926,-0.7968634877288658,0.01377358131813653,1209.7784404551066,1173.2488274612633,20.910710533403694,1.0,8,8,0,1060.0163357651168,1,1060.0163357651168,560,-10.706230856417996,MinBattery_NearestTask,1187.1112015225146,1816.9612465912573,0.0017444711551070212,2.6110317221537117e-05,1.6059509778022767,0.0001,0.0003,0.0001,0.0003,,256,3,4,4,1,128,,1,0.99,0.95,0.2,0.01,1,D:\Python project\HGNN_PPO_USV_Scheduling\models\best_u10_t100_seed0.pth,3.0394776000175625,3.3971839000005275,8.465494100004435,0.018444000044837594,1.776949099614285,1.5763336999807507,,
PPO_full_u10_t100_seed0_20260522_124407,PPO,full,u10_t100,10,100,0,561,2026-05-22 13:46:00,3712.9675276000053,-0.7789773066142966,0.02120056680559602,1182.6240826162846,1123.2675462206496,32.18617622942843,1.0,8,8,0,,,1060.0163357651168,560,,MinBattery_NearestTask,1187.1112015225146,1816.9612465912573,-0.010687057096511125,3.554648385943437e-05,1.6236518800258637,0.0001,0.0003,0.0001,0.0003,,256,3,4,4,1,128,,1,0.99,0.95,0.2,0.01,1,D:\Python project\HGNN_PPO_USV_Scheduling\models\best_u10_t100_seed0.pth,3.0343407000182196,3.3810917999362573,6.415536300046369,0.01701350009534508,1.7663899004692212,1.569200100377202,,
PPO_full_u10_t100_seed0_20260522_124407,PPO,full,u10_t100,10,100,0,562,2026-05-22 13:46:07,3719.4752336000092,-0.8018434068842213,0.00892368536306251,1217.3388305622366,1194.4893969136963,13.547718433437796,1.0,8,8,0,,,1060.0163357651168,560,,MinBattery_NearestTask,1187.1112015225146,1816.9612465912573,-0.013541030716150999,2.0775948905793483e-05,1.5962824177742005,0.0001,0.0003,0.0001,0.0003,,256,3,4,4,1,128,,1,0.99,0.95,0.2,0.01,1,D:\Python project\HGNN_PPO_USV_Scheduling\models\best_u10_t100_seed0.pth,3.017913900082931,3.3697015999350697,6.387723400024697,0.015926400083117187,1.7550398006569594,1.5710258005419746,,
PPO_full_u10_t100_seed0_20260522_124407,PPO,full,u10_t100,10,100,0,563,2026-05-22 13:46:13,3726.049858100014,-0.7853420328801778,0.022529509260545436,1192.286852632021,1116.005517064979,34.20374379948418,1.0,8,8,0,,,1060.0163357651168,560,,MinBattery_NearestTask,1187.1112015225146,1816.9612465912573,-0.008893477926030756,3.101002898802108e-05,1.5794650828838348,0.0001,0.0003,0.0001,0.0003,,256,3,4,4,1,128,,1,0.99,0.95,0.2,0.01,1,D:\Python project\HGNN_PPO_USV_Scheduling\models\best_u10_t100_seed0.pth,3.094241700018756,3.3700118999695405,6.46437230007723,0.016012100037187338,1.7540862004971132,1.5672880992060527,,
PPO_full_u10_t100_seed0_20260522_124407,PPO,full,u10_t100,10,100,0,564,2026-05-22 13:46:20,3732.5667165999766,-0.7682798762822192,0.03584702447475354,1166.3835084360041,1038.8427600381524,54.422066052522005,1.0,8,8,0,,,1060.0163357651168,560,,MinBattery_NearestTask,1187.1112015225146,1816.9612465912573,-0.015920527884736656,5.5856975941424024e-05,1.5870842337608337,0.0001,0.0003,0.0001,0.0003,,256,3,4,4,1,128,,1,0.99,0.95,0.2,0.01,1,D:\Python project\HGNN_PPO_USV_Scheduling\models\best_u10_t100_seed0.pth,3.036492499988526,3.367014199960977,6.4036076999036595,0.018312899977900088,1.7634156005224213,1.5550096005899832,,
PPO_full_u10_t100_seed0_20260522_124407,PPO,full,u10_t100,10,100,0,565,2026-05-22 13:46:26,3739.098712499952,-0.779806361755176,0.02243194582166021,1183.8827336284462,1116.9653505573456,34.0556253993346,1.0,8,8,0,,,1060.0163357651168,560,,MinBattery_NearestTask,1187.1112015225146,1816.9612465912573,-0.015130413211882115,3.3896865743372474e-05,1.680696280002594,0.0001,0.0003,0.0001,0.0003,,256,3,4,4,1,128,,1,0.99,0.95,0.2,0.01,1,D:\Python project\HGNN_PPO_USV_Scheduling\models\best_u10_t100_seed0.pth,3.0470318999141455,3.366130799986422,6.41331039997749,0.013781100045889616,1.7568489004625008,1.564715999411419,,
PPO_full_u10_t100_seed0_20260522_124407,PPO,full,u10_t100,10,100,0,566,2026-05-22 13:46:33,3745.862079399987,-0.7712743739475013,0.029290379420764533,1170.9296807368287,1067.9721095012903,44.4679296788757,1.0,8,8,0,,,1060.0163357651168,560,,MinBattery_NearestTask,1187.1112015225146,1816.9612465912573,-0.013925227774307132,4.1478870016362635e-05,1.6646405112743379,0.0001,0.0003,0.0001,0.0003,,256,3,4,4,1,128,,1,0.99,0.95,0.2,0.01,1,D:\Python project\HGNN_PPO_USV_Scheduling\models\best_u10_t100_seed0.pth,3.089846199960448,3.5491256000241265,6.639113600016572,0.015225599985569715,1.8818600000813603,1.621703699696809,,
PPO_full_u10_t100_seed0_20260522_124407,PPO,full,u10_t100,10,100,0,567,2026-05-22 13:46:40,3752.546124399989,-0.7590105732163726,0.04186714395166797,1152.311081753404,1033.119014603611,63.56166256345284,1.0,8,8,0,,,1060.0163357651168,560,,MinBattery_NearestTask,1187.1112015225146,1816.9612465912573,-0.008213338619098067,6.179579600939178e-05,1.6685292625427246,0.0001,0.0003,0.0001,0.0003,,256,3,4,4,1,128,,1,0.99,0.95,0.2,0.01,1,D:\Python project\HGNN_PPO_USV_Scheduling\models\best_u10_t100_seed0.pth,3.013177699991502,3.545848299982026,6.559150699991733,0.015407900093123317,1.8674276995006949,1.6313416998600587,,
PPO_full_u10_t100_seed0_20260522_124407,PPO,full,u10_t100,10,100,0,568,2026-05-22 13:46:46,3759.2641766000306,-0.7660611694118966,0.026925654159665847,1163.0151225346049,1091.63493799639,40.87786226766798,1.0,8,8,0,,,1060.0163357651168,560,,MinBattery_NearestTask,1187.1112015225146,1816.9612465912573,-0.01571847072802484,4.238232228090055e-05,1.6689169144630431,0.0001,0.0003,0.0001,0.0003,,256,3,4,4,1,128,,1,0.99,0.95,0.2,0.01,1,D:\Python project\HGNN_PPO_USV_Scheduling\models\best_u10_t100_seed0.pth,3.061068100039847,3.5389275000197813,6.600120200077072,0.0168515999102965,1.8778026001527905,1.6132488996954635,,
PPO_full_u10_t100_seed0_20260522_124407,PPO,full,u10_t100,10,100,0,569,2026-05-22 13:46:53,3766.227516999934,-0.767283676462118,0.016349646636360158,1164.8711025053742,1121.2748472209328,24.821629192850956,1.0,8,8,0,,,1060.0163357651168,560,,MinBattery_NearestTask,1187.1112015225146,1816.9612465912573,-0.015743676647543906,2.3182863724287018e-05,1.667919179201126,0.0001,0.0003,0.0001,0.0003,,256,3,4,4,1,128,,1,0.99,0.95,0.2,0.01,1,D:\Python project\HGNN_PPO_USV_Scheduling\models\best_u10_t100_seed0.pth,3.331820800085552,3.5171477999538183,6.849078999948688,0.021752000087872148,1.8617813002783805,1.5996549999108538,,
PPO_full_u10_t100_seed0_20260522_124407,PPO,full,u10_t100,10,100,0,570,2026-05-22 13:47:02,3775.291901599965,-0.7388893169487327,0.04163848451468617,1121.763488091106,990.3412611275276,63.214517461026844,1.0,8,8,0,657.5759045664424,1,657.5759045664424,570,-44.60705082025368,MinBattery_NearestTask,1187.1112015225146,1816.9612465912573,-0.007769074812531471,8.078560549620306e-05,1.6249147176742553,0.0001,0.0003,0.0001,0.0003,,256,3,4,4,1,128,,1,0.99,0.95,0.2,0.01,1,D:\Python project\HGNN_PPO_USV_Scheduling\models\best_u10_t100_seed0.pth,3.0879542999900877,3.6055916999466717,8.94450889993459,0.02032950008288026,1.8985089003108442,1.6456593002658337,,
PPO_full_u10_t100_seed0_20260522_124407,PPO,full,u10_t100,10,100,0,571,2026-05-22 13:47:09,3782.1299834999954,-0.735047501152337,0.032718856138623624,1115.9309383579944,1025.9510830897314,49.67295824492233,1.0,8,8,0,,,657.5759045664424,570,,MinBattery_NearestTask,1187.1112015225146,1816.9612465912573,3.426723182201386e-05,5.641241099510808e-05,1.6687841033935547,0.0001,0.0003,0.0001,0.0003,,256,3,4,4,1,128,,1,0.99,0.95,0.2,0.01,1,D:\Python project\HGNN_PPO_USV_Scheduling\models\best_u10_t100_seed0.pth,3.1312621000688523,3.576900099986233,6.708267099922523,0.015063400031067431,1.8877775000873953,1.6420782007044181,,
PPO_full_u10_t100_seed0_20260522_124407,PPO,full,u10_t100,10,100,0,572,2026-05-22 13:47:16,3788.5683781999396,-0.7745766652346326,0.03317244369043302,1175.9431377025385,1049.1391635580424,50.36158364875623,1.0,8,8,0,,,657.5759045664424,570,,MinBattery_NearestTask,1187.1112015225146,1816.9612465912573,-0.01949445303529501,5.4077145678093074e-05,1.7103241336345674,0.0001,0.0003,0.0001,0.0003,,256,3,4,4,1,128,,1,0.99,0.95,0.2,0.01,1,D:\Python project\HGNN_PPO_USV_Scheduling\models\best_u10_t100_seed0.pth,2.9174141000257805,3.4072019000304863,6.324722500052303,0.014891300001181662,1.788432800094597,1.577084700227715,,
PPO_full_u10_t100_seed0_20260522_124407,PPO,full,u10_t100,10,100,0,573,2026-05-22 13:47:22,3795.3000541999936,-0.7711123977387982,0.026749805246219078,1170.6837724624843,1074.792179251479,40.61089279605655,1.0,8,8,0,,,657.5759045664424,570,,MinBattery_NearestTask,1187.1112015225146,1816.9612465912573,-0.014656174844130874,4.225276970828418e-05,1.6889839267730713,0.0001,0.0003,0.0001,0.0003,,256,3,4,4,1,128,,1,0.99,0.95,0.2,0.01,1,D:\Python project\HGNN_PPO_USV_Scheduling\models\best_u10_t100_seed0.pth,3.162957299966365,3.4350101000163704,6.598082199925557,0.015437300084158778,1.8024790998315439,1.5864673003088683,,
PPO_full_u10_t100_seed0_20260522_124407,PPO,full,u10_t100,10,100,0,574,2026-05-22 13:47:29,3801.850612099981,-0.7768312761613378,0.019876121887179927,1179.3660322544229,1124.8744168648118,30.175436708112475,1.0,8,8,0,,,657.5759045664424,570,,MinBattery_NearestTask,1187.1112015225146,1816.9612465912573,-0.004939278122037649,2.8505648760983604e-05,1.6714632439613342,0.0001,0.0003,0.0001,0.0003,,256,3,4,4,1,128,,1,0.99,0.95,0.2,0.01,1,D:\Python project\HGNN_PPO_USV_Scheduling\models\best_u10_t100_seed0.pth,2.923690199968405,3.506939399987459,6.430740699986927,0.014604399912059307,1.848216200247407,1.6170027003390715,,
PPO_full_u10_t100_seed0_20260522_124407,PPO,full,u10_t100,10,100,0,575,2026-05-22 13:47:36,3808.8941863999935,-0.7514398266112532,0.030367623465045852,1140.8173614837929,1031.113389578573,46.103374946414,1.0,8,8,0,,,657.5759045664424,570,,MinBattery_NearestTask,1187.1112015225146,1816.9612465912573,-0.0115868716314435,4.699834752500465e-05,1.7681541132926941,0.0001,0.0003,0.0001,0.0003,,256,3,4,4,1,128,,1,0.99,0.95,0.2,0.01,1,D:\Python project\HGNN_PPO_USV_Scheduling\models\best_u10_t100_seed0.pth,3.103498199954629,3.8078367999987677,6.9114693000447005,0.01677009998820722,2.124142699991353,1.6356419997755438,,
PPO_full_u10_t100_seed0_20260522_124407,PPO,full,u10_t100,10,100,0,576,2026-05-22 13:47:43,3815.413649299997,-0.7557234212840169,0.02722788419348591,1147.3206089817145,1066.3158875953716,41.33670043079623,1.0,8,8,0,,,657.5759045664424,570,,MinBattery_NearestTask,1187.1112015225146,1816.9612465912573,-0.006572540588676929,4.629130648027058e-05,1.9301172232627868,0.0001,0.0003,0.0001,0.0003,,256,3,4,4,1,128,,1,0.99,0.95,0.2,0.01,1,D:\Python project\HGNN_PPO_USV_Scheduling\models\best_u10_t100_seed0.pth,2.9784667999483645,3.422720800037496,6.401299800025299,0.017528200056403875,1.7877328996546566,1.5891495998948812,,
PPO_full_u10_t100_seed0_20260522_124407,PPO,full,u10_t100,10,100,0,577,2026-05-22 13:47:49,3822.305987300002,-0.7880370976647458,0.01145348929786424,1196.3784333383885,1171.723610166675,17.388404204628404,1.0,8,8,0,,,657.5759045664424,570,,MinBattery_NearestTask,1187.1112015225146,1816.9612465912573,-0.0183246012032032,2.508086067791737e-05,1.8964257729053497,0.0001,0.0003,0.0001,0.0003,,256,3,4,4,1,128,,1,0.99,0.95,0.2,0.01,1,D:\Python project\HGNN_PPO_USV_Scheduling\models\best_u10_t100_seed0.pth,2.879593800054863,3.8796198000200093,6.759320100070909,0.014990999945439398,2.18311109917704,1.647489900002256,,
PPO_full_u10_t100_seed0_20260522_124407,PPO,full,u10_t100,10,100,0,578,2026-05-22 13:47:56,3828.3893463999266,-0.768785768382614,0.03189019278399276,1167.1515413119973,1054.8288166339953,48.41490203295443,1.0,8,8,0,,,657.5759045664424,570,,MinBattery_NearestTask,1187.1112015225146,1816.9612465912573,-0.016058450862765312,3.5083045941064486e-05,1.8499919557571411,0.0001,0.0003,0.0001,0.0003,,256,3,4,4,1,128,,1,0.99,0.95,0.2,0.01,1,D:\Python project\HGNN_PPO_USV_Scheduling\models\best_u10_t100_seed0.pth,2.5278342000674456,3.435191899887286,5.963127700029872,0.014557800022885203,1.7828855004627258,1.6081996003631502,,
PPO_full_u10_t100_seed0_20260522_124407,PPO,full,u10_t100,10,100,0,579,2026-05-22 13:48:01,3834.0390576999635,-0.7755992161464338,0.015532961352462533,1177.495549208919,1145.727404098183,23.581757791649956,1.0,8,8,0,,,657.5759045664424,570,,MinBattery_NearestTask,1187.1112015225146,1816.9612465912573,-0.008451287467032671,2.381110880378401e-05,1.8534653031826018,0.0001,0.0003,0.0001,0.0003,,256,3,4,4,1,128,,1,0.99,0.95,0.2,0.01,1,D:\Python project\HGNN_PPO_USV_Scheduling\models\best_u10_t100_seed0.pth,2.0753733000019565,3.4597028999123722,5.535182400024496,0.014897400047630072,1.8352494997670874,1.5802368003642187,,
PPO_full_u10_t100_seed0_20260522_124407,PPO,full,u10_t100,10,100,0,580,2026-05-22 13:48:08,3841.218367900001,-0.7727222848720614,0.014270628734085805,1173.1278632953304,1133.7973019810681,21.665315628202507,1.0,8,8,0,1160.7501563232254,1,657.5759045664424,570,-2.22060453691956,MinBattery_NearestTask,1187.1112015225146,1816.9612465912573,-0.016008464004844427,2.0411524401424687e-05,1.8584057486057282,0.0001,0.0003,0.0001,0.0003,,256,3,4,4,1,128,,1,0.99,0.95,0.2,0.01,1,D:\Python project\HGNN_PPO_USV_Scheduling\models\best_u10_t100_seed0.pth,2.0781141000334173,3.3766516000032425,7.087306100060232,0.01440420001745224,1.7637545999605209,1.5702980996575207,,
PPO_full_u10_t100_seed0_20260522_124407,PPO,full,u10_t100,10,100,0,581,2026-05-22 13:48:14,3846.8859661000315,-0.7866846339084486,0.008046890397868127,1194.3251563103136,1182.4651163859214,12.216590000618085,1.0,8,8,0,,,657.5759045664424,570,,MinBattery_NearestTask,1187.1112015225146,1816.9612465912573,-0.021493955459445716,2.124932621882181e-05,1.8035833394527436,0.0001,0.0003,0.0001,0.0003,,256,3,4,4,1,128,,1,0.99,0.95,0.2,0.01,1,D:\Python project\HGNN_PPO_USV_Scheduling\models\best_u10_t100_seed0.pth,2.0674288999289274,3.4947456000372767,5.562295599956997,0.014456899953074753,1.8621144007192925,1.5905157997040078,,
PPO_full_u10_t100_seed0_20260522_124407,PPO,full,u10_t100,10,100,0,582,2026-05-22 13:48:20,3853.124674599967,-0.7706872487079683,0.02081396507347218,1170.0383217179105,1099.8377396763697,31.59924704046652,1.0,8,8,0,,,657.5759045664424,570,,MinBattery_NearestTask,1187.1112015225146,1816.9612465912573,-0.010270507493987679,2.7610550987446913e-05,1.8241355407238007,0.0001,0.0003,0.0001,0.0003,,256,3,4,4,1,128,,1,0.99,0.95,0.2,0.01,1,D:\Python project\HGNN_PPO_USV_Scheduling\models\best_u10_t100_seed0.pth,2.4526150000747293,3.6600569000001997,6.112781200092286,0.0129271000623703,1.9288434006739408,1.6843526993179694,,
PPO_full_u10_t100_seed0_20260522_124407,PPO,full,u10_t100,10,100,0,583,2026-05-22 13:48:27,3860.041790499934,-0.7732859866688981,0.015527869559299736,1173.9836614228145,1124.5249126312997,23.574027557191396,1.0,8,8,0,,,657.5759045664424,570,,MinBattery_NearestTask,1187.1112015225146,1816.9612465912573,-0.0054973902832716704,2.127275608472701e-05,1.6846607661247253,0.0001,0.0003,0.0001,0.0003,,256,3,4,4,1,128,,1,0.99,0.95,0.2,0.01,1,D:\Python project\HGNN_PPO_USV_Scheduling\models\best_u10_t100_seed0.pth,3.075806099921465,3.7222512000007555,6.798160600010306,0.017744599957950413,1.92323100019712,1.749407599447295,,
PPO_full_u10_t100_seed0_20260522_124407,PPO,full,u10_t100,10,100,0,584,2026-05-22 13:48:34,3866.7104116999544,-0.7672954757978137,0.021351256273378045,1164.889015965027,1108.5578397940671,32.41494925283036,1.0,8,8,0,,,657.5759045664424,570,,MinBattery_NearestTask,1187.1112015225146,1816.9612465912573,-0.008721201606094837,2.734374801093509e-05,1.6671135032176971,0.0001,0.0003,0.0001,0.0003,,256,3,4,4,1,128,,1,0.99,0.95,0.2,0.01,1,D:\Python project\HGNN_PPO_USV_Scheduling\models\best_u10_t100_seed0.pth,3.0046386999310926,3.4895974999526516,6.494375999900512,0.015759499976411462,1.8353940005181357,1.608598800492473,,
PPO_full_u10_t100_seed0_20260522_124407,PPO,full,u10_t100,10,100,0,585,2026-05-22 13:48:41,3874.063125799992,-0.7660790804035807,0.024480709162852037,1163.0423145592367,1072.7908469003146,37.16600723754975,1.0,8,8,0,,,657.5759045664424,570,,MinBattery_NearestTask,1187.1112015225146,1816.9612465912573,-0.00754551692865789,3.7425065111165166e-05,1.6872677040100097,0.0001,0.0003,0.0001,0.0003,,256,3,4,4,1,128,,1,0.99,0.95,0.2,0.01,1,D:\Python project\HGNN_PPO_USV_Scheduling\models\best_u10_t100_seed0.pth,3.4744699000148103,3.762704799999483,7.23728260002099,0.015845099929720163,1.8246243996545672,1.8924003002466634,,
PPO_full_u10_t100_seed0_20260522_124407,PPO,full,u10_t100,10,100,0,586,2026-05-22 13:48:47,3879.838531599962,-0.7491657196096595,0.043704348204839816,1137.3648684731556,1016.0496755629061,66.35086062614029,1.0,8,8,0,,,657.5759045664424,570,,MinBattery_NearestTask,1187.1112015225146,1816.9612465912573,-0.008733567902818323,7.312427551369183e-05,1.6352811539173127,0.0001,0.0003,0.0001,0.0003,,256,3,4,4,1,128,,1,0.99,0.95,0.2,0.01,1,D:\Python project\HGNN_PPO_USV_Scheduling\models\best_u10_t100_seed0.pth,2.1415056999539956,3.5042748999549076,5.645871100015938,0.0148350999224931,1.7981831996003166,1.6616903003305197,,
PPO_full_u10_t100_seed0_20260522_124407,PPO,full,u10_t100,10,100,0,587,2026-05-22 13:48:53,3885.529126700014,-0.7398458323266968,0.019906624127343446,1123.2156460830888,1065.0927251597136,30.221744454801343,1.0,8,8,0,,,657.5759045664424,570,,MinBattery_NearestTask,1187.1112015225146,1816.9612465912573,-0.0002132614701986313,3.2017528092183056e-05,1.6228354454040528,0.0001,0.0003,0.0001,0.0003,,256,3,4,4,1,128,,1,0.99,0.95,0.2,0.01,1,D:\Python project\HGNN_PPO_USV_Scheduling\models\best_u10_t100_seed0.pth,2.1176048000343144,3.4593281999696046,5.577037799987011,0.01477729994803667,1.7841908001573756,1.631746599683538,,
PPO_full_u10_t100_seed0_20260522_124407,PPO,full,u10_t100,10,100,0,588,2026-05-22 13:48:58,3891.252968900022,-0.7569359238894121,0.03637526847180572,1149.161400451761,1057.0011777121308,55.22403302525275,1.0,8,8,0,,,657.5759045664424,570,,MinBattery_NearestTask,1187.1112015225146,1816.9612465912573,-0.01844851803034544,6.42133620203822e-05,1.6799573516845703,0.0001,0.0003,0.0001,0.0003,,256,3,4,4,1,128,,1,0.99,0.95,0.2,0.01,1,D:\Python project\HGNN_PPO_USV_Scheduling\models\best_u10_t100_seed0.pth,2.223199600004591,3.3815665000583977,5.604869300033897,0.014508399995975196,1.8035913999192417,1.5361952999373898,,
PPO_full_u10_t100_seed0_20260522_124407,PPO,full,u10_t100,10,100,0,589,2026-05-22 13:49:04,3897.0166574999457,-0.7613425387260515,0.02635336680801899,1155.8514141201622,1076.4209013546742,40.00902976319374,1.0,8,8,0,,,657.5759045664424,570,,MinBattery_NearestTask,1187.1112015225146,1816.9612465912573,-0.013374786023050547,4.9920889414352134e-05,1.6459150195121766,0.0001,0.0003,0.0001,0.0003,,256,3,4,4,1,128,,1,0.99,0.95,0.2,0.01,1,D:\Python project\HGNN_PPO_USV_Scheduling\models\best_u10_t100_seed0.pth,2.181603300035931,3.4677367999684066,5.649428899982013,0.016119500040076673,1.7654781002784148,1.6588029998820275,,
PPO_full_u10_t100_seed0_20260522_124407,PPO,full,u10_t100,10,100,0,590,2026-05-22 13:49:13,3905.483006799943,-0.747307088396206,0.029108390630757996,1134.543140529262,1035.6243826213852,44.19163879851194,1.0,8,8,0,1075.4557611033058,1,657.5759045664424,570,-9.405642898155333,MinBattery_NearestTask,1187.1112015225146,1816.9612465912573,-0.009290488008409738,4.9158890187754875e-05,1.6921182930469514,0.0001,0.0003,0.0001,0.0003,,256,3,4,4,1,128,,1,0.99,0.95,0.2,0.01,1,D:\Python project\HGNN_PPO_USV_Scheduling\models\best_u10_t100_seed0.pth,2.980680799926631,3.4474071000004187,8.361502300016582,0.015316199976950884,1.8264779993332922,1.5744847997557372,,
PPO_full_u10_t100_seed0_20260522_124407,PPO,full,u10_t100,10,100,0,591,2026-05-22 13:49:19,3912.1272556999465,-0.7514681140202296,0.04204429729706832,1140.8603067285471,1032.9577570463484,63.830612391397246,1.0,8,8,0,,,657.5759045664424,570,,MinBattery_NearestTask,1187.1112015225146,1816.9612465912573,-0.0013418292626738548,7.855737092540949e-05,1.683843836784363,0.0001,0.0003,0.0001,0.0003,,256,3,4,4,1,128,,1,0.99,0.95,0.2,0.01,1,D:\Python project\HGNN_PPO_USV_Scheduling\models\best_u10_t100_seed0.pth,2.964997800067067,3.55315079994034,6.518278100062162,0.015148199978284538,1.9081381000578403,1.6011713999323547,,
PPO_full_u10_t100_seed0_20260522_124407,PPO,full,u10_t100,10,100,0,592,2026-05-22 13:49:26,3918.9221569999354,-0.7355162609739343,0.019536030684054205,1116.6425979266066,1083.0393762420495,29.6591186540596,1.0,8,8,0,,,657.5759045664424,570,,MinBattery_NearestTask,1187.1112015225146,1816.9612465912573,-0.004235468218103051,2.7781609032899725e-05,1.6920114827156068,0.0001,0.0003,0.0001,0.0003,,256,3,4,4,1,128,,1,0.99,0.95,0.2,0.01,1,D:\Python project\HGNN_PPO_USV_Scheduling\models\best_u10_t100_seed0.pth,3.2338494000723585,3.4419769999803975,6.675933700054884,0.020155400037765503,1.8312271001050249,1.5613761997083202,,
PPO_full_u10_t100_seed0_20260522_124407,PPO,full,u10_t100,10,100,0,593,2026-05-22 13:49:33,3925.4883989000227,-0.7013041695854354,0.10150803441271984,1064.7026468533702,673.7065471290529,154.10698752866836,1.0,8,8,0,,,657.5759045664424,570,,MinBattery_NearestTask,1187.1112015225146,1816.9612465912573,-0.020169262420386077,0.00039321661828580547,1.907907749414444,0.0001,0.0003,0.0001,0.0003,,256,3,4,4,1,128,,1,0.99,0.95,0.2,0.01,1,D:\Python project\HGNN_PPO_USV_Scheduling\models\best_u10_t100_seed0.pth,2.966640400001779,3.484266999992542,6.451014999998733,0.016319400048814714,1.8576400000602007,1.5822388998931274,,
PPO_full_u10_t100_seed0_20260522_124407,PPO,full,u10_t100,10,100,0,594,2026-05-22 13:49:40,3932.3462199999485,-0.7565516781966449,0.030825989888080958,1148.5780481434851,1075.6609007957595,46.799255514360254,1.0,8,8,0,,,657.5759045664424,570,,MinBattery_NearestTask,1187.1112015225146,1816.9612465912573,-0.007738777315244079,6.405480266039376e-05,1.880855038166046,0.0001,0.0003,0.0001,0.0003,,256,3,4,4,1,128,,1,0.99,0.95,0.2,0.01,1,D:\Python project\HGNN_PPO_USV_Scheduling\models\best_u10_t100_seed0.pth,3.2483787999954075,3.4706735000945628,6.719156100065447,0.014399399980902672,1.8259080006973818,1.5985649002250284,,
PPO_full_u10_t100_seed0_20260522_124407,PPO,full,u10_t100,10,100,0,595,2026-05-22 13:49:46,3938.9086258999305,-0.7504936717176047,0.02146215224852758,1139.380932522881,1098.955142128181,32.58330877981978,1.0,8,8,0,,,657.5759045664424,570,,MinBattery_NearestTask,1187.1112015225146,1816.9612465912573,-0.008665672447532415,3.532105903104821e-05,1.8715090262889862,0.0001,0.0003,0.0001,0.0003,,256,3,4,4,1,128,,1,0.99,0.95,0.2,0.01,1,D:\Python project\HGNN_PPO_USV_Scheduling\models\best_u10_t100_seed0.pth,3.0178197999484837,3.4172764000250027,6.435212899930775,0.014740700018592179,1.7970281005837023,1.5766025999328122,,
PPO_full_u10_t100_seed0_20260522_124407,PPO,full,u10_t100,10,100,0,596,2026-05-22 13:49:53,3945.82498559996,-0.7465109615723088,0.047681576370735,1133.3344804736182,1009.1817839005244,72.38899006984742,1.0,8,8,0,,,657.5759045664424,570,,MinBattery_NearestTask,1187.1112015225146,1816.9612465912573,-0.014575104024261236,0.00010036619102720578,1.8086432754993438,0.0001,0.0003,0.0001,0.0003,,256,3,4,4,1,128,,1,0.99,0.95,0.2,0.01,1,D:\Python project\HGNN_PPO_USV_Scheduling\models\best_u10_t100_seed0.pth,3.017634900053963,3.7694969000294805,6.787278600037098,0.015336499898694456,2.092609000392258,1.630453500431031,,
PPO_full_u10_t100_seed0_20260522_124407,PPO,full,u10_t100,10,100,0,597,2026-05-22 13:50:00,3952.5450288000284,-0.7276271557865643,0.03798658817838298,1104.6655535305028,1016.230256183834,57.67029875547639,1.0,8,8,0,,,657.5759045664424,570,,MinBattery_NearestTask,1187.1112015225146,1816.9612465912573,-0.011706869453191757,6.967562638237723e-05,1.8377470481395721,0.0001,0.0003,0.0001,0.0003,,256,3,4,4,1,128,,1,0.99,0.95,0.2,0.01,1,D:\Python project\HGNN_PPO_USV_Scheduling\models\best_u10_t100_seed0.pth,2.92191230005119,3.67052069993224,6.59252349997405,0.015025899978354573,1.810330800130032,1.8136403001844883,,
PPO_full_u10_t100_seed0_20260522_124407,PPO,full,u10_t100,10,100,0,598,2026-05-22 13:50:05,3958.3317686000373,-0.748594180164387,0.046163404058779535,1136.497171421643,975.6412461539508,70.08413841058244,1.0,8,8,0,,,657.5759045664424,570,,MinBattery_NearestTask,1187.1112015225146,1816.9612465912573,-0.011340143363922835,8.060533343268617e-05,1.9132170462608338,0.0001,0.0003,0.0001,0.0003,,256,3,4,4,1,128,,1,0.99,0.95,0.2,0.01,1,D:\Python project\HGNN_PPO_USV_Scheduling\models\best_u10_t100_seed0.pth,2.0790922000305727,3.577706499956548,5.656916599953547,0.014339999994263053,1.8298365994123742,1.7042224000906572,,
PPO_full_u10_t100_seed0_20260522_124407,PPO,full,u10_t100,10,100,0,599,2026-05-22 13:50:12,3965.191204300034,-0.7544267428021009,0.036296534213931565,1145.3520237776227,1063.5018570653526,55.10450062206422,1.0,8,8,0,,,657.5759045664424,570,,MinBattery_NearestTask,1187.1112015225146,1816.9612465912573,-0.014468806385993958,9.078389602109383e-05,1.8654052102565766,0.0001,0.0003,0.0001,0.0003,,256,3,4,4,1,128,,1,0.99,0.95,0.2,0.01,1,D:\Python project\HGNN_PPO_USV_Scheduling\models\best_u10_t100_seed0.pth,2.9776291999733075,3.7329421000322327,6.710687100072391,0.015265400055795908,1.9485598996980116,1.7368816999951378,,
PPO_full_u10_t100_seed0_20260522_124407,PPO,full,u10_t100,10,100,0,600,2026-05-22 13:50:21,3974.0194037000183,-0.7389112591379756,0.02800031522567552,1121.7968001801792,1060.3795616983457,42.509386121471834,1.0,8,8,0,673.9204238191248,1,657.5759045664424,570,-43.2302194642931,MinBattery_NearestTask,1187.1112015225146,1816.9612465912573,-0.00681796794757247,4.649879793760192e-05,1.8922925508022308,0.0001,0.0003,0.0001,0.0003,,256,3,4,4,1,128,,1,0.99,0.95,0.2,0.01,1,D:\Python project\HGNN_PPO_USV_Scheduling\models\best_u10_t100_seed0.pth,2.98881380003877,3.440400799969211,8.698789500049315,0.015036200056783855,1.8157899007201195,1.5818492997204885,,
PPO_full_u10_t100_seed0_20260522_124407,PPO,full,u10_t100,10,100,0,601,2026-05-22 13:50:28,3980.619910700014,-0.7258575021535411,0.03605952616351021,1101.9789091487828,1023.0068169406916,54.74468086117734,1.0,8,8,0,,,657.5759045664424,570,,MinBattery_NearestTask,1187.1112015225146,1816.9612465912573,-0.005700451228767634,5.962804241789854e-05,1.8693778419494629,0.0001,0.0003,0.0001,0.0003,,256,3,4,4,1,128,,1,0.99,0.95,0.2,0.01,1,D:\Python project\HGNN_PPO_USV_Scheduling\models\best_u10_t100_seed0.pth,2.9854848000686616,3.483167600003071,6.468763300101273,0.019368900102563202,1.814865699969232,1.614906799281016,,
PPO_full_u10_t100_seed0_20260522_124407,PPO,full,u10_t100,10,100,0,602,2026-05-22 13:50:35,3987.4083922000136,-0.7806199231877566,0.03179924577180949,1185.1178624758313,1064.1395305661101,48.27682852819814,1.0,8,8,0,,,657.5759045664424,570,,MinBattery_NearestTask,1187.1112015225146,1816.9612465912573,-0.0140886864438653,5.506268545104831e-05,1.8926534163951874,0.0001,0.0003,0.0001,0.0003,,256,3,4,4,1,128,,1,0.99,0.95,0.2,0.01,1,D:\Python project\HGNN_PPO_USV_Scheduling\models\best_u10_t100_seed0.pth,2.942537200055085,3.5068370999069884,6.449477800051682,0.01788749999832362,1.8443244002992287,1.6168856994481757,,
PPO_full_u10_t100_seed0_20260522_124407,PPO,full,u10_t100,10,100,0,603,2026-05-22 13:50:40,3993.315896300017,-0.773288110939954,0.030226799373063697,1173.9868864385978,1064.4204580201713,45.889579292578475,1.0,8,8,0,,,657.5759045664424,570,,MinBattery_NearestTask,1187.1112015225146,1816.9612465912573,-0.009118427522480488,5.698502032828401e-05,1.8944628536701202,0.0001,0.0003,0.0001,0.0003,,256,3,4,4,1,128,,1,0.99,0.95,0.2,0.01,1,D:\Python project\HGNN_PPO_USV_Scheduling\models\best_u10_t100_seed0.pth,2.1242553999181837,3.6504612000426278,5.774823299958371,0.0148856999585405,1.933100800262764,1.6721438992535695,,
PPO_full_u10_t100_seed0_20260522_124407,PPO,full,u10_t100,10,100,0,604,2026-05-22 13:50:47,3999.8978710999945,-0.7610860610226113,0.040616015069529526,1155.4620360135514,1059.0626117138715,61.662229635291375,1.0,8,8,0,,,657.5759045664424,570,,MinBattery_NearestTask,1187.1112015225146,1816.9612465912573,-0.015135900173336268,8.098489177427837e-05,1.89321408867836,0.0001,0.0003,0.0001,0.0003,,256,3,4,4,1,128,,1,0.99,0.95,0.2,0.01,1,D:\Python project\HGNN_PPO_USV_Scheduling\models\best_u10_t100_seed0.pth,2.960567199974321,3.500678100041114,6.4613597999559715,0.01995139999780804,1.8539549002889544,1.5966544004622847,,
