run_id,algorithm,variant,instance_id,n_usvs,n_tasks,seed,epoch,timestamp,elapsed_sec,train_reward_avg,train_reward_std,train_makespan_avg,train_makespan_min,train_makespan_std,success_rate,n_trajectories,n_success,n_failed,eval_makespan,eval_success,best_eval_makespan,best_eval_epoch,gap_to_best_rule_percent,best_rule_name,best_rule_makespan,random_makespan,actor_loss,critic_loss,entropy,lr_actor_encoder,lr_actor,lr_critic_encoder,lr_critic,lr_shared_encoder,hidden_dim,hgnn_layers,n_heads,ppo_epochs,vectorized_update,update_batch_size,update_micro_batch_size,max_update_pairs,update_shuffle,gamma,gae_lambda,clip_epsilon,entropy_coef,reward_normalization,best_model_path,rollout_time_sec,update_time_sec,epoch_time_sec,batch_prepare_time_sec,actor_update_time_sec,critic_update_time_sec,effective_update_batch_size,effective_update_micro_batch_size,pairs_per_state,protocol,visit_index,steps_collected,rollout_time_per_decision_ms,eval_steps,eval_solve_time_sec,eval_time_per_decision_ms,exploration_epsilon
REINFORCE_baseline_public25_seed0_20260810_001022,REINFORCE,baseline,u2_t20,2,20,0,1,2026-08-10 00:10:26,3.551577699952759,,,1793.9328598737598,1637.6548196801305,169.94916397966904,1.0,8,8,0,1824.9674398427821,1,1824.9674398427821,1,47.71355847475493,MinBattery_NearestTask,1235.4772701211982,1648.142715048298,-0.5284532308578491,,1.768449068069458,,,,,,256,3,4,,,,,,,0.99,,,0.01,,models\best_REINFORCE_u2_t20_seed0.pth,,,3.54379359993618,,,,,,,round_robin,1,160,,20,0.10004170006141067,5.002085003070533,
REINFORCE_baseline_public25_seed0_20260810_001022,REINFORCE,baseline,u2_t40,2,40,0,2,2026-08-10 00:10:31,8.614167199935764,,,3154.7321285249286,2978.840120215907,222.35914789389147,1.0,8,8,0,2350.1119430607437,1,2350.1119430607437,2,31.298250758909145,MinBattery_NearestTask,1789.903467469675,2985.7040913621695,-0.5208295583724976,,2.1868975162506104,,,,,,256,3,4,,,,,,,0.99,,,0.01,,models\best_REINFORCE_u2_t40_seed0.pth,,,5.036531199933961,,,,,,,round_robin,1,320,,40,0.24508039990905672,6.127009997726418,
REINFORCE_baseline_public25_seed0_20260810_001022,REINFORCE,baseline,u2_t60,2,60,0,3,2026-08-10 00:10:40,17.710735799977556,,,4608.680653637248,4382.350772841745,248.7052176398149,1.0,8,8,0,3170.6311702805724,1,3170.6311702805724,3,27.27290955399328,MinBattery_NearestTask,2491.2066372895233,4452.979979969232,-0.41664355993270874,,2.4794530868530273,,,,,,256,3,4,,,,,,,0.99,,,0.01,,models\best_REINFORCE_u2_t60_seed0.pth,,,9.082238800008781,,,,,,,round_robin,1,480,,60,0.3728710999712348,6.214518332853913,
REINFORCE_baseline_public25_seed0_20260810_001022,REINFORCE,baseline,u2_t80,2,80,0,4,2026-08-10 00:10:52,30.286023099906743,,,5421.299216784131,5087.330666093177,248.8972132271032,1.0,8,8,0,3252.9830483209266,1,3252.9830483209266,4,27.513964511388966,MinBattery_NearestTask,2551.0798450866023,5725.724036335487,-0.13820607960224152,,2.7608773708343506,,,,,,256,3,4,,,,,,,0.99,,,0.01,,models\best_REINFORCE_u2_t80_seed0.pth,,,12.560789599898271,,,,,,,round_robin,1,640,,80,0.6246427000733092,7.8080337509163655,
REINFORCE_baseline_public25_seed0_20260810_001022,REINFORCE,baseline,u2_t100,2,100,0,5,2026-08-10 00:11:06,44.32166579994373,,,7048.422673325046,6791.865253195068,239.35190165372816,1.0,8,8,0,3914.5411724202113,1,3914.5411724202113,5,19.481806649983195,MinBattery_NearestTask,3276.265468505754,6667.618839462179,0.358157753944397,,3.018714427947998,,,,,,256,3,4,,,,,,,0.99,,,0.01,,models\best_REINFORCE_u2_t100_seed0.pth,,,14.021549299941398,,,,,,,round_robin,1,800,,100,0.7717911000363529,7.717911000363529,
REINFORCE_baseline_public25_seed0_20260810_001022,REINFORCE,baseline,u4_t20,4,20,0,6,2026-08-10 00:11:09,46.91321779997088,,,1114.9272900183166,987.9959441368003,67.34153751061999,1.0,8,8,0,945.2263577805687,1,945.2263577805687,6,48.89645306681209,MinBattery_NearestTask,634.8212723082338,1116.781447019792,-0.6021384000778198,,2.092257022857666,,,,,,256,3,4,,,,,,,0.99,,,0.01,,models\best_REINFORCE_u4_t20_seed0.pth,,,2.5767873000586405,,,,,,,round_robin,1,160,,20,0.17538869997952133,8.769434998976067,
REINFORCE_baseline_public25_seed0_20260810_001022,REINFORCE,baseline,u4_t40,4,40,0,7,2026-08-10 00:11:14,51.818805899936706,,,1769.5893537590373,1684.1408086245087,52.128617924972595,1.0,8,8,0,1286.2983485157724,1,1286.2983485157724,7,6.47198081801907,MinBattery_NearestTask,1208.1097192267905,1809.9456757002988,-0.5726330280303955,,2.4455227851867676,,,,,,256,3,4,,,,,,,0.99,,,0.01,,models\best_REINFORCE_u4_t40_seed0.pth,,,4.889514900045469,,,,,,,round_robin,1,320,,40,0.25238149997312576,6.309537499328144,
REINFORCE_baseline_public25_seed0_20260810_001022,REINFORCE,baseline,u4_t60,4,60,0,8,2026-08-10 00:11:21,59.383393199997954,,,2370.5873239916796,2293.7625219347574,55.537450251090306,1.0,8,8,0,1806.5079979530447,1,1806.5079979530447,8,5.751700358674321,MinBattery_NearestTask,1708.2543276618485,2452.0766097704714,-0.2963959276676178,,2.595839500427246,,,,,,256,3,4,,,,,,,0.99,,,0.01,,models\best_REINFORCE_u4_t60_seed0.pth,,,7.547627400024794,,,,,,,round_robin,1,480,,60,0.43745130009483546,7.290855001580591,
REINFORCE_baseline_public25_seed0_20260810_001022,REINFORCE,baseline,u4_t80,4,80,0,9,2026-08-10 00:11:33,70.72900119994301,,,3055.675309795334,3009.954928351467,22.02301631968191,1.0,8,8,0,1907.8323990572944,1,1907.8323990572944,9,3.5484766030064723,MinBattery_NearestTask,1842.4533722226693,3001.7744400044194,0.3729715645313263,,2.8694827556610107,,,,,,256,3,4,,,,,,,0.99,,,0.01,,models\best_REINFORCE_u4_t80_seed0.pth,,,11.33047260006424,,,,,,,round_robin,1,640,,80,1.0414410000666976,13.01801250083372,
REINFORCE_baseline_public25_seed0_20260810_001022,REINFORCE,baseline,u4_t100,4,100,0,10,2026-08-10 00:11:49,86.59035019995645,,,3729.1999225297686,3350.770911663509,152.45903135026808,1.0,8,8,0,2632.29075366947,1,2632.29075366947,10,34.2568056441956,MinBattery_NearestTask,1960.6385993165281,3788.7440276745037,0.5881533026695251,,3.073472738265991,,,,,,256,3,4,,,,,,,0.99,,,0.01,,models\best_REINFORCE_u4_t100_seed0.pth,,,15.845115200034343,,,,,,,round_robin,1,800,,100,1.0511485000606626,10.511485000606626,
REINFORCE_baseline_public25_seed0_20260810_001022,REINFORCE,baseline,u6_t20,6,20,0,11,2026-08-10 00:11:52,89.71357679995708,,,813.2716040336317,556.5464113922837,152.29812012613843,1.0,8,8,0,816.6445867589451,1,816.6445867589451,11,51.45841935082094,MinBattery_NearestTask,539.1873163996008,875.8432185926702,-0.2768392264842987,,2.315138578414917,,,,,,256,3,4,,,,,,,0.99,,,0.01,,models\best_REINFORCE_u6_t20_seed0.pth,,,3.106673700036481,,,,,,,round_robin,1,160,,20,0.11002090002875775,5.5010450014378875,
REINFORCE_baseline_public25_seed0_20260810_001022,REINFORCE,baseline,u6_t40,6,40,0,12,2026-08-10 00:11:57,95.30124129995238,,,1253.129570954339,1152.7562279782628,126.1534209358174,1.0,8,8,0,1210.6634740293073,1,1210.6634740293073,12,19.4799446948109,MinBattery_NearestTask,1013.277564801122,1210.81064814677,-0.3381110429763794,,2.58284068107605,,,,,,256,3,4,,,,,,,0.99,,,0.01,,models\best_REINFORCE_u6_t40_seed0.pth,,,5.57149269990623,,,,,,,round_robin,1,320,,40,0.2624034999171272,6.56008749792818,
REINFORCE_baseline_public25_seed0_20260810_001022,REINFORCE,baseline,u6_t60,6,60,0,13,2026-08-10 00:12:05,103.4808355999412,,,1765.430176320878,1743.3188754467967,16.909540746072285,1.0,8,8,0,1308.3718510522506,1,1308.3718510522506,13,8.628398242410865,MinBattery_NearestTask,1204.447338100797,1781.770307254355,0.18442367017269135,,2.83371901512146,,,,,,256,3,4,,,,,,,0.99,,,0.01,,models\best_REINFORCE_u6_t60_seed0.pth,,,8.16438480000943,,,,,,,round_robin,1,480,,60,0.46839250007178634,7.806541667863106,
REINFORCE_baseline_public25_seed0_20260810_001022,REINFORCE,baseline,u6_t80,6,80,0,14,2026-08-10 00:12:18,115.5722109999042,,,2089.7749511654347,1952.877085702912,179.17838752985753,1.0,8,8,0,1784.4106927448777,1,1784.4106927448777,14,39.13649030565705,MinBattery_NearestTask,1282.4893662509803,1990.1034262302112,0.19614678621292114,,3.0166759490966797,,,,,,256,3,4,,,,,,,0.99,,,0.01,,models\best_REINFORCE_u6_t80_seed0.pth,,,12.074980999925174,,,,,,,round_robin,1,640,,80,0.7438765000551939,9.298456250689924,
REINFORCE_baseline_public25_seed0_20260810_001022,REINFORCE,baseline,u6_t100,6,100,0,15,2026-08-10 00:12:34,132.35245189990383,,,2522.557351083031,2397.4630427810994,49.94760075928879,1.0,8,8,0,1828.1695670298748,1,1828.1695670298748,15,44.81327361570921,MinBattery_NearestTask,1262.4323181045447,2588.8953280469614,0.8755030035972595,,3.111539840698242,,,,,,256,3,4,,,,,,,0.99,,,0.01,,models\best_REINFORCE_u6_t100_seed0.pth,,,16.764110299991444,,,,,,,round_robin,1,800,,100,1.525712399976328,15.25712399976328,
REINFORCE_baseline_public25_seed0_20260810_001022,REINFORCE,baseline,u8_t20,8,20,0,16,2026-08-10 00:12:37,135.26047569990624,,,579.6711631245182,525.5578974722082,24.71805844354758,1.0,8,8,0,567.8193811747653,1,567.8193811747653,16,-1.0016386314102748,MinBattery_NearestTask,573.5644240217935,594.6205530170921,-0.7197193503379822,,2.618858575820923,,,,,,256,3,4,,,,,,,0.99,,,0.01,,models\best_REINFORCE_u8_t20_seed0.pth,,,2.892111900029704,,,,,,,round_robin,1,160,,20,0.27265619998797774,13.632809999398887,
REINFORCE_baseline_public25_seed0_20260810_001022,REINFORCE,baseline,u8_t40,8,40,0,17,2026-08-10 00:12:43,141.10610759991687,,,1154.9635926254662,1064.6043691534774,47.40181486490792,1.0,8,8,0,1042.2838309685283,1,1042.2838309685283,17,58.30822949522023,MinBattery_NearestTask,658.3889127507409,1218.711334656825,-0.3433409035205841,,2.7596213817596436,,,,,,256,3,4,,,,,,,0.99,,,0.01,,models\best_REINFORCE_u8_t40_seed0.pth,,,5.829413899919018,,,,,,,round_robin,1,320,,40,0.28975110000465065,7.243777500116266,
REINFORCE_baseline_public25_seed0_20260810_001022,REINFORCE,baseline,u8_t60,8,60,0,18,2026-08-10 00:12:52,150.23016879998613,,,1591.4348668050911,1230.179764891445,149.106400252271,1.0,8,8,0,1228.907943008526,1,1228.907943008526,18,12.32090701984047,MinBattery_NearestTask,1094.1043618811327,1248.589806791493,0.12239762395620346,,2.9451215267181396,,,,,,256,3,4,,,,,,,0.99,,,0.01,,models\best_REINFORCE_u8_t60_seed0.pth,,,9.106302700005472,,,,,,,round_robin,1,480,,60,0.64440290001221,10.740048333536834,
REINFORCE_baseline_public25_seed0_20260810_001022,REINFORCE,baseline,u8_t80,8,80,0,19,2026-08-10 00:13:05,162.6675896999659,,,1734.7906215074563,1660.0533464001123,36.401474053085934,1.0,8,8,0,1554.6319312461987,1,1554.6319312461987,19,44.62976647929452,MinBattery_NearestTask,1074.904543573859,1790.9534363892533,0.6621756553649902,,2.971337080001831,,,,,,256,3,4,,,,,,,0.99,,,0.01,,models\best_REINFORCE_u8_t80_seed0.pth,,,12.419862599927,,,,,,,round_robin,1,640,,80,0.8178270000498742,10.222837500623427,
REINFORCE_baseline_public25_seed0_20260810_001022,REINFORCE,baseline,u8_t100,8,100,0,20,2026-08-10 00:13:21,179.51365290000103,,,2205.351589437988,2136.347760322621,36.629445633289365,1.0,8,8,0,1779.7634321192158,1,1779.7634321192158,20,55.01266238467747,MinBattery_NearestTask,1148.1406775032206,2192.764389417016,1.0945929288864136,,3.1360249519348145,,,,,,256,3,4,,,,,,,0.99,,,0.01,,models\best_REINFORCE_u8_t100_seed0.pth,,,16.820716599933803,,,,,,,round_robin,1,800,,100,1.126786999986507,11.26786999986507,
REINFORCE_baseline_public25_seed0_20260810_001022,REINFORCE,baseline,u10_t20,10,20,0,21,2026-08-10 00:13:25,182.59725539991632,,,554.6409361961851,511.0513509792871,16.73517756675146,1.0,8,8,0,561.853456124911,1,561.853456124911,21,9.428732681740005,MinBattery_NearestTask,513.442349514357,559.9277735462435,-0.7936943769454956,,2.824026107788086,,,,,,256,3,4,,,,,,,0.99,,,0.01,,models\best_REINFORCE_u10_t20_seed0.pth,,,3.0671968000242487,,,,,,,round_robin,1,160,,20,0.2961067999713123,14.805339998565614,
REINFORCE_baseline_public25_seed0_20260810_001022,REINFORCE,baseline,u10_t40,10,40,0,22,2026-08-10 00:13:31,188.53800229995977,,,891.0217089564053,635.846229032512,192.7840814172327,1.0,8,8,0,647.2506756085013,1,647.2506756085013,22,3.153159648680119,MinBattery_NearestTask,627.4656809475473,957.3671098819304,0.03398178517818451,,2.988687753677368,,,,,,256,3,4,,,,,,,0.99,,,0.01,,models\best_REINFORCE_u10_t40_seed0.pth,,,5.922290000016801,,,,,,,round_robin,1,320,,40,0.4155824000481516,10.38956000120379,
REINFORCE_baseline_public25_seed0_20260810_001022,REINFORCE,baseline,u10_t60,10,60,0,23,2026-08-10 00:13:40,197.64224089996424,,,1241.9874708723303,1190.7738845440763,32.494299799227946,1.0,8,8,0,1230.5644208262333,1,1230.5644208262333,23,83.12149363841877,MinBattery_NearestTask,671.9934380046263,1193.9764350817031,0.2859501838684082,,3.082724094390869,,,,,,256,3,4,,,,,,,0.99,,,0.01,,models\best_REINFORCE_u10_t60_seed0.pth,,,9.086814800044522,,,,,,,round_robin,1,480,,60,0.5783958999672905,9.639931666121507,
REINFORCE_baseline_public25_seed0_20260810_001022,REINFORCE,baseline,u10_t80,10,80,0,24,2026-08-10 00:13:53,211.21836299996357,,,1322.215288919731,1295.5691869988138,13.003778644266719,1.0,8,8,0,1256.2858962310388,1,1256.2858962310388,24,10.48887434337375,MinBattery_NearestTask,1137.024794303537,1357.6824276116938,0.4476311504840851,,3.2596957683563232,,,,,,256,3,4,,,,,,,0.99,,,0.01,,models\best_REINFORCE_u10_t80_seed0.pth,,,13.557954599964432,,,,,,,round_robin,1,640,,80,0.9759110000450164,12.198887500562705,
REINFORCE_baseline_public25_seed0_20260810_001022,REINFORCE,baseline,u10_t100,10,100,0,25,2026-08-10 00:14:14,231.61863979999907,,,1777.0891349121632,1741.4358070998176,29.625364115759563,1.0,8,8,0,1315.3534319510786,1,1315.3534319510786,25,10.80288268395484,MinBattery_NearestTask,1187.1112015225146,1816.9612465912573,1.1643089056015015,,3.3482089042663574,,,,,,256,3,4,,,,,,,0.99,,,0.01,,models\best_REINFORCE_u10_t100_seed0.pth,,,20.37838610005565,,,,,,,round_robin,1,800,,100,1.4175351000158116,14.175351000158116,
REINFORCE_baseline_public25_seed0_20260810_001022,REINFORCE,baseline,u2_t20,2,20,0,26,2026-08-10 00:14:16,234.38871179998387,,,1798.833608660374,1682.3963277634768,128.22156516244982,1.0,8,8,0,1795.157460154582,1,1795.157460154582,26,45.30072738436378,MinBattery_NearestTask,1235.4772701211982,1648.142715048298,-0.6506723761558533,,1.7802670001983643,,,,,,256,3,4,,,,,,,0.99,,,0.01,,models\best_REINFORCE_u2_t20_seed0.pth,,,2.7458112000022084,,,,,,,round_robin,2,160,,20,0.11737300001550466,5.868650000775233,
REINFORCE_baseline_public25_seed0_20260810_001022,REINFORCE,baseline,u2_t40,2,40,0,27,2026-08-10 00:14:21,239.5023895999184,,,3173.4288917007293,3009.1953380235545,174.03874960671936,1.0,8,8,0,2464.549068410353,1,2350.1119430607437,2,37.69173104594301,MinBattery_NearestTask,1789.903467469675,2985.7040913621695,-0.6095447540283203,,2.2156293392181396,,,,,,256,3,4,,,,,,,0.99,,,0.01,,models\best_REINFORCE_u2_t40_seed0.pth,,,5.095029899966903,,,,,,,round_robin,2,320,,40,0.2813447000226006,7.033617500565015,
REINFORCE_baseline_public25_seed0_20260810_001022,REINFORCE,baseline,u2_t60,2,60,0,28,2026-08-10 00:14:30,247.84561449999455,,,4720.268848122431,4351.569741285709,308.53947051514865,1.0,8,8,0,2588.7446471043568,1,2588.7446471043568,28,3.915291825047341,MinBattery_NearestTask,2491.2066372895233,4452.979979969232,-0.37319710850715637,,2.53019118309021,,,,,,256,3,4,,,,,,,0.99,,,0.01,,models\best_REINFORCE_u2_t60_seed0.pth,,,8.32398290000856,,,,,,,round_robin,2,480,,60,0.7029351000674069,11.715585001123447,
REINFORCE_baseline_public25_seed0_20260810_001022,REINFORCE,baseline,u2_t80,2,80,0,29,2026-08-10 00:14:41,258.91721359989606,,,5447.55663761528,5169.626881060476,162.92735335599613,1.0,8,8,0,3143.0432671726317,1,3143.0432671726317,29,23.204425499505827,MinBattery_NearestTask,2551.0798450866023,5725.724036335487,-0.0720546618103981,,2.7459309101104736,,,,,,256,3,4,,,,,,,0.99,,,0.01,,models\best_REINFORCE_u2_t80_seed0.pth,,,11.05328140000347,,,,,,,round_robin,2,640,,80,0.8383069999981672,10.47883749997709,
REINFORCE_baseline_public25_seed0_20260810_001022,REINFORCE,baseline,u2_t100,2,100,0,30,2026-08-10 00:14:55,272.8163058999926,,,6997.847839149117,6652.1044349091635,291.4881103292012,1.0,8,8,0,3999.8741452122563,1,3914.5411724202113,5,22.08638718878074,MinBattery_NearestTask,3276.265468505754,6667.618839462179,0.3764152228832245,,2.986478805541992,,,,,,256,3,4,,,,,,,0.99,,,0.01,,models\best_REINFORCE_u2_t100_seed0.pth,,,13.878832999966107,,,,,,,round_robin,2,800,,100,0.9472290000412613,9.472290000412613,
REINFORCE_baseline_public25_seed0_20260810_001022,REINFORCE,baseline,u4_t20,4,20,0,31,2026-08-10 00:14:58,275.8270908999257,,,1142.0763984792156,1041.6442221105171,48.67306166379177,1.0,8,8,0,967.8906074347773,1,945.2263577805687,6,52.46663110634131,MinBattery_NearestTask,634.8212723082338,1116.781447019792,-0.7426561117172241,,2.060210943222046,,,,,,256,3,4,,,,,,,0.99,,,0.01,,models\best_REINFORCE_u4_t20_seed0.pth,,,2.9928985000588,,,,,,,round_robin,2,160,,20,0.10599769989494234,5.299884994747117,
REINFORCE_baseline_public25_seed0_20260810_001022,REINFORCE,baseline,u4_t40,4,40,0,32,2026-08-10 00:15:03,280.7576968999347,,,1805.1169351558137,1746.6134561715032,42.480920031394525,1.0,8,8,0,1626.5662003275443,1,1286.2983485157724,7,34.637291169925575,MinBattery_NearestTask,1208.1097192267905,1809.9456757002988,-0.5697731375694275,,2.4456381797790527,,,,,,256,3,4,,,,,,,0.99,,,0.01,,models\best_REINFORCE_u4_t40_seed0.pth,,,4.909711900050752,,,,,,,round_robin,2,320,,40,0.2755723000736907,6.889307501842268,
REINFORCE_baseline_public25_seed0_20260810_001022,REINFORCE,baseline,u4_t60,4,60,0,33,2026-08-10 00:15:11,289.0462026000023,,,2512.442305393734,2284.500168562293,216.4956692021739,1.0,8,8,0,2145.191268984885,1,1806.5079979530447,8,25.577979475754553,MinBattery_NearestTask,1708.2543276618485,2452.0766097704714,-0.23944620788097382,,2.692356824874878,,,,,,256,3,4,,,,,,,0.99,,,0.01,,models\best_REINFORCE_u4_t60_seed0.pth,,,8.268512799986638,,,,,,,round_robin,2,480,,60,0.43961969995871186,7.326994999311864,
REINFORCE_baseline_public25_seed0_20260810_001022,REINFORCE,baseline,u4_t80,4,80,0,34,2026-08-10 00:15:23,301.42584789998364,,,3032.843077352958,2949.488271793535,48.213842946103966,1.0,8,8,0,2414.5809625605025,1,1907.8323990572944,9,31.05248680717706,MinBattery_NearestTask,1842.4533722226693,3001.7744400044194,0.3017202913761139,,2.886742115020752,,,,,,256,3,4,,,,,,,0.99,,,0.01,,models\best_REINFORCE_u4_t80_seed0.pth,,,12.36099189997185,,,,,,,round_robin,2,640,,80,0.6968401999911293,8.710502499889117,
REINFORCE_baseline_public25_seed0_20260810_001022,REINFORCE,baseline,u4_t100,4,100,0,35,2026-08-10 00:15:40,318.19440139993094,,,3810.917231634788,3631.037042263155,99.05079518963461,1.0,8,8,0,2628.863694211382,1,2628.863694211382,35,34.08201262220355,MinBattery_NearestTask,1960.6385993165281,3788.7440276745037,0.7727854251861572,,3.0481340885162354,,,,,,256,3,4,,,,,,,0.99,,,0.01,,models\best_REINFORCE_u4_t100_seed0.pth,,,16.740410599973984,,,,,,,round_robin,2,800,,100,1.2032583999680355,12.032583999680355,
REINFORCE_baseline_public25_seed0_20260810_001022,REINFORCE,baseline,u6_t20,6,20,0,36,2026-08-10 00:15:43,320.61037509993184,,,767.0324247190242,552.2112091524459,159.9028527903028,1.0,8,8,0,921.2962827507884,1,816.6445867589451,11,70.86757324016875,MinBattery_NearestTask,539.1873163996008,875.8432185926702,-0.23008273541927338,,2.3481757640838623,,,,,,256,3,4,,,,,,,0.99,,,0.01,,models\best_REINFORCE_u6_t20_seed0.pth,,,2.3957171000074595,,,,,,,round_robin,2,160,,20,0.1323349999729544,6.61674999864772,
REINFORCE_baseline_public25_seed0_20260810_001022,REINFORCE,baseline,u6_t40,6,40,0,37,2026-08-10 00:15:49,326.85218049993273,,,1267.8379187244227,1144.2053943316384,134.7182071838279,1.0,8,8,0,1210.8145611496084,1,1210.6634740293073,12,19.4948554286068,MinBattery_NearestTask,1013.277564801122,1210.81064814677,-0.34902119636535645,,2.5918490886688232,,,,,,256,3,4,,,,,,,0.99,,,0.01,,models\best_REINFORCE_u6_t40_seed0.pth,,,6.2221289000008255,,,,,,,round_robin,2,320,,40,0.33485270000528544,8.371317500132136,
REINFORCE_baseline_public25_seed0_20260810_001022,REINFORCE,baseline,u6_t60,6,60,0,38,2026-08-10 00:15:58,336.2247586000012,,,1759.4410161127048,1661.7700634781784,58.88006194960615,1.0,8,8,0,1279.1054592136966,1,1279.1054592136966,38,6.1985375990470795,MinBattery_NearestTask,1204.447338100797,1781.770307254355,0.1837785691022873,,2.856917142868042,,,,,,256,3,4,,,,,,,0.99,,,0.01,,models\best_REINFORCE_u6_t60_seed0.pth,,,9.35336000006646,,,,,,,round_robin,2,480,,60,0.8063031000783667,13.438385001306113,
REINFORCE_baseline_public25_seed0_20260810_001022,REINFORCE,baseline,u6_t80,6,80,0,39,2026-08-10 00:16:10,348.48026709991973,,,2198.496591999451,1914.18557786159,205.95127409064128,1.0,8,8,0,1335.9680928589678,1,1335.9680928589678,39,4.169915791529597,MinBattery_NearestTask,1282.4893662509803,1990.1034262302112,0.27469393610954285,,3.0551435947418213,,,,,,256,3,4,,,,,,,0.99,,,0.01,,models\best_REINFORCE_u6_t80_seed0.pth,,,12.236522499937564,,,,,,,round_robin,2,640,,80,0.8985734999878332,11.232168749847915,
REINFORCE_baseline_public25_seed0_20260810_001022,REINFORCE,baseline,u6_t100,6,100,0,40,2026-08-10 00:16:26,363.9598199999891,,,2540.3588124176626,2488.7697123610437,35.83628205303825,1.0,8,8,0,1853.4070107018938,1,1828.1695670298748,15,46.812386226348906,MinBattery_NearestTask,1262.4323181045447,2588.8953280469614,0.9000552296638489,,3.0749309062957764,,,,,,256,3,4,,,,,,,0.99,,,0.01,,models\best_REINFORCE_u6_t100_seed0.pth,,,15.462443900061771,,,,,,,round_robin,2,800,,100,1.1031753999413922,11.031753999413922,
REINFORCE_baseline_public25_seed0_20260810_001022,REINFORCE,baseline,u8_t20,8,20,0,41,2026-08-10 00:16:29,367.26847779995296,,,576.2692930668395,537.6114996156301,25.435797940813515,1.0,8,8,0,594.7545950425215,1,567.8193811747653,16,3.6944709492517056,MinBattery_NearestTask,573.5644240217935,594.6205530170921,-0.7072802782058716,,2.6368446350097656,,,,,,256,3,4,,,,,,,0.99,,,0.01,,models\best_REINFORCE_u8_t20_seed0.pth,,,3.289277200005017,,,,,,,round_robin,2,160,,20,0.1609541999641806,8.04770999820903,
REINFORCE_baseline_public25_seed0_20260810_001022,REINFORCE,baseline,u8_t40,8,40,0,42,2026-08-10 00:16:35,372.81704519991763,,,1185.3096839235418,1047.0545593174536,67.07453300179417,1.0,8,8,0,1216.265058198337,1,1042.2838309685283,17,84.73352674132929,MinBattery_NearestTask,658.3889127507409,1218.711334656825,-0.18228447437286377,,2.7029693126678467,,,,,,256,3,4,,,,,,,0.99,,,0.01,,models\best_REINFORCE_u8_t40_seed0.pth,,,5.528604199993424,,,,,,,round_robin,2,320,,40,0.3185219999868423,7.963049999671058,
REINFORCE_baseline_public25_seed0_20260810_001022,REINFORCE,baseline,u8_t60,8,60,0,43,2026-08-10 00:16:43,381.44081979990005,,,1525.7603486308399,1229.001772394053,173.99194296433424,1.0,8,8,0,1248.1166617394163,1,1228.907943008526,18,14.0765639206012,MinBattery_NearestTask,1094.1043618811327,1248.589806791493,0.1706966608762741,,2.912234306335449,,,,,,256,3,4,,,,,,,0.99,,,0.01,,models\best_REINFORCE_u8_t60_seed0.pth,,,8.595341200008988,,,,,,,round_robin,2,480,,60,0.6581779000116512,10.969631666860854,
REINFORCE_baseline_public25_seed0_20260810_001022,REINFORCE,baseline,u8_t80,8,80,0,44,2026-08-10 00:16:57,394.6821293999674,,,1724.28229140871,1677.41925779838,32.55965269190678,1.0,8,8,0,1568.8186818142774,1,1554.6319312461987,19,45.949581401735,MinBattery_NearestTask,1074.904543573859,1790.9534363892533,0.5034101605415344,,3.044231414794922,,,,,,256,3,4,,,,,,,0.99,,,0.01,,models\best_REINFORCE_u8_t80_seed0.pth,,,13.221802700078115,,,,,,,round_robin,2,640,,80,0.9545290999813005,11.931613749766257,
REINFORCE_baseline_public25_seed0_20260810_001022,REINFORCE,baseline,u8_t100,8,100,0,45,2026-08-10 00:17:13,411.05662549997214,,,2219.813719271313,2154.964681762236,32.51349229449979,1.0,8,8,0,1730.9221861296935,1,1730.9221861296935,45,50.75871973230721,MinBattery_NearestTask,1148.1406775032206,2192.764389417016,1.1548582315444946,,3.103257894515991,,,,,,256,3,4,,,,,,,0.99,,,0.01,,models\best_REINFORCE_u8_t100_seed0.pth,,,16.355562299955636,,,,,,,round_robin,2,800,,100,1.1114778000628576,11.114778000628576,
REINFORCE_baseline_public25_seed0_20260810_001022,REINFORCE,baseline,u10_t20,10,20,0,46,2026-08-10 00:17:16,413.8138391999528,,,528.0992379268913,507.31104430112936,19.796901036257758,1.0,8,8,0,561.853456124911,1,561.853456124911,21,9.428732681740005,MinBattery_NearestTask,513.442349514357,559.9277735462435,-0.7068513631820679,,2.8061912059783936,,,,,,256,3,4,,,,,,,0.99,,,0.01,,models\best_REINFORCE_u10_t20_seed0.pth,,,2.740243799984455,,,,,,,round_robin,2,160,,20,0.34057370002847165,17.028685001423582,
REINFORCE_baseline_public25_seed0_20260810_001022,REINFORCE,baseline,u10_t40,10,40,0,47,2026-08-10 00:17:23,420.75804190000053,,,1030.1500797118968,963.4571424904425,48.03347820244014,1.0,8,8,0,653.7067154652327,1,647.2506756085013,22,4.182066894568378,MinBattery_NearestTask,627.4656809475473,957.3671098819304,0.18748342990875244,,2.959124803543091,,,,,,256,3,4,,,,,,,0.99,,,0.01,,models\best_REINFORCE_u10_t40_seed0.pth,,,6.925313899992034,,,,,,,round_robin,2,320,,40,0.3550838999217376,8.87709749804344,
REINFORCE_baseline_public25_seed0_20260810_001022,REINFORCE,baseline,u10_t60,10,60,0,48,2026-08-10 00:17:33,431.10582049994264,,,1224.293324450638,1178.258606472988,24.80020151636657,1.0,8,8,0,1065.716736458004,1,1065.716736458004,48,58.590348682938654,MinBattery_NearestTask,671.9934380046263,1193.9764350817031,0.27202096581459045,,3.0626797676086426,,,,,,256,3,4,,,,,,,0.99,,,0.01,,models\best_REINFORCE_u10_t60_seed0.pth,,,10.328738099895418,,,,,,,round_robin,2,480,,60,0.8699414000147954,14.499023333579922,
REINFORCE_baseline_public25_seed0_20260810_001022,REINFORCE,baseline,u10_t80,10,80,0,49,2026-08-10 00:17:47,445.3423286000034,,,1338.2606881330248,1322.904149148583,10.314112609585681,1.0,8,8,0,1279.2491115109651,1,1256.2858962310388,24,12.508462253415061,MinBattery_NearestTask,1137.024794303537,1357.6824276116938,0.41046619415283203,,3.257997989654541,,,,,,256,3,4,,,,,,,0.99,,,0.01,,models\best_REINFORCE_u10_t80_seed0.pth,,,14.217339600087143,,,,,,,round_robin,2,640,,80,0.8892803000053391,11.116003750066739,
REINFORCE_baseline_public25_seed0_20260810_001022,REINFORCE,baseline,u10_t100,10,100,0,50,2026-08-10 00:18:06,463.8611366999103,,,1756.8962509010046,1347.9398607083226,159.23121780195675,1.0,8,8,0,1311.1927148136374,1,1311.1927148136374,50,10.452391749988001,MinBattery_NearestTask,1187.1112015225146,1816.9612465912573,0.7642427086830139,,3.3724513053894043,,,,,,256,3,4,,,,,,,0.99,,,0.01,,models\best_REINFORCE_u10_t100_seed0.pth,,,18.499309699982405,,,,,,,round_robin,2,800,,100,1.2891046000877395,12.891046000877395,
REINFORCE_baseline_public25_seed0_20260810_001022,REINFORCE,baseline,u2_t20,2,20,0,51,2026-08-10 00:18:10,467.6845057999017,,,1778.6037001920095,1661.849456353329,179.80315813699883,1.0,8,8,0,1616.7110643257959,1,1616.7110643257959,51,30.85720825662776,MinBattery_NearestTask,1235.4772701211982,1648.142715048298,-0.5552958846092224,,1.795484185218811,,,,,,256,3,4,,,,,,,0.99,,,0.01,,models\best_REINFORCE_u2_t20_seed0.pth,,,3.804727000067942,,,,,,,round_robin,3,160,,20,0.2303554000100121,11.517770000500605,
REINFORCE_baseline_public25_seed0_20260810_001022,REINFORCE,baseline,u2_t40,2,40,0,52,2026-08-10 00:18:16,473.6014754999196,,,3182.7364729100927,3034.8743255015247,165.83556147958078,1.0,8,8,0,2458.128250687155,1,2350.1119430607437,2,37.3330067996419,MinBattery_NearestTask,1789.903467469675,2985.7040913621695,-0.5887990593910217,,2.187762975692749,,,,,,256,3,4,,,,,,,0.99,,,0.01,,models\best_REINFORCE_u2_t40_seed0.pth,,,5.898479399969801,,,,,,,round_robin,3,320,,40,0.5670139000285417,14.175347500713542,
REINFORCE_baseline_public25_seed0_20260810_001022,REINFORCE,baseline,u2_t60,2,60,0,53,2026-08-10 00:18:23,481.43756529991515,,,4699.784799388555,4446.799323751275,248.65611960120307,1.0,8,8,0,2558.6832951414017,1,2558.6832951414017,53,2.7085933716560007,MinBattery_NearestTask,2491.2066372895233,4452.979979969232,-0.43420693278312683,,2.524230718612671,,,,,,256,3,4,,,,,,,0.99,,,0.01,,models\best_REINFORCE_u2_t60_seed0.pth,,,7.816141800023615,,,,,,,round_robin,3,480,,60,0.6484491999726743,10.807486666211236,
REINFORCE_baseline_public25_seed0_20260810_001022,REINFORCE,baseline,u2_t80,2,80,0,54,2026-08-10 00:18:35,493.24125309998635,,,5205.029637197718,4965.647935632687,205.04257195535766,1.0,8,8,0,3767.920723883751,1,3143.0432671726317,29,47.699051095589695,MinBattery_NearestTask,2551.0798450866023,5725.724036335487,-0.09804720431566238,,2.7795257568359375,,,,,,256,3,4,,,,,,,0.99,,,0.01,,models\best_REINFORCE_u2_t80_seed0.pth,,,11.784892000025138,,,,,,,round_robin,3,640,,80,0.9746255000354722,12.182818750443403,
REINFORCE_baseline_public25_seed0_20260810_001022,REINFORCE,baseline,u2_t100,2,100,0,55,2026-08-10 00:18:50,508.0025015999563,,,7007.9365794583755,6650.606860137111,302.0690561623673,1.0,8,8,0,3985.4047384382143,1,3914.5411724202113,5,21.644743893598033,MinBattery_NearestTask,3276.265468505754,6667.618839462179,0.39481377601623535,,2.9659767150878906,,,,,,256,3,4,,,,,,,0.99,,,0.01,,models\best_REINFORCE_u2_t100_seed0.pth,,,14.743049099924974,,,,,,,round_robin,3,800,,100,1.1687865999992937,11.687865999992937,
REINFORCE_baseline_public25_seed0_20260810_001022,REINFORCE,baseline,u4_t20,4,20,0,56,2026-08-10 00:18:53,510.79703909996897,,,1142.1337253662527,1083.0212863157503,47.89000931004869,1.0,8,8,0,644.2191846321656,1,644.2191846321656,56,1.4804028683160904,MinBattery_NearestTask,634.8212723082338,1116.781447019792,-0.7434626817703247,,2.086061954498291,,,,,,256,3,4,,,,,,,0.99,,,0.01,,models\best_REINFORCE_u4_t20_seed0.pth,,,2.769491199986078,,,,,,,round_robin,3,160,,20,0.1099464000435546,5.49732000217773,
REINFORCE_baseline_public25_seed0_20260810_001022,REINFORCE,baseline,u4_t40,4,40,0,57,2026-08-10 00:19:00,517.6203702999046,,,1776.6944434403104,1694.7517205025085,58.18697608118631,1.0,8,8,0,1315.4886113356652,1,1286.2983485157724,7,8.888173847123658,MinBattery_NearestTask,1208.1097192267905,1809.9456757002988,-0.5633898377418518,,2.447446823120117,,,,,,256,3,4,,,,,,,0.99,,,0.01,,models\best_REINFORCE_u4_t40_seed0.pth,,,6.791449000011198,,,,,,,round_robin,3,320,,40,0.33695809997152537,8.423952499288134,
REINFORCE_baseline_public25_seed0_20260810_001022,REINFORCE,baseline,u4_t60,4,60,0,58,2026-08-10 00:19:10,527.6112439999124,,,2493.9818622781645,2334.8512938100002,198.9973966032594,1.0,8,8,0,1781.4244927218024,1,1781.4244927218024,58,4.283329705366802,MinBattery_NearestTask,1708.2543276618485,2452.0766097704714,-0.2029239535331726,,2.639500141143799,,,,,,256,3,4,,,,,,,0.99,,,0.01,,models\best_REINFORCE_u4_t60_seed0.pth,,,9.964299999992363,,,,,,,round_robin,3,480,,60,0.6185305000981316,10.308841668302193,
REINFORCE_baseline_public25_seed0_20260810_001022,REINFORCE,baseline,u4_t80,4,80,0,59,2026-08-10 00:19:24,541.9978344999254,,,3025.451447751636,2897.129309411833,55.67739149486052,1.0,8,8,0,2328.475737001477,1,1907.8323990572944,9,26.379086282790848,MinBattery_NearestTask,1842.4533722226693,3001.7744400044194,0.2357911467552185,,2.852538824081421,,,,,,256,3,4,,,,,,,0.99,,,0.01,,models\best_REINFORCE_u4_t80_seed0.pth,,,14.363866399973631,,,,,,,round_robin,3,640,,80,0.8649826999753714,10.812283749692142,
REINFORCE_baseline_public25_seed0_20260810_001022,REINFORCE,baseline,u4_t100,4,100,0,60,2026-08-10 00:19:42,559.6739454999333,,,3739.934079713047,3331.8930906294045,163.33235533664177,1.0,8,8,0,2544.4251559040845,1,2544.4251559040845,60,29.775327120003777,MinBattery_NearestTask,1960.6385993165281,3788.7440276745037,0.5865472555160522,,3.0346508026123047,,,,,,256,3,4,,,,,,,0.99,,,0.01,,models\best_REINFORCE_u4_t100_seed0.pth,,,17.652748699998483,,,,,,,round_robin,3,800,,100,1.1116027999669313,11.116027999669313,
REINFORCE_baseline_public25_seed0_20260810_001022,REINFORCE,baseline,u6_t20,6,20,0,61,2026-08-10 00:19:45,562.8301327999216,,,808.8600707142915,618.4488547293249,93.88478970575396,1.0,8,8,0,558.7326795721292,1,558.7326795721292,61,3.6249671641094334,MinBattery_NearestTask,539.1873163996008,875.8432185926702,-0.3980562388896942,,2.3038527965545654,,,,,,256,3,4,,,,,,,0.99,,,0.01,,models\best_REINFORCE_u6_t20_seed0.pth,,,3.131645099958405,,,,,,,round_robin,3,160,,20,0.16671210003551096,8.335605001775548,
REINFORCE_baseline_public25_seed0_20260810_001022,REINFORCE,baseline,u6_t40,6,40,0,62,2026-08-10 00:19:51,569.5319568999112,,,1263.2968254594277,1178.5403411394057,150.20464603026687,1.0,8,8,0,1153.5468396143979,1,1153.5468396143979,62,13.84312449874549,MinBattery_NearestTask,1013.277564801122,1210.81064814677,-0.3548799455165863,,2.5714588165283203,,,,,,256,3,4,,,,,,,0.99,,,0.01,,models\best_REINFORCE_u6_t40_seed0.pth,,,6.678881199914031,,,,,,,round_robin,3,320,,40,0.31204900005832314,7.801225001458079,
REINFORCE_baseline_public25_seed0_20260810_001022,REINFORCE,baseline,u6_t60,6,60,0,63,2026-08-10 00:20:01,579.4354405999184,,,1757.9691091584386,1626.7334944403087,75.47792843603715,1.0,8,8,0,1265.9105141929333,1,1265.9105141929333,63,5.103018965449584,MinBattery_NearestTask,1204.447338100797,1781.770307254355,0.1790468394756317,,2.834458112716675,,,,,,256,3,4,,,,,,,0.99,,,0.01,,models\best_REINFORCE_u6_t60_seed0.pth,,,9.883455000002868,,,,,,,round_robin,3,480,,60,0.6783555999863893,11.30592666643982,
REINFORCE_baseline_public25_seed0_20260810_001022,REINFORCE,baseline,u6_t80,6,80,0,64,2026-08-10 00:20:15,593.1328383999644,,,2016.7224995229437,1966.3390519908135,26.603647681501336,1.0,8,8,0,1852.475007870478,1,1335.9680928589678,39,44.443693384039555,MinBattery_NearestTask,1282.4893662509803,1990.1034262302112,0.2564138174057007,,3.0470986366271973,,,,,,256,3,4,,,,,,,0.99,,,0.01,,models\best_REINFORCE_u6_t80_seed0.pth,,,13.675088999909349,,,,,,,round_robin,3,640,,80,0.9206430999329314,11.508038749161642,
REINFORCE_baseline_public25_seed0_20260810_001022,REINFORCE,baseline,u6_t100,6,100,0,65,2026-08-10 00:20:33,610.9376369999954,,,2507.522923677525,2378.5694251571035,57.77746944040427,1.0,8,8,0,1778.152507105178,1,1778.152507105178,65,40.851313896570055,MinBattery_NearestTask,1262.4323181045447,2588.8953280469614,0.8824117183685303,,3.083632230758667,,,,,,256,3,4,,,,,,,0.99,,,0.01,,models\best_REINFORCE_u6_t100_seed0.pth,,,17.779408299946226,,,,,,,round_robin,3,800,,100,1.2293046000413597,12.293046000413597,
REINFORCE_baseline_public25_seed0_20260810_001022,REINFORCE,baseline,u8_t20,8,20,0,66,2026-08-10 00:20:36,613.9311311999336,,,588.6260029888308,567.1076898910252,14.810203296821403,1.0,8,8,0,617.2876203479351,1,567.8193811747653,16,7.623066301699409,MinBattery_NearestTask,573.5644240217935,594.6205530170921,-0.8146644234657288,,2.6244618892669678,,,,,,256,3,4,,,,,,,0.99,,,0.01,,models\best_REINFORCE_u8_t20_seed0.pth,,,2.971880199969746,,,,,,,round_robin,3,160,,20,0.17724469990935177,8.862234995467588,
REINFORCE_baseline_public25_seed0_20260810_001022,REINFORCE,baseline,u8_t40,8,40,0,67,2026-08-10 00:20:42,620.4181646999205,,,1169.1471732315572,1115.6601604836835,37.68158006635076,1.0,8,8,0,1025.8149526762868,1,1025.8149526762868,67,55.80683890778846,MinBattery_NearestTask,658.3889127507409,1218.711334656825,-0.2594725787639618,,2.7195661067962646,,,,,,256,3,4,,,,,,,0.99,,,0.01,,models\best_REINFORCE_u8_t40_seed0.pth,,,6.465342100011185,,,,,,,round_robin,3,320,,40,0.371217800071463,9.280445001786575,
REINFORCE_baseline_public25_seed0_20260810_001022,REINFORCE,baseline,u8_t60,8,60,0,68,2026-08-10 00:20:53,630.870643000002,,,1514.9832749168672,1243.3292271406299,158.7132982157923,1.0,8,8,0,1243.371210565119,1,1228.907943008526,18,13.642834622041589,MinBattery_NearestTask,1094.1043618811327,1248.589806791493,0.10830139368772507,,2.9155352115631104,,,,,,256,3,4,,,,,,,0.99,,,0.01,,models\best_REINFORCE_u8_t60_seed0.pth,,,10.430410200031474,,,,,,,round_robin,3,480,,60,0.6458352999761701,10.7639216662695,
REINFORCE_baseline_public25_seed0_20260810_001022,REINFORCE,baseline,u8_t80,8,80,0,69,2026-08-10 00:21:07,645.3548289999599,,,1749.6927748139242,1680.0982156849734,42.855190537803864,1.0,8,8,0,1202.5976575131888,1,1202.5976575131888,69,11.879484062349741,MinBattery_NearestTask,1074.904543573859,1790.9534363892533,0.5789747834205627,,2.9980123043060303,,,,,,256,3,4,,,,,,,0.99,,,0.01,,models\best_REINFORCE_u8_t80_seed0.pth,,,14.462206900003366,,,,,,,round_robin,3,640,,80,1.036323199979961,12.954039999749511,
REINFORCE_baseline_public25_seed0_20260810_001022,REINFORCE,baseline,u8_t100,8,100,0,70,2026-08-10 00:21:26,664.2754825999727,,,2193.7487326949886,2116.9696235167185,47.44711759363707,1.0,8,8,0,1720.5400593074576,1,1720.5400593074576,70,49.85446409311035,MinBattery_NearestTask,1148.1406775032206,2192.764389417016,1.1368515491485596,,3.1065661907196045,,,,,,256,3,4,,,,,,,0.99,,,0.01,,models\best_REINFORCE_u8_t100_seed0.pth,,,18.894752699998207,,,,,,,round_robin,3,800,,100,1.3921369999879971,13.921369999879971,
REINFORCE_baseline_public25_seed0_20260810_001022,REINFORCE,baseline,u10_t20,10,20,0,71,2026-08-10 00:21:30,667.557907499955,,,551.330440119894,526.1997486753273,11.781117814505663,1.0,8,8,0,564.2048094568329,1,561.853456124911,21,9.886691269329434,MinBattery_NearestTask,513.442349514357,559.9277735462435,-1.082787275314331,,2.804887533187866,,,,,,256,3,4,,,,,,,0.99,,,0.01,,models\best_REINFORCE_u10_t20_seed0.pth,,,3.257204399909824,,,,,,,round_robin,3,160,,20,0.16167120006866753,8.083560003433377,
REINFORCE_baseline_public25_seed0_20260810_001022,REINFORCE,baseline,u10_t40,10,40,0,72,2026-08-10 00:21:36,674.3658692999743,,,1035.9360273485436,959.7002414354249,42.18958760998309,1.0,8,8,0,645.1362839461227,1,645.1362839461227,72,2.8161863724388434,MinBattery_NearestTask,627.4656809475473,957.3671098819304,0.2958039343357086,,3.0009021759033203,,,,,,256,3,4,,,,,,,0.99,,,0.01,,models\best_REINFORCE_u10_t40_seed0.pth,,,6.784871399984695,,,,,,,round_robin,3,320,,40,0.4066872000694275,10.167180001735687,
REINFORCE_baseline_public25_seed0_20260810_001022,REINFORCE,baseline,u10_t60,10,60,0,73,2026-08-10 00:21:48,685.7944003999,,,1257.3293074707408,1187.0841078056935,42.5565778055244,1.0,8,8,0,1074.111463000069,1,1065.716736458004,48,59.83957614072332,MinBattery_NearestTask,671.9934380046263,1193.9764350817031,0.1180780827999115,,3.090937614440918,,,,,,256,3,4,,,,,,,0.99,,,0.01,,models\best_REINFORCE_u10_t60_seed0.pth,,,11.401406700024381,,,,,,,round_robin,3,480,,60,0.7694500000216067,12.824166667026777,
REINFORCE_baseline_public25_seed0_20260810_001022,REINFORCE,baseline,u10_t80,10,80,0,74,2026-08-10 00:22:02,700.3095265999436,,,1389.8565823052675,1292.9244482694703,153.15350400630427,1.0,8,8,0,1302.1502590845985,1,1256.2858962310388,24,14.52259138132568,MinBattery_NearestTask,1137.024794303537,1357.6824276116938,0.3415156900882721,,3.2110116481781006,,,,,,256,3,4,,,,,,,0.99,,,0.01,,models\best_REINFORCE_u10_t80_seed0.pth,,,14.495149199967273,,,,,,,round_robin,3,640,,80,1.0117559999926016,12.64694999990752,
REINFORCE_baseline_public25_seed0_20260810_001022,REINFORCE,baseline,u10_t100,10,100,0,75,2026-08-10 00:22:22,720.2972867999924,,,1772.2225698257575,1629.747405238826,61.808470008364786,1.0,8,8,0,1298.1962106191572,1,1298.1962106191572,75,9.357590843568142,MinBattery_NearestTask,1187.1112015225146,1816.9612465912573,1.051934838294983,,3.3580269813537598,,,,,,256,3,4,,,,,,,0.99,,,0.01,,models\best_REINFORCE_u10_t100_seed0.pth,,,19.9668009999441,,,,,,,round_robin,3,800,,100,1.8113148999400437,18.113148999400437,
REINFORCE_baseline_public25_seed0_20260810_001022,REINFORCE,baseline,u2_t20,2,20,0,76,2026-08-10 00:22:25,723.3147146999836,,,1734.989035903532,1632.3285410275664,107.05861217998121,1.0,8,8,0,1549.7310490309,1,1549.7310490309,76,25.43582035134277,MinBattery_NearestTask,1235.4772701211982,1648.142715048298,-0.6029673218727112,,1.7346504926681519,,,,,,256,3,4,,,,,,,0.99,,,0.01,,models\best_REINFORCE_u2_t20_seed0.pth,,,2.996251599979587,,,,,,,round_robin,4,160,,20,0.15992880007252097,7.996440003626048,
REINFORCE_baseline_public25_seed0_20260810_001022,REINFORCE,baseline,u2_t40,2,40,0,77,2026-08-10 00:22:31,728.9962229999946,,,3165.9272114901887,2965.839183973341,195.5907639400158,1.0,8,8,0,2374.2082941840786,1,2350.1119430607437,2,32.64448822708943,MinBattery_NearestTask,1789.903467469675,2985.7040913621695,-0.4721620976924896,,2.21877384185791,,,,,,256,3,4,,,,,,,0.99,,,0.01,,models\best_REINFORCE_u2_t40_seed0.pth,,,5.623264000052586,,,,,,,round_robin,4,320,,40,0.5057854000478983,12.644635001197457,
REINFORCE_baseline_public25_seed0_20260810_001022,REINFORCE,baseline,u2_t60,2,60,0,78,2026-08-10 00:22:39,736.6504291999154,,,4599.537414105771,4385.9657413547075,225.41813925938834,1.0,8,8,0,3243.088658091884,1,2558.6832951414017,53,30.181439369494523,MinBattery_NearestTask,2491.2066372895233,4452.979979969232,-0.4753299653530121,,2.522634267807007,,,,,,256,3,4,,,,,,,0.99,,,0.01,,models\best_REINFORCE_u2_t60_seed0.pth,,,7.633065199945122,,,,,,,round_robin,4,480,,60,0.39736370008904487,6.622728334817415,
REINFORCE_baseline_public25_seed0_20260810_001022,REINFORCE,baseline,u2_t80,2,80,0,79,2026-08-10 00:22:49,747.34660109994,,,5321.030539778165,5018.366833608583,319.77109983613553,1.0,8,8,0,3691.5127285842555,1,3143.0432671726317,29,44.70392746405547,MinBattery_NearestTask,2551.0798450866023,5725.724036335487,-0.21004553139209747,,2.8267385959625244,,,,,,256,3,4,,,,,,,0.99,,,0.01,,models\best_REINFORCE_u2_t80_seed0.pth,,,10.67599669995252,,,,,,,round_robin,4,640,,80,0.7540656999917701,9.425821249897126,
REINFORCE_baseline_public25_seed0_20260810_001022,REINFORCE,baseline,u2_t100,2,100,0,80,2026-08-10 00:23:04,761.9350317999488,,,7128.252530903673,6610.999165264445,307.07756354839324,1.0,8,8,0,4061.236763386268,1,3914.5411724202113,5,23.959331208851196,MinBattery_NearestTask,3276.265468505754,6667.618839462179,0.396864116191864,,2.995936155319214,,,,,,256,3,4,,,,,,,0.99,,,0.01,,models\best_REINFORCE_u2_t100_seed0.pth,,,14.543622800032608,,,,,,,round_robin,4,800,,100,1.044140400015749,10.44140400015749,
REINFORCE_baseline_public25_seed0_20260810_001022,REINFORCE,baseline,u4_t20,4,20,0,81,2026-08-10 00:23:06,764.4157035999233,,,1140.034907319591,1031.2880259417539,56.8598027199156,1.0,8,8,0,970.8025566938579,1,644.2191846321656,56,52.92533490000795,MinBattery_NearestTask,634.8212723082338,1116.781447019792,-0.7036505341529846,,2.06021785736084,,,,,,256,3,4,,,,,,,0.99,,,0.01,,models\best_REINFORCE_u4_t20_seed0.pth,,,2.4598034999798983,,,,,,,round_robin,4,160,,20,0.10536409995984286,5.268204997992143,
REINFORCE_baseline_public25_seed0_20260810_001022,REINFORCE,baseline,u4_t40,4,40,0,82,2026-08-10 00:23:12,770.3065179999685,,,1660.8883922948685,1319.681674712959,142.10476628931474,1.0,8,8,0,1322.286759030231,1,1286.2983485157724,7,9.45088330855542,MinBattery_NearestTask,1208.1097192267905,1809.9456757002988,-0.35004711151123047,,2.4421091079711914,,,,,,256,3,4,,,,,,,0.99,,,0.01,,models\best_REINFORCE_u4_t40_seed0.pth,,,5.868149799993262,,,,,,,round_robin,4,320,,40,0.2950554999988526,7.376387499971315,
REINFORCE_baseline_public25_seed0_20260810_001022,REINFORCE,baseline,u4_t60,4,60,0,83,2026-08-10 00:23:21,779.2470792999957,,,2415.55826712174,2316.415561601943,121.58872472008748,1.0,8,8,0,2179.2096973074367,1,1781.4244927218024,58,27.56939420666959,MinBattery_NearestTask,1708.2543276618485,2452.0766097704714,-0.19958433508872986,,2.6470696926116943,,,,,,256,3,4,,,,,,,0.99,,,0.01,,models\best_REINFORCE_u4_t60_seed0.pth,,,8.9211035000626,,,,,,,round_robin,4,480,,60,0.4329896999988705,7.216494999981174,
REINFORCE_baseline_public25_seed0_20260810_001022,REINFORCE,baseline,u4_t80,4,80,0,84,2026-08-10 00:23:33,790.5361285998952,,,3041.78598325009,2978.161511999855,41.41295898209698,1.0,8,8,0,2305.7762048514614,1,1907.8323990572944,9,25.147058786614295,MinBattery_NearestTask,1842.4533722226693,3001.7744400044194,0.4368310570716858,,2.894178628921509,,,,,,256,3,4,,,,,,,0.99,,,0.01,,models\best_REINFORCE_u4_t80_seed0.pth,,,11.264638399938121,,,,,,,round_robin,4,640,,80,0.6672922999132425,8.34115374891553,
REINFORCE_baseline_public25_seed0_20260810_001022,REINFORCE,baseline,u4_t100,4,100,0,85,2026-08-10 00:23:48,806.0657256999984,,,3705.8375272890175,3322.632504394741,159.83226778711028,1.0,8,8,0,2550.032163730466,1,2544.4251559040845,60,30.06130577146642,MinBattery_NearestTask,1960.6385993165281,3788.7440276745037,0.6007765531539917,,3.079253673553467,,,,,,256,3,4,,,,,,,0.99,,,0.01,,models\best_REINFORCE_u4_t100_seed0.pth,,,15.510352600016631,,,,,,,round_robin,4,800,,100,1.0411411999957636,10.411411999957636,
REINFORCE_baseline_public25_seed0_20260810_001022,REINFORCE,baseline,u6_t20,6,20,0,86,2026-08-10 00:23:51,809.2590971000027,,,859.7865531276586,567.8868602412626,120.04483563835684,1.0,8,8,0,532.7831152424773,1,532.7831152424773,86,-1.187750705986063,MinBattery_NearestTask,539.1873163996008,875.8432185926702,-0.26065048575401306,,2.3185956478118896,,,,,,256,3,4,,,,,,,0.99,,,0.01,,models\best_REINFORCE_u6_t20_seed0.pth,,,3.175081399967894,,,,,,,round_robin,4,160,,20,0.26825099997222424,13.412549998611212,
REINFORCE_baseline_public25_seed0_20260810_001022,REINFORCE,baseline,u6_t40,6,40,0,87,2026-08-10 00:23:56,814.3262148000067,,,1188.017863063838,1149.0959498693958,29.14462500032281,1.0,8,8,0,1162.489664617015,1,1153.5468396143979,62,14.725688695691112,MinBattery_NearestTask,1013.277564801122,1210.81064814677,-0.518586277961731,,2.584538698196411,,,,,,256,3,4,,,,,,,0.99,,,0.01,,models\best_REINFORCE_u6_t40_seed0.pth,,,5.045971599989571,,,,,,,round_robin,4,320,,40,0.27096840005833656,6.774210001458414,
REINFORCE_baseline_public25_seed0_20260810_001022,REINFORCE,baseline,u6_t60,6,60,0,88,2026-08-10 00:24:05,823.3560305999126,,,1744.9164663334968,1681.745774061228,29.977004563559277,1.0,8,8,0,1245.1896561551573,1,1245.1896561551573,88,3.382656656338654,MinBattery_NearestTask,1204.447338100797,1781.770307254355,0.427874892950058,,2.8047397136688232,,,,,,256,3,4,,,,,,,0.99,,,0.01,,models\best_REINFORCE_u6_t60_seed0.pth,,,9.010785900056362,,,,,,,round_robin,4,480,,60,0.48795089998748153,8.13251499979136,
REINFORCE_baseline_public25_seed0_20260810_001022,REINFORCE,baseline,u6_t80,6,80,0,89,2026-08-10 00:24:18,836.0618732000003,,,2080.295821212243,1937.4694086412228,189.24286458800617,1.0,8,8,0,1528.8641585551752,1,1335.9680928589678,39,19.210669404956292,MinBattery_NearestTask,1282.4893662509803,1990.1034262302112,0.20305758714675903,,3.022735834121704,,,,,,256,3,4,,,,,,,0.99,,,0.01,,models\best_REINFORCE_u6_t80_seed0.pth,,,12.687087500002235,,,,,,,round_robin,4,640,,80,0.78957589995116,9.8696987493895,
REINFORCE_baseline_public25_seed0_20260810_001022,REINFORCE,baseline,u6_t100,6,100,0,90,2026-08-10 00:24:35,852.8632213999517,,,2503.422688092111,2445.7016726303623,43.39384338405903,1.0,8,8,0,1905.527544803619,1,1778.152507105178,65,50.94096669393237,MinBattery_NearestTask,1262.4323181045447,2588.8953280469614,0.9084800481796265,,3.1221065521240234,,,,,,256,3,4,,,,,,,0.99,,,0.01,,models\best_REINFORCE_u6_t100_seed0.pth,,,16.781204500002787,,,,,,,round_robin,4,800,,100,1.4859160999767482,14.859160999767482,
REINFORCE_baseline_public25_seed0_20260810_001022,REINFORCE,baseline,u8_t20,8,20,0,91,2026-08-10 00:24:37,855.2629608999705,,,595.2549966730172,560.187684364289,19.956720496737475,1.0,8,8,0,575.0163964469027,1,567.8193811747653,16,0.25314896885133364,MinBattery_NearestTask,573.5644240217935,594.6205530170921,-0.9967268705368042,,2.6193668842315674,,,,,,256,3,4,,,,,,,0.99,,,0.01,,models\best_REINFORCE_u8_t20_seed0.pth,,,2.3784127000253648,,,,,,,round_robin,4,160,,20,0.1270904999691993,6.354524998459965,
REINFORCE_baseline_public25_seed0_20260810_001022,REINFORCE,baseline,u8_t40,8,40,0,92,2026-08-10 00:24:44,862.0712543999543,,,1160.716695348637,1048.9311283635686,58.578604763057136,1.0,8,8,0,1085.022313670963,1,1025.8149526762868,67,64.79960288786653,MinBattery_NearestTask,658.3889127507409,1218.711334656825,-0.2649652063846588,,2.779582977294922,,,,,,256,3,4,,,,,,,0.99,,,0.01,,models\best_REINFORCE_u8_t40_seed0.pth,,,6.788669900037348,,,,,,,round_robin,4,320,,40,0.7429543000180274,18.573857500450686,
REINFORCE_baseline_public25_seed0_20260810_001022,REINFORCE,baseline,u8_t60,8,60,0,93,2026-08-10 00:24:53,870.6967669998994,,,1561.0737637675581,1233.5318982105005,127.0752169648599,1.0,8,8,0,1194.4810828252578,1,1194.4810828252578,93,9.174327828429801,MinBattery_NearestTask,1094.1043618811327,1248.589806791493,0.1387050747871399,,2.959604024887085,,,,,,256,3,4,,,,,,,0.99,,,0.01,,models\best_REINFORCE_u8_t60_seed0.pth,,,8.606474200030789,,,,,,,round_robin,4,480,,60,0.6545555000193417,10.909258333655695,
REINFORCE_baseline_public25_seed0_20260810_001022,REINFORCE,baseline,u8_t80,8,80,0,94,2026-08-10 00:25:06,884.2655479999958,,,1723.083391745079,1633.0669156630706,49.63956140243692,1.0,8,8,0,1191.5771501184342,1,1191.5771501184342,94,10.854229544575226,MinBattery_NearestTask,1074.904543573859,1790.9534363892533,0.6111051440238953,,2.999058961868286,,,,,,256,3,4,,,,,,,0.99,,,0.01,,models\best_REINFORCE_u8_t80_seed0.pth,,,13.541589999920689,,,,,,,round_robin,4,640,,80,1.2959668000694364,16.199585000867955,
REINFORCE_baseline_public25_seed0_20260810_001022,REINFORCE,baseline,u8_t100,8,100,0,95,2026-08-10 00:25:28,905.876322099939,,,2122.8356678404143,1782.572082208394,191.58962370645037,1.0,8,8,0,1631.6907253712873,1,1631.6907253712873,95,42.11592336573323,MinBattery_NearestTask,1148.1406775032206,2192.764389417016,0.5893315672874451,,3.128859758377075,,,,,,256,3,4,,,,,,,0.99,,,0.01,,models\best_REINFORCE_u8_t100_seed0.pth,,,21.581704700016417,,,,,,,round_robin,4,800,,100,1.452142299967818,14.52142299967818,
REINFORCE_baseline_public25_seed0_20260810_001022,REINFORCE,baseline,u10_t20,10,20,0,96,2026-08-10 00:25:31,909.1536843999056,,,524.086059364344,488.3773238237536,19.330625961474354,1.0,8,8,0,564.2048094568329,1,561.853456124911,21,9.886691269329434,MinBattery_NearestTask,513.442349514357,559.9277735462435,-0.7355415225028992,,2.813297748565674,,,,,,256,3,4,,,,,,,0.99,,,0.01,,models\best_REINFORCE_u10_t20_seed0.pth,,,3.245559599949047,,,,,,,round_robin,4,160,,20,0.18478010001126677,9.239005000563338,
REINFORCE_baseline_public25_seed0_20260810_001022,REINFORCE,baseline,u10_t40,10,40,0,97,2026-08-10 00:25:38,916.3472324999748,,,891.2635004797205,633.5753855826933,161.0711512172021,1.0,8,8,0,641.6076115319182,1,641.6076115319182,97,2.253817382173785,MinBattery_NearestTask,627.4656809475473,957.3671098819304,-0.013542929664254189,,3.0140225887298584,,,,,,256,3,4,,,,,,,0.99,,,0.01,,models\best_REINFORCE_u10_t40_seed0.pth,,,7.160891499952413,,,,,,,round_robin,4,320,,40,0.46884600003249943,11.721150000812486,
REINFORCE_baseline_public25_seed0_20260810_001022,REINFORCE,baseline,u10_t60,10,60,0,98,2026-08-10 00:25:50,928.0830029000062,,,1243.2302744587573,1176.3483336241125,41.058337501538546,1.0,8,8,0,1063.414298717073,1,1063.414298717073,98,58.247720673390255,MinBattery_NearestTask,671.9934380046263,1193.9764350817031,0.20970600843429565,,3.079394578933716,,,,,,256,3,4,,,,,,,0.99,,,0.01,,models\best_REINFORCE_u10_t60_seed0.pth,,,11.711880099959671,,,,,,,round_robin,4,480,,60,0.8849439000478014,14.74906500079669,
REINFORCE_baseline_public25_seed0_20260810_001022,REINFORCE,baseline,u10_t80,10,80,0,99,2026-08-10 00:26:07,944.5585059999721,,,1383.5594119519965,1303.122497259698,119.97757854355814,1.0,8,8,0,1119.4244184143797,1,1119.4244184143797,99,-1.5479324617488246,MinBattery_NearestTask,1137.024794303537,1357.6824276116938,0.343431293964386,,3.2503623962402344,,,,,,256,3,4,,,,,,,0.99,,,0.01,,models\best_REINFORCE_u10_t80_seed0.pth,,,16.448566199978814,,,,,,,round_robin,4,640,,80,1.169526399928145,14.619079999101814,
REINFORCE_baseline_public25_seed0_20260810_001022,REINFORCE,baseline,u10_t100,10,100,0,100,2026-08-10 00:26:28,966.2925968999043,,,1828.8812606363817,1812.948780077566,12.334507288578793,1.0,8,8,0,1286.8217107635055,1,1286.8217107635055,100,8.399424511630283,MinBattery_NearestTask,1187.1112015225146,1816.9612465912573,1.141614317893982,,3.333047389984131,,,,,,256,3,4,,,,,,,0.99,,,0.01,,models\best_REINFORCE_u10_t100_seed0.pth,,,21.70734199997969,,,,,,,round_robin,4,800,,100,1.7168728999095038,17.168728999095038,
REINFORCE_baseline_public25_seed0_20260810_001022,REINFORCE,baseline,u2_t20,2,20,0,101,2026-08-10 00:26:31,969.2273386999732,,,1868.6421576230534,1676.3604197448471,179.2601429525654,1.0,8,8,0,1562.2330523353053,1,1549.7310490309,76,26.44773725234564,MinBattery_NearestTask,1235.4772701211982,1648.142715048298,-0.45495307445526123,,1.7728763818740845,,,,,,256,3,4,,,,,,,0.99,,,0.01,,models\best_REINFORCE_u2_t20_seed0.pth,,,2.905444399919361,,,,,,,round_robin,5,160,,20,0.12918200006242841,6.459100003121421,
REINFORCE_baseline_public25_seed0_20260810_001022,REINFORCE,baseline,u2_t40,2,40,0,102,2026-08-10 00:26:38,975.6614701999351,,,3174.755220908637,3004.558515216387,183.86005930608584,1.0,8,8,0,2287.2576388283355,1,2287.2576388283355,102,27.78664773814607,MinBattery_NearestTask,1789.903467469675,2985.7040913621695,-0.5040531754493713,,2.2515809535980225,,,,,,256,3,4,,,,,,,0.99,,,0.01,,models\best_REINFORCE_u2_t40_seed0.pth,,,6.403196500032209,,,,,,,round_robin,5,320,,40,0.28775630006566644,7.193907501641661,
REINFORCE_baseline_public25_seed0_20260810_001022,REINFORCE,baseline,u2_t60,2,60,0,103,2026-08-10 00:26:47,984.9085819999455,,,4435.8625579548525,4304.984962513478,64.17471210528862,1.0,8,8,0,3171.0660451159492,1,2558.6832951414017,53,27.29036594756848,MinBattery_NearestTask,2491.2066372895233,4452.979979969232,-0.5091028809547424,,2.4717485904693604,,,,,,256,3,4,,,,,,,0.99,,,0.01,,models\best_REINFORCE_u2_t60_seed0.pth,,,9.221286099986173,,,,,,,round_robin,5,480,,60,0.48446780000813305,8.074463333468884,
REINFORCE_baseline_public25_seed0_20260810_001022,REINFORCE,baseline,u2_t80,2,80,0,104,2026-08-10 00:27:01,999.1431895999704,,,5400.480771177464,5066.662527902375,257.5985601784337,1.0,8,8,0,3194.695669967403,1,3143.0432671726317,29,25.229152514391473,MinBattery_NearestTask,2551.0798450866023,5725.724036335487,-0.07828584313392639,,2.7941689491271973,,,,,,256,3,4,,,,,,,0.99,,,0.01,,models\best_REINFORCE_u2_t80_seed0.pth,,,14.203099499922246,,,,,,,round_robin,5,640,,80,1.0392568999668583,12.990711249585729,
REINFORCE_baseline_public25_seed0_20260810_001022,REINFORCE,baseline,u2_t100,2,100,0,105,2026-08-10 00:27:20,1018.5164377999026,,,6880.396871715637,6555.038113623163,287.1731223326405,1.0,8,8,0,4084.7084095380255,1,3914.5411724202113,5,24.67574586991535,MinBattery_NearestTask,3276.265468505754,6667.618839462179,0.41338518261909485,,2.971508741378784,,,,,,256,3,4,,,,,,,0.99,,,0.01,,models\best_REINFORCE_u2_t100_seed0.pth,,,19.340090800076723,,,,,,,round_robin,5,800,,100,1.092060999944806,10.920609999448061,
REINFORCE_baseline_public25_seed0_20260810_001022,REINFORCE,baseline,u4_t20,4,20,0,106,2026-08-10 00:27:23,1021.478178499965,,,1129.452326898927,1042.405182174858,52.045005135781366,1.0,8,8,0,990.9707886054209,1,644.2191846321656,56,56.10232861325113,MinBattery_NearestTask,634.8212723082338,1116.781447019792,-0.7046698331832886,,2.0683960914611816,,,,,,256,3,4,,,,,,,0.99,,,0.01,,models\best_REINFORCE_u4_t20_seed0.pth,,,2.9376177999656647,,,,,,,round_robin,5,160,,20,0.13152179995086044,6.576089997543022,
REINFORCE_baseline_public25_seed0_20260810_001022,REINFORCE,baseline,u4_t40,4,40,0,107,2026-08-10 00:27:30,1027.7209452999523,,,1759.6264227288707,1559.4174257062455,105.51777407258326,1.0,8,8,0,1291.5468111041337,1,1286.2983485157724,7,6.906416739263073,MinBattery_NearestTask,1208.1097192267905,1809.9456757002988,-0.4687078595161438,,2.42160964012146,,,,,,256,3,4,,,,,,,0.99,,,0.01,,models\best_REINFORCE_u4_t40_seed0.pth,,,6.2187650999985635,,,,,,,round_robin,5,320,,40,0.3042863999726251,7.607159999315627,
REINFORCE_baseline_public25_seed0_20260810_001022,REINFORCE,baseline,u4_t60,4,60,0,108,2026-08-10 00:27:39,1037.256989999907,,,2345.1688715670152,2126.5265787622207,86.43428418655131,1.0,8,8,0,1844.4294882921845,1,1781.4244927218024,58,7.971597579192088,MinBattery_NearestTask,1708.2543276618485,2452.0766097704714,-0.30106836557388306,,2.6769819259643555,,,,,,256,3,4,,,,,,,0.99,,,0.01,,models\best_REINFORCE_u4_t60_seed0.pth,,,9.510843900032341,,,,,,,round_robin,5,480,,60,0.5341446000384167,8.902410000640277,
REINFORCE_baseline_public25_seed0_20260810_001022,REINFORCE,baseline,u4_t80,4,80,0,109,2026-08-10 00:27:53,1051.4020289999899,,,3051.3791067701695,2945.6034032933267,59.11826051015956,1.0,8,8,0,2357.4750100476754,1,1907.8323990572944,9,27.953035099265637,MinBattery_NearestTask,1842.4533722226693,3001.7744400044194,0.23141683638095856,,2.8805744647979736,,,,,,256,3,4,,,,,,,0.99,,,0.01,,models\best_REINFORCE_u4_t80_seed0.pth,,,14.118228300008923,,,,,,,round_robin,5,640,,80,0.8867396999849007,11.084246249811258,
REINFORCE_baseline_public25_seed0_20260810_001022,REINFORCE,baseline,u4_t100,4,100,0,110,2026-08-10 00:28:12,1069.8433193999808,,,3728.3343745585366,3278.734843281525,181.4311779222926,1.0,8,8,0,2542.713236002937,1,2542.713236002937,110,29.688012716332214,MinBattery_NearestTask,1960.6385993165281,3788.7440276745037,0.5815512537956238,,3.054373025894165,,,,,,256,3,4,,,,,,,0.99,,,0.01,,models\best_REINFORCE_u4_t100_seed0.pth,,,18.41442000004463,,,,,,,round_robin,5,800,,100,1.1704411000246182,11.704411000246182,
REINFORCE_baseline_public25_seed0_20260810_001022,REINFORCE,baseline,u6_t20,6,20,0,111,2026-08-10 00:28:15,1072.9685829000082,,,815.7629268652754,556.1646607090977,103.62534525740479,1.0,8,8,0,555.1186858157143,1,532.7831152424773,86,2.954700329839826,MinBattery_NearestTask,539.1873163996008,875.8432185926702,-0.24918238818645477,,2.321376323699951,,,,,,256,3,4,,,,,,,0.99,,,0.01,,models\best_REINFORCE_u6_t20_seed0.pth,,,3.098207899951376,,,,,,,round_robin,5,160,,20,0.14689719991292804,7.344859995646402,
REINFORCE_baseline_public25_seed0_20260810_001022,REINFORCE,baseline,u6_t40,6,40,0,112,2026-08-10 00:28:21,1079.4356885999441,,,1187.1665081876768,1159.581593775979,32.73950797665761,1.0,8,8,0,1175.6337033518323,1,1153.5468396143979,62,16.022869171348546,MinBattery_NearestTask,1013.277564801122,1210.81064814677,-0.500704824924469,,2.570873498916626,,,,,,256,3,4,,,,,,,0.99,,,0.01,,models\best_REINFORCE_u6_t40_seed0.pth,,,6.4427671999437734,,,,,,,round_robin,5,320,,40,0.3226290999446064,8.06572749861516,
REINFORCE_baseline_public25_seed0_20260810_001022,REINFORCE,baseline,u6_t60,6,60,0,113,2026-08-10 00:28:32,1089.5405293999938,,,1751.8557964016618,1648.8305103161033,70.48452332206577,1.0,8,8,0,1144.778978383466,1,1144.778978383466,113,-4.954003203777889,MinBattery_NearestTask,1204.447338100797,1781.770307254355,0.06064329668879509,,2.848011016845703,,,,,,256,3,4,,,,,,,0.99,,,0.01,,models\best_REINFORCE_u6_t60_seed0.pth,,,10.069691199925728,,,,,,,round_robin,5,480,,60,0.6372658000327647,10.621096667212745,
REINFORCE_baseline_public25_seed0_20260810_001022,REINFORCE,baseline,u6_t80,6,80,0,114,2026-08-10 00:28:46,1103.7734562999103,,,2047.6866105711433,1930.0827806932703,160.61867159240882,1.0,8,8,0,1651.1022635736406,1,1335.9680928589678,39,28.741984691865554,MinBattery_NearestTask,1282.4893662509803,1990.1034262302112,0.22138789296150208,,3.0338943004608154,,,,,,256,3,4,,,,,,,0.99,,,0.01,,models\best_REINFORCE_u6_t80_seed0.pth,,,14.207851500017568,,,,,,,round_robin,5,640,,80,0.8771734000183642,10.964667500229552,
REINFORCE_baseline_public25_seed0_20260810_001022,REINFORCE,baseline,u6_t100,6,100,0,115,2026-08-10 00:29:04,1122.4962366999825,,,2555.2271749612914,2507.5854826311765,32.01070159320583,1.0,8,8,0,1893.9045925591718,1,1778.152507105178,65,50.02028745610214,MinBattery_NearestTask,1262.4323181045447,2588.8953280469614,0.8941833972930908,,3.1350743770599365,,,,,,256,3,4,,,,,,,0.99,,,0.01,,models\best_REINFORCE_u6_t100_seed0.pth,,,18.6968663999578,,,,,,,round_robin,5,800,,100,1.292878899956122,12.92878899956122,
REINFORCE_baseline_public25_seed0_20260810_001022,REINFORCE,baseline,u8_t20,8,20,0,116,2026-08-10 00:29:08,1125.7587243999587,,,632.6012810142697,549.4096393918492,116.77712248808241,1.0,8,8,0,562.6169731426162,1,562.6169731426162,116,-1.9086697885504318,MinBattery_NearestTask,573.5644240217935,594.6205530170921,-0.33169615268707275,,2.6119096279144287,,,,,,256,3,4,,,,,,,0.99,,,0.01,,models\best_REINFORCE_u8_t20_seed0.pth,,,3.236542100086808,,,,,,,round_robin,5,160,,20,0.16083740000613034,8.041870000306517,
REINFORCE_baseline_public25_seed0_20260810_001022,REINFORCE,baseline,u8_t40,8,40,0,117,2026-08-10 00:29:15,1132.5682886999566,,,1135.5103364285696,1076.6547832724918,49.11303210043547,1.0,8,8,0,1052.4310843016985,1,1025.8149526762868,67,59.8494543148751,MinBattery_NearestTask,658.3889127507409,1218.711334656825,-0.17265282571315765,,2.7563512325286865,,,,,,256,3,4,,,,,,,0.99,,,0.01,,models\best_REINFORCE_u8_t40_seed0.pth,,,6.784042999963276,,,,,,,round_robin,5,320,,40,0.4068603999912739,10.171509999781847,
REINFORCE_baseline_public25_seed0_20260810_001022,REINFORCE,baseline,u8_t60,8,60,0,118,2026-08-10 00:29:25,1143.1296496998984,,,1438.2782453030293,1230.4380611423442,200.27168360093384,1.0,8,8,0,1187.1303245359236,1,1187.1303245359236,118,8.502476170997802,MinBattery_NearestTask,1094.1043618811327,1248.589806791493,0.07613004744052887,,2.9039664268493652,,,,,,256,3,4,,,,,,,0.99,,,0.01,,models\best_REINFORCE_u8_t60_seed0.pth,,,10.534712199936621,,,,,,,round_robin,5,480,,60,0.6383263999596238,10.638773332660396,
REINFORCE_baseline_public25_seed0_20260810_001022,REINFORCE,baseline,u8_t80,8,80,0,119,2026-08-10 00:29:40,1157.5959141999483,,,1714.7690586691645,1666.721863919417,25.7726751271414,1.0,8,8,0,1645.2313653251106,1,1191.5771501184342,94,53.058369244120996,MinBattery_NearestTask,1074.904543573859,1790.9534363892533,0.6911775469779968,,2.9755783081054688,,,,,,256,3,4,,,,,,,0.99,,,0.01,,models\best_REINFORCE_u8_t80_seed0.pth,,,14.440623500035144,,,,,,,round_robin,5,640,,80,0.9546526999911293,11.933158749889117,
REINFORCE_baseline_public25_seed0_20260810_001022,REINFORCE,baseline,u8_t100,8,100,0,120,2026-08-10 00:29:59,1177.422872099909,,,2154.144567681853,1798.7348751167362,144.7974324622034,1.0,8,8,0,1695.8154613614727,1,1631.6907253712873,95,47.70101735697069,MinBattery_NearestTask,1148.1406775032206,2192.764389417016,0.8284649848937988,,3.125169515609741,,,,,,256,3,4,,,,,,,0.99,,,0.01,,models\best_REINFORCE_u8_t100_seed0.pth,,,19.799192799953744,,,,,,,round_robin,5,800,,100,1.5090980000095442,15.090980000095442,
REINFORCE_baseline_public25_seed0_20260810_001022,REINFORCE,baseline,u10_t20,10,20,0,121,2026-08-10 00:30:03,1180.8292197999544,,,545.4702988769119,510.6825594949177,18.039267439208388,1.0,8,8,0,557.711541991876,1,557.711541991876,121,8.622037609361836,MinBattery_NearestTask,513.442349514357,559.9277735462435,-0.678651750087738,,2.792926549911499,,,,,,256,3,4,,,,,,,0.99,,,0.01,,models\best_REINFORCE_u10_t20_seed0.pth,,,3.379332199925557,,,,,,,round_robin,5,160,,20,0.1651835999218747,8.259179996093735,
REINFORCE_baseline_public25_seed0_20260810_001022,REINFORCE,baseline,u10_t40,10,40,0,122,2026-08-10 00:30:10,1187.8096148999175,,,1022.2953198060218,978.9514258278149,35.69285600916121,1.0,8,8,0,623.7122618847827,1,623.7122618847827,122,-0.5981871481953359,MinBattery_NearestTask,627.4656809475473,957.3671098819304,0.21553654968738556,,2.9868690967559814,,,,,,256,3,4,,,,,,,0.99,,,0.01,,models\best_REINFORCE_u10_t40_seed0.pth,,,6.952322999946773,,,,,,,round_robin,5,320,,40,0.4223703999305144,10.55925999826286,
REINFORCE_baseline_public25_seed0_20260810_001022,REINFORCE,baseline,u10_t60,10,60,0,123,2026-08-10 00:30:21,1198.6281111999415,,,1221.4633029080342,1191.9377114030035,23.665659639221108,1.0,8,8,0,1067.4390553112041,1,1063.414298717073,98,58.84664863406825,MinBattery_NearestTask,671.9934380046263,1193.9764350817031,0.22214725613594055,,3.054121971130371,,,,,,256,3,4,,,,,,,0.99,,,0.01,,models\best_REINFORCE_u10_t60_seed0.pth,,,10.794621499953791,,,,,,,round_robin,5,480,,60,0.7589083999628201,12.648473332713667,
REINFORCE_baseline_public25_seed0_20260810_001022,REINFORCE,baseline,u10_t80,10,80,0,124,2026-08-10 00:30:36,1213.9146656999364,,,1319.6967272327245,1284.5894433147664,24.927469769270772,1.0,8,8,0,1128.8581807450505,1,1119.4244184143797,99,-0.7182441050890861,MinBattery_NearestTask,1137.024794303537,1357.6824276116938,0.49945738911628723,,3.221670150756836,,,,,,256,3,4,,,,,,,0.99,,,0.01,,models\best_REINFORCE_u10_t80_seed0.pth,,,15.259485300048254,,,,,,,round_robin,5,640,,80,1.1515800000634044,14.394750000792556,
REINFORCE_baseline_public25_seed0_20260810_001022,REINFORCE,baseline,u10_t100,10,100,0,125,2026-08-10 00:30:57,1235.0933558999095,,,1797.6928448463837,1757.4504784343285,34.83518096628476,1.0,8,8,0,1195.599213656352,1,1195.599213656352,125,0.715014071381957,MinBattery_NearestTask,1187.1112015225146,1816.9612465912573,1.1305938959121704,,3.3386361598968506,,,,,,256,3,4,,,,,,,0.99,,,0.01,,models\best_REINFORCE_u10_t100_seed0.pth,,,21.149513200041838,,,,,,,round_robin,5,800,,100,1.7140107000013813,17.140107000013813,
REINFORCE_baseline_public25_seed0_20260810_001022,REINFORCE,baseline,u2_t20,2,20,0,126,2026-08-10 00:31:00,1237.997281699907,,,1854.42577926689,1684.153523979138,184.13941650168664,1.0,8,8,0,1562.8850064281953,1,1549.7310490309,76,26.500506664511843,MinBattery_NearestTask,1235.4772701211982,1648.142715048298,-0.5482136607170105,,1.7769416570663452,,,,,,256,3,4,,,,,,,0.99,,,0.01,,models\best_REINFORCE_u2_t20_seed0.pth,,,2.879362400039099,,,,,,,round_robin,6,160,,20,0.11760130000766367,5.880065000383183,
REINFORCE_baseline_public25_seed0_20260810_001022,REINFORCE,baseline,u2_t40,2,40,0,127,2026-08-10 00:31:06,1243.7126688999124,,,3008.719524559262,2579.866094617794,211.1192049576116,1.0,8,8,0,2297.608260181842,1,2287.2576388283355,102,28.36492592697705,MinBattery_NearestTask,1789.903467469675,2985.7040913621695,-0.5574865937232971,,2.2120463848114014,,,,,,256,3,4,,,,,,,0.99,,,0.01,,models\best_REINFORCE_u2_t40_seed0.pth,,,5.691080900025554,,,,,,,round_robin,6,320,,40,0.3083958000643179,7.709895001607947,
REINFORCE_baseline_public25_seed0_20260810_001022,REINFORCE,baseline,u2_t60,2,60,0,128,2026-08-10 00:31:15,1252.8206661998993,,,4462.136494478365,4143.966113099376,233.00774792924315,1.0,8,8,0,3062.9881529017243,1,2558.6832951414017,53,22.951990696135482,MinBattery_NearestTask,2491.2066372895233,4452.979979969232,-0.48754212260246277,,2.5115911960601807,,,,,,256,3,4,,,,,,,0.99,,,0.01,,models\best_REINFORCE_u2_t60_seed0.pth,,,9.084156799945049,,,,,,,round_robin,6,480,,60,0.4853257000213489,8.088761667022482,
REINFORCE_baseline_public25_seed0_20260810_001022,REINFORCE,baseline,u2_t80,2,80,0,129,2026-08-10 00:31:28,1266.0501246999484,,,5180.127608816345,4947.743201776049,173.90649330307963,1.0,8,8,0,3349.9613019086273,1,3143.0432671726317,29,31.3154234807929,MinBattery_NearestTask,2551.0798450866023,5725.724036335487,-0.1486719846725464,,2.7899985313415527,,,,,,256,3,4,,,,,,,0.99,,,0.01,,models\best_REINFORCE_u2_t80_seed0.pth,,,13.205545700038783,,,,,,,round_robin,6,640,,80,0.7949495000066236,9.936868750082795,
REINFORCE_baseline_public25_seed0_20260810_001022,REINFORCE,baseline,u2_t100,2,100,0,130,2026-08-10 00:31:46,1283.602378499927,,,6976.366394316371,6542.359953771287,301.18085981836094,1.0,8,8,0,4368.069159182207,1,3914.5411724202113,5,33.324640544906906,MinBattery_NearestTask,3276.265468505754,6667.618839462179,0.338735967874527,,2.9625017642974854,,,,,,256,3,4,,,,,,,0.99,,,0.01,,models\best_REINFORCE_u2_t100_seed0.pth,,,17.526828299975023,,,,,,,round_robin,6,800,,100,1.1045829999493435,11.045829999493435,
REINFORCE_baseline_public25_seed0_20260810_001022,REINFORCE,baseline,u4_t20,4,20,0,131,2026-08-10 00:31:48,1286.4741475000046,,,1073.9198120118172,928.820493666613,87.64229577770321,1.0,8,8,0,947.5055260881377,1,644.2191846321656,56,49.25547826130216,MinBattery_NearestTask,634.8212723082338,1116.781447019792,-0.6286755204200745,,2.043490171432495,,,,,,256,3,4,,,,,,,0.99,,,0.01,,models\best_REINFORCE_u4_t20_seed0.pth,,,2.8381048999726772,,,,,,,round_robin,6,160,,20,0.12461659999098629,6.230829999549314,
REINFORCE_baseline_public25_seed0_20260810_001022,REINFORCE,baseline,u4_t40,4,40,0,132,2026-08-10 00:31:56,1293.6279620999703,,,1770.3565303907767,1640.1769866384268,81.54845597949058,1.0,8,8,0,1273.3935917124793,1,1273.3935917124793,132,5.403803267758786,MinBattery_NearestTask,1208.1097192267905,1809.9456757002988,-0.533803403377533,,2.4390790462493896,,,,,,256,3,4,,,,,,,0.99,,,0.01,,models\best_REINFORCE_u4_t40_seed0.pth,,,7.128081299946643,,,,,,,round_robin,6,320,,40,0.3336947999196127,8.342369997990318,
REINFORCE_baseline_public25_seed0_20260810_001022,REINFORCE,baseline,u4_t60,4,60,0,133,2026-08-10 00:32:06,1304.2556921999203,,,2400.995079905501,2278.627175790106,52.18069654874344,1.0,8,8,0,1658.382088076164,1,1658.382088076164,133,-2.919485627994655,MinBattery_NearestTask,1708.2543276618485,2452.0766097704714,-0.31903502345085144,,2.620283603668213,,,,,,256,3,4,,,,,,,0.99,,,0.01,,models\best_REINFORCE_u4_t60_seed0.pth,,,10.60090850002598,,,,,,,round_robin,6,480,,60,0.6139060999266803,10.231768332111338,
REINFORCE_baseline_public25_seed0_20260810_001022,REINFORCE,baseline,u4_t80,4,80,0,134,2026-08-10 00:32:22,1319.5402787999483,,,3009.359480666778,2873.228081363902,80.10584984955092,1.0,8,8,0,2253.6408070530306,1,1907.8323990572944,9,22.317386210665383,MinBattery_NearestTask,1842.4533722226693,3001.7744400044194,0.3951633870601654,,2.851177215576172,,,,,,256,3,4,,,,,,,0.99,,,0.01,,models\best_REINFORCE_u4_t80_seed0.pth,,,15.242446199990809,,,,,,,round_robin,6,640,,80,1.2209405999165028,15.261757498956285,
REINFORCE_baseline_public25_seed0_20260810_001022,REINFORCE,baseline,u4_t100,4,100,0,135,2026-08-10 00:32:40,1338.5191672999645,,,3673.1129408558745,3319.9035534740815,212.576207324421,1.0,8,8,0,2385.349306268222,1,2385.349306268222,135,21.661855841242055,MinBattery_NearestTask,1960.6385993165281,3788.7440276745037,0.49138444662094116,,3.045029878616333,,,,,,256,3,4,,,,,,,0.99,,,0.01,,models\best_REINFORCE_u4_t100_seed0.pth,,,18.942941099987365,,,,,,,round_robin,6,800,,100,1.2489459000062197,12.489459000062197,
REINFORCE_baseline_public25_seed0_20260810_001022,REINFORCE,baseline,u6_t20,6,20,0,136,2026-08-10 00:32:44,1341.6085955000017,,,804.2221469227402,550.6956210145663,147.04298094239252,1.0,8,8,0,555.2609071020868,1,532.7831152424773,86,2.9810773016354735,MinBattery_NearestTask,539.1873163996008,875.8432185926702,-0.22099623084068298,,2.318490505218506,,,,,,256,3,4,,,,,,,0.99,,,0.01,,models\best_REINFORCE_u6_t20_seed0.pth,,,3.0642839000793174,,,,,,,round_robin,6,160,,20,0.1473940999712795,7.369704998563975,
REINFORCE_baseline_public25_seed0_20260810_001022,REINFORCE,baseline,u6_t40,6,40,0,137,2026-08-10 00:32:50,1348.2296343999915,,,1185.5020292538288,1152.0706735166802,29.82033933788004,1.0,8,8,0,1057.489173123437,1,1057.489173123437,137,4.3632277924748575,MinBattery_NearestTask,1013.277564801122,1210.81064814677,-0.5277937054634094,,2.5386102199554443,,,,,,256,3,4,,,,,,,0.99,,,0.01,,models\best_REINFORCE_u6_t40_seed0.pth,,,6.591791699989699,,,,,,,round_robin,6,320,,40,0.3553150000516325,8.882875001290813,
REINFORCE_baseline_public25_seed0_20260810_001022,REINFORCE,baseline,u6_t60,6,60,0,138,2026-08-10 00:33:01,1358.7874995999737,,,1718.9008489452774,1607.3317478957283,70.79580109707823,1.0,8,8,0,1269.7086128571814,1,1144.778978383466,113,5.418358502854101,MinBattery_NearestTask,1204.447338100797,1781.770307254355,0.2545783519744873,,2.8044750690460205,,,,,,256,3,4,,,,,,,0.99,,,0.01,,models\best_REINFORCE_u6_t60_seed0.pth,,,10.529321199981496,,,,,,,round_robin,6,480,,60,0.7102029999950901,11.836716666584834,
REINFORCE_baseline_public25_seed0_20260810_001022,REINFORCE,baseline,u6_t80,6,80,0,139,2026-08-10 00:33:16,1374.203776899958,,,1981.2835015120495,1918.1687616986994,27.907985152897062,1.0,8,8,0,1653.1495726002036,1,1335.9680928589678,39,28.901620247562025,MinBattery_NearestTask,1282.4893662509803,1990.1034262302112,0.29466691613197327,,3.0246026515960693,,,,,,256,3,4,,,,,,,0.99,,,0.01,,models\best_REINFORCE_u6_t80_seed0.pth,,,15.390919400029816,,,,,,,round_robin,6,640,,80,1.0072999999392778,12.591249999240972,
REINFORCE_baseline_public25_seed0_20260810_001022,REINFORCE,baseline,u6_t100,6,100,0,140,2026-08-10 00:33:36,1393.6890411999775,,,2547.332458941404,2442.1347315347766,60.912970222909294,1.0,8,8,0,1840.8842511272244,1,1778.152507105178,65,45.82043129972983,MinBattery_NearestTask,1262.4323181045447,2588.8953280469614,0.7856090068817139,,3.121242046356201,,,,,,256,3,4,,,,,,,0.99,,,0.01,,models\best_REINFORCE_u6_t100_seed0.pth,,,19.458897200063802,,,,,,,round_robin,6,800,,100,1.3561188000021502,13.561188000021502,
REINFORCE_baseline_public25_seed0_20260810_001022,REINFORCE,baseline,u8_t20,8,20,0,141,2026-08-10 00:33:39,1396.9711482999846,,,623.5270748075334,567.1076898910252,81.45107405561134,1.0,8,8,0,575.0163964469027,1,562.6169731426162,116,0.25314896885133364,MinBattery_NearestTask,573.5644240217935,594.6205530170921,-0.4531271755695343,,2.5851194858551025,,,,,,256,3,4,,,,,,,0.99,,,0.01,,models\best_REINFORCE_u8_t20_seed0.pth,,,3.257975000073202,,,,,,,round_robin,6,160,,20,0.1627481000032276,8.13740500016138,
REINFORCE_baseline_public25_seed0_20260810_001022,REINFORCE,baseline,u8_t40,8,40,0,142,2026-08-10 00:33:46,1403.9895290998975,,,1177.0965127492827,1120.1276500569672,30.549905793316853,1.0,8,8,0,1059.3995486856147,1,1025.8149526762868,67,60.90786587815645,MinBattery_NearestTask,658.3889127507409,1218.711334656825,-0.11510973423719406,,2.7239491939544678,,,,,,256,3,4,,,,,,,0.99,,,0.01,,models\best_REINFORCE_u8_t40_seed0.pth,,,6.991523300064728,,,,,,,round_robin,6,320,,40,0.44929600006435066,11.232400001608767,
REINFORCE_baseline_public25_seed0_20260810_001022,REINFORCE,baseline,u8_t60,8,60,0,143,2026-08-10 00:33:56,1414.3681254999246,,,1449.953252492402,1178.3800034416254,190.64284292888155,1.0,8,8,0,1188.9977560165316,1,1187.1303245359236,118,8.673157464818559,MinBattery_NearestTask,1094.1043618811327,1248.589806791493,0.09199319034814835,,2.904087543487549,,,,,,256,3,4,,,,,,,0.99,,,0.01,,models\best_REINFORCE_u8_t60_seed0.pth,,,10.355151499970816,,,,,,,round_robin,6,480,,60,0.6598462999099866,10.99743833183311,
REINFORCE_baseline_public25_seed0_20260810_001022,REINFORCE,baseline,u8_t80,8,80,0,144,2026-08-10 00:34:11,1429.343158799922,,,1712.2020984784267,1628.3521362705928,45.577497639692396,1.0,8,8,0,1184.5560543271604,1,1184.5560543271604,144,10.2010463541935,MinBattery_NearestTask,1074.904543573859,1790.9534363892533,0.7054542899131775,,2.947296619415283,,,,,,256,3,4,,,,,,,0.99,,,0.01,,models\best_REINFORCE_u8_t80_seed0.pth,,,14.947852600016631,,,,,,,round_robin,6,640,,80,1.058399899979122,13.229998749739025,
REINFORCE_baseline_public25_seed0_20260810_001022,REINFORCE,baseline,u8_t100,8,100,0,145,2026-08-10 00:34:31,1448.9478401999222,,,2159.2491486529107,2070.0338529536057,63.57256230816706,1.0,8,8,0,2041.2131954808578,1,1631.6907253712873,95,77.78424155476647,MinBattery_NearestTask,1148.1406775032206,2192.764389417016,1.076534390449524,,3.100046396255493,,,,,,256,3,4,,,,,,,0.99,,,0.01,,models\best_REINFORCE_u8_t100_seed0.pth,,,19.57969189994037,,,,,,,round_robin,6,800,,100,1.3577507000882179,13.577507000882179,
REINFORCE_baseline_public25_seed0_20260810_001022,REINFORCE,baseline,u10_t20,10,20,0,146,2026-08-10 00:34:34,1452.1359130999772,,,541.2855472444194,496.8100086248006,22.19784693636107,1.0,8,8,0,561.853456124911,1,557.711541991876,121,9.428732681740005,MinBattery_NearestTask,513.442349514357,559.9277735462435,-0.8889065384864807,,2.774616241455078,,,,,,256,3,4,,,,,,,0.99,,,0.01,,models\best_REINFORCE_u10_t20_seed0.pth,,,3.1657156000146642,,,,,,,round_robin,6,160,,20,0.1659682000754401,8.298410003772005,
REINFORCE_baseline_public25_seed0_20260810_001022,REINFORCE,baseline,u10_t40,10,40,0,147,2026-08-10 00:34:41,1459.4362820999231,,,920.497504250455,646.4558694148827,167.87647877088557,1.0,8,8,0,630.6530368226863,1,623.7122618847827,122,0.5079729412970818,MinBattery_NearestTask,627.4656809475473,957.3671098819304,0.0528605654835701,,2.98101544380188,,,,,,256,3,4,,,,,,,0.99,,,0.01,,models\best_REINFORCE_u10_t40_seed0.pth,,,7.2747295999433845,,,,,,,round_robin,6,320,,40,0.4499133999925107,11.247834999812767,
REINFORCE_baseline_public25_seed0_20260810_001022,REINFORCE,baseline,u10_t60,10,60,0,148,2026-08-10 00:34:53,1470.8697079999838,,,1225.6689251643472,1149.8547254734813,46.140107557100926,1.0,8,8,0,1077.6904619518587,1,1063.414298717073,98,60.37217047117047,MinBattery_NearestTask,671.9934380046263,1193.9764350817031,0.34057357907295227,,3.0144567489624023,,,,,,256,3,4,,,,,,,0.99,,,0.01,,models\best_REINFORCE_u10_t60_seed0.pth,,,11.408957300009206,,,,,,,round_robin,6,480,,60,0.781296500004828,13.021608333413798,
REINFORCE_baseline_public25_seed0_20260810_001022,REINFORCE,baseline,u10_t80,10,80,0,149,2026-08-10 00:35:08,1486.0183659999166,,,1335.4120347181201,1313.1395678123333,17.328673234581057,1.0,8,8,0,1116.0106473162964,1,1116.0106473162964,149,-1.8481696346923009,MinBattery_NearestTask,1137.024794303537,1357.6824276116938,0.641531765460968,,3.1721932888031006,,,,,,256,3,4,,,,,,,0.99,,,0.01,,models\best_REINFORCE_u10_t80_seed0.pth,,,15.112681099912152,,,,,,,round_robin,6,640,,80,1.0393648999743164,12.992061249678954,
REINFORCE_baseline_public25_seed0_20260810_001022,REINFORCE,baseline,u10_t100,10,100,0,150,2026-08-10 00:35:30,1508.3857843999285,,,1770.3301560542764,1643.2030631002574,60.83896644078919,1.0,8,8,0,1332.8506576321681,1,1195.599213656352,125,12.276815846968434,MinBattery_NearestTask,1187.1112015225146,1816.9612465912573,1.0995447635650635,,3.3337762355804443,,,,,,256,3,4,,,,,,,0.99,,,0.01,,models\best_REINFORCE_u10_t100_seed0.pth,,,22.34071739995852,,,,,,,round_robin,6,800,,100,1.68116859998554,16.8116859998554,
REINFORCE_baseline_public25_seed0_20260810_001022,REINFORCE,baseline,u2_t20,2,20,0,151,2026-08-10 00:35:33,1511.2893665999873,,,1697.4940816355847,1621.8880890262421,55.62341226640655,1.0,8,8,0,1565.9050023463735,1,1549.7310490309,76,26.744946282399912,MinBattery_NearestTask,1235.4772701211982,1648.142715048298,-0.6884230971336365,,1.723472237586975,,,,,,256,3,4,,,,,,,0.99,,,0.01,,models\best_REINFORCE_u2_t20_seed0.pth,,,2.87643169995863,,,,,,,round_robin,7,160,,20,0.13236299995332956,6.618149997666478,
REINFORCE_baseline_public25_seed0_20260810_001022,REINFORCE,baseline,u2_t40,2,40,0,152,2026-08-10 00:35:39,1517.2567119000014,,,3050.499906299975,2833.6436129337035,103.00497368063691,1.0,8,8,0,2418.3202891355595,1,2287.2576388283355,102,35.10897839391617,MinBattery_NearestTask,1789.903467469675,2985.7040913621695,-0.5834468007087708,,2.181746244430542,,,,,,256,3,4,,,,,,,0.99,,,0.01,,models\best_REINFORCE_u2_t40_seed0.pth,,,5.940961500047706,,,,,,,round_robin,7,320,,40,0.2966201000381261,7.415502500953153,
REINFORCE_baseline_public25_seed0_20260810_001022,REINFORCE,baseline,u2_t60,2,60,0,153,2026-08-10 00:35:49,1527.1825340999058,,,4607.4198323924265,4388.639198803901,201.32752191168885,1.0,8,8,0,3128.2867394993555,1,2558.6832951414017,53,25.573153694829042,MinBattery_NearestTask,2491.2066372895233,4452.979979969232,-0.4861084222793579,,2.521185874938965,,,,,,256,3,4,,,,,,,0.99,,,0.01,,models\best_REINFORCE_u2_t60_seed0.pth,,,9.896662799990736,,,,,,,round_robin,7,480,,60,0.6578060999745503,10.963434999575838,
REINFORCE_baseline_public25_seed0_20260810_001022,REINFORCE,baseline,u2_t80,2,80,0,154,2026-08-10 00:36:02,1539.938159299898,,,5154.0003165486505,4834.671449861084,253.96609301492552,1.0,8,8,0,3144.184114194501,1,3143.0432671726317,29,23.24914566081582,MinBattery_NearestTask,2551.0798450866023,5725.724036335487,-0.1428854614496231,,2.770740032196045,,,,,,256,3,4,,,,,,,0.99,,,0.01,,models\best_REINFORCE_u2_t80_seed0.pth,,,12.72968160000164,,,,,,,round_robin,7,640,,80,0.7719259000150487,9.649073750188109,
REINFORCE_baseline_public25_seed0_20260810_001022,REINFORCE,baseline,u2_t100,2,100,0,155,2026-08-10 00:36:18,1556.4510328999022,,,6709.381060569365,6156.436405304375,258.38386763765345,1.0,8,8,0,3765.378306473222,1,3765.378306473222,155,14.928974549505703,MinBattery_NearestTask,3276.265468505754,6667.618839462179,0.3307827115058899,,2.9693150520324707,,,,,,256,3,4,,,,,,,0.99,,,0.01,,models\best_REINFORCE_u2_t100_seed0.pth,,,16.484761399915442,,,,,,,round_robin,7,800,,100,1.0265702999895439,10.265702999895439,
REINFORCE_baseline_public25_seed0_20260810_001022,REINFORCE,baseline,u4_t20,4,20,0,156,2026-08-10 00:36:21,1559.280327299959,,,1069.1895314745993,914.778535353016,91.29186277359047,1.0,8,8,0,646.3861768185814,1,644.2191846321656,56,1.8217575583592427,MinBattery_NearestTask,634.8212723082338,1116.781447019792,-0.6036771535873413,,2.04719614982605,,,,,,256,3,4,,,,,,,0.99,,,0.01,,models\best_REINFORCE_u4_t20_seed0.pth,,,2.802072099992074,,,,,,,round_robin,7,160,,20,0.1284985999809578,6.42492999904789,
REINFORCE_baseline_public25_seed0_20260810_001022,REINFORCE,baseline,u4_t40,4,40,0,157,2026-08-10 00:36:28,1566.4998859999469,,,1746.1824964817283,1658.6772115116642,38.063825132709304,1.0,8,8,0,1220.7253884160014,1,1220.7253884160014,157,1.0442486297755371,MinBattery_NearestTask,1208.1097192267905,1809.9456757002988,-0.4878537356853485,,2.4009692668914795,,,,,,256,3,4,,,,,,,0.99,,,0.01,,models\best_REINFORCE_u4_t40_seed0.pth,,,7.1907972999615595,,,,,,,round_robin,7,320,,40,0.3258505000267178,8.146262500667945,
REINFORCE_baseline_public25_seed0_20260810_001022,REINFORCE,baseline,u4_t60,4,60,0,158,2026-08-10 00:36:39,1577.3984234998934,,,2351.2866552754213,2199.334360431986,73.99321274051246,1.0,8,8,0,1767.2152249125209,1,1658.382088076164,133,3.451529218800478,MinBattery_NearestTask,1708.2543276618485,2452.0766097704714,-0.35389018058776855,,2.6151342391967773,,,,,,256,3,4,,,,,,,0.99,,,0.01,,models\best_REINFORCE_u4_t60_seed0.pth,,,10.871061600046232,,,,,,,round_robin,7,480,,60,0.6039348000194877,10.065580000324795,
REINFORCE_baseline_public25_seed0_20260810_001022,REINFORCE,baseline,u4_t80,4,80,0,159,2026-08-10 00:36:54,1592.241164200008,,,2973.6295636186455,2487.4143477074686,191.29829462544114,1.0,8,8,0,2295.350678854438,1,1907.8323990572944,9,24.58120859174903,MinBattery_NearestTask,1842.4533722226693,3001.7744400044194,0.08452723920345306,,2.864715099334717,,,,,,256,3,4,,,,,,,0.99,,,0.01,,models\best_REINFORCE_u4_t80_seed0.pth,,,14.816277700010687,,,,,,,round_robin,7,640,,80,0.8636849999893457,10.79606249986682,
REINFORCE_baseline_public25_seed0_20260810_001022,REINFORCE,baseline,u4_t100,4,100,0,160,2026-08-10 00:37:12,1610.3277171999216,,,3510.4107252777303,3142.8511335306544,258.87355015849704,1.0,8,8,0,2547.575057988918,1,2385.349306268222,135,29.935984065446537,MinBattery_NearestTask,1960.6385993165281,3788.7440276745037,0.38251668214797974,,3.0206356048583984,,,,,,256,3,4,,,,,,,0.99,,,0.01,,models\best_REINFORCE_u4_t100_seed0.pth,,,18.058512799907476,,,,,,,round_robin,7,800,,100,1.2267812000354752,12.267812000354752,
REINFORCE_baseline_public25_seed0_20260810_001022,REINFORCE,baseline,u6_t20,6,20,0,161,2026-08-10 00:37:15,1613.4491585999494,,,791.6589491988275,560.9559576593836,134.23623005273384,1.0,8,8,0,557.4268220080323,1,532.7831152424773,86,3.3827772007370243,MinBattery_NearestTask,539.1873163996008,875.8432185926702,-0.2600495219230652,,2.2708938121795654,,,,,,256,3,4,,,,,,,0.99,,,0.01,,models\best_REINFORCE_u6_t20_seed0.pth,,,3.0924187999917194,,,,,,,round_robin,7,160,,20,0.14884259994141757,7.442129997070879,
REINFORCE_baseline_public25_seed0_20260810_001022,REINFORCE,baseline,u6_t40,6,40,0,162,2026-08-10 00:37:22,1619.8271045999136,,,1191.9993982845544,1125.0628752547339,29.241073735698524,1.0,8,8,0,1091.1135920615525,1,1057.489173123437,137,7.681609656057812,MinBattery_NearestTask,1013.277564801122,1210.81064814677,-0.49096599221229553,,2.5038018226623535,,,,,,256,3,4,,,,,,,0.99,,,0.01,,models\best_REINFORCE_u6_t40_seed0.pth,,,6.346348699997179,,,,,,,round_robin,7,320,,40,0.33679870003834367,8.419967500958592,
REINFORCE_baseline_public25_seed0_20260810_001022,REINFORCE,baseline,u6_t60,6,60,0,163,2026-08-10 00:37:32,1629.9897335999412,,,1703.9795591060024,1517.9485103913876,91.40722997548986,1.0,8,8,0,1258.5865150457048,1,1144.778978383466,113,4.494939316340377,MinBattery_NearestTask,1204.447338100797,1781.770307254355,0.16536562144756317,,2.807121992111206,,,,,,256,3,4,,,,,,,0.99,,,0.01,,models\best_REINFORCE_u6_t60_seed0.pth,,,10.135741399950348,,,,,,,round_robin,7,480,,60,0.648262899951078,10.804381665851299,
REINFORCE_baseline_public25_seed0_20260810_001022,REINFORCE,baseline,u6_t80,6,80,0,164,2026-08-10 00:37:47,1645.1459912999999,,,1978.921906007101,1876.4068251194353,41.442065246133915,1.0,8,8,0,1361.6929805038371,1,1335.9680928589678,39,6.1757716155095865,MinBattery_NearestTask,1282.4893662509803,1990.1034262302112,0.4156745374202728,,2.9860081672668457,,,,,,256,3,4,,,,,,,0.99,,,0.01,,models\best_REINFORCE_u6_t80_seed0.pth,,,15.127327300026082,,,,,,,round_robin,7,640,,80,0.9687301000813022,12.109126251016278,
REINFORCE_baseline_public25_seed0_20260810_001022,REINFORCE,baseline,u6_t100,6,100,0,165,2026-08-10 00:38:06,1664.2053519999608,,,2466.378425185237,2353.0269903659,57.135089656075095,1.0,8,8,0,1868.2241325277664,1,1778.152507105178,65,47.9860825594814,MinBattery_NearestTask,1262.4323181045447,2588.8953280469614,0.883154034614563,,3.0958142280578613,,,,,,256,3,4,,,,,,,0.99,,,0.01,,models\best_REINFORCE_u6_t100_seed0.pth,,,19.031303700059652,,,,,,,round_robin,7,800,,100,1.3391185000073165,13.391185000073165,
REINFORCE_baseline_public25_seed0_20260810_001022,REINFORCE,baseline,u8_t20,8,20,0,166,2026-08-10 00:38:09,1667.380086399964,,,568.8863238906371,530.573861907696,21.44283878611461,1.0,8,8,0,594.7545950425215,1,562.6169731426162,116,3.6944709492517056,MinBattery_NearestTask,573.5644240217935,594.6205530170921,-0.7468175292015076,,2.5683329105377197,,,,,,256,3,4,,,,,,,0.99,,,0.01,,models\best_REINFORCE_u8_t20_seed0.pth,,,3.150034600053914,,,,,,,round_robin,7,160,,20,0.1526124000083655,7.630620000418276,
REINFORCE_baseline_public25_seed0_20260810_001022,REINFORCE,baseline,u8_t40,8,40,0,167,2026-08-10 00:38:17,1674.5838890000014,,,1134.7164200626084,1071.9351236615598,44.27753980552227,1.0,8,8,0,1057.9954240954423,1,1025.8149526762868,67,60.69459913520569,MinBattery_NearestTask,658.3889127507409,1218.711334656825,0.01735612191259861,,2.664584159851074,,,,,,256,3,4,,,,,,,0.99,,,0.01,,models\best_REINFORCE_u8_t40_seed0.pth,,,7.175876599969342,,,,,,,round_robin,7,320,,40,0.419356600032188,10.4839150008047,
REINFORCE_baseline_public25_seed0_20260810_001022,REINFORCE,baseline,u8_t60,8,60,0,168,2026-08-10 00:38:28,1685.754864999908,,,1316.4400549000766,1216.4114050794747,142.6569196811074,1.0,8,8,0,1198.2084614884157,1,1187.1303245359236,118,9.515006359017985,MinBattery_NearestTask,1094.1043618811327,1248.589806791493,-0.09703043848276138,,2.8807265758514404,,,,,,256,3,4,,,,,,,0.99,,,0.01,,models\best_REINFORCE_u8_t60_seed0.pth,,,11.14235550002195,,,,,,,round_robin,7,480,,60,0.7685286999912933,12.808811666521555,
REINFORCE_baseline_public25_seed0_20260810_001022,REINFORCE,baseline,u8_t80,8,80,0,169,2026-08-10 00:38:44,1702.1962722999742,,,1689.9929850839585,1600.0657800711945,48.39746946493467,1.0,8,8,0,1202.8582377357548,1,1184.5560543271604,144,11.90372623567795,MinBattery_NearestTask,1074.904543573859,1790.9534363892533,0.6209996342658997,,2.949608325958252,,,,,,256,3,4,,,,,,,0.99,,,0.01,,models\best_REINFORCE_u8_t80_seed0.pth,,,16.4051732000662,,,,,,,round_robin,7,640,,80,1.1304865999845788,14.131082499807235,
REINFORCE_baseline_public25_seed0_20260810_001022,REINFORCE,baseline,u8_t100,8,100,0,170,2026-08-10 00:39:07,1724.7382110999897,,,2167.368113871982,2034.8544717320578,65.48916687391518,1.0,8,8,0,1787.6199161837646,1,1631.6907253712873,95,55.69694125559368,MinBattery_NearestTask,1148.1406775032206,2192.764389417016,1.0449151992797852,,3.048372745513916,,,,,,256,3,4,,,,,,,0.99,,,0.01,,models\best_REINFORCE_u8_t100_seed0.pth,,,22.507853400078602,,,,,,,round_robin,7,800,,100,1.6483716999646276,16.483716999646276,
REINFORCE_baseline_public25_seed0_20260810_001022,REINFORCE,baseline,u10_t20,10,20,0,171,2026-08-10 00:39:10,1728.2575211999938,,,548.1948170960712,488.3773238237536,24.023449805008273,1.0,8,8,0,561.853456124911,1,557.711541991876,121,9.428732681740005,MinBattery_NearestTask,513.442349514357,559.9277735462435,-0.8837348818778992,,2.742029905319214,,,,,,256,3,4,,,,,,,0.99,,,0.01,,models\best_REINFORCE_u10_t20_seed0.pth,,,3.4935484000016004,,,,,,,round_robin,7,160,,20,0.17463070002850145,8.731535001425073,
REINFORCE_baseline_public25_seed0_20260810_001022,REINFORCE,baseline,u10_t40,10,40,0,172,2026-08-10 00:39:17,1735.3799442999298,,,977.9114081005698,861.5480851457562,82.3974325719102,1.0,8,8,0,621.0078944729405,1,621.0078944729405,172,-1.0291856065904308,MinBattery_NearestTask,627.4656809475473,957.3671098819304,0.290502667427063,,2.9247937202453613,,,,,,256,3,4,,,,,,,0.99,,,0.01,,models\best_REINFORCE_u10_t40_seed0.pth,,,7.09656570001971,,,,,,,round_robin,7,320,,40,0.4330104999244213,10.825262498110533,
REINFORCE_baseline_public25_seed0_20260810_001022,REINFORCE,baseline,u10_t60,10,60,0,173,2026-08-10 00:39:29,1746.8909086999483,,,1222.7787618724255,1164.4168774425204,23.11297031113134,1.0,8,8,0,1053.000622006581,1,1053.000622006581,173,56.69805126866901,MinBattery_NearestTask,671.9934380046263,1193.9764350817031,0.3980444371700287,,2.9642467498779297,,,,,,256,3,4,,,,,,,0.99,,,0.01,,models\best_REINFORCE_u10_t60_seed0.pth,,,11.48500200000126,,,,,,,round_robin,7,480,,60,0.7847044999944046,13.078408333240077,
REINFORCE_baseline_public25_seed0_20260810_001022,REINFORCE,baseline,u10_t80,10,80,0,174,2026-08-10 00:39:46,1763.568082899903,,,1320.805202645562,1273.4750026557417,20.9427095556699,1.0,8,8,0,1108.9039064293324,1,1108.9039064293324,174,-2.473199178688926,MinBattery_NearestTask,1137.024794303537,1357.6824276116938,0.6099931001663208,,3.1449997425079346,,,,,,256,3,4,,,,,,,0.99,,,0.01,,models\best_REINFORCE_u10_t80_seed0.pth,,,16.64894609991461,,,,,,,round_robin,7,640,,80,1.219241700018756,15.240521250234451,
REINFORCE_baseline_public25_seed0_20260810_001022,REINFORCE,baseline,u10_t100,10,100,0,175,2026-08-10 00:40:08,1785.5326755999122,,,1669.7729729167654,1349.061859028144,157.87395722322108,1.0,8,8,0,1269.769049112847,1,1195.599213656352,125,6.962940580825156,MinBattery_NearestTask,1187.1112015225146,1816.9612465912573,0.7891429662704468,,3.2754831314086914,,,,,,256,3,4,,,,,,,0.99,,,0.01,,models\best_REINFORCE_u10_t100_seed0.pth,,,21.932980600045994,,,,,,,round_robin,7,800,,100,1.833462500013411,18.33462500013411,
REINFORCE_baseline_public25_seed0_20260810_001022,REINFORCE,baseline,u2_t20,2,20,0,176,2026-08-10 00:40:10,1788.4067956999643,,,1662.706096804736,1561.6455143911553,65.97603002238577,1.0,8,8,0,1483.1193963298767,1,1483.1193963298767,176,20.044247854465606,MinBattery_NearestTask,1235.4772701211982,1648.142715048298,-0.7096611857414246,,1.7218093872070312,,,,,,256,3,4,,,,,,,0.99,,,0.01,,models\best_REINFORCE_u2_t20_seed0.pth,,,2.8488022999372333,,,,,,,round_robin,8,160,,20,0.11367860005702823,5.683930002851412,
REINFORCE_baseline_public25_seed0_20260810_001022,REINFORCE,baseline,u2_t40,2,40,0,177,2026-08-10 00:40:17,1794.967075399938,,,2975.5936843584404,2568.290787143319,272.8135717159536,1.0,8,8,0,2260.6487177656254,1,2260.6487177656254,177,26.30003566401415,MinBattery_NearestTask,1789.903467469675,2985.7040913621695,-0.40503448247909546,,2.130352020263672,,,,,,256,3,4,,,,,,,0.99,,,0.01,,models\best_REINFORCE_u2_t40_seed0.pth,,,6.535920300055295,,,,,,,round_robin,8,320,,40,0.28492250002454966,7.123062500613742,
REINFORCE_baseline_public25_seed0_20260810_001022,REINFORCE,baseline,u2_t60,2,60,0,178,2026-08-10 00:40:26,1804.2743745999178,,,4474.394946979319,4207.384034729954,235.99667844153672,1.0,8,8,0,3086.4265272219022,1,2558.6832951414017,53,23.892834942828696,MinBattery_NearestTask,2491.2066372895233,4452.979979969232,-0.44025206565856934,,2.4925873279571533,,,,,,256,3,4,,,,,,,0.99,,,0.01,,models\best_REINFORCE_u2_t60_seed0.pth,,,9.282037199940532,,,,,,,round_robin,8,480,,60,0.47164740005973727,7.860790000995621,
REINFORCE_baseline_public25_seed0_20260810_001022,REINFORCE,baseline,u2_t80,2,80,0,179,2026-08-10 00:40:38,1816.0897154998966,,,4782.085500947361,4409.145668454507,267.44536156131693,1.0,8,8,0,3651.846940345409,1,3143.0432671726317,29,43.14906479226403,MinBattery_NearestTask,2551.0798450866023,5725.724036335487,-0.12512756884098053,,2.754638671875,,,,,,256,3,4,,,,,,,0.99,,,0.01,,models\best_REINFORCE_u2_t80_seed0.pth,,,11.793526800000109,,,,,,,round_robin,8,640,,80,0.5883777999551967,7.3547224994399585,
REINFORCE_baseline_public25_seed0_20260810_001022,REINFORCE,baseline,u2_t100,2,100,0,180,2026-08-10 00:40:55,1832.758159799967,,,6623.742464121795,6070.633787381219,273.12676853334006,1.0,8,8,0,3945.5653150129647,1,3765.378306473222,155,20.42874281529043,MinBattery_NearestTask,3276.265468505754,6667.618839462179,0.3627524971961975,,2.9216952323913574,,,,,,256,3,4,,,,,,,0.99,,,0.01,,models\best_REINFORCE_u2_t100_seed0.pth,,,16.642498700064607,,,,,,,round_robin,8,800,,100,1.0068495000014082,10.068495000014082,
REINFORCE_baseline_public25_seed0_20260810_001022,REINFORCE,baseline,u4_t20,4,20,0,181,2026-08-10 00:40:58,1836.3083260999992,,,1073.2757083748145,896.4093173664053,91.96117379173553,1.0,8,8,0,651.6890323730806,1,644.2191846321656,56,2.657088034166692,MinBattery_NearestTask,634.8212723082338,1116.781447019792,-0.6012367010116577,,1.9726933240890503,,,,,,256,3,4,,,,,,,0.99,,,0.01,,models\best_REINFORCE_u4_t20_seed0.pth,,,3.5287044999422505,,,,,,,round_robin,8,160,,20,0.2695923999417573,13.479619997087866,
REINFORCE_baseline_public25_seed0_20260810_001022,REINFORCE,baseline,u4_t40,4,40,0,182,2026-08-10 00:41:05,1843.529874800006,,,1665.4349135078191,1434.740436685655,95.26569108039362,1.0,8,8,0,1307.663078378188,1,1220.7253884160014,157,8.240423660784153,MinBattery_NearestTask,1208.1097192267905,1809.9456757002988,-0.35017332434654236,,2.3627870082855225,,,,,,256,3,4,,,,,,,0.99,,,0.01,,models\best_REINFORCE_u4_t40_seed0.pth,,,7.191610099980608,,,,,,,round_robin,8,320,,40,0.2615856999764219,6.539642499410547,
REINFORCE_baseline_public25_seed0_20260810_001022,REINFORCE,baseline,u4_t60,4,60,0,183,2026-08-10 00:41:17,1855.0439612999326,,,2346.335040924193,2194.1547292409336,142.98617398048916,1.0,8,8,0,1852.2922034568576,1,1658.382088076164,133,8.431875363205378,MinBattery_NearestTask,1708.2543276618485,2452.0766097704714,-0.13200920820236206,,2.560375928878784,,,,,,256,3,4,,,,,,,0.99,,,0.01,,models\best_REINFORCE_u4_t60_seed0.pth,,,11.492486499948427,,,,,,,round_robin,8,480,,60,0.49983420001808554,8.330570000301426,
REINFORCE_baseline_public25_seed0_20260810_001022,REINFORCE,baseline,u4_t80,4,80,0,184,2026-08-10 00:41:33,1870.6969825999113,,,2877.785428509448,2562.9653530549335,126.35437337157128,1.0,8,8,0,2429.02404134486,1,1907.8323990572944,9,31.836391518259866,MinBattery_NearestTask,1842.4533722226693,3001.7744400044194,0.1875832974910736,,2.792003631591797,,,,,,256,3,4,,,,,,,0.99,,,0.01,,models\best_REINFORCE_u4_t80_seed0.pth,,,15.627364099957049,,,,,,,round_robin,8,640,,80,0.7046792999608442,8.808491249510553,
REINFORCE_baseline_public25_seed0_20260810_001022,REINFORCE,baseline,u4_t100,4,100,0,185,2026-08-10 00:41:50,1887.9216572999721,,,3580.921112535508,3304.4086832573144,201.81647061813234,1.0,8,8,0,2666.8551447191376,1,2385.349306268222,135,36.01972059760499,MinBattery_NearestTask,1960.6385993165281,3788.7440276745037,0.5674813389778137,,2.998669147491455,,,,,,256,3,4,,,,,,,0.99,,,0.01,,models\best_REINFORCE_u4_t100_seed0.pth,,,17.199607399990782,,,,,,,round_robin,8,800,,100,1.3429730999050662,13.429730999050662,
REINFORCE_baseline_public25_seed0_20260810_001022,REINFORCE,baseline,u6_t20,6,20,0,186,2026-08-10 00:41:52,1890.434578699991,,,746.6214799756267,542.0691706745833,157.7181278403508,1.0,8,8,0,733.4181836414248,1,532.7831152424773,86,36.02289247803377,MinBattery_NearestTask,539.1873163996008,875.8432185926702,-0.21850785613059998,,2.234761953353882,,,,,,256,3,4,,,,,,,0.99,,,0.01,,models\best_REINFORCE_u6_t20_seed0.pth,,,2.488230500021018,,,,,,,round_robin,8,160,,20,0.11841820005793124,5.920910002896562,
REINFORCE_baseline_public25_seed0_20260810_001022,REINFORCE,baseline,u6_t40,6,40,0,187,2026-08-10 00:41:59,1896.5898531998973,,,1170.23682527959,1106.471742299278,44.7704224029634,1.0,8,8,0,1125.8442211015517,1,1057.489173123437,137,11.109162998444893,MinBattery_NearestTask,1013.277564801122,1210.81064814677,-0.41820767521858215,,2.461092472076416,,,,,,256,3,4,,,,,,,0.99,,,0.01,,models\best_REINFORCE_u6_t40_seed0.pth,,,6.134236000012606,,,,,,,round_robin,8,320,,40,0.2816864000633359,7.042160001583397,
REINFORCE_baseline_public25_seed0_20260810_001022,REINFORCE,baseline,u6_t60,6,60,0,188,2026-08-10 00:42:08,1906.2799004999688,,,1561.6145636802312,1303.149181503771,199.37056922943114,1.0,8,8,0,1219.5631291487643,1,1144.778978383466,113,1.2549980866579304,MinBattery_NearestTask,1204.447338100797,1781.770307254355,0.07249496132135391,,2.7148592472076416,,,,,,256,3,4,,,,,,,0.99,,,0.01,,models\best_REINFORCE_u6_t60_seed0.pth,,,9.66639180004131,,,,,,,round_robin,8,480,,60,0.528303400031291,8.805056667188182,
REINFORCE_baseline_public25_seed0_20260810_001022,REINFORCE,baseline,u6_t80,6,80,0,189,2026-08-10 00:42:21,1919.3853541999124,,,1938.002671060511,1815.7379763539661,52.469131993594246,1.0,8,8,0,1361.4678541616986,1,1335.9680928589678,39,6.158217759075155,MinBattery_NearestTask,1282.4893662509803,1990.1034262302112,0.4868154525756836,,2.9161508083343506,,,,,,256,3,4,,,,,,,0.99,,,0.01,,models\best_REINFORCE_u6_t80_seed0.pth,,,13.082481799996458,,,,,,,round_robin,8,640,,80,0.7579058000119403,9.473822500149254,
REINFORCE_baseline_public25_seed0_20260810_001022,REINFORCE,baseline,u6_t100,6,100,0,190,2026-08-10 00:42:39,1936.8493432999821,,,2411.264899322699,2342.0966376506994,53.745655202811015,1.0,8,8,0,1934.0556606911814,1,1778.152507105178,65,53.200740582674,MinBattery_NearestTask,1262.4323181045447,2588.8953280469614,0.861591100692749,,3.032379627227783,,,,,,256,3,4,,,,,,,0.99,,,0.01,,models\best_REINFORCE_u6_t100_seed0.pth,,,17.440705899964087,,,,,,,round_robin,8,800,,100,1.22322509996593,12.2322509996593,
REINFORCE_baseline_public25_seed0_20260810_001022,REINFORCE,baseline,u8_t20,8,20,0,191,2026-08-10 00:42:42,1940.213794499985,,,581.9168680371295,567.6911997510463,14.924737213452879,1.0,8,8,0,594.7545950425215,1,562.6169731426162,116,3.6944709492517056,MinBattery_NearestTask,573.5644240217935,594.6205530170921,-0.88433438539505,,2.5029683113098145,,,,,,256,3,4,,,,,,,0.99,,,0.01,,models\best_REINFORCE_u8_t20_seed0.pth,,,3.3420452000573277,,,,,,,round_robin,8,160,,20,0.1686665000161156,8.43332500080578,
REINFORCE_baseline_public25_seed0_20260810_001022,REINFORCE,baseline,u8_t40,8,40,0,192,2026-08-10 00:42:47,1945.3162983999355,,,1074.772564186981,998.9447747364161,43.665825402720806,1.0,8,8,0,1062.4710936207448,1,1025.8149526762868,67,61.374390279713765,MinBattery_NearestTask,658.3889127507409,1218.711334656825,-0.23816727101802826,,2.643906831741333,,,,,,256,3,4,,,,,,,0.99,,,0.01,,models\best_REINFORCE_u8_t40_seed0.pth,,,5.07923159992788,,,,,,,round_robin,8,320,,40,0.28921139996964484,7.230284999241121,
REINFORCE_baseline_public25_seed0_20260810_001022,REINFORCE,baseline,u8_t60,8,60,0,193,2026-08-10 00:42:56,1953.9777751999209,,,1230.4111312658883,1189.6570659735505,21.764646523552585,1.0,8,8,0,1178.1880884292734,1,1178.1880884292734,193,7.685165097374491,MinBattery_NearestTask,1094.1043618811327,1248.589806791493,-0.27807754278182983,,2.823216438293457,,,,,,256,3,4,,,,,,,0.99,,,0.01,,models\best_REINFORCE_u8_t60_seed0.pth,,,8.63975259999279,,,,,,,round_robin,8,480,,60,0.6507657999172807,10.846096665288012,
REINFORCE_baseline_public25_seed0_20260810_001022,REINFORCE,baseline,u8_t80,8,80,0,194,2026-08-10 00:43:08,1966.167866099975,,,1671.8497246098557,1593.8208343875183,42.74486304223241,1.0,8,8,0,1452.9003204271985,1,1184.5560543271604,144,35.16552042812782,MinBattery_NearestTask,1074.904543573859,1790.9534363892533,0.7403625249862671,,2.8965535163879395,,,,,,256,3,4,,,,,,,0.99,,,0.01,,models\best_REINFORCE_u8_t80_seed0.pth,,,12.16755880007986,,,,,,,round_robin,8,640,,80,0.7815161000471562,9.768951250589453,
REINFORCE_baseline_public25_seed0_20260810_001022,REINFORCE,baseline,u8_t100,8,100,0,195,2026-08-10 00:43:27,1985.166907699895,,,1929.1435867149803,1728.417384787347,149.01247961016267,1.0,8,8,0,1788.1895151740773,1,1631.6907253712873,95,55.74655181303437,MinBattery_NearestTask,1148.1406775032206,2192.764389417016,0.6695113182067871,,3.001488208770752,,,,,,256,3,4,,,,,,,0.99,,,0.01,,models\best_REINFORCE_u8_t100_seed0.pth,,,18.977052700007334,,,,,,,round_robin,8,800,,100,1.386034999974072,13.86034999974072,
REINFORCE_baseline_public25_seed0_20260810_001022,REINFORCE,baseline,u10_t20,10,20,0,196,2026-08-10 00:43:30,1988.2981098999735,,,549.8970379999415,530.1975842082754,10.141486601960674,1.0,8,8,0,524.0668979872197,1,524.0668979872197,196,2.0692777841391488,MinBattery_NearestTask,513.442349514357,559.9277735462435,-0.9980832934379578,,2.694225788116455,,,,,,256,3,4,,,,,,,0.99,,,0.01,,models\best_REINFORCE_u10_t20_seed0.pth,,,3.109968699980527,,,,,,,round_robin,8,160,,20,0.13282399997115135,6.641199998557568,
REINFORCE_baseline_public25_seed0_20260810_001022,REINFORCE,baseline,u10_t40,10,40,0,197,2026-08-10 00:43:36,1994.2799723999342,,,765.3626499389932,644.0327876563179,157.5940724731761,1.0,8,8,0,889.797223159599,1,621.0078944729405,172,41.808110017411636,MinBattery_NearestTask,627.4656809475473,957.3671098819304,-0.027564680203795433,,2.86832332611084,,,,,,256,3,4,,,,,,,0.99,,,0.01,,models\best_REINFORCE_u10_t40_seed0.pth,,,5.959875600063242,,,,,,,round_robin,8,320,,40,0.4044204999227077,10.110512498067692,
REINFORCE_baseline_public25_seed0_20260810_001022,REINFORCE,baseline,u10_t60,10,60,0,198,2026-08-10 00:43:46,2003.767379899975,,,1191.4658026282975,1047.4848472667995,59.94124403257096,1.0,8,8,0,1063.200123080493,1,1053.000622006581,173,58.215848987676196,MinBattery_NearestTask,671.9934380046263,1193.9764350817031,0.3520076274871826,,2.9342751502990723,,,,,,256,3,4,,,,,,,0.99,,,0.01,,models\best_REINFORCE_u10_t60_seed0.pth,,,9.465656599961221,,,,,,,round_robin,8,480,,60,0.7442743999417871,12.404573332363118,
REINFORCE_baseline_public25_seed0_20260810_001022,REINFORCE,baseline,u10_t80,10,80,0,199,2026-08-10 00:43:59,2017.2262174999341,,,1342.0963396769453,1293.8271279135226,86.56502060885002,1.0,8,8,0,1218.1222021867038,1,1108.9039064293324,174,7.132422115108011,MinBattery_NearestTask,1137.024794303537,1357.6824276116938,0.4920240640640259,,3.039055347442627,,,,,,256,3,4,,,,,,,0.99,,,0.01,,models\best_REINFORCE_u10_t80_seed0.pth,,,13.437132100109011,,,,,,,round_robin,8,640,,80,1.2181362000992522,15.226702501240652,
REINFORCE_baseline_public25_seed0_20260810_001022,REINFORCE,baseline,u10_t100,10,100,0,200,2026-08-10 00:44:22,2040.129252799903,,,1544.900794588485,1341.230385413803,128.14770593735645,1.0,8,8,0,1243.2526453283774,1,1195.599213656352,125,4.729248930838093,MinBattery_NearestTask,1187.1112015225146,1816.9612465912573,0.663038432598114,,3.207965612411499,,,,,,256,3,4,,,,,,,0.99,,,0.01,,models\best_REINFORCE_u10_t100_seed0.pth,,,22.872466000029817,,,,,,,round_robin,8,800,,100,1.765608899993822,17.65608899993822,
REINFORCE_baseline_public25_seed0_20260810_001022,REINFORCE,baseline,u2_t20,2,20,0,201,2026-08-10 00:44:25,2043.0880449999822,,,1714.1476160091274,1620.8214211520637,67.78179171604488,1.0,8,8,0,1468.4063031431247,1,1468.4063031431247,201,18.853364497679227,MinBattery_NearestTask,1235.4772701211982,1648.142715048298,-0.7297785878181458,,1.6098049879074097,,,,,,256,3,4,,,,,,,0.99,,,0.01,,models\best_REINFORCE_u2_t20_seed0.pth,,,2.9295403000433,,,,,,,round_robin,9,160,,20,0.12633340002503246,6.316670001251623,
REINFORCE_baseline_public25_seed0_20260810_001022,REINFORCE,baseline,u2_t40,2,40,0,202,2026-08-10 00:44:31,2049.3590286999242,,,2876.928471261981,2565.888070890475,233.58939456342972,1.0,8,8,0,2356.8847596441465,1,2260.6487177656254,177,31.676640806556648,MinBattery_NearestTask,1789.903467469675,2985.7040913621695,-0.6044912934303284,,2.0970611572265625,,,,,,256,3,4,,,,,,,0.99,,,0.01,,models\best_REINFORCE_u2_t40_seed0.pth,,,6.244035299983807,,,,,,,round_robin,9,320,,40,0.31355449999682605,7.838862499920652,
REINFORCE_baseline_public25_seed0_20260810_001022,REINFORCE,baseline,u2_t60,2,60,0,203,2026-08-10 00:44:41,2059.040191499982,,,4115.759554262216,3840.452670812345,232.5531151534758,1.0,8,8,0,3228.4811808714185,1,2558.6832951414017,53,29.595077844849627,MinBattery_NearestTask,2491.2066372895233,4452.979979969232,-0.45322173833847046,,2.45597243309021,,,,,,256,3,4,,,,,,,0.99,,,0.01,,models\best_REINFORCE_u2_t60_seed0.pth,,,9.64592719997745,,,,,,,round_robin,9,480,,60,0.5172915000002831,8.621525000004718,
REINFORCE_baseline_public25_seed0_20260810_001022,REINFORCE,baseline,u2_t80,2,80,0,204,2026-08-10 00:44:55,2072.8363653999986,,,4694.940985619082,4140.723566371259,276.87911107427857,1.0,8,8,0,3197.4417242062636,1,3143.0432671726317,29,25.336795332555305,MinBattery_NearestTask,2551.0798450866023,5725.724036335487,-0.1716327965259552,,2.683830976486206,,,,,,256,3,4,,,,,,,0.99,,,0.01,,models\best_REINFORCE_u2_t80_seed0.pth,,,13.769524900009856,,,,,,,round_robin,9,640,,80,0.8250338999787346,10.312923749734182,
REINFORCE_baseline_public25_seed0_20260810_001022,REINFORCE,baseline,u2_t100,2,100,0,205,2026-08-10 00:45:12,2090.42469419993,,,6274.303960416115,5978.056548575984,237.81088936925187,1.0,8,8,0,3937.4473547901334,1,3765.378306473222,155,20.180961910450208,MinBattery_NearestTask,3276.265468505754,6667.618839462179,0.3043683171272278,,2.8667614459991455,,,,,,256,3,4,,,,,,,0.99,,,0.01,,models\best_REINFORCE_u2_t100_seed0.pth,,,17.56289519998245,,,,,,,round_robin,9,800,,100,1.0490324000129476,10.490324000129476,
REINFORCE_baseline_public25_seed0_20260810_001022,REINFORCE,baseline,u4_t20,4,20,0,206,2026-08-10 00:45:16,2093.5667354000034,,,970.1337890150487,870.5019601679854,63.56107450763464,1.0,8,8,0,651.6890323730806,1,644.2191846321656,56,2.657088034166692,MinBattery_NearestTask,634.8212723082338,1116.781447019792,-0.6632108688354492,,1.9220441579818726,,,,,,256,3,4,,,,,,,0.99,,,0.01,,models\best_REINFORCE_u4_t20_seed0.pth,,,3.1182069999631494,,,,,,,round_robin,9,160,,20,0.13047289999667555,6.5236449998337775,
REINFORCE_baseline_public25_seed0_20260810_001022,REINFORCE,baseline,u4_t40,4,40,0,207,2026-08-10 00:45:22,2099.8181457999162,,,1569.1778074275146,1313.9267281901457,154.87168815682068,1.0,8,8,0,1303.4133091607418,1,1220.7253884160014,157,7.888653523534862,MinBattery_NearestTask,1208.1097192267905,1809.9456757002988,-0.35739776492118835,,2.2973010540008545,,,,,,256,3,4,,,,,,,0.99,,,0.01,,models\best_REINFORCE_u4_t40_seed0.pth,,,6.224520799936727,,,,,,,round_robin,9,320,,40,0.31232789997011423,7.808197499252856,
REINFORCE_baseline_public25_seed0_20260810_001022,REINFORCE,baseline,u4_t60,4,60,0,208,2026-08-10 00:45:31,2109.1088388999924,,,2166.4065836970112,1841.3182588161242,201.83590041413294,1.0,8,8,0,1780.729055824162,1,1658.382088076164,133,4.2426193212993315,MinBattery_NearestTask,1708.2543276618485,2452.0766097704714,-0.21691930294036865,,2.476308584213257,,,,,,256,3,4,,,,,,,0.99,,,0.01,,models\best_REINFORCE_u4_t60_seed0.pth,,,9.266402999986894,,,,,,,round_robin,9,480,,60,0.5434735999442637,9.057893332404396,
REINFORCE_baseline_public25_seed0_20260810_001022,REINFORCE,baseline,u4_t80,4,80,0,209,2026-08-10 00:45:45,2122.5458924999693,,,2648.491778054864,2444.761164699631,160.72283235181663,1.0,8,8,0,2015.6313907246374,1,1907.8323990572944,9,9.399316211354236,MinBattery_NearestTask,1842.4533722226693,3001.7744400044194,0.0708814486861229,,2.7137460708618164,,,,,,256,3,4,,,,,,,0.99,,,0.01,,models\best_REINFORCE_u4_t80_seed0.pth,,,13.411866500042379,,,,,,,round_robin,9,640,,80,0.8224727000342682,10.280908750428353,
REINFORCE_baseline_public25_seed0_20260810_001022,REINFORCE,baseline,u4_t100,4,100,0,210,2026-08-10 00:46:03,2140.5559052999597,,,3344.748816995174,3185.69276850859,158.89086486043666,1.0,8,8,0,2435.3415523621156,1,2385.349306268222,135,24.21164987831349,MinBattery_NearestTask,1960.6385993165281,3788.7440276745037,0.45075753331184387,,2.922475576400757,,,,,,256,3,4,,,,,,,0.99,,,0.01,,models\best_REINFORCE_u4_t100_seed0.pth,,,17.98490560008213,,,,,,,round_robin,9,800,,100,1.1338901999406517,11.338901999406517,
REINFORCE_baseline_public25_seed0_20260810_001022,REINFORCE,baseline,u6_t20,6,20,0,211,2026-08-10 00:46:05,2143.4233446998987,,,725.6951092075593,552.066820272195,170.9453209027992,1.0,8,8,0,555.1186858157143,1,532.7831152424773,86,2.954700329839826,MinBattery_NearestTask,539.1873163996008,875.8432185926702,-0.273154079914093,,2.1881930828094482,,,,,,256,3,4,,,,,,,0.99,,,0.01,,models\best_REINFORCE_u6_t20_seed0.pth,,,2.8415744000812992,,,,,,,round_robin,9,160,,20,0.13255489990115166,6.627744995057583,
REINFORCE_baseline_public25_seed0_20260810_001022,REINFORCE,baseline,u6_t40,6,40,0,212,2026-08-10 00:46:12,2150.021794099943,,,1194.0647306053488,1147.5066730594215,28.47546857495861,1.0,8,8,0,1148.7232502664135,1,1057.489173123437,137,13.367086193394172,MinBattery_NearestTask,1013.277564801122,1210.81064814677,-0.6041663885116577,,2.4171371459960938,,,,,,256,3,4,,,,,,,0.99,,,0.01,,models\best_REINFORCE_u6_t40_seed0.pth,,,6.560878199990839,,,,,,,round_robin,9,320,,40,0.3833409999497235,9.583524998743087,
REINFORCE_baseline_public25_seed0_20260810_001022,REINFORCE,baseline,u6_t60,6,60,0,213,2026-08-10 00:46:23,2160.6857456999132,,,1572.4197607214164,1305.7489967810477,162.93860999671756,1.0,8,8,0,1201.3595980325676,1,1144.778978383466,113,-0.25636156688246325,MinBattery_NearestTask,1204.447338100797,1781.770307254355,0.05439520627260208,,2.697103500366211,,,,,,256,3,4,,,,,,,0.99,,,0.01,,models\best_REINFORCE_u6_t60_seed0.pth,,,10.637890100013465,,,,,,,round_robin,9,480,,60,0.7974413000047207,13.290688333412012,
REINFORCE_baseline_public25_seed0_20260810_001022,REINFORCE,baseline,u6_t80,6,80,0,214,2026-08-10 00:46:38,2175.6504524999764,,,1977.056161933412,1910.772386205937,38.21535976473602,1.0,8,8,0,1635.0816107045453,1,1335.9680928589678,39,27.492800621363077,MinBattery_NearestTask,1282.4893662509803,1990.1034262302112,0.46096372604370117,,2.877410411834717,,,,,,256,3,4,,,,,,,0.99,,,0.01,,models\best_REINFORCE_u6_t80_seed0.pth,,,14.940627299947664,,,,,,,round_robin,9,640,,80,0.9775471000466496,12.21933875058312,
REINFORCE_baseline_public25_seed0_20260810_001022,REINFORCE,baseline,u6_t100,6,100,0,215,2026-08-10 00:46:56,2194.3649286999134,,,2413.0175209761933,2353.5715340911515,62.979085873833405,1.0,8,8,0,1835.2780824862784,1,1778.152507105178,65,45.3763545313718,MinBattery_NearestTask,1262.4323181045447,2588.8953280469614,0.8164165616035461,,3.00360369682312,,,,,,256,3,4,,,,,,,0.99,,,0.01,,models\best_REINFORCE_u6_t100_seed0.pth,,,18.690353799960576,,,,,,,round_robin,9,800,,100,1.2667636000551283,12.667636000551283,
REINFORCE_baseline_public25_seed0_20260810_001022,REINFORCE,baseline,u8_t20,8,20,0,216,2026-08-10 00:47:00,2197.658664799994,,,586.6057665270864,553.2564358000966,21.67706771311395,1.0,8,8,0,575.0163964469027,1,562.6169731426162,116,0.25314896885133364,MinBattery_NearestTask,573.5644240217935,594.6205530170921,-1.0452558994293213,,2.432332992553711,,,,,,256,3,4,,,,,,,0.99,,,0.01,,models\best_REINFORCE_u8_t20_seed0.pth,,,3.268546700011939,,,,,,,round_robin,9,160,,20,0.17640649992972612,8.820324996486306,
REINFORCE_baseline_public25_seed0_20260810_001022,REINFORCE,baseline,u8_t40,8,40,0,217,2026-08-10 00:47:06,2204.422900500009,,,1119.5111189088952,1052.3392799343526,53.491457307282296,1.0,8,8,0,1023.7785705605163,1,1023.7785705605163,217,55.4975411543888,MinBattery_NearestTask,658.3889127507409,1218.711334656825,-0.44363150000572205,,2.6340043544769287,,,,,,256,3,4,,,,,,,0.99,,,0.01,,models\best_REINFORCE_u8_t40_seed0.pth,,,6.739050199976191,,,,,,,round_robin,9,320,,40,0.39400900003965944,9.850225000991486,
REINFORCE_baseline_public25_seed0_20260810_001022,REINFORCE,baseline,u8_t60,8,60,0,218,2026-08-10 00:47:17,2214.8690379000036,,,1314.4590971944847,1241.556200551867,101.41309979274561,1.0,8,8,0,1376.4197475570693,1,1178.1880884292734,193,25.803332434443604,MinBattery_NearestTask,1094.1043618811327,1248.589806791493,-0.19923549890518188,,2.8335747718811035,,,,,,256,3,4,,,,,,,0.99,,,0.01,,models\best_REINFORCE_u8_t60_seed0.pth,,,10.41156810009852,,,,,,,round_robin,9,480,,60,0.7021409999579191,11.70234999929865,
REINFORCE_baseline_public25_seed0_20260810_001022,REINFORCE,baseline,u8_t80,8,80,0,219,2026-08-10 00:47:31,2229.3799314999487,,,1688.5476161930683,1598.5782427883403,51.00278740540618,1.0,8,8,0,1488.2764989425614,1,1184.5560543271604,144,38.456619970580554,MinBattery_NearestTask,1074.904543573859,1790.9534363892533,0.5531061291694641,,2.9101758003234863,,,,,,256,3,4,,,,,,,0.99,,,0.01,,models\best_REINFORCE_u8_t80_seed0.pth,,,14.485211999970488,,,,,,,round_robin,9,640,,80,0.9793035000329837,12.241293750412297,
REINFORCE_baseline_public25_seed0_20260810_001022,REINFORCE,baseline,u8_t100,8,100,0,220,2026-08-10 00:47:52,2249.9401633999078,,,2074.8957719378323,1816.915244335837,156.9851996410935,1.0,8,8,0,1607.8570800079096,1,1607.8570800079096,220,40.04007623041468,MinBattery_NearestTask,1148.1406775032206,2192.764389417016,0.7183955311775208,,2.98459529876709,,,,,,256,3,4,,,,,,,0.99,,,0.01,,models\best_REINFORCE_u8_t100_seed0.pth,,,20.519845100003295,,,,,,,round_robin,9,800,,100,1.363537700031884,13.63537700031884,
REINFORCE_baseline_public25_seed0_20260810_001022,REINFORCE,baseline,u10_t20,10,20,0,221,2026-08-10 00:47:55,2253.1612677999074,,,538.8147478925227,511.68024444826324,17.12670769502846,1.0,8,8,0,561.853456124911,1,524.0668979872197,196,9.428732681740005,MinBattery_NearestTask,513.442349514357,559.9277735462435,-0.8827582001686096,,2.6669609546661377,,,,,,256,3,4,,,,,,,0.99,,,0.01,,models\best_REINFORCE_u10_t20_seed0.pth,,,3.19745520001743,,,,,,,round_robin,9,160,,20,0.15744480001740158,7.872240000870079,
REINFORCE_baseline_public25_seed0_20260810_001022,REINFORCE,baseline,u10_t40,10,40,0,222,2026-08-10 00:48:03,2260.655851699994,,,818.0228143693653,646.1705495398232,173.72889161879476,1.0,8,8,0,908.856059029948,1,621.0078944729405,172,44.8455408202514,MinBattery_NearestTask,627.4656809475473,957.3671098819304,-0.13051901757717133,,2.8812596797943115,,,,,,256,3,4,,,,,,,0.99,,,0.01,,models\best_REINFORCE_u10_t40_seed0.pth,,,7.458551499992609,,,,,,,round_robin,9,320,,40,0.4019638999598101,10.049097498995252,
REINFORCE_baseline_public25_seed0_20260810_001022,REINFORCE,baseline,u10_t60,10,60,0,223,2026-08-10 00:48:14,2272.170948099927,,,1205.0729838542197,1078.3067770149846,50.49220841807887,1.0,8,8,0,1067.9401958274075,1,1053.000622006581,173,58.92122384386367,MinBattery_NearestTask,671.9934380046263,1193.9764350817031,0.17882341146469116,,2.960310459136963,,,,,,256,3,4,,,,,,,0.99,,,0.01,,models\best_REINFORCE_u10_t60_seed0.pth,,,11.491800099960528,,,,,,,round_robin,9,480,,60,0.7369352000532672,12.282253334221119,
REINFORCE_baseline_public25_seed0_20260810_001022,REINFORCE,baseline,u10_t80,10,80,0,224,2026-08-10 00:48:30,2287.5817976999097,,,1319.5672780644882,1275.2715262289814,30.75200983108084,1.0,8,8,0,1108.8131085003909,1,1108.8131085003909,224,-2.4811847502786115,MinBattery_NearestTask,1137.024794303537,1357.6824276116938,0.5200543999671936,,3.0201897621154785,,,,,,256,3,4,,,,,,,0.99,,,0.01,,models\best_REINFORCE_u10_t80_seed0.pth,,,15.376010500011034,,,,,,,round_robin,9,640,,80,1.075895999907516,13.44869999884395,
REINFORCE_baseline_public25_seed0_20260810_001022,REINFORCE,baseline,u10_t100,10,100,0,225,2026-08-10 00:48:48,2306.154257899965,,,1514.2981721405272,1322.1886136394137,145.69302351268416,1.0,8,8,0,1223.4656330716248,1,1195.599213656352,125,3.0624284820566268,MinBattery_NearestTask,1187.1112015225146,1816.9612465912573,0.669284462928772,,3.1755123138427734,,,,,,256,3,4,,,,,,,0.99,,,0.01,,models\best_REINFORCE_u10_t100_seed0.pth,,,18.548494099988602,,,,,,,round_robin,9,800,,100,1.233309100032784,12.33309100032784,
REINFORCE_baseline_public25_seed0_20260810_001022,REINFORCE,baseline,u2_t20,2,20,0,226,2026-08-10 00:48:51,2308.5269572999096,,,1571.43667381447,1181.4894313780387,161.09873541803583,1.0,8,8,0,1482.3141823242418,1,1468.4063031431247,201,19.979073526688943,MinBattery_NearestTask,1235.4772701211982,1648.142715048298,-0.6506746411323547,,1.520394206047058,,,,,,256,3,4,,,,,,,0.99,,,0.01,,models\best_REINFORCE_u2_t20_seed0.pth,,,2.3391867000609636,,,,,,,round_robin,10,160,,20,0.09775020007509738,4.887510003754869,
REINFORCE_baseline_public25_seed0_20260810_001022,REINFORCE,baseline,u2_t40,2,40,0,227,2026-08-10 00:48:56,2313.9974866999546,,,2545.9608570615155,2266.964208012077,245.3364112383375,1.0,8,8,0,2482.731781294864,1,2260.6487177656254,177,38.70757984533192,MinBattery_NearestTask,1789.903467469675,2985.7040913621695,-0.47278308868408203,,1.9593180418014526,,,,,,256,3,4,,,,,,,0.99,,,0.01,,models\best_REINFORCE_u2_t40_seed0.pth,,,5.45100649993401,,,,,,,round_robin,10,320,,40,0.5342585999751464,13.356464999378659,
REINFORCE_baseline_public25_seed0_20260810_001022,REINFORCE,baseline,u2_t60,2,60,0,228,2026-08-10 00:49:03,2321.2419235999696,,,4054.0659757320304,3563.47569669751,323.6148106684953,1.0,8,8,0,2929.778361180898,1,2558.6832951414017,53,17.604791081022032,MinBattery_NearestTask,2491.2066372895233,4452.979979969232,-0.48240798711776733,,2.263155221939087,,,,,,256,3,4,,,,,,,0.99,,,0.01,,models\best_REINFORCE_u2_t60_seed0.pth,,,7.215075000072829,,,,,,,round_robin,10,480,,60,0.4606494000181556,7.677490000302592,
REINFORCE_baseline_public25_seed0_20260810_001022,REINFORCE,baseline,u2_t80,2,80,0,229,2026-08-10 00:49:16,2333.554134099977,,,4567.125296875189,4289.791939819158,262.05604982125965,1.0,8,8,0,2990.925418415939,1,2990.925418415939,229,17.24154475903537,MinBattery_NearestTask,2551.0798450866023,5725.724036335487,-0.3486148715019226,,2.5520787239074707,,,,,,256,3,4,,,,,,,0.99,,,0.01,,models\best_REINFORCE_u2_t80_seed0.pth,,,12.291254500043578,,,,,,,round_robin,10,640,,80,0.7042092999909073,8.802616249886341,
REINFORCE_baseline_public25_seed0_20260810_001022,REINFORCE,baseline,u2_t100,2,100,0,230,2026-08-10 00:49:32,2349.8809454999864,,,5958.817212033706,5707.374108627551,126.57332214422114,1.0,8,8,0,3783.4406947903703,1,3765.378306473222,155,15.48028482917563,MinBattery_NearestTask,3276.265468505754,6667.618839462179,0.21961094439029694,,2.695147752761841,,,,,,256,3,4,,,,,,,0.99,,,0.01,,models\best_REINFORCE_u2_t100_seed0.pth,,,16.29002049996052,,,,,,,round_robin,10,800,,100,0.9919392999727279,9.919392999727279,
REINFORCE_baseline_public25_seed0_20260810_001022,REINFORCE,baseline,u4_t20,4,20,0,231,2026-08-10 00:49:35,2352.797396699898,,,980.6219037741832,840.5369160312848,88.44532601485034,1.0,8,8,0,649.557740036102,1,644.2191846321656,56,2.321356950482436,MinBattery_NearestTask,634.8212723082338,1116.781447019792,-0.5460711717605591,,1.738311767578125,,,,,,256,3,4,,,,,,,0.99,,,0.01,,models\best_REINFORCE_u4_t20_seed0.pth,,,2.891399700078182,,,,,,,round_robin,10,160,,20,0.1187439999775961,5.937199998879805,
REINFORCE_baseline_public25_seed0_20260810_001022,REINFORCE,baseline,u4_t40,4,40,0,232,2026-08-10 00:49:40,2358.467644599965,,,1468.1119828863173,1316.8300763985387,151.6358508025455,1.0,8,8,0,1317.8906828128752,1,1220.7253884160014,157,9.087002764645106,MinBattery_NearestTask,1208.1097192267905,1809.9456757002988,-0.3766315281391144,,2.0940423011779785,,,,,,256,3,4,,,,,,,0.99,,,0.01,,models\best_REINFORCE_u4_t40_seed0.pth,,,5.633433899958618,,,,,,,round_robin,10,320,,40,0.29610040003899485,7.402510000974871,
REINFORCE_baseline_public25_seed0_20260810_001022,REINFORCE,baseline,u4_t60,4,60,0,233,2026-08-10 00:49:49,2367.3692707999144,,,2086.292853179285,1815.933673563735,172.77435765919827,1.0,8,8,0,1682.2754027922092,1,1658.382088076164,133,-1.520787885560203,MinBattery_NearestTask,1708.2543276618485,2452.0766097704714,-0.32699668407440186,,2.3409979343414307,,,,,,256,3,4,,,,,,,0.99,,,0.01,,models\best_REINFORCE_u4_t60_seed0.pth,,,8.874600199982524,,,,,,,round_robin,10,480,,60,0.5154353999532759,8.590589999221265,
REINFORCE_baseline_public25_seed0_20260810_001022,REINFORCE,baseline,u4_t80,4,80,0,234,2026-08-10 00:50:03,2380.5903833999764,,,2720.198528585963,2515.6275826587807,198.05155056999354,1.0,8,8,0,2101.9950765318986,1,1907.8323990572944,9,14.086744784001104,MinBattery_NearestTask,1842.4533722226693,3001.7744400044194,-0.02252906560897827,,2.6116673946380615,,,,,,256,3,4,,,,,,,0.99,,,0.01,,models\best_REINFORCE_u4_t80_seed0.pth,,,13.184885099995881,,,,,,,round_robin,10,640,,80,0.7787047000601888,9.73380875075236,
REINFORCE_baseline_public25_seed0_20260810_001022,REINFORCE,baseline,u4_t100,4,100,0,235,2026-08-10 00:50:19,2396.8474368999014,,,3217.3006146723947,3122.3788996378908,65.16836539675181,1.0,8,8,0,2657.162601923711,1,2385.349306268222,135,35.525364177262894,MinBattery_NearestTask,1960.6385993165281,3788.7440276745037,0.5429089069366455,,2.7519967555999756,,,,,,256,3,4,,,,,,,0.99,,,0.01,,models\best_REINFORCE_u4_t100_seed0.pth,,,16.232698200037703,,,,,,,round_robin,10,800,,100,1.0842198999598622,10.842198999598622,
REINFORCE_baseline_public25_seed0_20260810_001022,REINFORCE,baseline,u6_t20,6,20,0,236,2026-08-10 00:50:22,2399.6797770999838,,,718.7658965019474,520.6349389866546,167.69520516856946,1.0,8,8,0,550.7371783309156,1,532.7831152424773,86,2.1420870966399015,MinBattery_NearestTask,539.1873163996008,875.8432185926702,-0.3403915464878082,,1.9606815576553345,,,,,,256,3,4,,,,,,,0.99,,,0.01,,models\best_REINFORCE_u6_t20_seed0.pth,,,2.7963205999694765,,,,,,,round_robin,10,160,,20,0.13202519994229078,6.601259997114539,
REINFORCE_baseline_public25_seed0_20260810_001022,REINFORCE,baseline,u6_t40,6,40,0,237,2026-08-10 00:50:28,2405.6129301999463,,,1163.230782556543,1121.0519910719984,39.22561890016019,1.0,8,8,0,1140.453233545242,1,1057.489173123437,137,12.55092120480147,MinBattery_NearestTask,1013.277564801122,1210.81064814677,-0.4575643241405487,,2.231379270553589,,,,,,256,3,4,,,,,,,0.99,,,0.01,,models\best_REINFORCE_u6_t40_seed0.pth,,,5.909660600009374,,,,,,,round_robin,10,320,,40,0.31643999996595085,7.910999999148771,
REINFORCE_baseline_public25_seed0_20260810_001022,REINFORCE,baseline,u6_t60,6,60,0,238,2026-08-10 00:50:37,2414.95203159994,,,1482.6726559143708,1304.1236459474032,156.17531755673664,1.0,8,8,0,1174.263960614086,1,1144.778978383466,113,-2.5059939552280333,MinBattery_NearestTask,1204.447338100797,1781.770307254355,-0.12746694684028625,,2.4687979221343994,,,,,,256,3,4,,,,,,,0.99,,,0.01,,models\best_REINFORCE_u6_t60_seed0.pth,,,9.30383420002181,,,,,,,round_robin,10,480,,60,0.5460957000032067,9.101595000053445,
REINFORCE_baseline_public25_seed0_20260810_001022,REINFORCE,baseline,u6_t80,6,80,0,239,2026-08-10 00:50:50,2428.191936099902,,,1898.6731016449226,1756.4873763783344,80.40790626522138,1.0,8,8,0,1642.3039714581262,1,1335.9680928589678,39,28.055952328007915,MinBattery_NearestTask,1282.4893662509803,1990.1034262302112,0.3795042932033539,,2.634716033935547,,,,,,256,3,4,,,,,,,0.99,,,0.01,,models\best_REINFORCE_u6_t80_seed0.pth,,,13.214098300086334,,,,,,,round_robin,10,640,,80,0.8468854000093415,10.58606750011677,
REINFORCE_baseline_public25_seed0_20260810_001022,REINFORCE,baseline,u6_t100,6,100,0,240,2026-08-10 00:51:08,2445.605252899928,,,2282.7578529213397,1963.8159336316808,172.28941385173775,1.0,8,8,0,1868.479266944063,1,1778.152507105178,65,48.00629230955178,MinBattery_NearestTask,1262.4323181045447,2588.8953280469614,0.39438819885253906,,2.7063701152801514,,,,,,256,3,4,,,,,,,0.99,,,0.01,,models\best_REINFORCE_u6_t100_seed0.pth,,,17.376650299993344,,,,,,,round_robin,10,800,,100,1.1639235999900848,11.639235999900848,
REINFORCE_baseline_public25_seed0_20260810_001022,REINFORCE,baseline,u8_t20,8,20,0,241,2026-08-10 00:51:10,2448.4719429999823,,,576.0446798708124,547.8550390541111,18.808718137503732,1.0,8,8,0,575.0163964469027,1,562.6169731426162,116,0.25314896885133364,MinBattery_NearestTask,573.5644240217935,594.6205530170921,-1.1919585466384888,,2.1346964836120605,,,,,,256,3,4,,,,,,,0.99,,,0.01,,models\best_REINFORCE_u8_t20_seed0.pth,,,2.8403608000371605,,,,,,,round_robin,10,160,,20,0.13950509997084737,6.975254998542368,
REINFORCE_baseline_public25_seed0_20260810_001022,REINFORCE,baseline,u8_t40,8,40,0,242,2026-08-10 00:51:17,2454.7018135999097,,,999.0061004973209,654.0775079159687,224.47731699041262,1.0,8,8,0,1021.6505639277995,1,1021.6505639277995,242,55.17432692773573,MinBattery_NearestTask,658.3889127507409,1218.711334656825,-0.23957043886184692,,2.3488199710845947,,,,,,256,3,4,,,,,,,0.99,,,0.01,,models\best_REINFORCE_u8_t40_seed0.pth,,,6.194274700013921,,,,,,,round_robin,10,320,,40,0.34257940005045384,8.564485001261346,
REINFORCE_baseline_public25_seed0_20260810_001022,REINFORCE,baseline,u8_t60,8,60,0,243,2026-08-10 00:51:26,2464.4051661998965,,,1231.4997445222898,1174.1561441206609,23.061054055896044,1.0,8,8,0,1209.5221470662036,1,1178.1880884292734,193,10.54906544624582,MinBattery_NearestTask,1094.1043618811327,1248.589806791493,-0.009336494840681553,,2.4133150577545166,,,,,,256,3,4,,,,,,,0.99,,,0.01,,models\best_REINFORCE_u8_t60_seed0.pth,,,9.676778199966066,,,,,,,round_robin,10,480,,60,0.6740962999174371,11.234938331957286,
REINFORCE_baseline_public25_seed0_20260810_001022,REINFORCE,baseline,u8_t80,8,80,0,244,2026-08-10 00:51:41,2478.5728575999383,,,1589.380501128156,1484.9954238470166,51.967030647787574,1.0,8,8,0,1641.955793441544,1,1184.5560543271604,144,52.75363782372195,MinBattery_NearestTask,1074.904543573859,1790.9534363892533,0.6573395729064941,,2.5775463581085205,,,,,,256,3,4,,,,,,,0.99,,,0.01,,models\best_REINFORCE_u8_t80_seed0.pth,,,14.129640800063498,,,,,,,round_robin,10,640,,80,0.9326732000336051,11.658415000420064,
REINFORCE_baseline_public25_seed0_20260810_001022,REINFORCE,baseline,u8_t100,8,100,0,245,2026-08-10 00:52:00,2497.808534699958,,,1907.0786969724804,1784.9291397656907,144.2564926252026,1.0,8,8,0,1639.0170875941874,1,1607.8570800079096,220,42.754030033884064,MinBattery_NearestTask,1148.1406775032206,2192.764389417016,0.7381317019462585,,2.637873411178589,,,,,,256,3,4,,,,,,,0.99,,,0.01,,models\best_REINFORCE_u8_t100_seed0.pth,,,19.211695400066674,,,,,,,round_robin,10,800,,100,1.3937945999205112,13.937945999205112,
REINFORCE_baseline_public25_seed0_20260810_001022,REINFORCE,baseline,u10_t20,10,20,0,246,2026-08-10 00:52:03,2501.0418174999068,,,550.9614266305957,532.2158774016901,10.226767764046949,1.0,8,8,0,545.2860232977874,1,524.0668979872197,196,6.201995961873803,MinBattery_NearestTask,513.442349514357,559.9277735462435,-1.0842617750167847,,2.2937889099121094,,,,,,256,3,4,,,,,,,0.99,,,0.01,,models\best_REINFORCE_u10_t20_seed0.pth,,,3.1840815000468865,,,,,,,round_robin,10,160,,20,0.16923190001398325,8.461595000699162,
REINFORCE_baseline_public25_seed0_20260810_001022,REINFORCE,baseline,u10_t40,10,40,0,247,2026-08-10 00:52:10,2507.626464399975,,,713.8959452102981,638.1891927885024,132.3080889230937,1.0,8,8,0,900.778369235416,1,621.0078944729405,172,43.558189170622725,MinBattery_NearestTask,627.4656809475473,957.3671098819304,-0.3434045910835266,,2.5329017639160156,,,,,,256,3,4,,,,,,,0.99,,,0.01,,models\best_REINFORCE_u10_t40_seed0.pth,,,6.556724100024439,,,,,,,round_robin,10,320,,40,0.386578599922359,9.664464998058975,
REINFORCE_baseline_public25_seed0_20260810_001022,REINFORCE,baseline,u10_t60,10,60,0,248,2026-08-10 00:52:21,2518.5416492999066,,,1158.7682868789575,1072.3840904309961,54.36260135636185,1.0,8,8,0,1159.103515744719,1,1053.000622006581,173,72.48732654093851,MinBattery_NearestTask,671.9934380046263,1193.9764350817031,0.36972421407699585,,2.59094500541687,,,,,,256,3,4,,,,,,,0.99,,,0.01,,models\best_REINFORCE_u10_t60_seed0.pth,,,10.87388029997237,,,,,,,round_robin,10,480,,60,0.7404346999246627,12.340578332077712,
REINFORCE_baseline_public25_seed0_20260810_001022,REINFORCE,baseline,u10_t80,10,80,0,249,2026-08-10 00:52:36,2533.957148699905,,,1267.8489921336309,1204.026123379555,40.026920822402545,1.0,8,8,0,1124.2717331508288,1,1108.8131085003909,224,-1.1216168034857839,MinBattery_NearestTask,1137.024794303537,1357.6824276116938,0.43164628744125366,,2.682931661605835,,,,,,256,3,4,,,,,,,0.99,,,0.01,,models\best_REINFORCE_u10_t80_seed0.pth,,,15.385869400110096,,,,,,,round_robin,10,640,,80,1.067349800025113,13.341872500313912,
REINFORCE_baseline_public25_seed0_20260810_001022,REINFORCE,baseline,u10_t100,10,100,0,250,2026-08-10 00:52:56,2554.0710771000013,,,1352.179620419027,1296.4450237867875,52.16215099987595,1.0,8,8,0,1261.4072783589093,1,1195.599213656352,125,6.258560844266913,MinBattery_NearestTask,1187.1112015225146,1816.9612465912573,0.5659744739532471,,2.874648332595825,,,,,,256,3,4,,,,,,,0.99,,,0.01,,models\best_REINFORCE_u10_t100_seed0.pth,,,20.07375950005371,,,,,,,round_robin,10,800,,100,1.4707827999955043,14.707827999955043,
REINFORCE_baseline_public25_seed0_20260810_001022,REINFORCE,baseline,u2_t20,2,20,0,251,2026-08-10 00:52:59,2556.743666299968,,,1547.0259271938426,1215.4055523490308,192.45395216400283,1.0,8,8,0,1514.2207693846822,1,1468.4063031431247,201,22.561604814966746,MinBattery_NearestTask,1235.4772701211982,1648.142715048298,-0.39682915806770325,,1.3392229080200195,,,,,,256,3,4,,,,,,,0.99,,,0.01,,models\best_REINFORCE_u2_t20_seed0.pth,,,2.646651400020346,,,,,,,round_robin,11,160,,20,0.10837320005521178,5.418660002760589,
REINFORCE_baseline_public25_seed0_20260810_001022,REINFORCE,baseline,u2_t40,2,40,0,252,2026-08-10 00:53:04,2562.310898799915,,,2532.109818568104,2329.9903744888725,153.18615421284247,1.0,8,8,0,1871.9648274865267,1,1871.9648274865267,252,4.584680766771129,MinBattery_NearestTask,1789.903467469675,2985.7040913621695,-0.6763851046562195,,1.7315155267715454,,,,,,256,3,4,,,,,,,0.99,,,0.01,,models\best_REINFORCE_u2_t40_seed0.pth,,,5.528511399985291,,,,,,,round_robin,11,320,,40,0.29182980000041425,7.295745000010356,
REINFORCE_baseline_public25_seed0_20260810_001022,REINFORCE,baseline,u2_t60,2,60,0,253,2026-08-10 00:53:13,2570.988785299938,,,3782.419794175184,3566.2519475347644,204.70051688695114,1.0,8,8,0,3009.5237827863857,1,2558.6832951414017,53,20.805867234714846,MinBattery_NearestTask,2491.2066372895233,4452.979979969232,-0.5858526825904846,,1.9668364524841309,,,,,,256,3,4,,,,,,,0.99,,,0.01,,models\best_REINFORCE_u2_t60_seed0.pth,,,8.653207600000314,,,,,,,round_robin,11,480,,60,0.44622509996406734,7.437084999401122,
REINFORCE_baseline_public25_seed0_20260810_001022,REINFORCE,baseline,u2_t80,2,80,0,254,2026-08-10 00:53:25,2582.9607345999684,,,4392.860965570035,4184.079266538545,165.03811121806356,1.0,8,8,0,3103.3989667528513,1,2990.925418415939,229,21.650405130596734,MinBattery_NearestTask,2551.0798450866023,5725.724036335487,-0.41347718238830566,,2.2539889812469482,,,,,,256,3,4,,,,,,,0.99,,,0.01,,models\best_REINFORCE_u2_t80_seed0.pth,,,11.934368899906985,,,,,,,round_robin,11,640,,80,0.6942389000905678,8.677986251132097,
REINFORCE_baseline_public25_seed0_20260810_001022,REINFORCE,baseline,u2_t100,2,100,0,255,2026-08-10 00:53:41,2599.222628199961,,,5378.264934891201,5118.328768223802,192.17859478208953,1.0,8,8,0,3786.1752288779403,1,3765.378306473222,155,15.563749802141242,MinBattery_NearestTask,3276.265468505754,6667.618839462179,-0.0260322168469429,,2.377016305923462,,,,,,256,3,4,,,,,,,0.99,,,0.01,,models\best_REINFORCE_u2_t100_seed0.pth,,,16.2391604000004,,,,,,,round_robin,11,800,,100,0.9803901000414044,9.803901000414044,
REINFORCE_baseline_public25_seed0_20260810_001022,REINFORCE,baseline,u4_t20,4,20,0,256,2026-08-10 00:53:44,2601.9990421999246,,,969.8183219537068,892.9510108370662,40.063513151375886,1.0,8,8,0,977.156642825096,1,644.2191846321656,56,53.92626010658371,MinBattery_NearestTask,634.8212723082338,1116.781447019792,-1.0101631879806519,,1.5832642316818237,,,,,,256,3,4,,,,,,,0.99,,,0.01,,models\best_REINFORCE_u4_t20_seed0.pth,,,2.7369022999191657,,,,,,,round_robin,11,160,,20,0.12135580007452518,6.067790003726259,
REINFORCE_baseline_public25_seed0_20260810_001022,REINFORCE,baseline,u4_t40,4,40,0,257,2026-08-10 00:53:50,2607.880865199957,,,1548.8273469346477,1319.4695370452496,119.24921314856897,1.0,8,8,0,1516.632473511314,1,1220.7253884160014,157,25.53764359101282,MinBattery_NearestTask,1208.1097192267905,1809.9456757002988,-0.5366207957267761,,1.9211552143096924,,,,,,256,3,4,,,,,,,0.99,,,0.01,,models\best_REINFORCE_u4_t40_seed0.pth,,,5.858086899970658,,,,,,,round_robin,11,320,,40,0.29103740002028644,7.275935000507161,
REINFORCE_baseline_public25_seed0_20260810_001022,REINFORCE,baseline,u4_t60,4,60,0,258,2026-08-10 00:53:59,2617.0667165999766,,,2108.3195068165332,2005.4996063316041,93.57762072475255,1.0,8,8,0,1676.3280165911806,1,1658.382088076164,133,-1.868943666858239,MinBattery_NearestTask,1708.2543276618485,2452.0766097704714,-0.3527076840400696,,2.0329463481903076,,,,,,256,3,4,,,,,,,0.99,,,0.01,,models\best_REINFORCE_u4_t60_seed0.pth,,,9.144994499976747,,,,,,,round_robin,11,480,,60,0.4997886000201106,8.329810000335176,
REINFORCE_baseline_public25_seed0_20260810_001022,REINFORCE,baseline,u4_t80,4,80,0,259,2026-08-10 00:54:12,2629.9532743999735,,,2523.032794927991,2423.5109172867765,78.82946441282022,1.0,8,8,0,2247.3974187441604,1,1907.8323990572944,9,21.978523452834047,MinBattery_NearestTask,1842.4533722226693,3001.7744400044194,-0.18939846754074097,,2.2932584285736084,,,,,,256,3,4,,,,,,,0.99,,,0.01,,models\best_REINFORCE_u4_t80_seed0.pth,,,12.860090299975127,,,,,,,round_robin,11,640,,80,0.7701361000072211,9.626701250090264,
REINFORCE_baseline_public25_seed0_20260810_001022,REINFORCE,baseline,u4_t100,4,100,0,260,2026-08-10 00:54:29,2646.6758386999136,,,3018.2921486262117,2676.0399591413993,179.58735705366158,1.0,8,8,0,2510.2251156314996,1,2385.349306268222,135,28.03099543722925,MinBattery_NearestTask,1960.6385993165281,3788.7440276745037,0.18015527725219727,,2.4049289226531982,,,,,,256,3,4,,,,,,,0.99,,,0.01,,models\best_REINFORCE_u4_t100_seed0.pth,,,16.6842821999453,,,,,,,round_robin,11,800,,100,1.0813731999369338,10.813731999369338,
REINFORCE_baseline_public25_seed0_20260810_001022,REINFORCE,baseline,u6_t20,6,20,0,261,2026-08-10 00:54:32,2649.565372399986,,,681.8220239924216,544.3412715754907,171.0216782918852,1.0,8,8,0,561.1330777559566,1,532.7831152424773,86,4.070155340985692,MinBattery_NearestTask,539.1873163996008,875.8432185926702,-0.46172764897346497,,1.7014557123184204,,,,,,256,3,4,,,,,,,0.99,,,0.01,,models\best_REINFORCE_u6_t20_seed0.pth,,,2.8632595000090078,,,,,,,round_robin,11,160,,20,0.12989159999415278,6.494579999707639,
REINFORCE_baseline_public25_seed0_20260810_001022,REINFORCE,baseline,u6_t40,6,40,0,262,2026-08-10 00:54:38,2655.577052299981,,,1133.3821849472247,1033.0077793635037,47.462659167338124,1.0,8,8,0,1153.063931697563,1,1057.489173123437,137,13.795466489369785,MinBattery_NearestTask,1013.277564801122,1210.81064814677,-0.670016348361969,,1.964773416519165,,,,,,256,3,4,,,,,,,0.99,,,0.01,,models\best_REINFORCE_u6_t40_seed0.pth,,,5.975557000027038,,,,,,,round_robin,11,320,,40,0.31266030005645007,7.816507501411252,
REINFORCE_baseline_public25_seed0_20260810_001022,REINFORCE,baseline,u6_t60,6,60,0,263,2026-08-10 00:54:47,2665.2070621999446,,,1434.2052527380392,1279.917916809486,141.8388872445333,1.0,8,8,0,1206.4700902638613,1,1144.778978383466,113,0.16794027427166916,MinBattery_NearestTask,1204.447338100797,1781.770307254355,-0.11657778173685074,,2.146256923675537,,,,,,256,3,4,,,,,,,0.99,,,0.01,,models\best_REINFORCE_u6_t60_seed0.pth,,,9.603213399997912,,,,,,,round_robin,11,480,,60,0.5998449999606237,9.997416666010395,
REINFORCE_baseline_public25_seed0_20260810_001022,REINFORCE,baseline,u6_t80,6,80,0,264,2026-08-10 00:55:01,2678.7456592998933,,,1781.8855205348457,1640.217513663985,73.07490620969227,1.0,8,8,0,1694.4654526541046,1,1335.9680928589678,39,32.12315807400633,MinBattery_NearestTask,1282.4893662509803,1990.1034262302112,0.06427142024040222,,2.3364274501800537,,,,,,256,3,4,,,,,,,0.99,,,0.01,,models\best_REINFORCE_u6_t80_seed0.pth,,,13.500052600051276,,,,,,,round_robin,11,640,,80,0.8705559000372887,10.881948750466108,
REINFORCE_baseline_public25_seed0_20260810_001022,REINFORCE,baseline,u6_t100,6,100,0,265,2026-08-10 00:55:18,2696.4099025999894,,,2228.9445501248683,1954.9520943301345,129.30061499764187,1.0,8,8,0,1776.400202120019,1,1776.400202120019,265,40.71251002090644,MinBattery_NearestTask,1262.4323181045447,2588.8953280469614,0.4465502202510834,,2.488534450531006,,,,,,256,3,4,,,,,,,0.99,,,0.01,,models\best_REINFORCE_u6_t100_seed0.pth,,,17.635809600003995,,,,,,,round_robin,11,800,,100,1.1821420000633225,11.821420000633225,
REINFORCE_baseline_public25_seed0_20260810_001022,REINFORCE,baseline,u8_t20,8,20,0,266,2026-08-10 00:55:21,2699.5144421999576,,,609.7749938604474,544.8507344438065,83.78456846941333,1.0,8,8,0,530.3445561678766,1,530.3445561678766,266,-7.535311822665393,MinBattery_NearestTask,573.5644240217935,594.6205530170921,-0.8308107852935791,,1.8651304244995117,,,,,,256,3,4,,,,,,,0.99,,,0.01,,models\best_REINFORCE_u8_t20_seed0.pth,,,3.0583816999569535,,,,,,,round_robin,11,160,,20,0.14712360000703484,7.356180000351742,
REINFORCE_baseline_public25_seed0_20260810_001022,REINFORCE,baseline,u8_t40,8,40,0,267,2026-08-10 00:55:28,2705.8225275999866,,,1052.8643990190205,1012.6763831826376,29.410561988986625,1.0,8,8,0,864.3381083764768,1,864.3381083764768,267,31.28078125819019,MinBattery_NearestTask,658.3889127507409,1218.711334656825,-0.3135344684123993,,2.189253568649292,,,,,,256,3,4,,,,,,,0.99,,,0.01,,models\best_REINFORCE_u8_t40_seed0.pth,,,6.282038599951193,,,,,,,round_robin,11,320,,40,0.35990019992459565,8.997504998114891,
REINFORCE_baseline_public25_seed0_20260810_001022,REINFORCE,baseline,u8_t60,8,60,0,268,2026-08-10 00:55:38,2715.8161419999087,,,1255.8869101327703,1183.0344496021069,103.0216238602722,1.0,8,8,0,1206.18029364914,1,1178.1880884292734,193,10.243623521919886,MinBattery_NearestTask,1094.1043618811327,1248.589806791493,-0.07882433384656906,,2.2511494159698486,,,,,,256,3,4,,,,,,,0.99,,,0.01,,models\best_REINFORCE_u8_t60_seed0.pth,,,9.955478099989705,,,,,,,round_robin,11,480,,60,0.6250002000015229,10.416670000025382,
REINFORCE_baseline_public25_seed0_20260810_001022,REINFORCE,baseline,u8_t80,8,80,0,269,2026-08-10 00:55:52,2730.05643389991,,,1606.9904335302745,1456.8570069527777,68.78208923679878,1.0,8,8,0,1509.6295534285916,1,1184.5560543271604,144,40.443127015665254,MinBattery_NearestTask,1074.904543573859,1790.9534363892533,0.5119122266769409,,2.323686361312866,,,,,,256,3,4,,,,,,,0.99,,,0.01,,models\best_REINFORCE_u8_t80_seed0.pth,,,14.214159099967219,,,,,,,round_robin,11,640,,80,0.9246550999814644,11.558188749768306,
REINFORCE_baseline_public25_seed0_20260810_001022,REINFORCE,baseline,u8_t100,8,100,0,270,2026-08-10 00:56:11,2748.894312899909,,,1792.0800963323704,1716.381665991884,71.01800221990808,1.0,8,8,0,1714.5104596868857,1,1607.8570800079096,220,49.329301999412564,MinBattery_NearestTask,1148.1406775032206,2192.764389417016,0.5841020345687866,,2.460386037826538,,,,,,256,3,4,,,,,,,0.99,,,0.01,,models\best_REINFORCE_u8_t100_seed0.pth,,,18.79742840002291,,,,,,,round_robin,11,800,,100,1.299380399985239,12.993803999852389,
REINFORCE_baseline_public25_seed0_20260810_001022,REINFORCE,baseline,u10_t20,10,20,0,271,2026-08-10 00:56:14,2752.0163471999113,,,538.5260993115302,509.1377230064514,17.223421991093268,1.0,8,8,0,520.8840753418974,1,520.8840753418974,271,1.4493790460758036,MinBattery_NearestTask,513.442349514357,559.9277735462435,-1.3355969190597534,,2.1470839977264404,,,,,,256,3,4,,,,,,,0.99,,,0.01,,models\best_REINFORCE_u10_t20_seed0.pth,,,3.0895004998892546,,,,,,,round_robin,11,160,,20,0.16563170007430017,8.281585003715008,
REINFORCE_baseline_public25_seed0_20260810_001022,REINFORCE,baseline,u10_t40,10,40,0,272,2026-08-10 00:56:21,2758.702635900001,,,692.7664268952109,618.1140321395985,105.73624859467559,1.0,8,8,0,642.3876187306823,1,621.0078944729405,172,2.378128116999347,MinBattery_NearestTask,627.4656809475473,957.3671098819304,-0.3361847400665283,,2.453564167022705,,,,,,256,3,4,,,,,,,0.99,,,0.01,,models\best_REINFORCE_u10_t40_seed0.pth,,,6.646031099953689,,,,,,,round_robin,11,320,,40,0.4088062000228092,10.22015500057023,
REINFORCE_baseline_public25_seed0_20260810_001022,REINFORCE,baseline,u10_t60,10,60,0,273,2026-08-10 00:56:31,2769.2154860999435,,,1102.3651514330286,1062.66968200685,34.74293899912633,1.0,8,8,0,1073.9215101513682,1,1053.000622006581,173,59.81130907173752,MinBattery_NearestTask,671.9934380046263,1193.9764350817031,0.45285096764564514,,2.4827494621276855,,,,,,256,3,4,,,,,,,0.99,,,0.01,,models\best_REINFORCE_u10_t60_seed0.pth,,,10.483198700007051,,,,,,,round_robin,11,480,,60,0.6889516999945045,11.48252833324174,
REINFORCE_baseline_public25_seed0_20260810_001022,REINFORCE,baseline,u10_t80,10,80,0,274,2026-08-10 00:56:46,2784.050950099947,,,1181.9768165814708,1137.8226032602001,36.81950131448332,1.0,8,8,0,1155.3395408616616,1,1108.8131085003909,224,1.6107605260572155,MinBattery_NearestTask,1137.024794303537,1357.6824276116938,0.4976141154766083,,2.5190987586975098,,,,,,256,3,4,,,,,,,0.99,,,0.01,,models\best_REINFORCE_u10_t80_seed0.pth,,,14.787599800038151,,,,,,,round_robin,11,640,,80,1.057894799974747,13.223684999684338,
REINFORCE_baseline_public25_seed0_20260810_001022,REINFORCE,baseline,u10_t100,10,100,0,275,2026-08-10 00:57:05,2803.3089504999807,,,1356.805907361239,1304.130520561536,88.53058855559554,1.0,8,8,0,1291.3738328078516,1,1195.599213656352,125,8.782886653888552,MinBattery_NearestTask,1187.1112015225146,1816.9612465912573,0.4822365939617157,,2.7513175010681152,,,,,,256,3,4,,,,,,,0.99,,,0.01,,models\best_REINFORCE_u10_t100_seed0.pth,,,19.225740500027314,,,,,,,round_robin,11,800,,100,1.4408996999263763,14.408996999263763,
REINFORCE_baseline_public25_seed0_20260810_001022,REINFORCE,baseline,u2_t20,2,20,0,276,2026-08-10 00:57:08,2805.9896298999665,,,1653.01606473546,1434.570250882925,95.04020695694061,1.0,8,8,0,1535.2887873800596,1,1468.4063031431247,201,24.26685820204935,MinBattery_NearestTask,1235.4772701211982,1648.142715048298,-0.7320258617401123,,1.2116769552230835,,,,,,256,3,4,,,,,,,0.99,,,0.01,,models\best_REINFORCE_u2_t20_seed0.pth,,,2.643394500017166,,,,,,,round_robin,12,160,,20,0.10819319996517152,5.409659998258576,
REINFORCE_baseline_public25_seed0_20260810_001022,REINFORCE,baseline,u2_t40,2,40,0,277,2026-08-10 00:57:13,2811.4581075999886,,,2595.3406589502556,1910.429159747781,335.9325693650103,1.0,8,8,0,1938.9853778678994,1,1871.9648274865267,252,8.329047521706654,MinBattery_NearestTask,1789.903467469675,2985.7040913621695,-0.5819242596626282,,1.6514934301376343,,,,,,256,3,4,,,,,,,0.99,,,0.01,,models\best_REINFORCE_u2_t40_seed0.pth,,,5.442633499973454,,,,,,,round_robin,12,320,,40,0.2649908000603318,6.6247700015082955,
REINFORCE_baseline_public25_seed0_20260810_001022,REINFORCE,baseline,u2_t60,2,60,0,278,2026-08-10 00:57:23,2820.6541904999176,,,3677.0642190899234,3179.959350333433,351.68038015944205,1.0,8,8,0,2617.8005672071386,1,2558.6832951414017,53,5.081631046686343,MinBattery_NearestTask,2491.2066372895233,4452.979979969232,-0.4796251952648163,,1.915373682975769,,,,,,256,3,4,,,,,,,0.99,,,0.01,,models\best_REINFORCE_u2_t60_seed0.pth,,,9.155601299949922,,,,,,,round_robin,12,480,,60,0.5210987000027671,8.684978333379451,
REINFORCE_baseline_public25_seed0_20260810_001022,REINFORCE,baseline,u2_t80,2,80,0,279,2026-08-10 00:57:36,2833.5574037999613,,,4232.053340619508,3859.007530362079,185.1769383783235,1.0,8,8,0,3041.01861489402,1,2990.925418415939,229,19.205152310345888,MinBattery_NearestTask,2551.0798450866023,5725.724036335487,-0.56630539894104,,2.2015678882598877,,,,,,256,3,4,,,,,,,0.99,,,0.01,,models\best_REINFORCE_u2_t80_seed0.pth,,,12.871898300014436,,,,,,,round_robin,12,640,,80,0.7740003999788314,9.675004999735393,
REINFORCE_baseline_public25_seed0_20260810_001022,REINFORCE,baseline,u2_t100,2,100,0,280,2026-08-10 00:57:53,2851.3955203999067,,,5621.881583574728,5101.302673936649,409.2822882910386,1.0,8,8,0,3989.121927360368,1,3765.378306473222,155,21.758202004910633,MinBattery_NearestTask,3276.265468505754,6667.618839462179,-0.10648202896118164,,2.3352208137512207,,,,,,256,3,4,,,,,,,0.99,,,0.01,,models\best_REINFORCE_u2_t100_seed0.pth,,,17.79791830002796,,,,,,,round_robin,12,800,,100,1.0095830999780446,10.095830999780446,
REINFORCE_baseline_public25_seed0_20260810_001022,REINFORCE,baseline,u4_t20,4,20,0,281,2026-08-10 00:57:56,2854.1191493999213,,,998.2789003590359,861.2163708961757,86.22144920563252,1.0,8,8,0,943.3663028417538,1,644.2191846321656,56,48.603448559881876,MinBattery_NearestTask,634.8212723082338,1116.781447019792,-0.688983142375946,,1.5010355710983276,,,,,,256,3,4,,,,,,,0.99,,,0.01,,models\best_REINFORCE_u4_t20_seed0.pth,,,2.696309500024654,,,,,,,round_robin,12,160,,20,0.12395110004581511,6.1975550022907555,
REINFORCE_baseline_public25_seed0_20260810_001022,REINFORCE,baseline,u4_t40,4,40,0,282,2026-08-10 00:58:02,2859.7358646999346,,,1690.251630308118,1613.020319063111,43.22405881560818,1.0,8,8,0,1494.871820474213,1,1220.7253884160014,157,23.736428627604695,MinBattery_NearestTask,1208.1097192267905,1809.9456757002988,-0.7573316693305969,,1.9352432489395142,,,,,,256,3,4,,,,,,,0.99,,,0.01,,models\best_REINFORCE_u4_t40_seed0.pth,,,5.57546129997354,,,,,,,round_robin,12,320,,40,0.2800055999541655,7.000139998854138,
REINFORCE_baseline_public25_seed0_20260810_001022,REINFORCE,baseline,u4_t60,4,60,0,283,2026-08-10 00:58:10,2868.3845454999246,,,2098.1398503292867,1737.6188898666505,153.70752655886713,1.0,8,8,0,1709.0157084073826,1,1658.382088076164,133,0.044570690277496786,MinBattery_NearestTask,1708.2543276618485,2452.0766097704714,-0.33232229948043823,,2.0664799213409424,,,,,,256,3,4,,,,,,,0.99,,,0.01,,models\best_REINFORCE_u4_t60_seed0.pth,,,8.62192549998872,,,,,,,round_robin,12,480,,60,0.5052095999708399,8.420159999513999,
REINFORCE_baseline_public25_seed0_20260810_001022,REINFORCE,baseline,u4_t80,4,80,0,284,2026-08-10 00:58:23,2880.8891300999094,,,2468.3909020889287,2319.145434887678,111.48174725320573,1.0,8,8,0,2118.704894213415,1,1907.8323990572944,9,14.993677786129592,MinBattery_NearestTask,1842.4533722226693,3001.7744400044194,-0.12016656249761581,,2.336005926132202,,,,,,256,3,4,,,,,,,0.99,,,0.01,,models\best_REINFORCE_u4_t80_seed0.pth,,,12.463836399954744,,,,,,,round_robin,12,640,,80,0.7340100000146776,9.17512500018347,
REINFORCE_baseline_public25_seed0_20260810_001022,REINFORCE,baseline,u4_t100,4,100,0,285,2026-08-10 00:58:39,2897.1259184998926,,,3215.6738060006487,3017.549223767471,104.0541852285616,1.0,8,8,0,2623.331125017937,1,2385.349306268222,135,33.79983062316642,MinBattery_NearestTask,1960.6385993165281,3788.7440276745037,0.3900570869445801,,2.5739529132843018,,,,,,256,3,4,,,,,,,0.99,,,0.01,,models\best_REINFORCE_u4_t100_seed0.pth,,,16.209461999940686,,,,,,,round_robin,12,800,,100,1.0761956000933424,10.761956000933424,
REINFORCE_baseline_public25_seed0_20260810_001022,REINFORCE,baseline,u6_t20,6,20,0,286,2026-08-10 00:58:42,2899.9298218999757,,,762.8502321064627,514.9575289012503,169.9768277533411,1.0,8,8,0,561.1330777559566,1,532.7831152424773,86,4.070155340985692,MinBattery_NearestTask,539.1873163996008,875.8432185926702,-0.3965560495853424,,1.8821357488632202,,,,,,256,3,4,,,,,,,0.99,,,0.01,,models\best_REINFORCE_u6_t20_seed0.pth,,,2.764678100007586,,,,,,,round_robin,12,160,,20,0.12719560007099062,6.359780003549531,
REINFORCE_baseline_public25_seed0_20260810_001022,REINFORCE,baseline,u6_t40,6,40,0,287,2026-08-10 00:58:48,2905.6135260999436,,,1189.252310893984,1142.523396019858,32.23380615674551,1.0,8,8,0,1148.4286609794467,1,1057.489173123437,137,13.338013282160357,MinBattery_NearestTask,1013.277564801122,1210.81064814677,-0.7610132694244385,,2.2349095344543457,,,,,,256,3,4,,,,,,,0.99,,,0.01,,models\best_REINFORCE_u6_t40_seed0.pth,,,5.6565197999589145,,,,,,,round_robin,12,320,,40,0.30363079998642206,7.5907699996605515,
REINFORCE_baseline_public25_seed0_20260810_001022,REINFORCE,baseline,u6_t60,6,60,0,288,2026-08-10 00:58:57,2914.824272400001,,,1649.6641184516825,1556.8086333985134,61.928061393007155,1.0,8,8,0,1188.8726546062712,1,1144.778978383466,113,-1.2930979214985272,MinBattery_NearestTask,1204.447338100797,1781.770307254355,-0.11407004296779633,,2.5549542903900146,,,,,,256,3,4,,,,,,,0.99,,,0.01,,models\best_REINFORCE_u6_t60_seed0.pth,,,9.168915099930018,,,,,,,round_robin,12,480,,60,0.5353800999000669,8.923001665001115,
REINFORCE_baseline_public25_seed0_20260810_001022,REINFORCE,baseline,u6_t80,6,80,0,289,2026-08-10 00:59:10,2927.796915099956,,,1963.1004793169357,1920.7740209527988,40.305788793801305,1.0,8,8,0,1694.7962454646317,1,1335.9680928589678,39,32.1489510996042,MinBattery_NearestTask,1282.4893662509803,1990.1034262302112,0.09864126890897751,,2.768211841583252,,,,,,256,3,4,,,,,,,0.99,,,0.01,,models\best_REINFORCE_u6_t80_seed0.pth,,,12.944748400012031,,,,,,,round_robin,12,640,,80,0.8203405999811366,10.254257499764208,
REINFORCE_baseline_public25_seed0_20260810_001022,REINFORCE,baseline,u6_t100,6,100,0,290,2026-08-10 00:59:27,2944.9005964999087,,,2500.1986857018173,2422.0865866505223,59.604666937863975,1.0,8,8,0,1881.4371070618781,1,1776.400202120019,265,49.0327109089481,MinBattery_NearestTask,1262.4323181045447,2588.8953280469614,0.7938192486763,,2.891233444213867,,,,,,256,3,4,,,,,,,0.99,,,0.01,,models\best_REINFORCE_u6_t100_seed0.pth,,,17.06176409998443,,,,,,,round_robin,12,800,,100,1.1576162000419572,11.576162000419572,
REINFORCE_baseline_public25_seed0_20260810_001022,REINFORCE,baseline,u8_t20,8,20,0,291,2026-08-10 00:59:30,2947.8222512999782,,,584.9540095397418,553.7293560665712,23.256027637895624,1.0,8,8,0,538.8720536014129,1,530.3445561678766,266,-6.048556878252687,MinBattery_NearestTask,573.5644240217935,594.6205530170921,-1.7336519956588745,,2.2804107666015625,,,,,,256,3,4,,,,,,,0.99,,,0.01,,models\best_REINFORCE_u8_t20_seed0.pth,,,2.8947949999710545,,,,,,,round_robin,12,160,,20,0.1390451000770554,6.95225500385277,
REINFORCE_baseline_public25_seed0_20260810_001022,REINFORCE,baseline,u8_t40,8,40,0,292,2026-08-10 00:59:36,2953.875444300007,,,1087.4319131199688,1036.2116854140213,51.68740942416814,1.0,8,8,0,1068.503496322006,1,864.3381083764768,267,62.29062726129625,MinBattery_NearestTask,658.3889127507409,1218.711334656825,-0.503308117389679,,2.5356483459472656,,,,,,256,3,4,,,,,,,0.99,,,0.01,,models\best_REINFORCE_u8_t40_seed0.pth,,,6.012062499998137,,,,,,,round_robin,12,320,,40,0.34323300002142787,8.580825000535697,
REINFORCE_baseline_public25_seed0_20260810_001022,REINFORCE,baseline,u8_t60,8,60,0,293,2026-08-10 00:59:45,2963.468080499908,,,1366.1906528447885,1200.7122816397364,183.05353432097624,1.0,8,8,0,1152.3337512891278,1,1152.3337512891278,293,5.32210559035513,MinBattery_NearestTask,1094.1043618811327,1248.589806791493,0.026503512635827065,,2.693347930908203,,,,,,256,3,4,,,,,,,0.99,,,0.01,,models\best_REINFORCE_u8_t60_seed0.pth,,,9.565730899921618,,,,,,,round_robin,12,480,,60,0.5928533999249339,9.880889998748899,
REINFORCE_baseline_public25_seed0_20260810_001022,REINFORCE,baseline,u8_t80,8,80,0,294,2026-08-10 00:59:59,2977.1158637999324,,,1727.728317350779,1593.9979097777277,66.26926226133016,1.0,8,8,0,1507.8389082080082,1,1184.5560543271604,144,40.27654057491677,MinBattery_NearestTask,1074.904543573859,1790.9534363892533,0.38644617795944214,,2.7810206413269043,,,,,,256,3,4,,,,,,,0.99,,,0.01,,models\best_REINFORCE_u8_t80_seed0.pth,,,13.60918019991368,,,,,,,round_robin,12,640,,80,0.8977668000152335,11.222085000190418,
REINFORCE_baseline_public25_seed0_20260810_001022,REINFORCE,baseline,u8_t100,8,100,0,295,2026-08-10 01:00:18,2995.984528800007,,,2150.778342304051,2106.1959083272204,35.170655596384066,1.0,8,8,0,1638.68848690501,1,1607.8570800079096,220,42.72540978763584,MinBattery_NearestTask,1148.1406775032206,2192.764389417016,1.0443848371505737,,2.9554383754730225,,,,,,256,3,4,,,,,,,0.99,,,0.01,,models\best_REINFORCE_u8_t100_seed0.pth,,,18.84196830005385,,,,,,,round_robin,12,800,,100,1.4188660000218078,14.188660000218078,
REINFORCE_baseline_public25_seed0_20260810_001022,REINFORCE,baseline,u10_t20,10,20,0,296,2026-08-10 01:00:21,2999.216909699957,,,549.2059929745835,517.9853030453244,16.52476561451321,1.0,8,8,0,530.1557729785958,1,520.8840753418974,271,3.2551704159283443,MinBattery_NearestTask,513.442349514357,559.9277735462435,-1.4991499185562134,,2.5289244651794434,,,,,,256,3,4,,,,,,,0.99,,,0.01,,models\best_REINFORCE_u10_t20_seed0.pth,,,3.1883894000202417,,,,,,,round_robin,12,160,,20,0.1671034999890253,8.355174999451265,
REINFORCE_baseline_public25_seed0_20260810_001022,REINFORCE,baseline,u10_t40,10,40,0,297,2026-08-10 01:00:28,3006.3326934999786,,,774.5074531467542,639.2230498550381,170.23409452703598,1.0,8,8,0,915.6897881406526,1,621.0078944729405,172,45.93464088073356,MinBattery_NearestTask,627.4656809475473,957.3671098819304,-0.22264742851257324,,2.792527914047241,,,,,,256,3,4,,,,,,,0.99,,,0.01,,models\best_REINFORCE_u10_t40_seed0.pth,,,7.0883323000743985,,,,,,,round_robin,12,320,,40,0.410790599999018,10.26976499997545,
REINFORCE_baseline_public25_seed0_20260810_001022,REINFORCE,baseline,u10_t60,10,60,0,298,2026-08-10 01:00:40,3018.0940646999516,,,1217.6599735638183,1164.7863953621347,31.18174295630188,1.0,8,8,0,1057.1680050742875,1,1053.000622006581,173,57.31820361421587,MinBattery_NearestTask,671.9934380046263,1193.9764350817031,0.004591777920722961,,2.8833885192871094,,,,,,256,3,4,,,,,,,0.99,,,0.01,,models\best_REINFORCE_u10_t60_seed0.pth,,,11.720282200025395,,,,,,,round_robin,12,480,,60,0.6838746999856085,11.397911666426808,
REINFORCE_baseline_public25_seed0_20260810_001022,REINFORCE,baseline,u10_t80,10,80,0,299,2026-08-10 01:00:54,3032.3753474999685,,,1328.6321096503768,1258.262071876271,31.265583924809807,1.0,8,8,0,1146.6080787475062,1,1108.8131085003909,224,0.8428386515387526,MinBattery_NearestTask,1137.024794303537,1357.6824276116938,0.3102510869503021,,2.995452404022217,,,,,,256,3,4,,,,,,,0.99,,,0.01,,models\best_REINFORCE_u10_t80_seed0.pth,,,14.25727049994748,,,,,,,round_robin,12,640,,80,0.9182596999453381,11.478246249316726,
REINFORCE_baseline_public25_seed0_20260810_001022,REINFORCE,baseline,u10_t100,10,100,0,300,2026-08-10 01:01:14,3052.1978943999857,,,1531.755818167459,1345.3403421873047,144.24413425342712,1.0,8,8,0,1156.5750588075698,1,1156.5750588075698,300,-2.5723068467200965,MinBattery_NearestTask,1187.1112015225146,1816.9612465912573,0.5458100438117981,,3.081937789916992,,,,,,256,3,4,,,,,,,0.99,,,0.01,,models\best_REINFORCE_u10_t100_seed0.pth,,,19.786750699975528,,,,,,,round_robin,12,800,,100,1.5816013000439852,15.816013000439852,
REINFORCE_baseline_public25_seed0_20260810_001022,REINFORCE,baseline,u2_t20,2,20,0,301,2026-08-10 01:01:17,3054.852977899951,,,1699.5169862608268,1590.6412205871725,137.9338921911046,1.0,8,8,0,1520.845472209805,1,1468.4063031431247,201,23.09781078049397,MinBattery_NearestTask,1235.4772701211982,1648.142715048298,-0.8445876836776733,,1.2779148817062378,,,,,,256,3,4,,,,,,,0.99,,,0.01,,models\best_REINFORCE_u2_t20_seed0.pth,,,2.6327036999864504,,,,,,,round_robin,13,160,,20,0.10163040005136281,5.081520002568141,
REINFORCE_baseline_public25_seed0_20260810_001022,REINFORCE,baseline,u2_t40,2,40,0,302,2026-08-10 01:01:24,3061.898792899912,,,2689.9592205950858,2439.410668660024,229.4619479184541,1.0,8,8,0,1904.1429815658203,1,1871.9648274865267,252,6.382439956811847,MinBattery_NearestTask,1789.903467469675,2985.7040913621695,-0.7176138162612915,,1.7533241510391235,,,,,,256,3,4,,,,,,,0.99,,,0.01,,models\best_REINFORCE_u2_t40_seed0.pth,,,6.902895299950615,,,,,,,round_robin,13,320,,40,0.4942883000476286,12.357207501190715,
REINFORCE_baseline_public25_seed0_20260810_001022,REINFORCE,baseline,u2_t60,2,60,0,303,2026-08-10 01:01:34,3071.5607467999216,,,3740.940002731329,3538.6228425003083,104.47972621449377,1.0,8,8,0,2859.994941513766,1,2558.6832951414017,53,14.803601544089135,MinBattery_NearestTask,2491.2066372895233,4452.979979969232,-0.8217971920967102,,1.908146858215332,,,,,,256,3,4,,,,,,,0.99,,,0.01,,models\best_REINFORCE_u2_t60_seed0.pth,,,9.63879110000562,,,,,,,round_robin,13,480,,60,0.386865200009197,6.447753333486617,
REINFORCE_baseline_public25_seed0_20260810_001022,REINFORCE,baseline,u2_t80,2,80,0,304,2026-08-10 01:01:44,3082.0169515999733,,,4368.3129014763745,4159.964166128447,116.74198460906112,1.0,8,8,0,2929.9563368458826,1,2929.9563368458826,304,14.851612445176857,MinBattery_NearestTask,2551.0798450866023,5725.724036335487,-0.6019455194473267,,2.182512044906616,,,,,,256,3,4,,,,,,,0.99,,,0.01,,models\best_REINFORCE_u2_t80_seed0.pth,,,10.423384999972768,,,,,,,round_robin,13,640,,80,0.6875989999389276,8.594987499236595,
REINFORCE_baseline_public25_seed0_20260810_001022,REINFORCE,baseline,u2_t100,2,100,0,305,2026-08-10 01:01:57,3095.4462286999915,,,5626.367584623665,5289.378713145093,368.77197757248615,1.0,8,8,0,3361.8451830962995,1,3361.8451830962995,305,2.6121117294434844,MinBattery_NearestTask,3276.265468505754,6667.618839462179,-0.2068432867527008,,2.2592151165008545,,,,,,256,3,4,,,,,,,0.99,,,0.01,,models\best_REINFORCE_u2_t100_seed0.pth,,,13.400340100051835,,,,,,,round_robin,13,800,,100,0.8455683999927714,8.455683999927714,
REINFORCE_baseline_public25_seed0_20260810_001022,REINFORCE,baseline,u4_t20,4,20,0,306,2026-08-10 01:02:01,3098.603715699981,,,938.6331088577856,808.0680037531,69.71442603948238,1.0,8,8,0,964.5892506847506,1,644.2191846321656,56,51.946586033178775,MinBattery_NearestTask,634.8212723082338,1116.781447019792,-1.0977146625518799,,1.5345169305801392,,,,,,256,3,4,,,,,,,0.99,,,0.01,,models\best_REINFORCE_u4_t20_seed0.pth,,,3.1255291999550536,,,,,,,round_robin,13,160,,20,0.12660700001288205,6.330350000644103,
REINFORCE_baseline_public25_seed0_20260810_001022,REINFORCE,baseline,u4_t40,4,40,0,307,2026-08-10 01:02:07,3104.780207999982,,,1556.881801175909,1291.2091769697229,156.30402882670367,1.0,8,8,0,1299.3721425342062,1,1220.7253884160014,157,7.55415024438551,MinBattery_NearestTask,1208.1097192267905,1809.9456757002988,-0.6238301396369934,,1.8845220804214478,,,,,,256,3,4,,,,,,,0.99,,,0.01,,models\best_REINFORCE_u4_t40_seed0.pth,,,6.150415200041607,,,,,,,round_robin,13,320,,40,0.30297199997585267,7.574299999396317,
REINFORCE_baseline_public25_seed0_20260810_001022,REINFORCE,baseline,u4_t60,4,60,0,308,2026-08-10 01:02:17,3114.6413387999637,,,1968.0652152595162,1705.8738566705354,185.9784575195052,1.0,8,8,0,1685.0157439409413,1,1658.382088076164,133,-1.3603702531059698,MinBattery_NearestTask,1708.2543276618485,2452.0766097704714,-0.5002002120018005,,1.9264904260635376,,,,,,256,3,4,,,,,,,0.99,,,0.01,,models\best_REINFORCE_u4_t60_seed0.pth,,,9.825990700046532,,,,,,,round_robin,13,480,,60,0.5629242999712005,9.382071666186675,
REINFORCE_baseline_public25_seed0_20260810_001022,REINFORCE,baseline,u4_t80,4,80,0,309,2026-08-10 01:02:31,3128.611701699905,,,2453.6954045364737,2273.9863589469933,87.14916085440254,1.0,8,8,0,2181.6568771954207,1,1907.8323990572944,9,18.410425473267125,MinBattery_NearestTask,1842.4533722226693,3001.7744400044194,-0.43551161885261536,,2.1902847290039062,,,,,,256,3,4,,,,,,,0.99,,,0.01,,models\best_REINFORCE_u4_t80_seed0.pth,,,13.94262190000154,,,,,,,round_robin,13,640,,80,0.8771180999465287,10.963976249331608,
REINFORCE_baseline_public25_seed0_20260810_001022,REINFORCE,baseline,u4_t100,4,100,0,310,2026-08-10 01:02:49,3146.7934372999007,,,3024.930718859623,2810.5434715122196,102.53334360224196,1.0,8,8,0,2416.837701105916,1,2385.349306268222,135,23.26788332885098,MinBattery_NearestTask,1960.6385993165281,3788.7440276745037,0.12362100929021835,,2.3556196689605713,,,,,,256,3,4,,,,,,,0.99,,,0.01,,models\best_REINFORCE_u4_t100_seed0.pth,,,18.148305500042625,,,,,,,round_robin,13,800,,100,1.083615900017321,10.836159000173211,
REINFORCE_baseline_public25_seed0_20260810_001022,REINFORCE,baseline,u6_t20,6,20,0,311,2026-08-10 01:02:52,3149.801810099976,,,637.5596241416252,538.7127610132105,146.33558065910913,1.0,8,8,0,555.0157449566221,1,532.7831152424773,86,2.93560847512418,MinBattery_NearestTask,539.1873163996008,875.8432185926702,-0.747947633266449,,1.6555484533309937,,,,,,256,3,4,,,,,,,0.99,,,0.01,,models\best_REINFORCE_u6_t20_seed0.pth,,,2.98185330000706,,,,,,,round_robin,13,160,,20,0.14313610002864152,7.156805001432076,
REINFORCE_baseline_public25_seed0_20260810_001022,REINFORCE,baseline,u6_t40,6,40,0,312,2026-08-10 01:02:58,3156.218019499909,,,1162.487074040172,1049.3796548830092,62.43685136995867,1.0,8,8,0,1200.4153420192163,1,1057.489173123437,137,18.468560216748127,MinBattery_NearestTask,1013.277564801122,1210.81064814677,-0.7077362537384033,,1.8727916479110718,,,,,,256,3,4,,,,,,,0.99,,,0.01,,models\best_REINFORCE_u6_t40_seed0.pth,,,6.382047699997202,,,,,,,round_robin,13,320,,40,0.3321005000034347,8.302512500085868,
REINFORCE_baseline_public25_seed0_20260810_001022,REINFORCE,baseline,u6_t60,6,60,0,313,2026-08-10 01:03:09,3166.593017899897,,,1333.6307284998552,1255.0647820755357,88.17209626684381,1.0,8,8,0,1228.2266908354327,1,1144.778978383466,113,1.9742957605877238,MinBattery_NearestTask,1204.447338100797,1781.770307254355,-0.4255139231681824,,2.1961066722869873,,,,,,256,3,4,,,,,,,0.99,,,0.01,,models\best_REINFORCE_u6_t60_seed0.pth,,,10.349748599925078,,,,,,,round_robin,13,480,,60,0.6298796000191942,10.497993333653236,
REINFORCE_baseline_public25_seed0_20260810_001022,REINFORCE,baseline,u6_t80,6,80,0,314,2026-08-10 01:03:23,3181.152760399971,,,1785.6371550446497,1672.97356580303,83.99422473875896,1.0,8,8,0,1622.6698105836097,1,1335.9680928589678,39,26.525010911167023,MinBattery_NearestTask,1282.4893662509803,1990.1034262302112,0.06198421120643616,,2.3356246948242188,,,,,,256,3,4,,,,,,,0.99,,,0.01,,models\best_REINFORCE_u6_t80_seed0.pth,,,14.526988000026904,,,,,,,round_robin,13,640,,80,1.0055325999855995,12.569157499819994,
REINFORCE_baseline_public25_seed0_20260810_001022,REINFORCE,baseline,u6_t100,6,100,0,315,2026-08-10 01:03:41,3198.802170599927,,,2207.484749526792,1873.700522417521,156.21861024074855,1.0,8,8,0,1807.9547883392888,1,1776.400202120019,265,43.21201718392385,MinBattery_NearestTask,1262.4323181045447,2588.8953280469614,0.1766972839832306,,2.4499318599700928,,,,,,256,3,4,,,,,,,0.99,,,0.01,,models\best_REINFORCE_u6_t100_seed0.pth,,,17.626383899943903,,,,,,,round_robin,13,800,,100,1.0284374000038952,10.284374000038952,
REINFORCE_baseline_public25_seed0_20260810_001022,REINFORCE,baseline,u8_t20,8,20,0,316,2026-08-10 01:03:43,3201.2902997999918,,,577.5687405844833,537.9162505976938,17.484297886790632,1.0,8,8,0,538.8720536014129,1,530.3445561678766,266,-6.048556878252687,MinBattery_NearestTask,573.5644240217935,594.6205530170921,-1.9192566871643066,,1.8973420858383179,,,,,,256,3,4,,,,,,,0.99,,,0.01,,models\best_REINFORCE_u8_t20_seed0.pth,,,2.461762399994768,,,,,,,round_robin,13,160,,20,0.16814210009761155,8.407105004880577,
REINFORCE_baseline_public25_seed0_20260810_001022,REINFORCE,baseline,u8_t40,8,40,0,317,2026-08-10 01:03:49,3206.8250653999858,,,927.2351906580097,674.315564218034,120.86059237671587,1.0,8,8,0,661.9746269004689,1,661.9746269004689,317,0.5446194612766085,MinBattery_NearestTask,658.3889127507409,1218.711334656825,-0.33383485674858093,,1.9872936010360718,,,,,,256,3,4,,,,,,,0.99,,,0.01,,models\best_REINFORCE_u8_t40_seed0.pth,,,5.511370399966836,,,,,,,round_robin,13,320,,40,0.4576283000642434,11.440707501606084,
REINFORCE_baseline_public25_seed0_20260810_001022,REINFORCE,baseline,u8_t60,8,60,0,318,2026-08-10 01:03:58,3216.38814169995,,,1243.5301195677189,1184.194057159885,73.78322370159127,1.0,8,8,0,1166.6320764697075,1,1152.3337512891278,293,6.6289576310504135,MinBattery_NearestTask,1094.1043618811327,1248.589806791493,-0.27406853437423706,,2.150625705718994,,,,,,256,3,4,,,,,,,0.99,,,0.01,,models\best_REINFORCE_u8_t60_seed0.pth,,,9.535230600042269,,,,,,,round_robin,13,480,,60,1.0042806999990717,16.738011666651193,
REINFORCE_baseline_public25_seed0_20260810_001022,REINFORCE,baseline,u8_t80,8,80,0,319,2026-08-10 01:04:12,3230.375869899988,,,1652.6916525404476,1594.5433327670278,41.174508249243544,1.0,8,8,0,1466.6634788238384,1,1184.5560543271604,144,36.445927928395704,MinBattery_NearestTask,1074.904543573859,1790.9534363892533,0.49304303526878357,,2.3360888957977295,,,,,,256,3,4,,,,,,,0.99,,,0.01,,models\best_REINFORCE_u8_t80_seed0.pth,,,13.960041799931787,,,,,,,round_robin,13,640,,80,1.6315717999823391,20.39464749977924,
REINFORCE_baseline_public25_seed0_20260810_001022,REINFORCE,baseline,u8_t100,8,100,0,320,2026-08-10 01:04:33,3251.0022917999886,,,1814.7816897894584,1739.2391050959113,87.58282442942715,1.0,8,8,0,1658.9774557212884,1,1607.8570800079096,220,44.492525021319516,MinBattery_NearestTask,1148.1406775032206,2192.764389417016,0.5704437494277954,,2.5377774238586426,,,,,,256,3,4,,,,,,,0.99,,,0.01,,models\best_REINFORCE_u8_t100_seed0.pth,,,20.59916819992941,,,,,,,round_robin,13,800,,100,1.4573560999706388,14.573560999706388,
REINFORCE_baseline_public25_seed0_20260810_001022,REINFORCE,baseline,u10_t20,10,20,0,321,2026-08-10 01:04:36,3254.051629900001,,,550.9635167231719,512.7393580800149,16.043900949497385,1.0,8,8,0,517.9853030453245,1,517.9853030453245,321,0.884803042691051,MinBattery_NearestTask,513.442349514357,559.9277735462435,-2.3592257499694824,,1.829779028892517,,,,,,256,3,4,,,,,,,0.99,,,0.01,,models\best_REINFORCE_u10_t20_seed0.pth,,,3.0258998000063,,,,,,,round_robin,13,160,,20,0.3310184000292793,16.550920001463965,
REINFORCE_baseline_public25_seed0_20260810_001022,REINFORCE,baseline,u10_t40,10,40,0,322,2026-08-10 01:04:43,3260.6119423999917,,,692.5708643945909,594.6093345204172,151.68551424847965,1.0,8,8,0,635.9736640649203,1,621.0078944729405,172,1.3559280412794732,MinBattery_NearestTask,627.4656809475473,957.3671098819304,-0.40250760316848755,,2.5102574825286865,,,,,,256,3,4,,,,,,,0.99,,,0.01,,models\best_REINFORCE_u10_t40_seed0.pth,,,6.51963680004701,,,,,,,round_robin,13,320,,40,0.5655272000003606,14.138180000009015,
REINFORCE_baseline_public25_seed0_20260810_001022,REINFORCE,baseline,u10_t60,10,60,0,323,2026-08-10 01:04:54,3271.6420329998946,,,1110.4713377767716,1067.6032668294947,45.20874788878107,1.0,8,8,0,1062.5749643007234,1,1053.000622006581,173,58.12281849892232,MinBattery_NearestTask,671.9934380046263,1193.9764350817031,0.30261972546577454,,2.547006845474243,,,,,,256,3,4,,,,,,,0.99,,,0.01,,models\best_REINFORCE_u10_t60_seed0.pth,,,11.004354799981229,,,,,,,round_robin,13,480,,60,0.8267482999945059,13.779138333241766,
REINFORCE_baseline_public25_seed0_20260810_001022,REINFORCE,baseline,u10_t80,10,80,0,324,2026-08-10 01:05:09,3287.004492899985,,,1246.1716596765389,1158.4770261990277,48.51099241217562,1.0,8,8,0,1127.8025054805075,1,1108.8131085003909,224,-0.8110895091499186,MinBattery_NearestTask,1137.024794303537,1357.6824276116938,0.1536906212568283,,2.598383665084839,,,,,,256,3,4,,,,,,,0.99,,,0.01,,models\best_REINFORCE_u10_t80_seed0.pth,,,15.33576929999981,,,,,,,round_robin,13,640,,80,1.0123982999939471,12.65497874992434,
REINFORCE_baseline_public25_seed0_20260810_001022,REINFORCE,baseline,u10_t100,10,100,0,325,2026-08-10 01:05:30,3308.2544167999877,,,1337.6085522194535,1291.3305264276582,54.93549293237642,1.0,8,8,0,1162.6847119007175,1,1156.5750588075698,300,-2.057641237861226,MinBattery_NearestTask,1187.1112015225146,1816.9612465912573,0.5277340412139893,,2.831603527069092,,,,,,256,3,4,,,,,,,0.99,,,0.01,,models\best_REINFORCE_u10_t100_seed0.pth,,,21.22447989997454,,,,,,,round_robin,13,800,,100,1.3673367999726906,13.673367999726906,
REINFORCE_baseline_public25_seed0_20260810_001022,REINFORCE,baseline,u2_t20,2,20,0,326,2026-08-10 01:05:33,3311.211057599983,,,1520.340248272163,1189.0411068584117,131.21391007448753,1.0,8,8,0,1564.6376795764318,1,1468.4063031431247,201,26.642368695536057,MinBattery_NearestTask,1235.4772701211982,1648.142715048298,-1.0525315999984741,,1.0835446119308472,,,,,,256,3,4,,,,,,,0.99,,,0.01,,models\best_REINFORCE_u2_t20_seed0.pth,,,2.9306526000145823,,,,,,,round_robin,14,160,,20,0.14411500003188848,7.205750001594424,
REINFORCE_baseline_public25_seed0_20260810_001022,REINFORCE,baseline,u2_t40,2,40,0,327,2026-08-10 01:05:39,3317.299058099976,,,2450.386010684537,2331.3976192353985,107.05577928459805,1.0,8,8,0,1814.2680031492703,1,1814.2680031492703,327,1.3612206536500315,MinBattery_NearestTask,1789.903467469675,2985.7040913621695,-0.8153573870658875,,1.5015830993652344,,,,,,256,3,4,,,,,,,0.99,,,0.01,,models\best_REINFORCE_u2_t40_seed0.pth,,,6.063864199910313,,,,,,,round_robin,14,320,,40,0.3106320999795571,7.765802499488927,
REINFORCE_baseline_public25_seed0_20260810_001022,REINFORCE,baseline,u2_t60,2,60,0,328,2026-08-10 01:05:48,3326.274108099984,,,3644.215002831018,3177.1172622749914,244.990523320809,1.0,8,8,0,2892.5167776561407,1,2558.6832951414017,53,16.109066761448975,MinBattery_NearestTask,2491.2066372895233,4452.979979969232,-0.7369972467422485,,1.7437864542007446,,,,,,256,3,4,,,,,,,0.99,,,0.01,,models\best_REINFORCE_u2_t60_seed0.pth,,,8.949108600034378,,,,,,,round_robin,14,480,,60,0.48779300006572157,8.129883334428692,
REINFORCE_baseline_public25_seed0_20260810_001022,REINFORCE,baseline,u2_t80,2,80,0,329,2026-08-10 01:06:02,3340.260202599922,,,4331.507356100548,4147.217115096591,151.92060647598436,1.0,8,8,0,3080.6813788575705,1,2929.9563368458826,304,20.75989643330782,MinBattery_NearestTask,2551.0798450866023,5725.724036335487,-0.5433362722396851,,2.0608723163604736,,,,,,256,3,4,,,,,,,0.99,,,0.01,,models\best_REINFORCE_u2_t80_seed0.pth,,,13.960461899987422,,,,,,,round_robin,14,640,,80,0.9337205999763682,11.671507499704603,
REINFORCE_baseline_public25_seed0_20260810_001022,REINFORCE,baseline,u2_t100,2,100,0,330,2026-08-10 01:06:20,3358.2990361999255,,,5676.670204006014,5306.808517872192,225.655973220977,1.0,8,8,0,3847.059402922714,1,3361.8451830962995,305,17.4220904839341,MinBattery_NearestTask,3276.265468505754,6667.618839462179,-0.20787300169467926,,2.1732847690582275,,,,,,256,3,4,,,,,,,0.99,,,0.01,,models\best_REINFORCE_u2_t100_seed0.pth,,,18.012726700049825,,,,,,,round_robin,14,800,,100,1.128016100032255,11.28016100032255,
REINFORCE_baseline_public25_seed0_20260810_001022,REINFORCE,baseline,u4_t20,4,20,0,331,2026-08-10 01:06:23,3361.1657758000074,,,1008.6806160740234,950.8163063086859,57.25403939037663,1.0,8,8,0,889.3188206542147,1,644.2191846321656,56,40.08963773703083,MinBattery_NearestTask,634.8212723082338,1116.781447019792,-1.3971045017242432,,1.437158465385437,,,,,,256,3,4,,,,,,,0.99,,,0.01,,models\best_REINFORCE_u4_t20_seed0.pth,,,2.8433252000249922,,,,,,,round_robin,14,160,,20,0.10158209991641343,5.079104995820671,
REINFORCE_baseline_public25_seed0_20260810_001022,REINFORCE,baseline,u4_t40,4,40,0,332,2026-08-10 01:06:29,3366.7335679999087,,,1559.7981834817008,1229.6104738148283,181.30003642548306,1.0,8,8,0,1304.1390661446715,1,1220.7253884160014,157,7.948727287728574,MinBattery_NearestTask,1208.1097192267905,1809.9456757002988,-0.6067042350769043,,1.890284776687622,,,,,,256,3,4,,,,,,,0.99,,,0.01,,models\best_REINFORCE_u4_t40_seed0.pth,,,5.5411937000462785,,,,,,,round_robin,14,320,,40,0.23228909994941205,5.807227498735301,
REINFORCE_baseline_public25_seed0_20260810_001022,REINFORCE,baseline,u4_t60,4,60,0,333,2026-08-10 01:06:38,3376.012066899915,,,1993.672336537882,1798.4590943652927,158.61757765774664,1.0,8,8,0,1658.4253561538867,1,1658.382088076164,133,-2.9169527453306423,MinBattery_NearestTask,1708.2543276618485,2452.0766097704714,-0.4927486479282379,,1.9929848909378052,,,,,,256,3,4,,,,,,,0.99,,,0.01,,models\best_REINFORCE_u4_t60_seed0.pth,,,9.247201399994083,,,,,,,round_robin,14,480,,60,0.49902380001731217,8.317063333621869,
REINFORCE_baseline_public25_seed0_20260810_001022,REINFORCE,baseline,u4_t80,4,80,0,334,2026-08-10 01:06:52,3390.1620639999164,,,2468.966706135625,2316.9206500627706,83.20838176483507,1.0,8,8,0,1935.2863094070938,1,1907.8323990572944,9,5.03855015187897,MinBattery_NearestTask,1842.4533722226693,3001.7744400044194,-0.46953555941581726,,2.3101439476013184,,,,,,256,3,4,,,,,,,0.99,,,0.01,,models\best_REINFORCE_u4_t80_seed0.pth,,,14.115359399933368,,,,,,,round_robin,14,640,,80,1.0425346000120044,13.031682500150055,
REINFORCE_baseline_public25_seed0_20260810_001022,REINFORCE,baseline,u4_t100,4,100,0,335,2026-08-10 01:07:10,3408.38279329997,,,3045.795796355376,2677.1338378342157,169.14277717088555,1.0,8,8,0,2391.0132612173256,1,2385.349306268222,135,21.95073901181098,MinBattery_NearestTask,1960.6385993165281,3788.7440276745037,-0.06466823816299438,,2.4825758934020996,,,,,,256,3,4,,,,,,,0.99,,,0.01,,models\best_REINFORCE_u4_t100_seed0.pth,,,18.19136299996171,,,,,,,round_robin,14,800,,100,1.3873795000836253,13.873795000836253,
REINFORCE_baseline_public25_seed0_20260810_001022,REINFORCE,baseline,u6_t20,6,20,0,336,2026-08-10 01:07:13,3411.1333031998947,,,603.2502176904302,544.414052391857,112.27246075236152,1.0,8,8,0,781.3140679486124,1,532.7831152424773,86,44.90586929340292,MinBattery_NearestTask,539.1873163996008,875.8432185926702,-0.8819012641906738,,1.8899040222167969,,,,,,256,3,4,,,,,,,0.99,,,0.01,,models\best_REINFORCE_u6_t20_seed0.pth,,,2.722854399937205,,,,,,,round_robin,14,160,,20,0.21076119993813336,10.538059996906668,
REINFORCE_baseline_public25_seed0_20260810_001022,REINFORCE,baseline,u6_t40,6,40,0,337,2026-08-10 01:07:20,3417.6277409999166,,,1144.5395125277896,1073.504995364959,47.11679784185797,1.0,8,8,0,1181.1979270077136,1,1057.489173123437,137,16.572000411313716,MinBattery_NearestTask,1013.277564801122,1210.81064814677,-0.8104736804962158,,1.9802875518798828,,,,,,256,3,4,,,,,,,0.99,,,0.01,,models\best_REINFORCE_u6_t40_seed0.pth,,,6.471603900077753,,,,,,,round_robin,14,320,,40,0.3736384999938309,9.340962499845773,
REINFORCE_baseline_public25_seed0_20260810_001022,REINFORCE,baseline,u6_t60,6,60,0,338,2026-08-10 01:07:29,3426.579792000004,,,1391.2096001877183,1268.693974510078,133.88230035638804,1.0,8,8,0,1310.2524668911046,1,1144.778978383466,113,8.784537558706706,MinBattery_NearestTask,1204.447338100797,1781.770307254355,-0.23939919471740723,,2.198103189468384,,,,,,256,3,4,,,,,,,0.99,,,0.01,,models\best_REINFORCE_u6_t60_seed0.pth,,,8.925870700040832,,,,,,,round_robin,14,480,,60,0.47273659997154027,7.878943332859006,
REINFORCE_baseline_public25_seed0_20260810_001022,REINFORCE,baseline,u6_t80,6,80,0,339,2026-08-10 01:07:42,3439.8632585000014,,,1836.4855262488632,1716.6160728496127,82.35581337418333,1.0,8,8,0,1603.716684879615,1,1335.9680928589678,39,25.047172092167763,MinBattery_NearestTask,1282.4893662509803,1990.1034262302112,-0.18320971727371216,,2.3684256076812744,,,,,,256,3,4,,,,,,,0.99,,,0.01,,models\best_REINFORCE_u6_t80_seed0.pth,,,13.25857360009104,,,,,,,round_robin,14,640,,80,0.696989200077951,8.712365000974387,
REINFORCE_baseline_public25_seed0_20260810_001022,REINFORCE,baseline,u6_t100,6,100,0,340,2026-08-10 01:08:01,3458.912033999921,,,2176.4735031453274,1913.5769889581782,189.81939683150384,1.0,8,8,0,1980.376074011003,1,1776.400202120019,265,56.86988091245965,MinBattery_NearestTask,1262.4323181045447,2588.8953280469614,0.24543644487857819,,2.46573543548584,,,,,,256,3,4,,,,,,,0.99,,,0.01,,models\best_REINFORCE_u6_t100_seed0.pth,,,19.020953799947165,,,,,,,round_robin,14,800,,100,1.6515174000523984,16.515174000523984,
REINFORCE_baseline_public25_seed0_20260810_001022,REINFORCE,baseline,u8_t20,8,20,0,341,2026-08-10 01:08:03,3461.440256499918,,,584.5309680949363,559.519830381416,17.923023762412832,1.0,8,8,0,538.8720536014129,1,530.3445561678766,266,-6.048556878252687,MinBattery_NearestTask,573.5644240217935,594.6205530170921,-1.9402002096176147,,2.113960027694702,,,,,,256,3,4,,,,,,,0.99,,,0.01,,models\best_REINFORCE_u8_t20_seed0.pth,,,2.504683699924499,,,,,,,round_robin,14,160,,20,0.2951719999546185,14.758599997730926,
REINFORCE_baseline_public25_seed0_20260810_001022,REINFORCE,baseline,u8_t40,8,40,0,342,2026-08-10 01:08:09,3466.968498299946,,,961.2908876461645,673.0726579503615,113.22410728566511,1.0,8,8,0,1015.6844644965223,1,661.9746269004689,317,54.268160478736625,MinBattery_NearestTask,658.3889127507409,1218.711334656825,-0.44243311882019043,,2.124856948852539,,,,,,256,3,4,,,,,,,0.99,,,0.01,,models\best_REINFORCE_u8_t40_seed0.pth,,,5.503503899904899,,,,,,,round_robin,14,320,,40,0.4225242999382317,10.563107498455793,
REINFORCE_baseline_public25_seed0_20260810_001022,REINFORCE,baseline,u8_t60,8,60,0,343,2026-08-10 01:08:18,3475.8087125999155,,,1216.2599695007466,1192.104971343274,11.41773856700049,1.0,8,8,0,1219.8894963803955,1,1152.3337512891278,293,11.49663038386904,MinBattery_NearestTask,1094.1043618811327,1248.589806791493,-0.5426196455955505,,2.1990885734558105,,,,,,256,3,4,,,,,,,0.99,,,0.01,,models\best_REINFORCE_u8_t60_seed0.pth,,,8.81690809992142,,,,,,,round_robin,14,480,,60,0.7686747999396175,12.811246665660292,
REINFORCE_baseline_public25_seed0_20260810_001022,REINFORCE,baseline,u8_t80,8,80,0,344,2026-08-10 01:08:31,3488.6760438999627,,,1583.6728957496694,1512.3747451069407,74.37519173979507,1.0,8,8,0,1482.9056788463995,1,1184.5560543271604,144,37.95696443109377,MinBattery_NearestTask,1074.904543573859,1790.9534363892533,0.33442556858062744,,2.298630475997925,,,,,,256,3,4,,,,,,,0.99,,,0.01,,models\best_REINFORCE_u8_t80_seed0.pth,,,12.840477299992926,,,,,,,round_robin,14,640,,80,1.069607299985364,13.370091249817051,
REINFORCE_baseline_public25_seed0_20260810_001022,REINFORCE,baseline,u8_t100,8,100,0,345,2026-08-10 01:08:46,3504.480843199999,,,1773.392944746886,1729.1987860867844,34.00123829049489,1.0,8,8,0,1620.0464756093925,1,1607.8570800079096,220,41.101740174591825,MinBattery_NearestTask,1148.1406775032206,2192.764389417016,0.5142672657966614,,2.4897632598876953,,,,,,256,3,4,,,,,,,0.99,,,0.01,,models\best_REINFORCE_u8_t100_seed0.pth,,,15.780965800047852,,,,,,,round_robin,14,800,,100,1.2876809999579564,12.876809999579564,
REINFORCE_baseline_public25_seed0_20260810_001022,REINFORCE,baseline,u10_t20,10,20,0,346,2026-08-10 01:08:50,3507.5929297999246,,,532.7448456177272,509.04686704269903,21.72429920050946,1.0,8,8,0,536.3954715303495,1,517.9853030453245,321,4.470438022438705,MinBattery_NearestTask,513.442349514357,559.9277735462435,-1.9170366525650024,,2.2568411827087402,,,,,,256,3,4,,,,,,,0.99,,,0.01,,models\best_REINFORCE_u10_t20_seed0.pth,,,3.0862236000830308,,,,,,,round_robin,14,160,,20,0.18645259994082153,9.322629997041076,
REINFORCE_baseline_public25_seed0_20260810_001022,REINFORCE,baseline,u10_t40,10,40,0,347,2026-08-10 01:08:55,3513.250626699999,,,678.6402745693159,628.082472501954,96.96193594085335,1.0,8,8,0,649.6865576136611,1,621.0078944729405,172,3.541369247885818,MinBattery_NearestTask,627.4656809475473,957.3671098819304,-0.6698978543281555,,2.524911880493164,,,,,,256,3,4,,,,,,,0.99,,,0.01,,models\best_REINFORCE_u10_t40_seed0.pth,,,5.632771200034767,,,,,,,round_robin,14,320,,40,0.41610169992782176,10.402542498195544,
REINFORCE_baseline_public25_seed0_20260810_001022,REINFORCE,baseline,u10_t60,10,60,0,348,2026-08-10 01:09:04,3522.0437548999907,,,1107.5677029236815,1061.254930930455,55.70931504230936,1.0,8,8,0,1026.7178335255542,1,1026.7178335255542,348,52.78688383836357,MinBattery_NearestTask,671.9934380046263,1193.9764350817031,0.19522996246814728,,2.4262914657592773,,,,,,256,3,4,,,,,,,0.99,,,0.01,,models\best_REINFORCE_u10_t60_seed0.pth,,,8.76498450001236,,,,,,,round_robin,14,480,,60,0.565548799932003,9.42581333220005,
REINFORCE_baseline_public25_seed0_20260810_001022,REINFORCE,baseline,u10_t80,10,80,0,349,2026-08-10 01:09:17,3535.2456181999296,,,1281.841245939729,1250.3408448609803,32.018306153330975,1.0,8,8,0,1111.1949215884265,1,1108.8131085003909,224,-2.271707076619386,MinBattery_NearestTask,1137.024794303537,1357.6824276116938,0.1304934322834015,,2.626236915588379,,,,,,256,3,4,,,,,,,0.99,,,0.01,,models\best_REINFORCE_u10_t80_seed0.pth,,,13.175581900053658,,,,,,,round_robin,14,640,,80,0.9475646000355482,11.844557500444353,
REINFORCE_baseline_public25_seed0_20260810_001022,REINFORCE,baseline,u10_t100,10,100,0,350,2026-08-10 01:09:35,3552.6703551999526,,,1347.5331051125363,1270.1869991383257,85.43212888443048,1.0,8,8,0,1194.4061798004132,1,1156.5750588075698,300,0.6145151581875754,MinBattery_NearestTask,1187.1112015225146,1816.9612465912573,0.320058673620224,,2.8485634326934814,,,,,,256,3,4,,,,,,,0.99,,,0.01,,models\best_REINFORCE_u10_t100_seed0.pth,,,17.398417599964887,,,,,,,round_robin,14,800,,100,1.4182445000624284,14.182445000624284,
REINFORCE_baseline_public25_seed0_20260810_001022,REINFORCE,baseline,u2_t20,2,20,0,351,2026-08-10 01:09:37,3555.2417332999175,,,1519.9727996775232,1241.4018378751355,131.2469750218737,1.0,8,8,0,1573.38885963949,1,1468.4063031431247,201,27.350692537236498,MinBattery_NearestTask,1235.4772701211982,1648.142715048298,-1.176591396331787,,1.0742136240005493,,,,,,256,3,4,,,,,,,0.99,,,0.01,,models\best_REINFORCE_u2_t20_seed0.pth,,,2.548332800040953,,,,,,,round_robin,15,160,,20,0.09162650001235306,4.581325000617653,
REINFORCE_baseline_public25_seed0_20260810_001022,REINFORCE,baseline,u2_t40,2,40,0,352,2026-08-10 01:09:42,3560.067413199926,,,2576.807437945292,2384.976961468827,160.42480139927704,1.0,8,8,0,1852.313845217357,1,1814.2680031492703,327,3.4868013209622704,MinBattery_NearestTask,1789.903467469675,2985.7040913621695,-0.9169995188713074,,1.5215085744857788,,,,,,256,3,4,,,,,,,0.99,,,0.01,,models\best_REINFORCE_u2_t40_seed0.pth,,,4.799501599976793,,,,,,,round_robin,15,320,,40,0.26447109994478524,6.611777498619631,
REINFORCE_baseline_public25_seed0_20260810_001022,REINFORCE,baseline,u2_t60,2,60,0,353,2026-08-10 01:09:50,3567.919198799995,,,3740.619670734257,3539.5156536217605,184.44507138735443,1.0,8,8,0,2563.710033178536,1,2558.6832951414017,53,2.9103726203899964,MinBattery_NearestTask,2491.2066372895233,4452.979979969232,-1.022818684577942,,1.7789947986602783,,,,,,256,3,4,,,,,,,0.99,,,0.01,,models\best_REINFORCE_u2_t60_seed0.pth,,,7.828037500032224,,,,,,,round_robin,15,480,,60,0.9239228999940678,15.39871499990113,
REINFORCE_baseline_public25_seed0_20260810_001022,REINFORCE,baseline,u2_t80,2,80,0,354,2026-08-10 01:10:00,3578.1539460999193,,,4339.801820849409,4140.648597957052,139.80787013678594,1.0,8,8,0,3052.4322367302916,1,2929.9563368458826,304,19.65255586214981,MinBattery_NearestTask,2551.0798450866023,5725.724036335487,-0.8136143088340759,,2.031562089920044,,,,,,256,3,4,,,,,,,0.99,,,0.01,,models\best_REINFORCE_u2_t80_seed0.pth,,,10.206727900076658,,,,,,,round_robin,15,640,,80,0.5985120000550523,7.481400000688154,
REINFORCE_baseline_public25_seed0_20260810_001022,REINFORCE,baseline,u2_t100,2,100,0,355,2026-08-10 01:10:14,3591.8187288999325,,,5567.202264043598,5053.493389618145,395.8313139811212,1.0,8,8,0,3845.5588879147163,1,3361.8451830962995,305,17.37629092884853,MinBattery_NearestTask,3276.265468505754,6667.618839462179,-0.21815165877342224,,2.0976898670196533,,,,,,256,3,4,,,,,,,0.99,,,0.01,,models\best_REINFORCE_u2_t100_seed0.pth,,,13.640786200063303,,,,,,,round_robin,15,800,,100,0.7854781999485567,7.854781999485567,
REINFORCE_baseline_public25_seed0_20260810_001022,REINFORCE,baseline,u4_t20,4,20,0,356,2026-08-10 01:10:16,3594.229454499902,,,983.9141652855571,915.8051568793655,45.747630188301734,1.0,8,8,0,874.0161258037124,1,644.2191846321656,56,37.679086056104765,MinBattery_NearestTask,634.8212723082338,1116.781447019792,-1.9514201879501343,,1.427525520324707,,,,,,256,3,4,,,,,,,0.99,,,0.01,,models\best_REINFORCE_u4_t20_seed0.pth,,,2.3845070000970736,,,,,,,round_robin,15,160,,20,0.14077489997725934,7.038744998862967,
REINFORCE_baseline_public25_seed0_20260810_001022,REINFORCE,baseline,u4_t40,4,40,0,357,2026-08-10 01:10:21,3598.9039025999373,,,1597.158866472163,1296.9936179042074,130.97230955272,1.0,8,8,0,1292.207389571143,1,1220.7253884160014,157,6.9610954208841544,MinBattery_NearestTask,1208.1097192267905,1809.9456757002988,-0.7707048654556274,,1.860693335533142,,,,,,256,3,4,,,,,,,0.99,,,0.01,,models\best_REINFORCE_u4_t40_seed0.pth,,,4.652414600015618,,,,,,,round_robin,15,320,,40,0.22792899992782623,5.698224998195656,
REINFORCE_baseline_public25_seed0_20260810_001022,REINFORCE,baseline,u4_t60,4,60,0,358,2026-08-10 01:10:29,3606.607578999945,,,2120.0119479518553,1844.5749239128154,176.27045756951227,1.0,8,8,0,1716.7248113841392,1,1658.382088076164,133,0.4958561254684251,MinBattery_NearestTask,1708.2543276618485,2452.0766097704714,-0.7192458510398865,,1.883522868156433,,,,,,256,3,4,,,,,,,0.99,,,0.01,,models\best_REINFORCE_u4_t60_seed0.pth,,,7.6776642999611795,,,,,,,round_robin,15,480,,60,0.5624294000444934,9.373823334074888,
REINFORCE_baseline_public25_seed0_20260810_001022,REINFORCE,baseline,u4_t80,4,80,0,359,2026-08-10 01:10:41,3618.535753699951,,,2482.233533299073,2373.7037762777372,64.17869028976465,1.0,8,8,0,2094.5122982783405,1,1907.8323990572944,9,13.680613569698997,MinBattery_NearestTask,1842.4533722226693,3001.7744400044194,-0.5071472525596619,,2.2186644077301025,,,,,,256,3,4,,,,,,,0.99,,,0.01,,models\best_REINFORCE_u4_t80_seed0.pth,,,11.897103100083768,,,,,,,round_robin,15,640,,80,0.6255729999393225,7.819662499241532,
REINFORCE_baseline_public25_seed0_20260810_001022,REINFORCE,baseline,u4_t100,4,100,0,360,2026-08-10 01:10:55,3633.22118699993,,,3153.6436696168576,3066.9953730649595,75.34406689064632,1.0,8,8,0,2539.202017096474,1,2385.349306268222,135,29.508927243482347,MinBattery_NearestTask,1960.6385993165281,3788.7440276745037,0.12781967222690582,,2.2835278511047363,,,,,,256,3,4,,,,,,,0.99,,,0.01,,models\best_REINFORCE_u4_t100_seed0.pth,,,14.65738489991054,,,,,,,round_robin,15,800,,100,1.0649278999771923,10.649278999771923,
REINFORCE_baseline_public25_seed0_20260810_001022,REINFORCE,baseline,u6_t20,6,20,0,361,2026-08-10 01:10:58,3635.910756499972,,,708.5655071599738,530.5127452332347,126.13315822382074,1.0,8,8,0,877.7503622568573,1,532.7831152424773,86,62.79135943293252,MinBattery_NearestTask,539.1873163996008,875.8432185926702,-0.9876954555511475,,1.7156918048858643,,,,,,256,3,4,,,,,,,0.99,,,0.01,,models\best_REINFORCE_u6_t20_seed0.pth,,,2.6668189999181777,,,,,,,round_robin,15,160,,20,0.15225579997058958,7.612789998529479,
REINFORCE_baseline_public25_seed0_20260810_001022,REINFORCE,baseline,u6_t40,6,40,0,362,2026-08-10 01:11:03,3640.7248249999247,,,1103.4458123844413,1042.9617687686775,45.77055926088915,1.0,8,8,0,1049.6763175922788,1,1049.6763175922788,362,3.592179878008137,MinBattery_NearestTask,1013.277564801122,1210.81064814677,-0.879572868347168,,1.828751802444458,,,,,,256,3,4,,,,,,,0.99,,,0.01,,models\best_REINFORCE_u6_t40_seed0.pth,,,4.787133399979211,,,,,,,round_robin,15,320,,40,0.25475189997814596,6.368797499453649,
REINFORCE_baseline_public25_seed0_20260810_001022,REINFORCE,baseline,u6_t60,6,60,0,363,2026-08-10 01:11:11,3648.5388191998936,,,1293.4537417038096,1163.2901042116573,82.65662539014264,1.0,8,8,0,1201.294664965312,1,1144.778978383466,113,-0.2617526757505388,MinBattery_NearestTask,1204.447338100797,1781.770307254355,-0.5708380937576294,,2.1810028553009033,,,,,,256,3,4,,,,,,,0.99,,,0.01,,models\best_REINFORCE_u6_t60_seed0.pth,,,7.791088999947533,,,,,,,round_robin,15,480,,60,0.45369430002756417,7.561571667126069,
REINFORCE_baseline_public25_seed0_20260810_001022,REINFORCE,baseline,u6_t80,6,80,0,364,2026-08-10 01:11:23,3660.778892799979,,,1826.495851992192,1729.9570686063034,66.57095689378005,1.0,8,8,0,1643.4531473163843,1,1335.9680928589678,39,28.145557426381355,MinBattery_NearestTask,1282.4893662509803,1990.1034262302112,0.08120352029800415,,2.3341236114501953,,,,,,256,3,4,,,,,,,0.99,,,0.01,,models\best_REINFORCE_u6_t80_seed0.pth,,,12.213021600036882,,,,,,,round_robin,15,640,,80,0.7442934999708086,9.303668749635108,
REINFORCE_baseline_public25_seed0_20260810_001022,REINFORCE,baseline,u6_t100,6,100,0,365,2026-08-10 01:11:40,3677.975324400002,,,2166.5866784618834,1929.625952262646,203.05209376283324,1.0,8,8,0,2337.920499009048,1,1776.400202120019,265,85.1917497263754,MinBattery_NearestTask,1262.4323181045447,2588.8953280469614,0.11215408146381378,,2.3845393657684326,,,,,,256,3,4,,,,,,,0.99,,,0.01,,models\best_REINFORCE_u6_t100_seed0.pth,,,17.17288860003464,,,,,,,round_robin,15,800,,100,1.0999597000190988,10.999597000190988,
REINFORCE_baseline_public25_seed0_20260810_001022,REINFORCE,baseline,u8_t20,8,20,0,366,2026-08-10 01:11:43,3680.8337521000067,,,585.9941568615773,547.8550390541111,25.693117316360745,1.0,8,8,0,546.2805171288412,1,530.3445561678766,266,-4.7569036276063645,MinBattery_NearestTask,573.5644240217935,594.6205530170921,-2.1796278953552246,,2.049586534500122,,,,,,256,3,4,,,,,,,0.99,,,0.01,,models\best_REINFORCE_u8_t20_seed0.pth,,,2.8307503999676555,,,,,,,round_robin,15,160,,20,0.16628920007497072,8.314460003748536,
REINFORCE_baseline_public25_seed0_20260810_001022,REINFORCE,baseline,u8_t40,8,40,0,367,2026-08-10 01:11:48,3685.9879475999624,,,998.3679264124971,863.2304827058881,76.30302591038829,1.0,8,8,0,662.7537845422663,1,661.9746269004689,317,0.6629625297438572,MinBattery_NearestTask,658.3889127507409,1218.711334656825,-0.7184329032897949,,2.083395481109619,,,,,,256,3,4,,,,,,,0.99,,,0.01,,models\best_REINFORCE_u8_t40_seed0.pth,,,5.129732400062494,,,,,,,round_robin,15,320,,40,0.4045945000834763,10.114862502086908,
REINFORCE_baseline_public25_seed0_20260810_001022,REINFORCE,baseline,u8_t60,8,60,0,368,2026-08-10 01:11:57,3695.0624138999265,,,1201.3030747251732,1128.5546096843682,37.68397300018277,1.0,8,8,0,1206.4049715443625,1,1152.3337512891278,293,10.264158847712421,MinBattery_NearestTask,1094.1043618811327,1248.589806791493,-0.34619343280792236,,2.285787582397461,,,,,,256,3,4,,,,,,,0.99,,,0.01,,models\best_REINFORCE_u8_t60_seed0.pth,,,9.04878589999862,,,,,,,round_robin,15,480,,60,0.5098017000127584,8.49669500021264,
REINFORCE_baseline_public25_seed0_20260810_001022,REINFORCE,baseline,u8_t80,8,80,0,369,2026-08-10 01:12:10,3708.26209939993,,,1578.8804711324128,1170.6419646878603,156.40766723510686,1.0,8,8,0,1794.7722558949881,1,1184.5560543271604,144,66.97038510300663,MinBattery_NearestTask,1074.904543573859,1790.9534363892533,-0.00547732412815094,,2.45145320892334,,,,,,256,3,4,,,,,,,0.99,,,0.01,,models\best_REINFORCE_u8_t80_seed0.pth,,,13.17390399996657,,,,,,,round_robin,15,640,,80,0.9733210999984294,12.166513749980368,
REINFORCE_baseline_public25_seed0_20260810_001022,REINFORCE,baseline,u8_t100,8,100,0,370,2026-08-10 01:12:27,3724.7471960999537,,,1793.0940148872276,1770.4981228197685,15.79258084553714,1.0,8,8,0,1617.0461803044886,1,1607.8570800079096,220,40.84042243159291,MinBattery_NearestTask,1148.1406775032206,2192.764389417016,0.49928730726242065,,2.5610759258270264,,,,,,256,3,4,,,,,,,0.99,,,0.01,,models\best_REINFORCE_u8_t100_seed0.pth,,,16.455833999905735,,,,,,,round_robin,15,800,,100,1.0761187000898644,10.761187000898644,
REINFORCE_baseline_public25_seed0_20260810_001022,REINFORCE,baseline,u10_t20,10,20,0,371,2026-08-10 01:12:29,3727.169536900008,,,542.4649512702981,516.6593457849721,15.432777694791115,1.0,8,8,0,564.2048094568329,1,517.9853030453245,321,9.886691269329434,MinBattery_NearestTask,513.442349514357,559.9277735462435,-2.4279003143310547,,2.1884305477142334,,,,,,256,3,4,,,,,,,0.99,,,0.01,,models\best_REINFORCE_u10_t20_seed0.pth,,,2.397722699912265,,,,,,,round_robin,15,160,,20,0.12921889999415725,6.460944999707863,
REINFORCE_baseline_public25_seed0_20260810_001022,REINFORCE,baseline,u10_t40,10,40,0,372,2026-08-10 01:12:35,3733.048506299965,,,730.365767287788,628.053862066528,165.43777141727224,1.0,8,8,0,643.7911407273482,1,621.0078944729405,172,2.60180919459173,MinBattery_NearestTask,627.4656809475473,957.3671098819304,-0.4359610676765442,,2.6068522930145264,,,,,,256,3,4,,,,,,,0.99,,,0.01,,models\best_REINFORCE_u10_t40_seed0.pth,,,5.851854800013825,,,,,,,round_robin,15,320,,40,0.7204067000420764,18.01016750105191,
REINFORCE_baseline_public25_seed0_20260810_001022,REINFORCE,baseline,u10_t60,10,60,0,373,2026-08-10 01:12:45,3742.5718183999415,,,1145.3060571906803,1073.7756746133643,48.584897120739754,1.0,8,8,0,1087.8350324394075,1,1026.7178335255542,348,61.88179391595761,MinBattery_NearestTask,671.9934380046263,1193.9764350817031,-0.05641620606184006,,2.4194657802581787,,,,,,256,3,4,,,,,,,0.99,,,0.01,,models\best_REINFORCE_u10_t60_seed0.pth,,,9.499275000067428,,,,,,,round_robin,15,480,,60,0.8386479000328109,13.977465000546847,
REINFORCE_baseline_public25_seed0_20260810_001022,REINFORCE,baseline,u10_t80,10,80,0,374,2026-08-10 01:12:57,3755.524496799917,,,1220.1115167880953,1196.3296646683038,17.746320137086293,1.0,8,8,0,1182.0983587779715,1,1108.8131085003909,224,3.964167245978439,MinBattery_NearestTask,1137.024794303537,1357.6824276116938,0.21032817661762238,,2.553717851638794,,,,,,256,3,4,,,,,,,0.99,,,0.01,,models\best_REINFORCE_u10_t80_seed0.pth,,,12.922436899971217,,,,,,,round_robin,15,640,,80,0.8692742999410257,10.865928749262821,
REINFORCE_baseline_public25_seed0_20260810_001022,REINFORCE,baseline,u10_t100,10,100,0,375,2026-08-10 01:13:15,3773.5186134999385,,,1327.7848287764114,1306.9604508990308,14.754852202732554,1.0,8,8,0,1241.1324972541665,1,1156.5750588075698,300,4.55065167124761,MinBattery_NearestTask,1187.1112015225146,1816.9612465912573,0.20276497304439545,,2.770118236541748,,,,,,256,3,4,,,,,,,0.99,,,0.01,,models\best_REINFORCE_u10_t100_seed0.pth,,,17.961678299936466,,,,,,,round_robin,15,800,,100,1.8366768999258056,18.366768999258056,
REINFORCE_baseline_public25_seed0_20260810_001022,REINFORCE,baseline,u2_t20,2,20,0,376,2026-08-10 01:13:18,3776.09775909991,,,1594.9478791543725,1247.9331308970304,152.02102138808422,1.0,8,8,0,1666.306058408272,1,1468.4063031431247,201,34.8714459348014,MinBattery_NearestTask,1235.4772701211982,1648.142715048298,-1.14161217212677,,1.0524866580963135,,,,,,256,3,4,,,,,,,0.99,,,0.01,,models\best_REINFORCE_u2_t20_seed0.pth,,,2.5526893000351265,,,,,,,round_robin,16,160,,20,0.2296965999994427,11.484829999972135,
REINFORCE_baseline_public25_seed0_20260810_001022,REINFORCE,baseline,u2_t40,2,40,0,377,2026-08-10 01:13:23,3780.915494799963,,,2443.0372015572043,2289.1301627609664,134.5964939992426,1.0,8,8,0,2195.3447261501033,1,1814.2680031492703,327,22.651571218730957,MinBattery_NearestTask,1789.903467469675,2985.7040913621695,-1.2123523950576782,,1.3647335767745972,,,,,,256,3,4,,,,,,,0.99,,,0.01,,models\best_REINFORCE_u2_t40_seed0.pth,,,4.794502499978989,,,,,,,round_robin,16,320,,40,0.21708440000656992,5.427110000164248,
REINFORCE_baseline_public25_seed0_20260810_001022,REINFORCE,baseline,u2_t60,2,60,0,378,2026-08-10 01:13:33,3790.955061799963,,,3498.6318035172026,3156.4611493610646,259.23589647089733,1.0,8,8,0,2532.0762735129547,1,2532.0762735129547,378,1.6405558499915631,MinBattery_NearestTask,2491.2066372895233,4452.979979969232,-0.8367680907249451,,1.5798015594482422,,,,,,256,3,4,,,,,,,0.99,,,0.01,,models\best_REINFORCE_u2_t60_seed0.pth,,,10.012727300054394,,,,,,,round_robin,16,480,,60,0.6865819999948144,11.443033333246905,
REINFORCE_baseline_public25_seed0_20260810_001022,REINFORCE,baseline,u2_t80,2,80,0,379,2026-08-10 01:13:45,3803.257411999977,,,4301.822712115409,3773.463250632643,288.02475246306125,1.0,8,8,0,3249.466189265022,1,2929.9563368458826,304,27.37610684838096,MinBattery_NearestTask,2551.0798450866023,5725.724036335487,-0.6095830798149109,,1.7686437368392944,,,,,,256,3,4,,,,,,,0.99,,,0.01,,models\best_REINFORCE_u2_t80_seed0.pth,,,12.276166099938564,,,,,,,round_robin,16,640,,80,0.5856429999694228,7.320537499617785,
REINFORCE_baseline_public25_seed0_20260810_001022,REINFORCE,baseline,u2_t100,2,100,0,380,2026-08-10 01:14:00,3818.4624014999717,,,5516.026412896951,5068.812217278176,319.31656196106474,1.0,8,8,0,3300.3798021369053,1,3300.3798021369053,380,0.7360311263833339,MinBattery_NearestTask,3276.265468505754,6667.618839462179,-0.17437313497066498,,1.938161849975586,,,,,,256,3,4,,,,,,,0.99,,,0.01,,models\best_REINFORCE_u2_t100_seed0.pth,,,15.177256499999203,,,,,,,round_robin,16,800,,100,1.0038712000241503,10.038712000241503,
REINFORCE_baseline_public25_seed0_20260810_001022,REINFORCE,baseline,u4_t20,4,20,0,381,2026-08-10 01:14:03,3821.2218611999415,,,996.3733686490052,941.8270176684844,55.55651051402083,1.0,8,8,0,921.4115209587399,1,644.2191846321656,56,45.14502918411244,MinBattery_NearestTask,634.8212723082338,1116.781447019792,-1.6412074565887451,,1.3446953296661377,,,,,,256,3,4,,,,,,,0.99,,,0.01,,models\best_REINFORCE_u4_t20_seed0.pth,,,2.734541099984199,,,,,,,round_robin,16,160,,20,0.2566385999089107,12.831929995445535,
REINFORCE_baseline_public25_seed0_20260810_001022,REINFORCE,baseline,u4_t40,4,40,0,382,2026-08-10 01:14:08,3825.842942799907,,,1405.746360979142,1234.4850379876768,150.31585151556556,1.0,8,8,0,1157.7117225603322,1,1157.7117225603322,382,-4.171640693257053,MinBattery_NearestTask,1208.1097192267905,1809.9456757002988,-0.9947770833969116,,1.6662828922271729,,,,,,256,3,4,,,,,,,0.99,,,0.01,,models\best_REINFORCE_u4_t40_seed0.pth,,,4.5913034999975935,,,,,,,round_robin,16,320,,40,0.24591369996778667,6.147842499194667,
REINFORCE_baseline_public25_seed0_20260810_001022,REINFORCE,baseline,u4_t60,4,60,0,383,2026-08-10 01:14:15,3832.954126699944,,,2088.5754794899913,1801.9701662405641,192.27931820717558,1.0,8,8,0,1774.9645784023132,1,1658.382088076164,133,3.905170890553139,MinBattery_NearestTask,1708.2543276618485,2452.0766097704714,-0.8090740442276001,,1.8113981485366821,,,,,,256,3,4,,,,,,,0.99,,,0.01,,models\best_REINFORCE_u4_t60_seed0.pth,,,7.08803770004306,,,,,,,round_robin,16,480,,60,0.39991159993223846,6.665193332203974,
REINFORCE_baseline_public25_seed0_20260810_001022,REINFORCE,baseline,u4_t80,4,80,0,384,2026-08-10 01:14:26,3844.1112679999787,,,2520.483772380867,2382.1944720328906,155.39709498503615,1.0,8,8,0,2194.4564618931095,1,1907.8323990572944,9,19.105128790629657,MinBattery_NearestTask,1842.4533722226693,3001.7744400044194,-0.534230649471283,,2.059786558151245,,,,,,256,3,4,,,,,,,0.99,,,0.01,,models\best_REINFORCE_u4_t80_seed0.pth,,,11.12910090002697,,,,,,,round_robin,16,640,,80,0.7680720000062138,9.600900000077672,
REINFORCE_baseline_public25_seed0_20260810_001022,REINFORCE,baseline,u4_t100,4,100,0,385,2026-08-10 01:14:41,3858.5682320999913,,,3192.238495151222,2996.652087660564,171.2173516839298,1.0,8,8,0,2256.0566420677083,1,2256.0566420677083,385,15.067439907291524,MinBattery_NearestTask,1960.6385993165281,3788.7440276745037,0.10907402634620667,,2.171118974685669,,,,,,256,3,4,,,,,,,0.99,,,0.01,,models\best_REINFORCE_u4_t100_seed0.pth,,,14.432938000070862,,,,,,,round_robin,16,800,,100,1.3750085999490693,13.750085999490693,
REINFORCE_baseline_public25_seed0_20260810_001022,REINFORCE,baseline,u6_t20,6,20,0,386,2026-08-10 01:14:43,3861.1306991999736,,,721.7546754618077,543.4027559262606,141.4887108434978,1.0,8,8,0,565.7103307451666,1,532.7831152424773,86,4.919072377791087,MinBattery_NearestTask,539.1873163996008,875.8432185926702,-1.107642412185669,,1.5004723072052002,,,,,,256,3,4,,,,,,,0.99,,,0.01,,models\best_REINFORCE_u6_t20_seed0.pth,,,2.5339848999865353,,,,,,,round_robin,16,160,,20,0.10682810004800558,5.341405002400279,
REINFORCE_baseline_public25_seed0_20260810_001022,REINFORCE,baseline,u6_t40,6,40,0,387,2026-08-10 01:14:49,3867.041805399931,,,1164.1360414680353,1116.3156158238473,31.252650102614634,1.0,8,8,0,1046.496347631389,1,1046.496347631389,387,3.2783497813638913,MinBattery_NearestTask,1013.277564801122,1210.81064814677,-1.3400814533233643,,1.6760839223861694,,,,,,256,3,4,,,,,,,0.99,,,0.01,,models\best_REINFORCE_u6_t40_seed0.pth,,,5.886056699906476,,,,,,,round_robin,16,320,,40,0.3714983999961987,9.287459999904968,
REINFORCE_baseline_public25_seed0_20260810_001022,REINFORCE,baseline,u6_t60,6,60,0,388,2026-08-10 01:14:58,3875.585604999913,,,1380.892067586104,1271.786797249512,143.97519422477527,1.0,8,8,0,1178.0332446201132,1,1144.778978383466,113,-2.1930467729983234,MinBattery_NearestTask,1204.447338100797,1781.770307254355,-0.5505258440971375,,1.9904191493988037,,,,,,256,3,4,,,,,,,0.99,,,0.01,,models\best_REINFORCE_u6_t60_seed0.pth,,,8.515307300025597,,,,,,,round_robin,16,480,,60,0.45340090000536293,7.556681666756049,
REINFORCE_baseline_public25_seed0_20260810_001022,REINFORCE,baseline,u6_t80,6,80,0,389,2026-08-10 01:15:10,3887.8256680999184,,,1838.256899229423,1745.7041362648486,75.98859635255874,1.0,8,8,0,1621.6495349049117,1,1335.9680928589678,39,26.445456592390837,MinBattery_NearestTask,1282.4893662509803,1990.1034262302112,-0.34382376074790955,,2.1114518642425537,,,,,,256,3,4,,,,,,,0.99,,,0.01,,models\best_REINFORCE_u6_t80_seed0.pth,,,12.21668569999747,,,,,,,round_robin,16,640,,80,1.2430303000146523,15.537878750183154,
REINFORCE_baseline_public25_seed0_20260810_001022,REINFORCE,baseline,u6_t100,6,100,0,390,2026-08-10 01:15:27,3904.618075999897,,,2273.777349500916,1947.1171883529948,142.58633037429564,1.0,8,8,0,1937.0686387015264,1,1776.400202120019,265,53.4394051009326,MinBattery_NearestTask,1262.4323181045447,2588.8953280469614,0.31582939624786377,,2.1264898777008057,,,,,,256,3,4,,,,,,,0.99,,,0.01,,models\best_REINFORCE_u6_t100_seed0.pth,,,16.762924999929965,,,,,,,round_robin,16,800,,100,1.1135654000099748,11.135654000099748,
REINFORCE_baseline_public25_seed0_20260810_001022,REINFORCE,baseline,u8_t20,8,20,0,391,2026-08-10 01:15:29,3907.350275499979,,,573.0722549966611,535.388509141471,20.2833574496709,1.0,8,8,0,542.7621723620234,1,530.3445561678766,266,-5.370321165281976,MinBattery_NearestTask,573.5644240217935,594.6205530170921,-2.8475024700164795,,1.7598114013671875,,,,,,256,3,4,,,,,,,0.99,,,0.01,,models\best_REINFORCE_u8_t20_seed0.pth,,,2.7057579000247642,,,,,,,round_robin,16,160,,20,0.16747240000404418,8.373620000202209,
REINFORCE_baseline_public25_seed0_20260810_001022,REINFORCE,baseline,u8_t40,8,40,0,392,2026-08-10 01:15:36,3913.643374999985,,,1044.5476621604557,1013.7203407034041,18.37182741568475,1.0,8,8,0,1015.8948658790936,1,661.9746269004689,317,54.300117484466305,MinBattery_NearestTask,658.3889127507409,1218.711334656825,-1.182471513748169,,1.8543319702148438,,,,,,256,3,4,,,,,,,0.99,,,0.01,,models\best_REINFORCE_u8_t40_seed0.pth,,,6.265103199984878,,,,,,,round_robin,16,320,,40,0.4063041000626981,10.157602501567453,
REINFORCE_baseline_public25_seed0_20260810_001022,REINFORCE,baseline,u8_t60,8,60,0,393,2026-08-10 01:15:44,3922.005206099944,,,1231.8353558151402,1077.8024669783667,94.60743016579018,1.0,8,8,0,1209.9034859938065,1,1152.3337512891278,293,10.583919427354829,MinBattery_NearestTask,1094.1043618811327,1248.589806791493,-0.6886495351791382,,2.110705852508545,,,,,,256,3,4,,,,,,,0.99,,,0.01,,models\best_REINFORCE_u8_t60_seed0.pth,,,8.336479299934581,,,,,,,round_robin,16,480,,60,0.49817789997905493,8.302964999650916,
REINFORCE_baseline_public25_seed0_20260810_001022,REINFORCE,baseline,u8_t80,8,80,0,394,2026-08-10 01:15:57,3934.649243999971,,,1602.0120010335418,1511.2612848066863,60.99750374789294,1.0,8,8,0,1193.6616012766267,1,1184.5560543271604,144,11.048149197315926,MinBattery_NearestTask,1074.904543573859,1790.9534363892533,0.19378171861171722,,2.163748264312744,,,,,,256,3,4,,,,,,,0.99,,,0.01,,models\best_REINFORCE_u8_t80_seed0.pth,,,12.61707280005794,,,,,,,round_robin,16,640,,80,0.7623949000844732,9.529936251055915,
REINFORCE_baseline_public25_seed0_20260810_001022,REINFORCE,baseline,u8_t100,8,100,0,395,2026-08-10 01:16:13,3951.3389302999713,,,1953.3407448840117,1713.9671014064688,149.47805922523025,1.0,8,8,0,1802.1383857394435,1,1607.8570800079096,220,56.96146134796173,MinBattery_NearestTask,1148.1406775032206,2192.764389417016,0.48851144313812256,,2.3610177040100098,,,,,,256,3,4,,,,,,,0.99,,,0.01,,models\best_REINFORCE_u8_t100_seed0.pth,,,16.665893700090237,,,,,,,round_robin,16,800,,100,1.2631089999340475,12.631089999340475,
REINFORCE_baseline_public25_seed0_20260810_001022,REINFORCE,baseline,u10_t20,10,20,0,396,2026-08-10 01:16:16,3953.964913100004,,,573.5868821345996,527.9337011262947,83.55925021445235,1.0,8,8,0,489.7211029717006,1,489.7211029717006,396,-4.620040899449247,MinBattery_NearestTask,513.442349514357,559.9277735462435,-1.4633917808532715,,2.089679718017578,,,,,,256,3,4,,,,,,,0.99,,,0.01,,models\best_REINFORCE_u10_t20_seed0.pth,,,2.5987604999681935,,,,,,,round_robin,16,160,,20,0.13179779995698482,6.589889997849241,
REINFORCE_baseline_public25_seed0_20260810_001022,REINFORCE,baseline,u10_t40,10,40,0,397,2026-08-10 01:16:22,3959.9474062999943,,,809.6528242387171,635.3246610834819,166.67638538918607,1.0,8,8,0,866.9136345607731,1,621.0078944729405,172,38.161123529757205,MinBattery_NearestTask,627.4656809475473,957.3671098819304,-0.3868398368358612,,2.474081516265869,,,,,,256,3,4,,,,,,,0.99,,,0.01,,models\best_REINFORCE_u10_t40_seed0.pth,,,5.9584677999373525,,,,,,,round_robin,16,320,,40,0.32265009998809546,8.066252499702387,
REINFORCE_baseline_public25_seed0_20260810_001022,REINFORCE,baseline,u10_t60,10,60,0,398,2026-08-10 01:16:31,3969.1115288999863,,,1153.2217345825957,1015.4408140855052,79.99868346151618,1.0,8,8,0,1063.5291653882089,1,1026.7178335255542,348,58.26481409493868,MinBattery_NearestTask,671.9934380046263,1193.9764350817031,-0.4415220022201538,,2.363100290298462,,,,,,256,3,4,,,,,,,0.99,,,0.01,,models\best_REINFORCE_u10_t60_seed0.pth,,,9.13678699999582,,,,,,,round_robin,16,480,,60,0.5742333000525832,9.570555000876388,
REINFORCE_baseline_public25_seed0_20260810_001022,REINFORCE,baseline,u10_t80,10,80,0,399,2026-08-10 01:16:44,3982.153840899933,,,1274.788218271874,1194.4189363974592,52.67778190747678,1.0,8,8,0,1166.468905628222,1,1108.8131085003909,224,2.589575132591591,MinBattery_NearestTask,1137.024794303537,1357.6824276116938,-0.1549316644668579,,2.4907727241516113,,,,,,256,3,4,,,,,,,0.99,,,0.01,,models\best_REINFORCE_u10_t80_seed0.pth,,,13.016592100029811,,,,,,,round_robin,16,640,,80,0.862404799903743,10.780059998796787,
REINFORCE_baseline_public25_seed0_20260810_001022,REINFORCE,baseline,u10_t100,10,100,0,400,2026-08-10 01:17:01,3999.3598268999485,,,1446.8990729494485,1282.736228377333,136.8847455178438,1.0,8,8,0,1322.0231788844658,1,1156.5750588075698,300,11.364729537462157,MinBattery_NearestTask,1187.1112015225146,1816.9612465912573,0.167707160115242,,2.6372876167297363,,,,,,256,3,4,,,,,,,0.99,,,0.01,,models\best_REINFORCE_u10_t100_seed0.pth,,,17.17811650002841,,,,,,,round_robin,16,800,,100,1.4302124000387266,14.302124000387266,
REINFORCE_baseline_public25_seed0_20260810_001022,REINFORCE,baseline,u2_t20,2,20,0,401,2026-08-10 01:17:04,4001.9174709999934,,,1642.0237091857405,1526.7618888873653,58.75561222451753,1.0,8,8,0,1680.102914916059,1,1468.4063031431247,201,35.988168746418445,MinBattery_NearestTask,1235.4772701211982,1648.142715048298,-1.8325461149215698,,0.9933304190635681,,,,,,256,3,4,,,,,,,0.99,,,0.01,,models\best_REINFORCE_u2_t20_seed0.pth,,,2.5339070999762043,,,,,,,round_robin,17,160,,20,0.11993699998129159,5.99684999906458,
REINFORCE_baseline_public25_seed0_20260810_001022,REINFORCE,baseline,u2_t40,2,40,0,402,2026-08-10 01:17:09,4007.211384599912,,,2563.719001921287,2357.9389930271545,195.58795504190195,1.0,8,8,0,2395.489275690137,1,1814.2680031492703,327,33.833433993876675,MinBattery_NearestTask,1789.903467469675,2985.7040913621695,-0.8652380704879761,,1.3573027849197388,,,,,,256,3,4,,,,,,,0.99,,,0.01,,models\best_REINFORCE_u2_t40_seed0.pth,,,5.26657510001678,,,,,,,round_robin,17,320,,40,0.22399840003345162,5.59996000083629,
REINFORCE_baseline_public25_seed0_20260810_001022,REINFORCE,baseline,u2_t60,2,60,0,403,2026-08-10 01:17:17,4014.5287180999294,,,3812.894561553092,3568.2401577894952,245.86972040470937,1.0,8,8,0,3092.1871374385455,1,2532.0762735129547,378,24.124072694463415,MinBattery_NearestTask,2491.2066372895233,4452.979979969232,-1.034238576889038,,1.5877543687820435,,,,,,256,3,4,,,,,,,0.99,,,0.01,,models\best_REINFORCE_u2_t60_seed0.pth,,,7.284411299973726,,,,,,,round_robin,17,480,,60,0.428032899973914,7.1338816662319005,
REINFORCE_baseline_public25_seed0_20260810_001022,REINFORCE,baseline,u2_t80,2,80,0,404,2026-08-10 01:17:27,4024.8929465999827,,,4517.513936369669,4075.096569979946,276.5637518731663,1.0,8,8,0,3244.1357165928175,1,2929.9563368458826,304,27.167157188005923,MinBattery_NearestTask,2551.0798450866023,5725.724036335487,-0.8288946747779846,,1.7999283075332642,,,,,,256,3,4,,,,,,,0.99,,,0.01,,models\best_REINFORCE_u2_t80_seed0.pth,,,10.33493560005445,,,,,,,round_robin,17,640,,80,0.5748377999989316,7.185472499986645,
REINFORCE_baseline_public25_seed0_20260810_001022,REINFORCE,baseline,u2_t100,2,100,0,405,2026-08-10 01:17:41,4038.5450067999773,,,5583.791841630553,5106.050950896559,349.3124172100257,1.0,8,8,0,3789.561034958101,1,3300.3798021369053,380,15.667093261720696,MinBattery_NearestTask,3276.265468505754,6667.618839462179,-0.22636958956718445,,1.8584063053131104,,,,,,256,3,4,,,,,,,0.99,,,0.01,,models\best_REINFORCE_u2_t100_seed0.pth,,,13.62835949996952,,,,,,,round_robin,17,800,,100,1.0010271000210196,10.010271000210196,
REINFORCE_baseline_public25_seed0_20260810_001022,REINFORCE,baseline,u4_t20,4,20,0,406,2026-08-10 01:17:43,4041.307683799998,,,1003.344074845059,945.9858448803869,59.124176958457554,1.0,8,8,0,936.6673704479817,1,644.2191846321656,56,47.54820156580833,MinBattery_NearestTask,634.8212723082338,1116.781447019792,-2.458685874938965,,1.3266338109970093,,,,,,256,3,4,,,,,,,0.99,,,0.01,,models\best_REINFORCE_u4_t20_seed0.pth,,,2.7332832999527454,,,,,,,round_robin,17,160,,20,0.14099240000359714,7.049620000179857,
REINFORCE_baseline_public25_seed0_20260810_001022,REINFORCE,baseline,u4_t40,4,40,0,407,2026-08-10 01:17:49,4046.573045899975,,,1546.9314901249313,1307.1934070507043,184.4750095289454,1.0,8,8,0,1255.2095407447935,1,1157.7117225603322,382,3.898637745266017,MinBattery_NearestTask,1208.1097192267905,1809.9456757002988,-0.7232680320739746,,1.672715187072754,,,,,,256,3,4,,,,,,,0.99,,,0.01,,models\best_REINFORCE_u4_t40_seed0.pth,,,5.239640700048767,,,,,,,round_robin,17,320,,40,0.32676319999154657,8.169079999788664,
REINFORCE_baseline_public25_seed0_20260810_001022,REINFORCE,baseline,u4_t60,4,60,0,408,2026-08-10 01:17:57,4054.773144099978,,,2262.8189825209115,2191.9315980127417,67.86876815973858,1.0,8,8,0,1819.6235601130543,1,1658.382088076164,133,6.519476090169841,MinBattery_NearestTask,1708.2543276618485,2452.0766097704714,-1.1866536140441895,,1.7467691898345947,,,,,,256,3,4,,,,,,,0.99,,,0.01,,models\best_REINFORCE_u4_t60_seed0.pth,,,8.17421500000637,,,,,,,round_robin,17,480,,60,0.7280317000113428,12.133861666855712,
REINFORCE_baseline_public25_seed0_20260810_001022,REINFORCE,baseline,u4_t80,4,80,0,409,2026-08-10 01:18:07,4065.4325459999964,,,2764.0408137023596,2517.301799948023,146.38234954169462,1.0,8,8,0,2297.2305874296926,1,1907.8323990572944,9,24.68324149003546,MinBattery_NearestTask,1842.4533722226693,3001.7744400044194,-0.4230949580669403,,2.119124174118042,,,,,,256,3,4,,,,,,,0.99,,,0.01,,models\best_REINFORCE_u4_t80_seed0.pth,,,10.63580579997506,,,,,,,round_robin,17,640,,80,0.8596098999259993,10.745123749074992,
REINFORCE_baseline_public25_seed0_20260810_001022,REINFORCE,baseline,u4_t100,4,100,0,410,2026-08-10 01:18:21,4079.4735814000014,,,3225.2045891012376,3179.9188680977168,47.32409328968554,1.0,8,8,0,2363.6007215313284,1,2256.0566420677083,385,20.552595585707202,MinBattery_NearestTask,1960.6385993165281,3788.7440276745037,0.0029900595545768738,,2.226783037185669,,,,,,256,3,4,,,,,,,0.99,,,0.01,,models\best_REINFORCE_u4_t100_seed0.pth,,,14.012463100021705,,,,,,,round_robin,17,800,,100,0.9050109999952838,9.050109999952838,
REINFORCE_baseline_public25_seed0_20260810_001022,REINFORCE,baseline,u6_t20,6,20,0,411,2026-08-10 01:18:24,4082.1939081999008,,,691.6493816080972,528.4214361762774,141.45419315099187,1.0,8,8,0,553.0784187725553,1,532.7831152424773,86,2.576303624074785,MinBattery_NearestTask,539.1873163996008,875.8432185926702,-0.9753225445747375,,1.5897091627120972,,,,,,256,3,4,,,,,,,0.99,,,0.01,,models\best_REINFORCE_u6_t20_seed0.pth,,,2.6951451000059023,,,,,,,round_robin,17,160,,20,0.1526385999750346,7.63192999875173,
REINFORCE_baseline_public25_seed0_20260810_001022,REINFORCE,baseline,u6_t40,6,40,0,412,2026-08-10 01:18:29,4087.476590599981,,,1158.5130043855609,1088.4549882358885,32.818494452912226,1.0,8,8,0,1112.6039971307302,1,1046.496347631389,387,9.802490036291607,MinBattery_NearestTask,1013.277564801122,1210.81064814677,-1.574478268623352,,1.919315218925476,,,,,,256,3,4,,,,,,,0.99,,,0.01,,models\best_REINFORCE_u6_t40_seed0.pth,,,5.253243499901146,,,,,,,round_robin,17,320,,40,0.353962300112471,8.849057502811775,
REINFORCE_baseline_public25_seed0_20260810_001022,REINFORCE,baseline,u6_t60,6,60,0,413,2026-08-10 01:18:38,4095.6729941999074,,,1544.7100026528385,1280.5104146708798,157.32039348799134,1.0,8,8,0,1217.8907173126706,1,1144.778978383466,113,1.1161450390244143,MinBattery_NearestTask,1204.447338100797,1781.770307254355,-0.6309855580329895,,2.0952327251434326,,,,,,256,3,4,,,,,,,0.99,,,0.01,,models\best_REINFORCE_u6_t60_seed0.pth,,,8.172295900061727,,,,,,,round_robin,17,480,,60,0.6440043000038713,10.733405000064522,
REINFORCE_baseline_public25_seed0_20260810_001022,REINFORCE,baseline,u6_t80,6,80,0,414,2026-08-10 01:18:49,4106.993566199904,,,1889.1187584973054,1825.5721121848364,33.109908636906596,1.0,8,8,0,1585.4828777937903,1,1335.9680928589678,39,23.62542095990485,MinBattery_NearestTask,1282.4893662509803,1990.1034262302112,-0.42802366614341736,,2.2307403087615967,,,,,,256,3,4,,,,,,,0.99,,,0.01,,models\best_REINFORCE_u6_t80_seed0.pth,,,11.293428000062704,,,,,,,round_robin,17,640,,80,0.7005406999960542,8.756758749950677,
REINFORCE_baseline_public25_seed0_20260810_001022,REINFORCE,baseline,u6_t100,6,100,0,415,2026-08-10 01:19:05,4122.870986799942,,,2427.9760279035363,2268.092854984337,99.1833693615179,1.0,8,8,0,1795.1228977291426,1,1776.400202120019,265,42.19557531800169,MinBattery_NearestTask,1262.4323181045447,2588.8953280469614,0.5470847487449646,,2.197718858718872,,,,,,256,3,4,,,,,,,0.99,,,0.01,,models\best_REINFORCE_u6_t100_seed0.pth,,,15.85327960003633,,,,,,,round_robin,17,800,,100,0.9789250999456272,9.789250999456272,
REINFORCE_baseline_public25_seed0_20260810_001022,REINFORCE,baseline,u8_t20,8,20,0,416,2026-08-10 01:19:08,4125.679951799917,,,558.2129892719684,538.8720536014129,15.381635073794552,1.0,8,8,0,567.8193811747653,1,530.3445561678766,266,-1.0016386314102748,MinBattery_NearestTask,573.5644240217935,594.6205530170921,-2.723525285720825,,1.9753074645996094,,,,,,256,3,4,,,,,,,0.99,,,0.01,,models\best_REINFORCE_u8_t20_seed0.pth,,,2.7809205000521615,,,,,,,round_robin,17,160,,20,0.16416180005762726,8.208090002881363,
REINFORCE_baseline_public25_seed0_20260810_001022,REINFORCE,baseline,u8_t40,8,40,0,417,2026-08-10 01:19:14,4131.688615199993,,,1127.7583378179918,1082.6996669612045,31.933876299738102,1.0,8,8,0,1073.1181403058845,1,661.9746269004689,317,62.99152666809194,MinBattery_NearestTask,658.3889127507409,1218.711334656825,-1.228637933731079,,2.0453040599823,,,,,,256,3,4,,,,,,,0.99,,,0.01,,models\best_REINFORCE_u8_t40_seed0.pth,,,5.9821758000180125,,,,,,,round_robin,17,320,,40,0.3964254999300465,9.910637498251162,
REINFORCE_baseline_public25_seed0_20260810_001022,REINFORCE,baseline,u8_t60,8,60,0,418,2026-08-10 01:19:22,4140.08168599999,,,1250.545831912536,1202.7042988223916,75.25312153197805,1.0,8,8,0,1568.1805839135968,1,1152.3337512891278,293,43.33007330464965,MinBattery_NearestTask,1094.1043618811327,1248.589806791493,-0.9979555606842041,,2.1595399379730225,,,,,,256,3,4,,,,,,,0.99,,,0.01,,models\best_REINFORCE_u8_t60_seed0.pth,,,8.364347399910912,,,,,,,round_robin,17,480,,60,0.5074640000239015,8.457733333731692,
REINFORCE_baseline_public25_seed0_20260810_001022,REINFORCE,baseline,u8_t80,8,80,0,419,2026-08-10 01:19:35,4152.800567199942,,,1672.2408586433378,1628.0165541959227,31.39141186081174,1.0,8,8,0,1191.349698731971,1,1184.5560543271604,144,10.833069397116278,MinBattery_NearestTask,1074.904543573859,1790.9534363892533,-0.23123829066753387,,2.2581746578216553,,,,,,256,3,4,,,,,,,0.99,,,0.01,,models\best_REINFORCE_u8_t80_seed0.pth,,,12.695050900103524,,,,,,,round_robin,17,640,,80,1.029655900085345,12.870698751066811,
REINFORCE_baseline_public25_seed0_20260810_001022,REINFORCE,baseline,u8_t100,8,100,0,420,2026-08-10 01:19:51,4168.7597387999995,,,1994.739544898978,1751.598169534052,157.90674520821986,1.0,8,8,0,1665.3211659401763,1,1607.8570800079096,220,45.04504531288197,MinBattery_NearestTask,1148.1406775032206,2192.764389417016,0.3078504204750061,,2.3822789192199707,,,,,,256,3,4,,,,,,,0.99,,,0.01,,models\best_REINFORCE_u8_t100_seed0.pth,,,15.929652800085023,,,,,,,round_robin,17,800,,100,1.275955899967812,12.75955899967812,
REINFORCE_baseline_public25_seed0_20260810_001022,REINFORCE,baseline,u10_t20,10,20,0,421,2026-08-10 01:19:54,4171.8195607999805,,,530.1036200017409,490.50989899728967,26.628073220942838,1.0,8,8,0,556.7391682310639,1,489.7211029717006,396,8.432654368627649,MinBattery_NearestTask,513.442349514357,559.9277735462435,-2.3273465633392334,,2.11529803276062,,,,,,256,3,4,,,,,,,0.99,,,0.01,,models\best_REINFORCE_u10_t20_seed0.pth,,,3.036749399965629,,,,,,,round_robin,17,160,,20,0.14682380005251616,7.341190002625808,
REINFORCE_baseline_public25_seed0_20260810_001022,REINFORCE,baseline,u10_t40,10,40,0,422,2026-08-10 01:20:00,4177.788087599911,,,890.1770386947429,639.9328082320537,149.04404741774303,1.0,8,8,0,621.2860449765067,1,621.0078944729405,172,-0.984856408673801,MinBattery_NearestTask,627.4656809475473,957.3671098819304,-0.3988855481147766,,2.5084309577941895,,,,,,256,3,4,,,,,,,0.99,,,0.01,,models\best_REINFORCE_u10_t40_seed0.pth,,,5.939940500073135,,,,,,,round_robin,17,320,,40,0.5375062999082729,13.437657497706823,
REINFORCE_baseline_public25_seed0_20260810_001022,REINFORCE,baseline,u10_t60,10,60,0,423,2026-08-10 01:20:10,4187.752848999924,,,1214.2926827956376,1163.5077247471534,32.24322132057594,1.0,8,8,0,1033.4003829715753,1,1026.7178335255542,348,53.78132054980882,MinBattery_NearestTask,671.9934380046263,1193.9764350817031,-1.0599238872528076,,2.5212953090667725,,,,,,256,3,4,,,,,,,0.99,,,0.01,,models\best_REINFORCE_u10_t60_seed0.pth,,,9.93996160000097,,,,,,,round_robin,17,480,,60,0.7150555000407621,11.917591667346036,
REINFORCE_baseline_public25_seed0_20260810_001022,REINFORCE,baseline,u10_t80,10,80,0,424,2026-08-10 01:20:24,4202.079751999932,,,1309.151705029584,1287.685492500796,15.628661593932044,1.0,8,8,0,1119.5093363698059,1,1108.8131085003909,224,-1.5404640269484955,MinBattery_NearestTask,1137.024794303537,1357.6824276116938,-0.40672627091407776,,2.666903257369995,,,,,,256,3,4,,,,,,,0.99,,,0.01,,models\best_REINFORCE_u10_t80_seed0.pth,,,14.300341900088824,,,,,,,round_robin,17,640,,80,1.2747914999490604,15.934893749363255,
REINFORCE_baseline_public25_seed0_20260810_001022,REINFORCE,baseline,u10_t100,10,100,0,425,2026-08-10 01:20:43,4221.200870199944,,,1587.3336262464659,1328.3639763586746,172.6453130687316,1.0,8,8,0,1282.6864701744664,1,1156.5750588075698,300,8.051079673864834,MinBattery_NearestTask,1187.1112015225146,1816.9612465912573,0.22350949048995972,,2.740051746368408,,,,,,256,3,4,,,,,,,0.99,,,0.01,,models\best_REINFORCE_u10_t100_seed0.pth,,,19.09634000004735,,,,,,,round_robin,17,800,,100,1.8050127000315115,18.050127000315115,
REINFORCE_baseline_public25_seed0_20260810_001022,REINFORCE,baseline,u2_t20,2,20,0,426,2026-08-10 01:20:45,4223.484669299913,,,1670.737334432086,1575.362156910859,52.98141414025063,1.0,8,8,0,1648.4293192168839,1,1468.4063031431247,201,33.42449586751003,MinBattery_NearestTask,1235.4772701211982,1648.142715048298,-1.384445071220398,,1.1746670007705688,,,,,,256,3,4,,,,,,,0.99,,,0.01,,models\best_REINFORCE_u2_t20_seed0.pth,,,2.2564955000998452,,,,,,,round_robin,18,160,,20,0.11498299997765571,5.749149998882785,
REINFORCE_baseline_public25_seed0_20260810_001022,REINFORCE,baseline,u2_t40,2,40,0,427,2026-08-10 01:20:51,4228.814814899932,,,2648.1562029116762,2500.243864328527,189.57343201018742,1.0,8,8,0,2324.082722183431,1,1814.2680031492703,327,29.844025916599122,MinBattery_NearestTask,1789.903467469675,2985.7040913621695,-1.465358018875122,,1.407872200012207,,,,,,256,3,4,,,,,,,0.99,,,0.01,,models\best_REINFORCE_u2_t40_seed0.pth,,,5.303833400015719,,,,,,,round_robin,18,320,,40,0.21794530004262924,5.448632501065731,
REINFORCE_baseline_public25_seed0_20260810_001022,REINFORCE,baseline,u2_t60,2,60,0,428,2026-08-10 01:20:59,4237.132165199961,,,3953.9342691846773,3654.707999347521,222.7002305545889,1.0,8,8,0,3122.622284336673,1,2532.0762735129547,378,25.3457757215251,MinBattery_NearestTask,2491.2066372895233,4452.979979969232,-1.0816932916641235,,1.6388020515441895,,,,,,256,3,4,,,,,,,0.99,,,0.01,,models\best_REINFORCE_u2_t60_seed0.pth,,,8.287885099998675,,,,,,,round_robin,18,480,,60,0.9352184999734163,15.586974999556938,
REINFORCE_baseline_public25_seed0_20260810_001022,REINFORCE,baseline,u2_t80,2,80,0,429,2026-08-10 01:21:10,4247.980771299917,,,4472.748891818591,4146.5459515975435,253.0021070221517,1.0,8,8,0,3509.70465087045,1,2929.9563368458826,304,37.5772168648569,MinBattery_NearestTask,2551.0798450866023,5725.724036335487,-0.7998611927032471,,1.8852051496505737,,,,,,256,3,4,,,,,,,0.99,,,0.01,,models\best_REINFORCE_u2_t80_seed0.pth,,,10.824155900045298,,,,,,,round_robin,18,640,,80,0.6733924000291154,8.417405000363942,
REINFORCE_baseline_public25_seed0_20260810_001022,REINFORCE,baseline,u2_t100,2,100,0,430,2026-08-10 01:21:27,4264.615057799965,,,6320.893055521444,5865.642172861379,243.30876659313395,1.0,8,8,0,4351.838762064025,1,3300.3798021369053,380,32.82924732130515,MinBattery_NearestTask,3276.265468505754,6667.618839462179,0.2431570291519165,,1.9587725400924683,,,,,,256,3,4,,,,,,,0.99,,,0.01,,models\best_REINFORCE_u2_t100_seed0.pth,,,16.605545500060543,,,,,,,round_robin,18,800,,100,1.5837064000079408,15.837064000079407,
REINFORCE_baseline_public25_seed0_20260810_001022,REINFORCE,baseline,u4_t20,4,20,0,431,2026-08-10 01:21:29,4267.521219799994,,,1004.8766254404509,870.2945864233319,73.3348220441255,1.0,8,8,0,940.1312415273661,1,644.2191846321656,56,48.093846652147285,MinBattery_NearestTask,634.8212723082338,1116.781447019792,-1.5218019485473633,,1.480936884880066,,,,,,256,3,4,,,,,,,0.99,,,0.01,,models\best_REINFORCE_u4_t20_seed0.pth,,,2.8755533000221476,,,,,,,round_robin,18,160,,20,0.16760899999644607,8.380449999822304,
REINFORCE_baseline_public25_seed0_20260810_001022,REINFORCE,baseline,u4_t40,4,40,0,432,2026-08-10 01:21:36,4273.715834399918,,,1719.4030900829007,1622.8056531277111,68.18630273950072,1.0,8,8,0,1246.550107108339,1,1157.7117225603322,382,3.181862315134009,MinBattery_NearestTask,1208.1097192267905,1809.9456757002988,-1.2192494869232178,,1.8051384687423706,,,,,,256,3,4,,,,,,,0.99,,,0.01,,models\best_REINFORCE_u4_t40_seed0.pth,,,6.165265999967232,,,,,,,round_robin,18,320,,40,0.23917539999820292,5.979384999955073,
REINFORCE_baseline_public25_seed0_20260810_001022,REINFORCE,baseline,u4_t60,4,60,0,433,2026-08-10 01:21:44,4281.995455699973,,,2301.082127644915,2228.70583363206,52.690659400902476,1.0,8,8,0,1853.6334060293823,1,1658.382088076164,133,8.510388413095347,MinBattery_NearestTask,1708.2543276618485,2452.0766097704714,-1.3863255977630615,,1.9164371490478516,,,,,,256,3,4,,,,,,,0.99,,,0.01,,models\best_REINFORCE_u4_t60_seed0.pth,,,8.25420490000397,,,,,,,round_robin,18,480,,60,0.5296597999986261,8.827663333310436,
REINFORCE_baseline_public25_seed0_20260810_001022,REINFORCE,baseline,u4_t80,4,80,0,434,2026-08-10 01:21:56,4293.5926852999255,,,2747.5299767493398,2456.7828518768,191.84877930014432,1.0,8,8,0,2463.003295614313,1,1907.8323990572944,9,33.68063109477961,MinBattery_NearestTask,1842.4533722226693,3001.7744400044194,-0.49670788645744324,,2.139793634414673,,,,,,256,3,4,,,,,,,0.99,,,0.01,,models\best_REINFORCE_u4_t80_seed0.pth,,,11.566175099927932,,,,,,,round_robin,18,640,,80,0.9215508999768645,11.519386249710806,
REINFORCE_baseline_public25_seed0_20260810_001022,REINFORCE,baseline,u4_t100,4,100,0,435,2026-08-10 01:22:11,4309.195863400004,,,3412.8334416530565,3316.305431904474,136.75755155038627,1.0,8,8,0,2545.3513580033086,1,2256.0566420677083,385,29.822566937660483,MinBattery_NearestTask,1960.6385993165281,3788.7440276745037,-0.011334015056490898,,2.3438315391540527,,,,,,256,3,4,,,,,,,0.99,,,0.01,,models\best_REINFORCE_u4_t100_seed0.pth,,,15.576649699942209,,,,,,,round_robin,18,800,,100,1.606837400002405,16.06837400002405,
REINFORCE_baseline_public25_seed0_20260810_001022,REINFORCE,baseline,u6_t20,6,20,0,436,2026-08-10 01:22:14,4311.611088799895,,,776.6090874191855,545.0706947700737,134.0372684516589,1.0,8,8,0,555.1186858157143,1,532.7831152424773,86,2.954700329839826,MinBattery_NearestTask,539.1873163996008,875.8432185926702,-0.7519909739494324,,1.8332000970840454,,,,,,256,3,4,,,,,,,0.99,,,0.01,,models\best_REINFORCE_u6_t20_seed0.pth,,,2.3872045000316575,,,,,,,round_robin,18,160,,20,0.15715709992218763,7.857854996109381,
REINFORCE_baseline_public25_seed0_20260810_001022,REINFORCE,baseline,u6_t40,6,40,0,437,2026-08-10 01:22:20,4317.589057799894,,,1188.8617762081988,1105.6801835143654,39.83256307450969,1.0,8,8,0,1146.6552019148196,1,1046.496347631389,387,13.162991242175176,MinBattery_NearestTask,1013.277564801122,1210.81064814677,-1.617827296257019,,2.1120030879974365,,,,,,256,3,4,,,,,,,0.99,,,0.01,,models\best_REINFORCE_u6_t40_seed0.pth,,,5.954323099926114,,,,,,,round_robin,18,320,,40,0.2633841000497341,6.584602501243353,
REINFORCE_baseline_public25_seed0_20260810_001022,REINFORCE,baseline,u6_t60,6,60,0,438,2026-08-10 01:22:29,4326.946103999973,,,1612.9827533217667,1508.0199882446811,77.99752125170411,1.0,8,8,0,1202.1913054368451,1,1144.778978383466,113,-0.18730853500902722,MinBattery_NearestTask,1204.447338100797,1781.770307254355,-0.9394972324371338,,2.334223985671997,,,,,,256,3,4,,,,,,,0.99,,,0.01,,models\best_REINFORCE_u6_t60_seed0.pth,,,9.329441900015809,,,,,,,round_robin,18,480,,60,0.7480457000201568,12.46742833366928,
REINFORCE_baseline_public25_seed0_20260810_001022,REINFORCE,baseline,u6_t80,6,80,0,439,2026-08-10 01:22:43,4341.476291399915,,,1947.327910111067,1896.4589869297747,39.61383877563076,1.0,8,8,0,1611.48388433842,1,1335.9680928589678,39,25.652806701171215,MinBattery_NearestTask,1282.4893662509803,1990.1034262302112,-0.7175993919372559,,2.4788360595703125,,,,,,256,3,4,,,,,,,0.99,,,0.01,,models\best_REINFORCE_u6_t80_seed0.pth,,,14.504552899976261,,,,,,,round_robin,18,640,,80,1.2050023999763653,15.062529999704566,
REINFORCE_baseline_public25_seed0_20260810_001022,REINFORCE,baseline,u6_t100,6,100,0,440,2026-08-10 01:23:01,4358.5845901999855,,,2465.900836886517,2415.6480459155505,49.83895589263325,1.0,8,8,0,1715.754439662761,1,1715.754439662761,440,35.90862773846349,MinBattery_NearestTask,1262.4323181045447,2588.8953280469614,-0.08161488175392151,,2.4036498069763184,,,,,,256,3,4,,,,,,,0.99,,,0.01,,models\best_REINFORCE_u6_t100_seed0.pth,,,17.080565000069328,,,,,,,round_robin,18,800,,100,1.568577800062485,15.685778000624852,
REINFORCE_baseline_public25_seed0_20260810_001022,REINFORCE,baseline,u8_t20,8,20,0,441,2026-08-10 01:23:03,4361.3079030999215,,,577.5919638988647,540.0905371154589,15.479708437707135,1.0,8,8,0,541.6200709841362,1,530.3445561678766,266,-5.569444634251494,MinBattery_NearestTask,573.5644240217935,594.6205530170921,-2.80983304977417,,2.2487130165100098,,,,,,256,3,4,,,,,,,0.99,,,0.01,,models\best_REINFORCE_u8_t20_seed0.pth,,,2.6974996000062674,,,,,,,round_robin,18,160,,20,0.17107579996809363,8.553789998404682,
REINFORCE_baseline_public25_seed0_20260810_001022,REINFORCE,baseline,u8_t40,8,40,0,442,2026-08-10 01:23:09,4367.169533499982,,,1107.1717682972437,1035.2661948755374,55.31010651267648,1.0,8,8,0,676.7322221399847,1,661.9746269004689,317,2.786090262760606,MinBattery_NearestTask,658.3889127507409,1218.711334656825,-1.1326804161071777,,2.2327873706817627,,,,,,256,3,4,,,,,,,0.99,,,0.01,,models\best_REINFORCE_u8_t40_seed0.pth,,,5.8341962998965755,,,,,,,round_robin,18,320,,40,0.5331292999908328,13.32823249977082,
REINFORCE_baseline_public25_seed0_20260810_001022,REINFORCE,baseline,u8_t60,8,60,0,443,2026-08-10 01:23:19,4376.737107899971,,,1305.3193480672064,1164.0179405473891,149.75358159331185,1.0,8,8,0,1131.2536288946312,1,1131.2536288946312,443,3.3954043423816027,MinBattery_NearestTask,1094.1043618811327,1248.589806791493,-0.583504319190979,,2.4342565536499023,,,,,,256,3,4,,,,,,,0.99,,,0.01,,models\best_REINFORCE_u8_t60_seed0.pth,,,9.539833100046962,,,,,,,round_robin,18,480,,60,0.6022764999652281,10.037941666087136,
REINFORCE_baseline_public25_seed0_20260810_001022,REINFORCE,baseline,u8_t80,8,80,0,444,2026-08-10 01:23:31,4389.484181799926,,,1713.8601170143324,1624.4341079629896,54.302799479981196,1.0,8,8,0,1450.939495950266,1,1184.5560543271604,144,34.98310195304975,MinBattery_NearestTask,1074.904543573859,1790.9534363892533,-0.359713613986969,,2.3029661178588867,,,,,,256,3,4,,,,,,,0.99,,,0.01,,models\best_REINFORCE_u8_t80_seed0.pth,,,12.719006099971011,,,,,,,round_robin,18,640,,80,1.0440103999571875,13.050129999464843,
REINFORCE_baseline_public25_seed0_20260810_001022,REINFORCE,baseline,u8_t100,8,100,0,445,2026-08-10 01:23:48,4406.4743107999675,,,2133.585005350999,2075.516757777114,45.69232744847954,1.0,8,8,0,1610.085698819828,1,1607.8570800079096,220,40.234183002832566,MinBattery_NearestTask,1148.1406775032206,2192.764389417016,0.638190507888794,,2.408621072769165,,,,,,256,3,4,,,,,,,0.99,,,0.01,,models\best_REINFORCE_u8_t100_seed0.pth,,,16.964524600072764,,,,,,,round_robin,18,800,,100,1.0926891999552026,10.926891999552026,
REINFORCE_baseline_public25_seed0_20260810_001022,REINFORCE,baseline,u10_t20,10,20,0,446,2026-08-10 01:23:52,4409.7365262999665,,,546.404654115889,520.3597830338359,16.028309248799868,1.0,8,8,0,564.2048094568329,1,489.7211029717006,396,9.886691269329434,MinBattery_NearestTask,513.442349514357,559.9277735462435,-2.846017360687256,,2.1735644340515137,,,,,,256,3,4,,,,,,,0.99,,,0.01,,models\best_REINFORCE_u10_t20_seed0.pth,,,3.2327743000350893,,,,,,,round_robin,18,160,,20,0.31233529991004616,15.616764995502308,
REINFORCE_baseline_public25_seed0_20260810_001022,REINFORCE,baseline,u10_t40,10,40,0,447,2026-08-10 01:23:59,4417.0803264999995,,,747.1787734898785,638.1779408602773,130.9040130578043,1.0,8,8,0,641.2458926994195,1,621.0078944729405,172,2.1961697938702374,MinBattery_NearestTask,627.4656809475473,957.3671098819304,-0.606439471244812,,2.479116201400757,,,,,,256,3,4,,,,,,,0.99,,,0.01,,models\best_REINFORCE_u10_t40_seed0.pth,,,7.317180200014263,,,,,,,round_robin,18,320,,40,0.7117020000005141,17.792550000012852,
REINFORCE_baseline_public25_seed0_20260810_001022,REINFORCE,baseline,u10_t60,10,60,0,448,2026-08-10 01:24:10,4427.940006299992,,,1196.811770160002,1126.6967276514981,41.64020796531831,1.0,8,8,0,1047.4601201082573,1,1026.7178335255542,348,55.873563768497114,MinBattery_NearestTask,671.9934380046263,1193.9764350817031,-0.7665264010429382,,2.4649271965026855,,,,,,256,3,4,,,,,,,0.99,,,0.01,,models\best_REINFORCE_u10_t60_seed0.pth,,,10.830327400006354,,,,,,,round_robin,18,480,,60,0.5753648999379948,9.589414998966578,
REINFORCE_baseline_public25_seed0_20260810_001022,REINFORCE,baseline,u10_t80,10,80,0,449,2026-08-10 01:24:24,4442.198562499951,,,1325.9966116889923,1257.9453821687575,29.249073839935285,1.0,8,8,0,1124.5765430083911,1,1108.8131085003909,224,-1.094809133231855,MinBattery_NearestTask,1137.024794303537,1357.6824276116938,-0.9594557285308838,,2.6144750118255615,,,,,,256,3,4,,,,,,,0.99,,,0.01,,models\best_REINFORCE_u10_t80_seed0.pth,,,14.23237290000543,,,,,,,round_robin,18,640,,80,1.3040395999560133,16.300494999450166,
REINFORCE_baseline_public25_seed0_20260810_001022,REINFORCE,baseline,u10_t100,10,100,0,450,2026-08-10 01:24:42,4459.658124199952,,,1561.7989545240735,1328.3013508845388,142.76837277167098,1.0,8,8,0,1293.7859535587215,1,1156.5750588075698,300,8.986079138954507,MinBattery_NearestTask,1187.1112015225146,1816.9612465912573,0.07099492847919464,,2.687361478805542,,,,,,256,3,4,,,,,,,0.99,,,0.01,,models\best_REINFORCE_u10_t100_seed0.pth,,,17.431068400037475,,,,,,,round_robin,18,800,,100,1.4774406000506133,14.774406000506133,
REINFORCE_baseline_public25_seed0_20260810_001022,REINFORCE,baseline,u2_t20,2,20,0,451,2026-08-10 01:24:44,4462.028158699977,,,1780.3049891367145,1582.9359187779621,160.75120767861344,1.0,8,8,0,1474.1892556995022,1,1468.4063031431247,201,19.321438876401725,MinBattery_NearestTask,1235.4772701211982,1648.142715048298,-1.1587193012237549,,1.0457689762115479,,,,,,256,3,4,,,,,,,0.99,,,0.01,,models\best_REINFORCE_u2_t20_seed0.pth,,,2.3373695999616757,,,,,,,round_robin,19,160,,20,0.09462239989079535,4.7311199945397675,
REINFORCE_baseline_public25_seed0_20260810_001022,REINFORCE,baseline,u2_t40,2,40,0,452,2026-08-10 01:24:49,4466.942718499922,,,2706.526829069791,2507.388195104072,187.59836947596332,1.0,8,8,0,2423.8103752116103,1,1814.2680031492703,327,35.41570365457014,MinBattery_NearestTask,1789.903467469675,2985.7040913621695,-1.3616446256637573,,1.4220479726791382,,,,,,256,3,4,,,,,,,0.99,,,0.01,,models\best_REINFORCE_u2_t40_seed0.pth,,,4.8842489999951795,,,,,,,round_robin,19,320,,40,0.3111219999846071,7.7780499996151775,
REINFORCE_baseline_public25_seed0_20260810_001022,REINFORCE,baseline,u2_t60,2,60,0,453,2026-08-10 01:24:56,4474.200710200006,,,3808.012852570616,3271.9601144442977,282.99904304621754,1.0,8,8,0,3066.011306356864,1,2532.0762735129547,378,23.073343674643485,MinBattery_NearestTask,2491.2066372895233,4452.979979969232,-1.0242654085159302,,1.5146799087524414,,,,,,256,3,4,,,,,,,0.99,,,0.01,,models\best_REINFORCE_u2_t60_seed0.pth,,,7.232325499993749,,,,,,,round_robin,19,480,,60,0.3987044000532478,6.645073334220797,
REINFORCE_baseline_public25_seed0_20260810_001022,REINFORCE,baseline,u2_t80,2,80,0,454,2026-08-10 01:25:07,4485.49341799994,,,4667.028027780024,4404.983856482142,205.0735711094738,1.0,8,8,0,3091.7038761300983,1,2929.9563368458826,304,21.191968259431064,MinBattery_NearestTask,2551.0798450866023,5725.724036335487,-0.9424112439155579,,1.694077730178833,,,,,,256,3,4,,,,,,,0.99,,,0.01,,models\best_REINFORCE_u2_t80_seed0.pth,,,11.261447199969552,,,,,,,round_robin,19,640,,80,0.6442179000005126,8.052723750006407,
REINFORCE_baseline_public25_seed0_20260810_001022,REINFORCE,baseline,u2_t100,2,100,0,455,2026-08-10 01:25:22,4499.5423179999925,,,6014.477971758004,5782.888665059017,253.21633810710762,1.0,8,8,0,3869.3629446335044,1,3300.3798021369053,380,18.102851610442038,MinBattery_NearestTask,3276.265468505754,6667.618839462179,-0.17703473567962646,,1.7876538038253784,,,,,,256,3,4,,,,,,,0.99,,,0.01,,models\best_REINFORCE_u2_t100_seed0.pth,,,14.017140799900517,,,,,,,round_robin,19,800,,100,0.811215199995786,8.11215199995786,
REINFORCE_baseline_public25_seed0_20260810_001022,REINFORCE,baseline,u4_t20,4,20,0,456,2026-08-10 01:25:25,4502.716636399971,,,989.272587836565,897.5683197825186,40.32154496364848,1.0,8,8,0,947.196049476386,1,644.2191846321656,56,49.20672806573507,MinBattery_NearestTask,634.8212723082338,1116.781447019792,-2.1372833251953125,,1.438460350036621,,,,,,256,3,4,,,,,,,0.99,,,0.01,,models\best_REINFORCE_u4_t20_seed0.pth,,,3.146351300063543,,,,,,,round_robin,19,160,,20,0.14326829998753965,7.1634149993769825,
REINFORCE_baseline_public25_seed0_20260810_001022,REINFORCE,baseline,u4_t40,4,40,0,457,2026-08-10 01:25:30,4507.9948385999305,,,1543.429441720013,1283.87490473545,152.31857925143734,1.0,8,8,0,1264.9660505167822,1,1157.7117225603322,382,4.706222488333313,MinBattery_NearestTask,1208.1097192267905,1809.9456757002988,-1.012671947479248,,1.7232742309570312,,,,,,256,3,4,,,,,,,0.99,,,0.01,,models\best_REINFORCE_u4_t40_seed0.pth,,,5.252339099999517,,,,,,,round_robin,19,320,,40,0.33520680002402514,8.380170000600629,
REINFORCE_baseline_public25_seed0_20260810_001022,REINFORCE,baseline,u4_t60,4,60,0,458,2026-08-10 01:25:38,4515.978643599898,,,2190.8155429659078,1816.8651305840572,162.66529777746152,1.0,8,8,0,1661.006820654287,1,1658.382088076164,133,-2.765835639487652,MinBattery_NearestTask,1708.2543276618485,2452.0766097704714,-1.0578268766403198,,1.8214198350906372,,,,,,256,3,4,,,,,,,0.99,,,0.01,,models\best_REINFORCE_u4_t60_seed0.pth,,,7.952277599950321,,,,,,,round_robin,19,480,,60,0.42650940001476556,7.108490000246093,
REINFORCE_baseline_public25_seed0_20260810_001022,REINFORCE,baseline,u4_t80,4,80,0,459,2026-08-10 01:25:50,4528.288505199947,,,2652.9792172022653,2428.7662047809617,224.72996470173894,1.0,8,8,0,1921.4541353816944,1,1907.8323990572944,9,4.287802576177083,MinBattery_NearestTask,1842.4533722226693,3001.7744400044194,-0.5724553465843201,,1.9828819036483765,,,,,,256,3,4,,,,,,,0.99,,,0.01,,models\best_REINFORCE_u4_t80_seed0.pth,,,12.283827399951406,,,,,,,round_robin,19,640,,80,0.6470407999586314,8.088009999482892,
REINFORCE_baseline_public25_seed0_20260810_001022,REINFORCE,baseline,u4_t100,4,100,0,460,2026-08-10 01:26:05,4543.093427999993,,,3256.1416049960844,3151.9980241544727,61.54093899959597,1.0,8,8,0,2527.3107838172605,1,2256.0566420677083,385,28.90242927474101,MinBattery_NearestTask,1960.6385993165281,3788.7440276745037,-0.1650487780570984,,2.1209185123443604,,,,,,256,3,4,,,,,,,0.99,,,0.01,,models\best_REINFORCE_u4_t100_seed0.pth,,,14.775882299989462,,,,,,,round_robin,19,800,,100,0.8911654999246821,8.91165499924682,
REINFORCE_baseline_public25_seed0_20260810_001022,REINFORCE,baseline,u6_t20,6,20,0,461,2026-08-10 01:26:08,4545.617128899903,,,745.0047853127134,552.9880926543964,148.1517427434369,1.0,8,8,0,562.1365035440326,1,532.7831152424773,86,4.2562550057137765,MinBattery_NearestTask,539.1873163996008,875.8432185926702,-0.8752183318138123,,1.7573012113571167,,,,,,256,3,4,,,,,,,0.99,,,0.01,,models\best_REINFORCE_u6_t20_seed0.pth,,,2.4973390999948606,,,,,,,round_robin,19,160,,20,0.15523270005360246,7.761635002680123,
REINFORCE_baseline_public25_seed0_20260810_001022,REINFORCE,baseline,u6_t40,6,40,0,462,2026-08-10 01:26:13,4551.134027799941,,,1161.3342613788918,1129.912092598958,29.812258703129896,1.0,8,8,0,1173.8448287515855,1,1046.496347631389,387,15.846325777673599,MinBattery_NearestTask,1013.277564801122,1210.81064814677,-1.8116437196731567,,1.893378496170044,,,,,,256,3,4,,,,,,,0.99,,,0.01,,models\best_REINFORCE_u6_t40_seed0.pth,,,5.48807899991516,,,,,,,round_robin,19,320,,40,0.36655900010373443,9.16397500259336,
REINFORCE_baseline_public25_seed0_20260810_001022,REINFORCE,baseline,u6_t60,6,60,0,463,2026-08-10 01:26:22,4560.159446300007,,,1510.092268888313,1282.7665016747376,181.15832060989902,1.0,8,8,0,1275.7643837313922,1,1144.778978383466,113,5.921142699609409,MinBattery_NearestTask,1204.447338100797,1781.770307254355,-0.5859371423721313,,2.13193941116333,,,,,,256,3,4,,,,,,,0.99,,,0.01,,models\best_REINFORCE_u6_t60_seed0.pth,,,9.000340800033882,,,,,,,round_robin,19,480,,60,0.46649879997130483,7.774979999521747,
REINFORCE_baseline_public25_seed0_20260810_001022,REINFORCE,baseline,u6_t80,6,80,0,464,2026-08-10 01:26:35,4572.839852000005,,,1932.935297968383,1785.2132118338002,60.887212275043254,1.0,8,8,0,1819.0003483302798,1,1335.9680928589678,39,41.83356183666832,MinBattery_NearestTask,1282.4893662509803,1990.1034262302112,-0.9453824162483215,,2.2780120372772217,,,,,,256,3,4,,,,,,,0.99,,,0.01,,models\best_REINFORCE_u6_t80_seed0.pth,,,12.649809700087644,,,,,,,round_robin,19,640,,80,0.9922304999781772,12.402881249727216,
REINFORCE_baseline_public25_seed0_20260810_001022,REINFORCE,baseline,u6_t100,6,100,0,465,2026-08-10 01:26:51,4588.764007799909,,,2423.7809257678477,2340.9442208463843,62.01739643182178,1.0,8,8,0,1926.4422607794631,1,1715.754439662761,440,52.5976666750645,MinBattery_NearestTask,1262.4323181045447,2588.8953280469614,0.17524538934230804,,2.3444104194641113,,,,,,256,3,4,,,,,,,0.99,,,0.01,,models\best_REINFORCE_u6_t100_seed0.pth,,,15.898289699922316,,,,,,,round_robin,19,800,,100,1.427744899992831,14.27744899992831,
REINFORCE_baseline_public25_seed0_20260810_001022,REINFORCE,baseline,u8_t20,8,20,0,466,2026-08-10 01:26:53,4591.286882099928,,,578.9029258868729,558.4126036275794,13.713536938033755,1.0,8,8,0,567.8193811747653,1,530.3445561678766,266,-1.0016386314102748,MinBattery_NearestTask,573.5644240217935,594.6205530170921,-2.4172208309173584,,2.0947201251983643,,,,,,256,3,4,,,,,,,0.99,,,0.01,,models\best_REINFORCE_u8_t20_seed0.pth,,,2.492721699993126,,,,,,,round_robin,19,160,,20,0.16883099998813123,8.441549999406561,
REINFORCE_baseline_public25_seed0_20260810_001022,REINFORCE,baseline,u8_t40,8,40,0,467,2026-08-10 01:26:59,4596.665142999962,,,1070.1497580081834,1041.0874233610587,27.759582034703076,1.0,8,8,0,997.5863254830892,1,661.9746269004689,317,51.5193081419287,MinBattery_NearestTask,658.3889127507409,1218.711334656825,-1.9662145376205444,,2.1282711029052734,,,,,,256,3,4,,,,,,,0.99,,,0.01,,models\best_REINFORCE_u8_t40_seed0.pth,,,5.352274199947715,,,,,,,round_robin,19,320,,40,0.4110119000542909,10.275297501357272,
REINFORCE_baseline_public25_seed0_20260810_001022,REINFORCE,baseline,u8_t60,8,60,0,468,2026-08-10 01:27:08,4606.325944599928,,,1229.0998482973048,1212.4718836025993,13.244388709996736,1.0,8,8,0,1159.3231343402483,1,1131.2536288946312,443,5.960927927111325,MinBattery_NearestTask,1094.1043618811327,1248.589806791493,-1.6177693605422974,,2.2942376136779785,,,,,,256,3,4,,,,,,,0.99,,,0.01,,models\best_REINFORCE_u8_t60_seed0.pth,,,9.631954699987546,,,,,,,round_robin,19,480,,60,0.7438426000298932,12.397376667164888,
REINFORCE_baseline_public25_seed0_20260810_001022,REINFORCE,baseline,u8_t80,8,80,0,469,2026-08-10 01:27:22,4619.812602199963,,,1699.9546921727938,1582.3564065600015,71.97163379247048,1.0,8,8,0,1444.4082357656907,1,1184.5560543271604,144,34.37548891209449,MinBattery_NearestTask,1074.904543573859,1790.9534363892533,-0.5498624444007874,,2.258148670196533,,,,,,256,3,4,,,,,,,0.99,,,0.01,,models\best_REINFORCE_u8_t80_seed0.pth,,,13.460046999971382,,,,,,,round_robin,19,640,,80,0.9997901000315323,12.497376250394154,
REINFORCE_baseline_public25_seed0_20260810_001022,REINFORCE,baseline,u8_t100,8,100,0,470,2026-08-10 01:27:40,4637.675898699905,,,2015.0323628189378,1725.3728799472033,158.4218451426106,1.0,8,8,0,1639.8018652832482,1,1607.8570800079096,220,42.82238208380597,MinBattery_NearestTask,1148.1406775032206,2192.764389417016,0.21203039586544037,,2.372711420059204,,,,,,256,3,4,,,,,,,0.99,,,0.01,,models\best_REINFORCE_u8_t100_seed0.pth,,,17.83393100008834,,,,,,,round_robin,19,800,,100,1.4790651999646798,14.790651999646798,
REINFORCE_baseline_public25_seed0_20260810_001022,REINFORCE,baseline,u10_t20,10,20,0,471,2026-08-10 01:27:42,4640.479980199947,,,541.2530100010915,502.99984756118636,20.506862127593124,1.0,8,8,0,564.2048094568329,1,489.7211029717006,396,9.886691269329434,MinBattery_NearestTask,513.442349514357,559.9277735462435,-2.191634178161621,,1.5563057661056519,,,,,,256,3,4,,,,,,,0.99,,,0.01,,models\best_REINFORCE_u10_t20_seed0.pth,,,2.776743200025521,,,,,,,round_robin,19,160,,20,0.17760159994941205,8.880079997470602,
REINFORCE_baseline_public25_seed0_20260810_001022,REINFORCE,baseline,u10_t40,10,40,0,472,2026-08-10 01:27:50,4647.884343399899,,,790.6221559602944,630.3212745806604,149.27108071347465,1.0,8,8,0,648.8455650787641,1,621.0078944729405,172,3.4073392028279046,MinBattery_NearestTask,627.4656809475473,957.3671098819304,-0.5580651164054871,,2.4812893867492676,,,,,,256,3,4,,,,,,,0.99,,,0.01,,models\best_REINFORCE_u10_t40_seed0.pth,,,7.378111599944532,,,,,,,round_robin,19,320,,40,0.6250054999254644,15.62513749813661,
REINFORCE_baseline_public25_seed0_20260810_001022,REINFORCE,baseline,u10_t60,10,60,0,473,2026-08-10 01:28:00,4657.866081199958,,,1185.5023591357324,1061.7237740769897,53.50688783070829,1.0,8,8,0,1053.4647114145746,1,1026.7178335255542,348,56.767112866855406,MinBattery_NearestTask,671.9934380046263,1193.9764350817031,-1.1781176328659058,,2.4525392055511475,,,,,,256,3,4,,,,,,,0.99,,,0.01,,models\best_REINFORCE_u10_t60_seed0.pth,,,9.955858400091529,,,,,,,round_robin,19,480,,60,0.6044721999205649,10.074536665342748,
REINFORCE_baseline_public25_seed0_20260810_001022,REINFORCE,baseline,u10_t80,10,80,0,474,2026-08-10 01:28:14,4671.570872499957,,,1308.5602650499054,1138.0778578019563,66.32183340171602,1.0,8,8,0,1124.065315561213,1,1108.8131085003909,224,-1.1397709889221865,MinBattery_NearestTask,1137.024794303537,1357.6824276116938,-0.9110946655273438,,2.619246244430542,,,,,,256,3,4,,,,,,,0.99,,,0.01,,models\best_REINFORCE_u10_t80_seed0.pth,,,13.67599459993653,,,,,,,round_robin,19,640,,80,1.1394832000369206,14.243540000461508,
REINFORCE_baseline_public25_seed0_20260810_001022,REINFORCE,baseline,u10_t100,10,100,0,475,2026-08-10 01:28:32,4689.729852799908,,,1517.6515816546362,1322.2849489925475,149.97213014255664,1.0,8,8,0,1270.3580850005735,1,1156.5750588075698,300,7.012559848756511,MinBattery_NearestTask,1187.1112015225146,1816.9612465912573,-0.14683252573013306,,2.6302778720855713,,,,,,256,3,4,,,,,,,0.99,,,0.01,,models\best_REINFORCE_u10_t100_seed0.pth,,,18.130933700012974,,,,,,,round_robin,19,800,,100,1.2738264999352396,12.738264999352396,
REINFORCE_baseline_public25_seed0_20260810_001022,REINFORCE,baseline,u2_t20,2,20,0,476,2026-08-10 01:28:34,4692.267993599991,,,1628.9278277337166,1520.8891530170645,88.3056068050049,1.0,8,8,0,1569.8739020520097,1,1468.4063031431247,201,27.066190533639507,MinBattery_NearestTask,1235.4772701211982,1648.142715048298,-2.4048521518707275,,0.9758833050727844,,,,,,256,3,4,,,,,,,0.99,,,0.01,,models\best_REINFORCE_u2_t20_seed0.pth,,,2.5083300000987947,,,,,,,round_robin,20,160,,20,0.16598190006334335,8.299095003167167,
REINFORCE_baseline_public25_seed0_20260810_001022,REINFORCE,baseline,u2_t40,2,40,0,477,2026-08-10 01:28:40,4698.080404000008,,,2741.3132752471993,2472.234388588,205.0682862979611,1.0,8,8,0,1880.9513127151158,1,1814.2680031492703,327,5.0867461234740246,MinBattery_NearestTask,1789.903467469675,2985.7040913621695,-1.4626916646957397,,1.272625207901001,,,,,,256,3,4,,,,,,,0.99,,,0.01,,models\best_REINFORCE_u2_t40_seed0.pth,,,5.786027399939485,,,,,,,round_robin,20,320,,40,0.5599003999959677,13.997509999899194,
REINFORCE_baseline_public25_seed0_20260810_001022,REINFORCE,baseline,u2_t60,2,60,0,478,2026-08-10 01:28:48,4705.861243099906,,,3742.0296472382233,3229.421667571546,275.98015612596095,1.0,8,8,0,2564.17851081176,1,2532.0762735129547,378,2.929177870272195,MinBattery_NearestTask,2491.2066372895233,4452.979979969232,-1.2205537557601929,,1.477921485900879,,,,,,256,3,4,,,,,,,0.99,,,0.01,,models\best_REINFORCE_u2_t60_seed0.pth,,,7.750770700047724,,,,,,,round_robin,20,480,,60,0.37001920002512634,6.166986667085439,
REINFORCE_baseline_public25_seed0_20260810_001022,REINFORCE,baseline,u2_t80,2,80,0,479,2026-08-10 01:28:59,4716.963740399922,,,4428.529387419348,4141.86899888234,198.92008321443527,1.0,8,8,0,3051.0701129843346,1,2929.9563368458826,304,19.599161855349887,MinBattery_NearestTask,2551.0798450866023,5725.724036335487,-0.9675566554069519,,1.620005488395691,,,,,,256,3,4,,,,,,,0.99,,,0.01,,models\best_REINFORCE_u2_t80_seed0.pth,,,11.074044600012712,,,,,,,round_robin,20,640,,80,0.5711288000456989,7.139110000571236,
REINFORCE_baseline_public25_seed0_20260810_001022,REINFORCE,baseline,u2_t100,2,100,0,480,2026-08-10 01:29:13,4730.8301125,,,5859.670121540267,5421.672465908616,272.21440861100166,1.0,8,8,0,3745.1287273092175,1,3300.3798021369053,380,14.310905612215347,MinBattery_NearestTask,3276.265468505754,6667.618839462179,-0.3768742084503174,,1.727256178855896,,,,,,256,3,4,,,,,,,0.99,,,0.01,,models\best_REINFORCE_u2_t100_seed0.pth,,,13.837917400058359,,,,,,,round_robin,20,800,,100,0.8146924999309704,8.146924999309704,
REINFORCE_baseline_public25_seed0_20260810_001022,REINFORCE,baseline,u4_t20,4,20,0,481,2026-08-10 01:29:15,4733.418587399996,,,1006.8512907958698,927.1935540197105,73.54680947681265,1.0,8,8,0,954.2498775643435,1,644.2191846321656,56,50.31787988053005,MinBattery_NearestTask,634.8212723082338,1116.781447019792,-1.9814759492874146,,1.4080520868301392,,,,,,256,3,4,,,,,,,0.99,,,0.01,,models\best_REINFORCE_u4_t20_seed0.pth,,,2.5621324999956414,,,,,,,round_robin,20,160,,20,0.19994580000638962,9.997290000319481,
REINFORCE_baseline_public25_seed0_20260810_001022,REINFORCE,baseline,u4_t40,4,40,0,482,2026-08-10 01:29:20,4738.443885299959,,,1483.247646335735,1282.1217379776378,187.2639041327681,1.0,8,8,0,1143.2442621157884,1,1143.2442621157884,482,-5.369169379128664,MinBattery_NearestTask,1208.1097192267905,1809.9456757002988,-0.912186861038208,,1.7297371625900269,,,,,,256,3,4,,,,,,,0.99,,,0.01,,models\best_REINFORCE_u4_t40_seed0.pth,,,4.9960987999802455,,,,,,,round_robin,20,320,,40,0.3624011999927461,9.060029999818653,
REINFORCE_baseline_public25_seed0_20260810_001022,REINFORCE,baseline,u4_t60,4,60,0,483,2026-08-10 01:29:30,4747.933954999899,,,2165.479696710504,1832.7386978659874,167.75506009744703,1.0,8,8,0,1690.5057267169477,1,1658.382088076164,133,-1.03899054476238,MinBattery_NearestTask,1708.2543276618485,2452.0766097704714,-1.1808944940567017,,1.7310621738433838,,,,,,256,3,4,,,,,,,0.99,,,0.01,,models\best_REINFORCE_u4_t60_seed0.pth,,,9.461810799897648,,,,,,,round_robin,20,480,,60,0.8682363000698388,14.47060500116398,
REINFORCE_baseline_public25_seed0_20260810_001022,REINFORCE,baseline,u4_t80,4,80,0,484,2026-08-10 01:29:42,4759.577742599999,,,2718.163223399707,2454.7260080643805,192.99402067502078,1.0,8,8,0,1930.9442897575266,1,1907.8323990572944,9,4.802885048217262,MinBattery_NearestTask,1842.4533722226693,3001.7744400044194,-0.7162572145462036,,1.916495680809021,,,,,,256,3,4,,,,,,,0.99,,,0.01,,models\best_REINFORCE_u4_t80_seed0.pth,,,11.614513400010765,,,,,,,round_robin,20,640,,80,1.0062382000032812,12.577977500041015,
REINFORCE_baseline_public25_seed0_20260810_001022,REINFORCE,baseline,u4_t100,4,100,0,485,2026-08-10 01:29:57,4774.593137899996,,,3218.4359892858092,3144.2887084542463,49.06864293530578,1.0,8,8,0,2017.3316613724905,1,2017.3316613724905,485,2.8915610493298156,MinBattery_NearestTask,1960.6385993165281,3788.7440276745037,-0.3656758666038513,,2.10295033454895,,,,,,256,3,4,,,,,,,0.99,,,0.01,,models\best_REINFORCE_u4_t100_seed0.pth,,,14.988177100080065,,,,,,,round_robin,20,800,,100,1.0644441000185907,10.644441000185907,
REINFORCE_baseline_public25_seed0_20260810_001022,REINFORCE,baseline,u6_t20,6,20,0,486,2026-08-10 01:30:00,4777.705772599904,,,779.6883243898776,545.7402454779426,135.98011370968172,1.0,8,8,0,563.4209907838582,1,532.7831152424773,86,4.494481536783292,MinBattery_NearestTask,539.1873163996008,875.8432185926702,-1.4457683563232422,,1.581394076347351,,,,,,256,3,4,,,,,,,0.99,,,0.01,,models\best_REINFORCE_u6_t20_seed0.pth,,,3.0829834999749437,,,,,,,round_robin,20,160,,20,0.17569519998505712,8.784759999252856,
REINFORCE_baseline_public25_seed0_20260810_001022,REINFORCE,baseline,u6_t40,6,40,0,487,2026-08-10 01:30:06,4784.020749399904,,,1147.752718075633,1118.1558941309584,25.812440497100845,1.0,8,8,0,1052.2877285185416,1,1046.496347631389,387,3.849899087134745,MinBattery_NearestTask,1013.277564801122,1210.81064814677,-2.1726362705230713,,1.7537497282028198,,,,,,256,3,4,,,,,,,0.99,,,0.01,,models\best_REINFORCE_u6_t40_seed0.pth,,,6.280483199981973,,,,,,,round_robin,20,320,,40,0.438719299971126,10.96798249927815,
REINFORCE_baseline_public25_seed0_20260810_001022,REINFORCE,baseline,u6_t60,6,60,0,488,2026-08-10 01:30:14,4792.469727499993,,,1420.5549685915835,1288.6595893383517,157.28598941402717,1.0,8,8,0,1237.0519241536322,1,1144.778978383466,113,2.7070163237063514,MinBattery_NearestTask,1204.447338100797,1781.770307254355,-0.7895299792289734,,1.9921318292617798,,,,,,256,3,4,,,,,,,0.99,,,0.01,,models\best_REINFORCE_u6_t60_seed0.pth,,,8.417152700014412,,,,,,,round_robin,20,480,,60,0.47383669996634126,7.897278332772354,
REINFORCE_baseline_public25_seed0_20260810_001022,REINFORCE,baseline,u6_t80,6,80,0,489,2026-08-10 01:30:27,4805.372121299966,,,1873.767753291012,1797.275363897049,47.022897745370805,1.0,8,8,0,1578.7920676687531,1,1335.9680928589678,39,23.103716039684265,MinBattery_NearestTask,1282.4893662509803,1990.1034262302112,-0.886832058429718,,2.1749331951141357,,,,,,256,3,4,,,,,,,0.99,,,0.01,,models\best_REINFORCE_u6_t80_seed0.pth,,,12.876174899982288,,,,,,,round_robin,20,640,,80,0.7126900999573991,8.908626249467488,
REINFORCE_baseline_public25_seed0_20260810_001022,REINFORCE,baseline,u6_t100,6,100,0,490,2026-08-10 01:30:43,4821.306791599956,,,2319.967581500774,1960.5728071652939,144.32925157449264,1.0,8,8,0,1897.663100127934,1,1715.754439662761,440,50.31800698647708,MinBattery_NearestTask,1262.4323181045447,2588.8953280469614,-0.04374613240361214,,2.1550347805023193,,,,,,256,3,4,,,,,,,0.99,,,0.01,,models\best_REINFORCE_u6_t100_seed0.pth,,,15.904550400096923,,,,,,,round_robin,20,800,,100,1.2561074999393895,12.561074999393895,
REINFORCE_baseline_public25_seed0_20260810_001022,REINFORCE,baseline,u8_t20,8,20,0,491,2026-08-10 01:30:46,4824.3260812999215,,,563.3173342896324,529.6716998714867,20.437407735026913,1.0,8,8,0,615.7519698754409,1,530.3445561678766,266,7.35532820495234,MinBattery_NearestTask,573.5644240217935,594.6205530170921,-3.441263198852539,,1.9552167654037476,,,,,,256,3,4,,,,,,,0.99,,,0.01,,models\best_REINFORCE_u8_t20_seed0.pth,,,2.9917610000120476,,,,,,,round_robin,20,160,,20,0.21780999994371086,10.890499997185543,
REINFORCE_baseline_public25_seed0_20260810_001022,REINFORCE,baseline,u8_t40,8,40,0,492,2026-08-10 01:30:52,4829.773931599921,,,1071.4955044299668,870.383512943069,97.48036948426652,1.0,8,8,0,1069.6411239884333,1,661.9746269004689,317,62.463416876126544,MinBattery_NearestTask,658.3889127507409,1218.711334656825,-0.9792546629905701,,1.8841971158981323,,,,,,256,3,4,,,,,,,0.99,,,0.01,,models\best_REINFORCE_u8_t40_seed0.pth,,,5.413385600084439,,,,,,,round_robin,20,320,,40,0.3417907999828458,8.544769999571145,
REINFORCE_baseline_public25_seed0_20260810_001022,REINFORCE,baseline,u8_t60,8,60,0,493,2026-08-10 01:31:01,4838.887434899923,,,1204.3696585103796,1163.9565120792447,32.07868938585363,1.0,8,8,0,1199.5066153391758,1,1131.2536288946312,443,9.633656269939483,MinBattery_NearestTask,1094.1043618811327,1248.589806791493,-2.1886415481567383,,2.0635008811950684,,,,,,256,3,4,,,,,,,0.99,,,0.01,,models\best_REINFORCE_u8_t60_seed0.pth,,,9.086430600029416,,,,,,,round_robin,20,480,,60,0.5985784999793395,9.976308332988992,
REINFORCE_baseline_public25_seed0_20260810_001022,REINFORCE,baseline,u8_t80,8,80,0,494,2026-08-10 01:31:14,4852.037077799905,,,1621.055200042229,1565.264600357303,32.175648059303846,1.0,8,8,0,1456.9256048834602,1,1184.5560543271604,144,35.53999874625628,MinBattery_NearestTask,1074.904543573859,1790.9534363892533,-0.8619756698608398,,2.1057469844818115,,,,,,256,3,4,,,,,,,0.99,,,0.01,,models\best_REINFORCE_u8_t80_seed0.pth,,,13.112017499981448,,,,,,,round_robin,20,640,,80,0.7802788999397308,9.753486249246635,
REINFORCE_baseline_public25_seed0_20260810_001022,REINFORCE,baseline,u8_t100,8,100,0,495,2026-08-10 01:31:30,4867.864188599982,,,1768.6008602758216,1680.4227175927815,42.91143918107737,1.0,8,8,0,1923.2675122527944,1,1607.8570800079096,220,67.5114861739057,MinBattery_NearestTask,1148.1406775032206,2192.764389417016,-0.26555773615837097,,2.167480707168579,,,,,,256,3,4,,,,,,,0.99,,,0.01,,models\best_REINFORCE_u8_t100_seed0.pth,,,15.80007800005842,,,,,,,round_robin,20,800,,100,1.1572891999967396,11.572891999967396,
REINFORCE_baseline_public25_seed0_20260810_001022,REINFORCE,baseline,u10_t20,10,20,0,496,2026-08-10 01:31:32,4870.463177299942,,,571.3300383552923,484.7808802823304,110.64430431441293,1.0,8,8,0,564.2048094568329,1,489.7211029717006,396,9.886691269329434,MinBattery_NearestTask,513.442349514357,559.9277735462435,-1.0038073062896729,,1.4813740253448486,,,,,,256,3,4,,,,,,,0.99,,,0.01,,models\best_REINFORCE_u10_t20_seed0.pth,,,2.5675967999268323,,,,,,,round_robin,20,160,,20,0.1309196000220254,6.54598000110127,
REINFORCE_baseline_public25_seed0_20260810_001022,REINFORCE,baseline,u10_t40,10,40,0,497,2026-08-10 01:31:38,4875.930756299989,,,821.02346176587,639.6090318440519,151.06369977731677,1.0,8,8,0,650.1029557683764,1,621.0078944729405,172,3.6077311489999224,MinBattery_NearestTask,627.4656809475473,957.3671098819304,-0.47744137048721313,,2.396883487701416,,,,,,256,3,4,,,,,,,0.99,,,0.01,,models\best_REINFORCE_u10_t40_seed0.pth,,,5.4390342000406235,,,,,,,round_robin,20,320,,40,0.3306245000567287,8.265612501418218,
REINFORCE_baseline_public25_seed0_20260810_001022,REINFORCE,baseline,u10_t60,10,60,0,498,2026-08-10 01:31:47,4884.661195999943,,,1142.429466598428,1085.015676694968,38.77389652296528,1.0,8,8,0,1086.1789965541818,1,1026.7178335255542,348,61.63535759804607,MinBattery_NearestTask,671.9934380046263,1193.9764350817031,-0.9978998303413391,,2.259031295776367,,,,,,256,3,4,,,,,,,0.99,,,0.01,,models\best_REINFORCE_u10_t60_seed0.pth,,,8.69908829999622,,,,,,,round_robin,20,480,,60,0.6273137000389397,10.455228333982328,
REINFORCE_baseline_public25_seed0_20260810_001022,REINFORCE,baseline,u10_t80,10,80,0,499,2026-08-10 01:32:00,4897.565703699947,,,1305.3384205282998,1245.3425028189395,36.49564138439521,1.0,8,8,0,1194.3365551001566,1,1108.8131085003909,224,5.040502290165525,MinBattery_NearestTask,1137.024794303537,1357.6824276116938,-0.9706308245658875,,2.4163758754730225,,,,,,256,3,4,,,,,,,0.99,,,0.01,,models\best_REINFORCE_u10_t80_seed0.pth,,,12.877542299916968,,,,,,,round_robin,20,640,,80,0.9716381999896839,12.145477499871049,
REINFORCE_baseline_public25_seed0_20260810_001022,REINFORCE,baseline,u10_t100,10,100,0,500,2026-08-10 01:32:16,4914.429727699957,,,1441.1971179000188,1286.425730134107,143.0064404021425,1.0,8,8,0,1196.4802014841882,1,1156.5750588075698,300,0.7892268179811198,MinBattery_NearestTask,1187.1112015225146,1816.9612465912573,-0.09444631636142731,,2.560267210006714,,,,,,256,3,4,,,,,,,0.99,,,0.01,,models\best_REINFORCE_u10_t100_seed0.pth,,,16.832538100075908,,,,,,,round_robin,20,800,,100,1.2845867000287399,12.845867000287399,
REINFORCE_baseline_public25_seed0_20260810_001022,REINFORCE,baseline,u2_t20,2,20,0,501,2026-08-10 01:32:19,4916.979947199929,,,1610.8481944611926,1477.400478016386,73.4259498430575,1.0,8,8,0,1649.040268595286,1,1468.4063031431247,201,33.47394634249467,MinBattery_NearestTask,1235.4772701211982,1648.142715048298,-2.4475600719451904,,0.9002777934074402,,,,,,256,3,4,,,,,,,0.99,,,0.01,,models\best_REINFORCE_u2_t20_seed0.pth,,,2.5230291999178007,,,,,,,round_robin,21,160,,20,0.0925903000170365,4.629515000851825,
REINFORCE_baseline_public25_seed0_20260810_001022,REINFORCE,baseline,u2_t40,2,40,0,502,2026-08-10 01:32:24,4921.655378399999,,,2735.2093798646288,2570.446703706973,150.44626446034826,1.0,8,8,0,1980.1203202332692,1,1814.2680031492703,327,10.62721293190729,MinBattery_NearestTask,1789.903467469675,2985.7040913621695,-1.8442771434783936,,1.1276026964187622,,,,,,256,3,4,,,,,,,0.99,,,0.01,,models\best_REINFORCE_u2_t40_seed0.pth,,,4.645259500015527,,,,,,,round_robin,21,320,,40,0.24233149993233383,6.058287498308346,
REINFORCE_baseline_public25_seed0_20260810_001022,REINFORCE,baseline,u2_t60,2,60,0,503,2026-08-10 01:32:31,4929.1670410999795,,,3780.770872162582,3484.3042345721065,234.34402339281382,1.0,8,8,0,3209.9738185831384,1,2532.0762735129547,378,28.85217029108619,MinBattery_NearestTask,2491.2066372895233,4452.979979969232,-1.5350186824798584,,1.3848721981048584,,,,,,256,3,4,,,,,,,0.99,,,0.01,,models\best_REINFORCE_u2_t60_seed0.pth,,,7.484118299908005,,,,,,,round_robin,21,480,,60,0.37477569992188364,6.246261665364727,
REINFORCE_baseline_public25_seed0_20260810_001022,REINFORCE,baseline,u2_t80,2,80,0,504,2026-08-10 01:32:42,4939.780766099924,,,4447.046891281603,4152.506842728559,220.7270582898038,1.0,8,8,0,3654.3517612277833,1,2929.9563368458826,304,43.24725148317449,MinBattery_NearestTask,2551.0798450866023,5725.724036335487,-1.1565178632736206,,1.5340139865875244,,,,,,256,3,4,,,,,,,0.99,,,0.01,,models\best_REINFORCE_u2_t80_seed0.pth,,,10.58077969995793,,,,,,,round_robin,21,640,,80,0.6609206000575796,8.261507500719745,
REINFORCE_baseline_public25_seed0_20260810_001022,REINFORCE,baseline,u2_t100,2,100,0,505,2026-08-10 01:32:56,4953.566226199968,,,5598.531958747426,5353.357533126615,218.75957212266655,1.0,8,8,0,4659.2598712261915,1,3300.3798021369053,380,42.212525694726324,MinBattery_NearestTask,3276.265468505754,6667.618839462179,-0.4941364526748657,,1.6232223510742188,,,,,,256,3,4,,,,,,,0.99,,,0.01,,models\best_REINFORCE_u2_t100_seed0.pth,,,13.759530099923722,,,,,,,round_robin,21,800,,100,0.7913388999877498,7.9133889998774976,
REINFORCE_baseline_public25_seed0_20260810_001022,REINFORCE,baseline,u4_t20,4,20,0,506,2026-08-10 01:32:58,4955.866723799962,,,988.1214864673407,943.2053010503603,40.301362217761245,1.0,8,8,0,658.1729563008236,1,644.2191846321656,56,3.6784658944528057,MinBattery_NearestTask,634.8212723082338,1116.781447019792,-2.2992517948150635,,1.2721738815307617,,,,,,256,3,4,,,,,,,0.99,,,0.01,,models\best_REINFORCE_u4_t20_seed0.pth,,,2.2676136000081897,,,,,,,round_robin,21,160,,20,0.10023740003816783,5.011870001908392,
REINFORCE_baseline_public25_seed0_20260810_001022,REINFORCE,baseline,u4_t40,4,40,0,507,2026-08-10 01:33:03,4961.090866199927,,,1507.0071626868028,1274.8898914974702,171.3634046604597,1.0,8,8,0,1265.9790093242805,1,1143.2442621157884,482,4.790069078703152,MinBattery_NearestTask,1208.1097192267905,1809.9456757002988,-1.2306612730026245,,1.5125268697738647,,,,,,256,3,4,,,,,,,0.99,,,0.01,,models\best_REINFORCE_u4_t40_seed0.pth,,,5.1962973000481725,,,,,,,round_robin,21,320,,40,0.23923030006699264,5.980757501674816,
REINFORCE_baseline_public25_seed0_20260810_001022,REINFORCE,baseline,u4_t60,4,60,0,508,2026-08-10 01:33:11,4968.81371649995,,,2173.2341129349993,1824.667889819249,152.15739280357317,1.0,8,8,0,1799.3896488312353,1,1658.382088076164,133,5.334997236279629,MinBattery_NearestTask,1708.2543276618485,2452.0766097704714,-1.4614744186401367,,1.663798213005066,,,,,,256,3,4,,,,,,,0.99,,,0.01,,models\best_REINFORCE_u4_t60_seed0.pth,,,7.692518100026064,,,,,,,round_robin,21,480,,60,0.40984710003249347,6.830785000541558,
REINFORCE_baseline_public25_seed0_20260810_001022,REINFORCE,baseline,u4_t80,4,80,0,509,2026-08-10 01:33:21,4979.497882599942,,,2506.486140712403,2330.377396129102,109.80146403019428,1.0,8,8,0,2456.459591571524,1,1907.8323990572944,9,33.32546856304644,MinBattery_NearestTask,1842.4533722226693,3001.7744400044194,-1.4537113904953003,,1.8959826231002808,,,,,,256,3,4,,,,,,,0.99,,,0.01,,models\best_REINFORCE_u4_t80_seed0.pth,,,10.654977600090206,,,,,,,round_robin,21,640,,80,0.7959596000146121,9.949495000182651,
REINFORCE_baseline_public25_seed0_20260810_001022,REINFORCE,baseline,u4_t100,4,100,0,510,2026-08-10 01:33:37,4995.0221750999335,,,3178.215042817763,3038.735050808106,88.60549552234544,1.0,8,8,0,2519.77931232603,1,2017.3316613724905,485,28.518295682050542,MinBattery_NearestTask,1960.6385993165281,3788.7440276745037,-0.56854248046875,,2.0165512561798096,,,,,,256,3,4,,,,,,,0.99,,,0.01,,models\best_REINFORCE_u4_t100_seed0.pth,,,15.486409700009972,,,,,,,round_robin,21,800,,100,0.9688556999899447,9.688556999899447,
REINFORCE_baseline_public25_seed0_20260810_001022,REINFORCE,baseline,u6_t20,6,20,0,511,2026-08-10 01:33:39,4997.515991499997,,,696.4327499222895,501.9565616568755,155.4661385055442,1.0,8,8,0,568.2205102865652,1,532.7831152424773,86,5.384621077667812,MinBattery_NearestTask,539.1873163996008,875.8432185926702,-1.4485636949539185,,1.6745318174362183,,,,,,256,3,4,,,,,,,0.99,,,0.01,,models\best_REINFORCE_u6_t20_seed0.pth,,,2.4608103999635205,,,,,,,round_robin,21,160,,20,0.15318639995530248,7.659319997765124,
REINFORCE_baseline_public25_seed0_20260810_001022,REINFORCE,baseline,u6_t40,6,40,0,512,2026-08-10 01:33:44,5002.37133939995,,,1131.4598760760227,1076.5350977527999,32.10284498505788,1.0,8,8,0,1060.114380582735,1,1046.496347631389,387,4.622308576505964,MinBattery_NearestTask,1013.277564801122,1210.81064814677,-2.0054852962493896,,1.7307733297348022,,,,,,256,3,4,,,,,,,0.99,,,0.01,,models\best_REINFORCE_u6_t40_seed0.pth,,,4.823886699974537,,,,,,,round_robin,21,320,,40,0.26461419998668134,6.6153549996670336,
REINFORCE_baseline_public25_seed0_20260810_001022,REINFORCE,baseline,u6_t60,6,60,0,513,2026-08-10 01:33:53,5011.12592729996,,,1455.6737756114785,1291.6235229981335,155.03625866277378,1.0,8,8,0,1241.2492805709928,1,1144.778978383466,113,3.055504487911118,MinBattery_NearestTask,1204.447338100797,1781.770307254355,-1.1231110095977783,,2.0013175010681152,,,,,,256,3,4,,,,,,,0.99,,,0.01,,models\best_REINFORCE_u6_t60_seed0.pth,,,8.727230399963446,,,,,,,round_robin,21,480,,60,0.6204448000062257,10.340746666770428,
REINFORCE_baseline_public25_seed0_20260810_001022,REINFORCE,baseline,u6_t80,6,80,0,514,2026-08-10 01:34:05,5022.632676799898,,,1894.0215224615429,1777.2487213294628,62.82845360450537,1.0,8,8,0,1332.9680120159092,1,1332.9680120159092,514,3.935989419739975,MinBattery_NearestTask,1282.4893662509803,1990.1034262302112,-1.3567225933074951,,2.0670478343963623,,,,,,256,3,4,,,,,,,0.99,,,0.01,,models\best_REINFORCE_u6_t80_seed0.pth,,,11.475263200001791,,,,,,,round_robin,21,640,,80,0.7632403000025079,9.540503750031348,
REINFORCE_baseline_public25_seed0_20260810_001022,REINFORCE,baseline,u6_t100,6,100,0,515,2026-08-10 01:34:19,5037.524868499953,,,2345.998219686131,2255.5963584392916,42.66328319441423,1.0,8,8,0,1817.3110820082804,1,1715.754439662761,440,43.95314948343908,MinBattery_NearestTask,1262.4323181045447,2588.8953280469614,0.026309682056307793,,2.0924975872039795,,,,,,256,3,4,,,,,,,0.99,,,0.01,,models\best_REINFORCE_u6_t100_seed0.pth,,,14.85770669998601,,,,,,,round_robin,21,800,,100,1.008774399990216,10.087743999902159,
REINFORCE_baseline_public25_seed0_20260810_001022,REINFORCE,baseline,u8_t20,8,20,0,516,2026-08-10 01:34:22,5040.041967600002,,,569.0197648046832,531.7361404685829,24.565461611079655,1.0,8,8,0,564.4252581819964,1,530.3445561678766,266,-1.5933983101172684,MinBattery_NearestTask,573.5644240217935,594.6205530170921,-3.181565761566162,,1.9204391241073608,,,,,,256,3,4,,,,,,,0.99,,,0.01,,models\best_REINFORCE_u8_t20_seed0.pth,,,2.4793323000194505,,,,,,,round_robin,21,160,,20,0.12094989989418536,6.047494994709268,
REINFORCE_baseline_public25_seed0_20260810_001022,REINFORCE,baseline,u8_t40,8,40,0,517,2026-08-10 01:34:27,5045.100932399975,,,1080.9566032114267,1018.2783256059457,51.6395347879649,1.0,8,8,0,1053.6580099158966,1,661.9746269004689,317,60.03580702987937,MinBattery_NearestTask,658.3889127507409,1218.711334656825,-1.076733946800232,,1.9836994409561157,,,,,,256,3,4,,,,,,,0.99,,,0.01,,models\best_REINFORCE_u8_t40_seed0.pth,,,5.031375500024296,,,,,,,round_robin,21,320,,40,0.29776099999435246,7.4440249998588115,
REINFORCE_baseline_public25_seed0_20260810_001022,REINFORCE,baseline,u8_t60,8,60,0,518,2026-08-10 01:34:37,5054.764379699947,,,1284.2963979916797,1195.0499872676535,100.0812880704046,1.0,8,8,0,1189.690989133135,1,1131.2536288946312,443,8.736518250202087,MinBattery_NearestTask,1094.1043618811327,1248.589806791493,-1.42714262008667,,2.1180341243743896,,,,,,256,3,4,,,,,,,0.99,,,0.01,,models\best_REINFORCE_u8_t60_seed0.pth,,,9.63230499997735,,,,,,,round_robin,21,480,,60,0.5218433999689296,8.69738999948216,
REINFORCE_baseline_public25_seed0_20260810_001022,REINFORCE,baseline,u8_t80,8,80,0,519,2026-08-10 01:34:50,5067.927683199989,,,1718.3097696751256,1623.5917027934454,56.12072667560752,1.0,8,8,0,1456.52462723004,1,1184.5560543271604,144,35.50269518699445,MinBattery_NearestTask,1074.904543573859,1790.9534363892533,-1.0342680215835571,,2.141594409942627,,,,,,256,3,4,,,,,,,0.99,,,0.01,,models\best_REINFORCE_u8_t80_seed0.pth,,,13.135315499966964,,,,,,,round_robin,21,640,,80,0.85435369994957,10.679421249369625,
REINFORCE_baseline_public25_seed0_20260810_001022,REINFORCE,baseline,u8_t100,8,100,0,520,2026-08-10 01:35:07,5085.1026501999,,,1827.327270390545,1756.4849961854034,119.86302186198895,1.0,8,8,0,1650.1654824848383,1,1607.8570800079096,220,43.72502558426335,MinBattery_NearestTask,1148.1406775032206,2192.764389417016,-0.4331500232219696,,2.314622640609741,,,,,,256,3,4,,,,,,,0.99,,,0.01,,models\best_REINFORCE_u8_t100_seed0.pth,,,17.141703699948266,,,,,,,round_robin,21,800,,100,1.3469768000068143,13.469768000068143,
REINFORCE_baseline_public25_seed0_20260810_001022,REINFORCE,baseline,u10_t20,10,20,0,521,2026-08-10 01:35:10,5088.038615599973,,,539.9076302924575,527.4583471075985,9.304154537230547,1.0,8,8,0,564.2048094568329,1,489.7211029717006,396,9.886691269329434,MinBattery_NearestTask,513.442349514357,559.9277735462435,-3.1002354621887207,,1.995255708694458,,,,,,256,3,4,,,,,,,0.99,,,0.01,,models\best_REINFORCE_u10_t20_seed0.pth,,,2.899691400001757,,,,,,,round_robin,21,160,,20,0.1570385000668466,7.8519250033423305,
REINFORCE_baseline_public25_seed0_20260810_001022,REINFORCE,baseline,u10_t40,10,40,0,522,2026-08-10 01:35:16,5094.00434069999,,,809.3085252176646,634.2138997224149,165.92135538375354,1.0,8,8,0,628.6209073143896,1,621.0078944729405,172,0.18410988870303518,MinBattery_NearestTask,627.4656809475473,957.3671098819304,-0.5683232545852661,,2.4798123836517334,,,,,,256,3,4,,,,,,,0.99,,,0.01,,models\best_REINFORCE_u10_t40_seed0.pth,,,5.934896900085732,,,,,,,round_robin,21,320,,40,0.3767227999633178,9.418069999082945,
REINFORCE_baseline_public25_seed0_20260810_001022,REINFORCE,baseline,u10_t60,10,60,0,523,2026-08-10 01:35:25,5103.3680151999,,,1181.8980990719224,1052.1486936965805,61.708527785861946,1.0,8,8,0,1070.0124639021317,1,1026.7178335255542,348,59.22960008052418,MinBattery_NearestTask,671.9934380046263,1193.9764350817031,-1.0960478782653809,,2.455019235610962,,,,,,256,3,4,,,,,,,0.99,,,0.01,,models\best_REINFORCE_u10_t60_seed0.pth,,,9.33788679994177,,,,,,,round_robin,21,480,,60,0.6074762000935152,10.12460333489192,
REINFORCE_baseline_public25_seed0_20260810_001022,REINFORCE,baseline,u10_t80,10,80,0,524,2026-08-10 01:35:39,5117.521831199992,,,1313.814889617154,1252.9665210578983,25.92368060193978,1.0,8,8,0,1115.6099628064874,1,1108.8131085003909,224,-1.8834093684093178,MinBattery_NearestTask,1137.024794303537,1357.6824276116938,-1.2657479047775269,,2.572082996368408,,,,,,256,3,4,,,,,,,0.99,,,0.01,,models\best_REINFORCE_u10_t80_seed0.pth,,,14.11637730000075,,,,,,,round_robin,21,640,,80,0.9621775000123307,12.027218750154134,
REINFORCE_baseline_public25_seed0_20260810_001022,REINFORCE,baseline,u10_t100,10,100,0,525,2026-08-10 01:35:58,5136.402397600003,,,1475.0716249018942,1319.3815975830262,156.54623899553,1.0,8,8,0,1285.2129051828706,1,1156.5750588075698,300,8.263901775548646,MinBattery_NearestTask,1187.1112015225146,1816.9612465912573,-0.2437574863433838,,2.801952838897705,,,,,,256,3,4,,,,,,,0.99,,,0.01,,models\best_REINFORCE_u10_t100_seed0.pth,,,18.8529656000901,,,,,,,round_robin,21,800,,100,1.4214616999961436,14.214616999961436,
REINFORCE_baseline_public25_seed0_20260810_001022,REINFORCE,baseline,u2_t20,2,20,0,526,2026-08-10 01:36:01,5138.7253394,,,1579.8823375700194,1480.8139802039805,65.80752006279106,1.0,8,8,0,1549.7656791555578,1,1468.4063031431247,201,25.438623326799725,MinBattery_NearestTask,1235.4772701211982,1648.142715048298,-2.492220163345337,,0.8614382743835449,,,,,,256,3,4,,,,,,,0.99,,,0.01,,models\best_REINFORCE_u2_t20_seed0.pth,,,2.293737299973145,,,,,,,round_robin,22,160,,20,0.14099809993058443,7.0499049965292215,
REINFORCE_baseline_public25_seed0_20260810_001022,REINFORCE,baseline,u2_t40,2,40,0,527,2026-08-10 01:36:06,5143.640507299919,,,2741.708799185766,2485.9368327304487,223.32608995355474,1.0,8,8,0,1908.7987008839227,1,1814.2680031492703,327,6.64255003552375,MinBattery_NearestTask,1789.903467469675,2985.7040913621695,-1.710154414176941,,1.2309850454330444,,,,,,256,3,4,,,,,,,0.99,,,0.01,,models\best_REINFORCE_u2_t40_seed0.pth,,,4.887339200009592,,,,,,,round_robin,22,320,,40,0.24651800002902746,6.1629500007256866,
REINFORCE_baseline_public25_seed0_20260810_001022,REINFORCE,baseline,u2_t60,2,60,0,528,2026-08-10 01:36:14,5151.777514999965,,,3647.792996321045,3229.4311210669284,172.91541652606847,1.0,8,8,0,2968.2302803264497,1,2532.0762735129547,378,19.14829688941165,MinBattery_NearestTask,2491.2066372895233,4452.979979969232,-1.4985512495040894,,1.3093881607055664,,,,,,256,3,4,,,,,,,0.99,,,0.01,,models\best_REINFORCE_u2_t60_seed0.pth,,,8.105940700042993,,,,,,,round_robin,22,480,,60,0.6052795000141487,10.087991666902477,
REINFORCE_baseline_public25_seed0_20260810_001022,REINFORCE,baseline,u2_t80,2,80,0,529,2026-08-10 01:36:24,5162.288774899906,,,4313.113771987146,3748.4471296407282,380.931955276961,1.0,8,8,0,3145.8085981890686,1,2929.9563368458826,304,23.312823949744967,MinBattery_NearestTask,2551.0798450866023,5725.724036335487,-0.5801763534545898,,1.4550974369049072,,,,,,256,3,4,,,,,,,0.99,,,0.01,,models\best_REINFORCE_u2_t80_seed0.pth,,,10.483012299984694,,,,,,,round_robin,22,640,,80,0.6754951999755576,8.44368999969447,
REINFORCE_baseline_public25_seed0_20260810_001022,REINFORCE,baseline,u2_t100,2,100,0,530,2026-08-10 01:36:39,5176.7559646999,,,5562.1157210432675,4971.832480837878,321.01982586462384,1.0,8,8,0,4405.53164035882,1,3300.3798021369053,380,34.46809126758902,MinBattery_NearestTask,3276.265468505754,6667.618839462179,-0.463127076625824,,1.5751850605010986,,,,,,256,3,4,,,,,,,0.99,,,0.01,,models\best_REINFORCE_u2_t100_seed0.pth,,,14.436715499963611,,,,,,,round_robin,22,800,,100,0.8888226000126451,8.888226000126451,
REINFORCE_baseline_public25_seed0_20260810_001022,REINFORCE,baseline,u4_t20,4,20,0,531,2026-08-10 01:36:41,5179.180006699986,,,1008.1213528837443,937.2325400011471,49.46984886233806,1.0,8,8,0,944.0427667323592,1,644.2191846321656,56,48.71000829883732,MinBattery_NearestTask,634.8212723082338,1116.781447019792,-3.147979259490967,,1.2185746431350708,,,,,,256,3,4,,,,,,,0.99,,,0.01,,models\best_REINFORCE_u4_t20_seed0.pth,,,2.397765400004573,,,,,,,round_robin,22,160,,20,0.14340229996014386,7.170114998007193,
REINFORCE_baseline_public25_seed0_20260810_001022,REINFORCE,baseline,u4_t40,4,40,0,532,2026-08-10 01:36:46,5184.312566499924,,,1522.7740447049782,1280.8266179274947,178.2556609475257,1.0,8,8,0,1259.0063895158746,1,1143.2442621157884,482,4.212917873192742,MinBattery_NearestTask,1208.1097192267905,1809.9456757002988,-1.2061336040496826,,1.5530363321304321,,,,,,256,3,4,,,,,,,0.99,,,0.01,,models\best_REINFORCE_u4_t40_seed0.pth,,,5.101373200071976,,,,,,,round_robin,22,320,,40,0.3360009000170976,8.40002250042744,
REINFORCE_baseline_public25_seed0_20260810_001022,REINFORCE,baseline,u4_t60,4,60,0,533,2026-08-10 01:36:56,5194.047993799904,,,2250.7015837505764,2205.381733879372,50.40182031344296,1.0,8,8,0,1681.7802105685214,1,1658.382088076164,133,-1.5497760880584572,MinBattery_NearestTask,1708.2543276618485,2452.0766097704714,-2.773064613342285,,1.5668503046035767,,,,,,256,3,4,,,,,,,0.99,,,0.01,,models\best_REINFORCE_u4_t60_seed0.pth,,,9.702054399996996,,,,,,,round_robin,22,480,,60,0.4152468000538647,6.920780000897745,
REINFORCE_baseline_public25_seed0_20260810_001022,REINFORCE,baseline,u4_t80,4,80,0,534,2026-08-10 01:37:11,5209.08656299999,,,2559.6268808989485,2363.1462572914356,129.27767819339743,1.0,8,8,0,2389.3632261992,1,1907.8323990572944,9,29.68378262494419,MinBattery_NearestTask,1842.4533722226693,3001.7744400044194,-1.1481488943099976,,1.7693840265274048,,,,,,256,3,4,,,,,,,0.99,,,0.01,,models\best_REINFORCE_u4_t80_seed0.pth,,,15.00181069993414,,,,,,,round_robin,22,640,,80,1.1747016999870539,14.683771249838173,
REINFORCE_baseline_public25_seed0_20260810_001022,REINFORCE,baseline,u4_t100,4,100,0,535,2026-08-10 01:37:29,5227.412262999918,,,3152.074563566216,3029.068326651051,93.03640887576535,1.0,8,8,0,2655.542177339703,1,2017.3316613724905,485,35.44271638156138,MinBattery_NearestTask,1960.6385993165281,3788.7440276745037,-0.587993323802948,,1.9049532413482666,,,,,,256,3,4,,,,,,,0.99,,,0.01,,models\best_REINFORCE_u4_t100_seed0.pth,,,18.297479299944825,,,,,,,round_robin,22,800,,100,1.12531819997821,11.2531819997821,
REINFORCE_baseline_public25_seed0_20260810_001022,REINFORCE,baseline,u6_t20,6,20,0,536,2026-08-10 01:37:33,5230.548878100002,,,746.4046045049874,562.9191133332612,142.6003058128414,1.0,8,8,0,553.5262711735904,1,532.7831152424773,86,2.659364257627076,MinBattery_NearestTask,539.1873163996008,875.8432185926702,-1.4515279531478882,,1.3080106973648071,,,,,,256,3,4,,,,,,,0.99,,,0.01,,models\best_REINFORCE_u6_t20_seed0.pth,,,3.0948518000077456,,,,,,,round_robin,22,160,,20,0.22586190002039075,11.293095001019537,
REINFORCE_baseline_public25_seed0_20260810_001022,REINFORCE,baseline,u6_t40,6,40,0,537,2026-08-10 01:37:39,5236.849819099996,,,1167.225052989831,1144.942953691085,25.08575681432294,1.0,8,8,0,1143.829288846608,1,1046.496347631389,387,12.884102893476149,MinBattery_NearestTask,1013.277564801122,1210.81064814677,-2.552889823913574,,1.5880783796310425,,,,,,256,3,4,,,,,,,0.99,,,0.01,,models\best_REINFORCE_u6_t40_seed0.pth,,,6.274299999931827,,,,,,,round_robin,22,320,,40,0.6119656999362633,15.299142498406582,
REINFORCE_baseline_public25_seed0_20260810_001022,REINFORCE,baseline,u6_t60,6,60,0,538,2026-08-10 01:37:50,5247.974080199958,,,1597.5307483473366,1543.8961605444492,27.58919897274961,1.0,8,8,0,1269.397552129529,1,1144.778978383466,113,5.392532489726547,MinBattery_NearestTask,1204.447338100797,1781.770307254355,-1.9312701225280762,,1.7303941249847412,,,,,,256,3,4,,,,,,,0.99,,,0.01,,models\best_REINFORCE_u6_t60_seed0.pth,,,11.0920674999943,,,,,,,round_robin,22,480,,60,0.911210099933669,15.186834998894483,
REINFORCE_baseline_public25_seed0_20260810_001022,REINFORCE,baseline,u6_t80,6,80,0,539,2026-08-10 01:38:06,5263.706887599896,,,1827.8020895704394,1714.6674563158524,68.68296662285114,1.0,8,8,0,1703.2463516199416,1,1332.9680120159092,514,32.807834235611125,MinBattery_NearestTask,1282.4893662509803,1990.1034262302112,-1.4230175018310547,,1.8538271188735962,,,,,,256,3,4,,,,,,,0.99,,,0.01,,models\best_REINFORCE_u6_t80_seed0.pth,,,15.704360699979588,,,,,,,round_robin,22,640,,80,0.8117369000101462,10.146711250126828,
REINFORCE_baseline_public25_seed0_20260810_001022,REINFORCE,baseline,u6_t100,6,100,0,540,2026-08-10 01:38:27,5285.286384599982,,,2299.1867171625054,2206.487350827637,69.42537681327359,1.0,8,8,0,1776.5051199990676,1,1715.754439662761,440,40.72082079349551,MinBattery_NearestTask,1262.4323181045447,2588.8953280469614,-0.04810575023293495,,1.9997478723526,,,,,,256,3,4,,,,,,,0.99,,,0.01,,models\best_REINFORCE_u6_t100_seed0.pth,,,21.5471530999057,,,,,,,round_robin,22,800,,100,1.2339473000029102,12.339473000029102,
REINFORCE_baseline_public25_seed0_20260810_001022,REINFORCE,baseline,u8_t20,8,20,0,541,2026-08-10 01:38:31,5289.128313099965,,,570.6579190359269,537.1379600406437,23.692158610455063,1.0,8,8,0,559.5198303814161,1,530.3445561678766,266,-2.4486514595688553,MinBattery_NearestTask,573.5644240217935,594.6205530170921,-2.6897289752960205,,1.9130741357803345,,,,,,256,3,4,,,,,,,0.99,,,0.01,,models\best_REINFORCE_u8_t20_seed0.pth,,,3.8143519000150263,,,,,,,round_robin,22,160,,20,0.290567500051111,14.52837500255555,
REINFORCE_baseline_public25_seed0_20260810_001022,REINFORCE,baseline,u8_t40,8,40,0,542,2026-08-10 01:38:38,5296.359510399983,,,1067.8099641159088,1023.5176817655024,34.74756574201879,1.0,8,8,0,1044.3392062899554,1,661.9746269004689,317,58.620412048969484,MinBattery_NearestTask,658.3889127507409,1218.711334656825,-1.5802510976791382,,1.7736953496932983,,,,,,256,3,4,,,,,,,0.99,,,0.01,,models\best_REINFORCE_u8_t40_seed0.pth,,,7.1964115999871865,,,,,,,round_robin,22,320,,40,0.7157604000531137,17.894010001327842,
REINFORCE_baseline_public25_seed0_20260810_001022,REINFORCE,baseline,u8_t60,8,60,0,543,2026-08-10 01:38:50,5307.951045599999,,,1250.7259782932178,1167.294744155756,122.86981700644647,1.0,8,8,0,1215.3193090042412,1,1131.2536288946312,443,11.078920014055997,MinBattery_NearestTask,1094.1043618811327,1248.589806791493,-1.0378832817077637,,1.9458332061767578,,,,,,256,3,4,,,,,,,0.99,,,0.01,,models\best_REINFORCE_u8_t60_seed0.pth,,,11.562881899997592,,,,,,,round_robin,22,480,,60,0.7381344999885187,12.302241666475311,
REINFORCE_baseline_public25_seed0_20260810_001022,REINFORCE,baseline,u8_t80,8,80,0,544,2026-08-10 01:39:06,5324.376164199901,,,1675.6959014996926,1598.2190968126922,67.84140086890332,1.0,8,8,0,1179.8229934579551,1,1179.8229934579551,544,9.760722522882052,MinBattery_NearestTask,1074.904543573859,1790.9534363892533,-0.9034111499786377,,1.9523884057998657,,,,,,256,3,4,,,,,,,0.99,,,0.01,,models\best_REINFORCE_u8_t80_seed0.pth,,,16.392813200014643,,,,,,,round_robin,22,640,,80,1.513330899993889,18.916636249923613,
REINFORCE_baseline_public25_seed0_20260810_001022,REINFORCE,baseline,u8_t100,8,100,0,545,2026-08-10 01:39:28,5346.238025999977,,,1833.3320983154704,1714.6015107447306,120.45801230796671,1.0,8,8,0,1620.6144722308711,1,1607.8570800079096,220,41.15121116996791,MinBattery_NearestTask,1148.1406775032206,2192.764389417016,-0.8083429336547852,,2.1909923553466797,,,,,,256,3,4,,,,,,,0.99,,,0.01,,models\best_REINFORCE_u8_t100_seed0.pth,,,21.83386639994569,,,,,,,round_robin,22,800,,100,1.399169799988158,13.99169799988158,
REINFORCE_baseline_public25_seed0_20260810_001022,REINFORCE,baseline,u10_t20,10,20,0,546,2026-08-10 01:39:32,5350.330079999985,,,536.9012353930756,517.9557338962493,16.17503164500561,1.0,8,8,0,564.2048094568329,1,489.7211029717006,396,9.886691269329434,MinBattery_NearestTask,513.442349514357,559.9277735462435,-2.6162469387054443,,1.4030513763427734,,,,,,256,3,4,,,,,,,0.99,,,0.01,,models\best_REINFORCE_u10_t20_seed0.pth,,,4.0608392000431195,,,,,,,round_robin,22,160,,20,0.20537490001879632,10.268745000939816,
REINFORCE_baseline_public25_seed0_20260810_001022,REINFORCE,baseline,u10_t40,10,40,0,547,2026-08-10 01:39:40,5358.077302399906,,,674.6224567340266,621.7740849523269,89.86735778340302,1.0,8,8,0,647.4569050022191,1,621.0078944729405,172,3.1860266882616832,MinBattery_NearestTask,627.4656809475473,957.3671098819304,-1.5225735902786255,,2.2655415534973145,,,,,,256,3,4,,,,,,,0.99,,,0.01,,models\best_REINFORCE_u10_t40_seed0.pth,,,7.721067399950698,,,,,,,round_robin,22,320,,40,0.4104302000487223,10.260755001218058,
REINFORCE_baseline_public25_seed0_20260810_001022,REINFORCE,baseline,u10_t60,10,60,0,548,2026-08-10 01:39:52,5370.502106799977,,,1105.81242998586,1055.4615167778593,46.81532607017185,1.0,8,8,0,1042.3126949925695,1,1026.7178335255542,348,55.10757040835772,MinBattery_NearestTask,671.9934380046263,1193.9764350817031,-1.3490266799926758,,2.1434991359710693,,,,,,256,3,4,,,,,,,0.99,,,0.01,,models\best_REINFORCE_u10_t60_seed0.pth,,,12.392476700013503,,,,,,,round_robin,22,480,,60,0.7044746000319719,11.7412433338662,
REINFORCE_baseline_public25_seed0_20260810_001022,REINFORCE,baseline,u10_t80,10,80,0,549,2026-08-10 01:40:09,5386.744489899953,,,1240.4071906998197,1176.7254797051742,39.17469098348367,1.0,8,8,0,1119.9646948073514,1,1108.8131085003909,224,-1.5004157852718945,MinBattery_NearestTask,1137.024794303537,1357.6824276116938,-1.7504020929336548,,2.4008779525756836,,,,,,256,3,4,,,,,,,0.99,,,0.01,,models\best_REINFORCE_u10_t80_seed0.pth,,,16.213905500015244,,,,,,,round_robin,22,640,,80,1.1051420998992398,13.814276248740498,
REINFORCE_baseline_public25_seed0_20260810_001022,REINFORCE,baseline,u10_t100,10,100,0,550,2026-08-10 01:40:31,5409.223153800005,,,1324.2563954287975,1286.1360979912984,18.20935066812458,1.0,8,8,0,1262.4161343994667,1,1156.5750588075698,300,6.343544967006517,MinBattery_NearestTask,1187.1112015225146,1816.9612465912573,-1.6013448238372803,,2.5209505558013916,,,,,,256,3,4,,,,,,,0.99,,,0.01,,models\best_REINFORCE_u10_t100_seed0.pth,,,22.448692700010724,,,,,,,round_robin,22,800,,100,1.2593968999572098,12.593968999572098,
REINFORCE_baseline_public25_seed0_20260810_001022,REINFORCE,baseline,u2_t20,2,20,0,551,2026-08-10 01:40:34,5412.4665148999775,,,1695.8784673574637,1550.6400295309963,79.37202599625724,1.0,8,8,0,1194.2765865884983,1,1194.2765865884983,551,-3.334798990568092,MinBattery_NearestTask,1235.4772701211982,1648.142715048298,-2.9380030632019043,,0.9040372967720032,,,,,,256,3,4,,,,,,,0.99,,,0.01,,models\best_REINFORCE_u2_t20_seed0.pth,,,3.214852000004612,,,,,,,round_robin,23,160,,20,0.1925562999676913,9.627814998384565,
REINFORCE_baseline_public25_seed0_20260810_001022,REINFORCE,baseline,u2_t40,2,40,0,552,2026-08-10 01:40:41,5418.968601099914,,,2630.470879725487,2401.184651728863,162.91042078420074,1.0,8,8,0,1934.4897646361178,1,1814.2680031492703,327,8.077882399481547,MinBattery_NearestTask,1789.903467469675,2985.7040913621695,-1.731272578239441,,1.1234323978424072,,,,,,256,3,4,,,,,,,0.99,,,0.01,,models\best_REINFORCE_u2_t40_seed0.pth,,,6.470522099989466,,,,,,,round_robin,23,320,,40,0.29851329990196973,7.462832497549243,
REINFORCE_baseline_public25_seed0_20260810_001022,REINFORCE,baseline,u2_t60,2,60,0,553,2026-08-10 01:40:49,5427.301826699986,,,4032.231931427202,3700.65812296285,242.13448178630009,1.0,8,8,0,2923.0713939354,1,2532.0762735129547,378,17.33556543168788,MinBattery_NearestTask,2491.2066372895233,4452.979979969232,-2.1573495864868164,,1.3150889873504639,,,,,,256,3,4,,,,,,,0.99,,,0.01,,models\best_REINFORCE_u2_t60_seed0.pth,,,8.305027100024745,,,,,,,round_robin,23,480,,60,0.3796198000200093,6.326996667000154,
REINFORCE_baseline_public25_seed0_20260810_001022,REINFORCE,baseline,u2_t80,2,80,0,554,2026-08-10 01:41:01,5439.455076599959,,,4575.812546722931,4338.480982808822,246.60164559607256,1.0,8,8,0,3010.406028994074,1,2929.9563368458826,304,18.00516690185676,MinBattery_NearestTask,2551.0798450866023,5725.724036335487,-1.7205851078033447,,1.4728796482086182,,,,,,256,3,4,,,,,,,0.99,,,0.01,,models\best_REINFORCE_u2_t80_seed0.pth,,,12.118950600037351,,,,,,,round_robin,23,640,,80,0.5878085000440478,7.347606250550598,
REINFORCE_baseline_public25_seed0_20260810_001022,REINFORCE,baseline,u2_t100,2,100,0,555,2026-08-10 01:41:16,5454.000713399961,,,5911.897856743208,5256.010719134382,330.31016510386274,1.0,8,8,0,3906.413562301735,1,3300.3798021369053,380,19.233731205651665,MinBattery_NearestTask,3276.265468505754,6667.618839462179,-0.5056984424591064,,1.58660888671875,,,,,,256,3,4,,,,,,,0.99,,,0.01,,models\best_REINFORCE_u2_t100_seed0.pth,,,14.519970400026068,,,,,,,round_robin,23,800,,100,0.9275892999721691,9.275892999721691,
REINFORCE_baseline_public25_seed0_20260810_001022,REINFORCE,baseline,u4_t20,4,20,0,556,2026-08-10 01:41:19,5456.896579799941,,,965.5622231843081,937.3546180084091,21.058010857962838,1.0,8,8,0,975.5384998513637,1,644.2191846321656,56,53.67136269776678,MinBattery_NearestTask,634.8212723082338,1116.781447019792,-2.3599987030029297,,1.2497985363006592,,,,,,256,3,4,,,,,,,0.99,,,0.01,,models\best_REINFORCE_u4_t20_seed0.pth,,,2.863486499991268,,,,,,,round_robin,23,160,,20,0.16460840008221567,8.230420004110783,
REINFORCE_baseline_public25_seed0_20260810_001022,REINFORCE,baseline,u4_t40,4,40,0,557,2026-08-10 01:41:24,5462.1016231999965,,,1458.5938257708879,1247.6666305502488,185.00388927989087,1.0,8,8,0,1177.2499270417857,1,1143.2442621157884,482,-2.554386550648363,MinBattery_NearestTask,1208.1097192267905,1809.9456757002988,-1.5155400037765503,,1.462131381034851,,,,,,256,3,4,,,,,,,0.99,,,0.01,,models\best_REINFORCE_u4_t40_seed0.pth,,,5.1744590000016615,,,,,,,round_robin,23,320,,40,0.29532839998137206,7.3832099995343015,
REINFORCE_baseline_public25_seed0_20260810_001022,REINFORCE,baseline,u4_t60,4,60,0,558,2026-08-10 01:41:34,5471.630672300002,,,2177.0279495872446,1850.0860295844238,142.6577029683593,1.0,8,8,0,1857.4648688862858,1,1658.382088076164,133,8.734679538536122,MinBattery_NearestTask,1708.2543276618485,2452.0766097704714,-1.6919151544570923,,1.6577556133270264,,,,,,256,3,4,,,,,,,0.99,,,0.01,,models\best_REINFORCE_u4_t60_seed0.pth,,,9.493096399935894,,,,,,,round_robin,23,480,,60,0.42029160005040467,7.004860000840078,
REINFORCE_baseline_public25_seed0_20260810_001022,REINFORCE,baseline,u4_t80,4,80,0,559,2026-08-10 01:41:48,5486.051803799928,,,2628.17845720465,2389.288454420352,172.82371036194996,1.0,8,8,0,2360.7178209350022,1,1907.8323990572944,9,28.129040144289647,MinBattery_NearestTask,1842.4533722226693,3001.7744400044194,-1.442146897315979,,1.8450745344161987,,,,,,256,3,4,,,,,,,0.99,,,0.01,,models\best_REINFORCE_u4_t80_seed0.pth,,,14.388597100041807,,,,,,,round_robin,23,640,,80,0.9171923999674618,11.464904999593273,
REINFORCE_baseline_public25_seed0_20260810_001022,REINFORCE,baseline,u4_t100,4,100,0,560,2026-08-10 01:42:07,5504.576032299898,,,3214.6536782760427,3123.697687487253,66.68109645336796,1.0,8,8,0,2633.53062369275,1,2017.3316613724905,485,34.3200437148789,MinBattery_NearestTask,1960.6385993165281,3788.7440276745037,-0.3977304995059967,,1.9375476837158203,,,,,,256,3,4,,,,,,,0.99,,,0.01,,models\best_REINFORCE_u4_t100_seed0.pth,,,18.486806600005366,,,,,,,round_robin,23,800,,100,1.2412140000378713,12.412140000378713,
REINFORCE_baseline_public25_seed0_20260810_001022,REINFORCE,baseline,u6_t20,6,20,0,561,2026-08-10 01:42:09,5507.456787099945,,,735.662902357207,556.4002347905105,141.22540997005038,1.0,8,8,0,819.5944605369767,1,532.7831152424773,86,52.00551563597268,MinBattery_NearestTask,539.1873163996008,875.8432185926702,-1.6231218576431274,,1.4897916316986084,,,,,,256,3,4,,,,,,,0.99,,,0.01,,models\best_REINFORCE_u6_t20_seed0.pth,,,2.8482471000170335,,,,,,,round_robin,23,160,,20,0.1335770000005141,6.6788500000257045,
REINFORCE_baseline_public25_seed0_20260810_001022,REINFORCE,baseline,u6_t40,6,40,0,562,2026-08-10 01:42:15,5513.522555299918,,,1142.1656080513474,1108.8505127183203,31.837317979090745,1.0,8,8,0,1149.4787495153994,1,1046.496347631389,387,13.441646143720732,MinBattery_NearestTask,1013.277564801122,1210.81064814677,-2.4201152324676514,,1.7387336492538452,,,,,,256,3,4,,,,,,,0.99,,,0.01,,models\best_REINFORCE_u6_t40_seed0.pth,,,6.018996600061655,,,,,,,round_robin,23,320,,40,0.33152370003517717,8.28809250087943,
REINFORCE_baseline_public25_seed0_20260810_001022,REINFORCE,baseline,u6_t60,6,60,0,563,2026-08-10 01:42:25,5523.253934099921,,,1479.9968826579693,1289.9241335383808,141.8645614318815,1.0,8,8,0,1185.826182078895,1,1144.778978383466,113,-1.546033224770477,MinBattery_NearestTask,1204.447338100797,1781.770307254355,-1.2673460245132446,,1.9772614240646362,,,,,,256,3,4,,,,,,,0.99,,,0.01,,models\best_REINFORCE_u6_t60_seed0.pth,,,9.700222700019367,,,,,,,round_robin,23,480,,60,0.5551797000225633,9.252995000376055,
REINFORCE_baseline_public25_seed0_20260810_001022,REINFORCE,baseline,u6_t80,6,80,0,564,2026-08-10 01:42:39,5537.259163599927,,,1817.0289422021033,1759.6162117624601,44.04452651590133,1.0,8,8,0,1591.5616690379024,1,1332.9680120159092,514,24.0994047140066,MinBattery_NearestTask,1282.4893662509803,1990.1034262302112,-1.8491249084472656,,2.0804126262664795,,,,,,256,3,4,,,,,,,0.99,,,0.01,,models\best_REINFORCE_u6_t80_seed0.pth,,,13.966877599945292,,,,,,,round_robin,23,640,,80,0.8737117999698967,10.921397499623708,
REINFORCE_baseline_public25_seed0_20260810_001022,REINFORCE,baseline,u6_t100,6,100,0,565,2026-08-10 01:42:57,5555.269100999925,,,2197.844988380589,1934.3101722833333,156.07312902512697,1.0,8,8,0,1898.369872109486,1,1715.754439662761,440,50.373991926930216,MinBattery_NearestTask,1262.4323181045447,2588.8953280469614,-0.4417020082473755,,2.265993595123291,,,,,,256,3,4,,,,,,,0.99,,,0.01,,models\best_REINFORCE_u6_t100_seed0.pth,,,17.9731635999633,,,,,,,round_robin,23,800,,100,1.2541317000286654,12.541317000286654,
REINFORCE_baseline_public25_seed0_20260810_001022,REINFORCE,baseline,u8_t20,8,20,0,566,2026-08-10 01:43:00,5558.411715999944,,,568.515789378976,534.494777633811,31.815681279636745,1.0,8,8,0,542.7621723620234,1,530.3445561678766,266,-5.370321165281976,MinBattery_NearestTask,573.5644240217935,594.6205530170921,-3.7188847064971924,,1.9194122552871704,,,,,,256,3,4,,,,,,,0.99,,,0.01,,models\best_REINFORCE_u8_t20_seed0.pth,,,3.0983870000345632,,,,,,,round_robin,23,160,,20,0.15549409994855523,7.7747049974277616,
REINFORCE_baseline_public25_seed0_20260810_001022,REINFORCE,baseline,u8_t40,8,40,0,567,2026-08-10 01:43:07,5564.924621799961,,,1057.5814979987304,1028.447629345729,20.904538340032268,1.0,8,8,0,1001.1962044320017,1,661.9746269004689,317,52.06759789575071,MinBattery_NearestTask,658.3889127507409,1218.711334656825,-1.7796133756637573,,2.0177345275878906,,,,,,256,3,4,,,,,,,0.99,,,0.01,,models\best_REINFORCE_u8_t40_seed0.pth,,,6.479647299973294,,,,,,,round_robin,23,320,,40,0.3585842999164015,8.964607497910038,
REINFORCE_baseline_public25_seed0_20260810_001022,REINFORCE,baseline,u8_t60,8,60,0,568,2026-08-10 01:43:17,5575.2774360999465,,,1210.186344434545,1151.897204874871,24.542419226155957,1.0,8,8,0,1244.277809023073,1,1131.2536288946312,443,13.725696777567142,MinBattery_NearestTask,1094.1043618811327,1248.589806791493,-2.647911310195923,,2.0110223293304443,,,,,,256,3,4,,,,,,,0.99,,,0.01,,models\best_REINFORCE_u8_t60_seed0.pth,,,10.31424540001899,,,,,,,round_robin,23,480,,60,0.6313332000281662,10.522220000469435,
REINFORCE_baseline_public25_seed0_20260810_001022,REINFORCE,baseline,u8_t80,8,80,0,569,2026-08-10 01:43:32,5590.157486099983,,,1663.4905888394167,1555.8472743647358,81.77009758980445,1.0,8,8,0,1196.153002304129,1,1179.8229934579551,544,11.279928013620745,MinBattery_NearestTask,1074.904543573859,1790.9534363892533,-0.6032801270484924,,2.048482656478882,,,,,,256,3,4,,,,,,,0.99,,,0.01,,models\best_REINFORCE_u8_t80_seed0.pth,,,14.8492477000691,,,,,,,round_robin,23,640,,80,0.9793486000271514,12.241857500339393,
REINFORCE_baseline_public25_seed0_20260810_001022,REINFORCE,baseline,u8_t100,8,100,0,570,2026-08-10 01:43:52,5609.776211999939,,,1895.9096447035042,1692.55018407942,158.60397496737258,1.0,8,8,0,1694.648110593254,1,1607.8570800079096,220,47.59934420915074,MinBattery_NearestTask,1148.1406775032206,2192.764389417016,-0.5569937229156494,,2.22758412361145,,,,,,256,3,4,,,,,,,0.99,,,0.01,,models\best_REINFORCE_u8_t100_seed0.pth,,,19.580061699962243,,,,,,,round_robin,23,800,,100,1.4132223000051454,14.132223000051454,
REINFORCE_baseline_public25_seed0_20260810_001022,REINFORCE,baseline,u10_t20,10,20,0,571,2026-08-10 01:43:55,5612.938573599909,,,536.8165177040776,511.0513509792871,15.460902082202825,1.0,8,8,0,564.2048094568329,1,489.7211029717006,396,9.886691269329434,MinBattery_NearestTask,513.442349514357,559.9277735462435,-3.525876998901367,,2.0172829627990723,,,,,,256,3,4,,,,,,,0.99,,,0.01,,models\best_REINFORCE_u10_t20_seed0.pth,,,3.131015600054525,,,,,,,round_robin,23,160,,20,0.1634445000672713,8.172225003363565,
REINFORCE_baseline_public25_seed0_20260810_001022,REINFORCE,baseline,u10_t40,10,40,0,572,2026-08-10 01:44:02,5619.791235999903,,,744.3604544754244,632.3512670190065,131.63532501418058,1.0,8,8,0,1080.5034088597267,1,621.0078944729405,172,72.20119628344278,MinBattery_NearestTask,627.4656809475473,957.3671098819304,-0.8686242699623108,,2.518833875656128,,,,,,256,3,4,,,,,,,0.99,,,0.01,,models\best_REINFORCE_u10_t40_seed0.pth,,,6.813607400050387,,,,,,,round_robin,23,320,,40,0.42566539999097586,10.641634999774396,
REINFORCE_baseline_public25_seed0_20260810_001022,REINFORCE,baseline,u10_t60,10,60,0,573,2026-08-10 01:44:13,5630.783295299974,,,1104.3731989794649,1048.7395157654937,40.459875661983524,1.0,8,8,0,1065.1618637722004,1,1026.7178335255542,348,58.50777753649245,MinBattery_NearestTask,671.9934380046263,1193.9764350817031,-1.7701876163482666,,2.282094955444336,,,,,,256,3,4,,,,,,,0.99,,,0.01,,models\best_REINFORCE_u10_t60_seed0.pth,,,10.96094920008909,,,,,,,round_robin,23,480,,60,0.7286998999770731,12.144998332951218,
REINFORCE_baseline_public25_seed0_20260810_001022,REINFORCE,baseline,u10_t80,10,80,0,574,2026-08-10 01:44:29,5646.5912896998925,,,1303.053045272903,1265.7536668627563,24.520193717849356,1.0,8,8,0,1120.999656926026,1,1108.8131085003909,224,-1.4093920781496034,MinBattery_NearestTask,1137.024794303537,1357.6824276116938,-1.5235971212387085,,2.3763129711151123,,,,,,256,3,4,,,,,,,0.99,,,0.01,,models\best_REINFORCE_u10_t80_seed0.pth,,,15.766585899982601,,,,,,,round_robin,23,640,,80,1.1249587999191135,14.061984998988919,
REINFORCE_baseline_public25_seed0_20260810_001022,REINFORCE,baseline,u10_t100,10,100,0,575,2026-08-10 01:44:49,5667.384273799951,,,1431.8370377422286,1308.4907146806624,135.4857747416957,1.0,8,8,0,1333.6878547848496,1,1156.5750588075698,300,12.347339750003613,MinBattery_NearestTask,1187.1112015225146,1816.9612465912573,-0.6193091869354248,,2.5742828845977783,,,,,,256,3,4,,,,,,,0.99,,,0.01,,models\best_REINFORCE_u10_t100_seed0.pth,,,20.761093399953097,,,,,,,round_robin,23,800,,100,1.5548121000174433,15.548121000174433,
REINFORCE_baseline_public25_seed0_20260810_001022,REINFORCE,baseline,u2_t20,2,20,0,576,2026-08-10 01:44:52,5670.178231999977,,,1703.1936254850941,1545.1377627331995,181.3937372380225,1.0,8,8,0,1482.3309240211638,1,1194.2765865884983,551,19.980428606003382,MinBattery_NearestTask,1235.4772701211982,1648.142715048298,-2.2590789794921875,,0.7185723185539246,,,,,,256,3,4,,,,,,,0.99,,,0.01,,models\best_REINFORCE_u2_t20_seed0.pth,,,2.7502355000469834,,,,,,,round_robin,24,160,,20,0.11441819998435676,5.720909999217838,
REINFORCE_baseline_public25_seed0_20260810_001022,REINFORCE,baseline,u2_t40,2,40,0,577,2026-08-10 01:44:58,5676.090878799907,,,2785.4064876469756,2477.2634061963026,201.17693513202036,1.0,8,8,0,1956.51706643856,1,1814.2680031492703,327,9.308524286196338,MinBattery_NearestTask,1789.903467469675,2985.7040913621695,-2.3769702911376953,,1.0108963251113892,,,,,,256,3,4,,,,,,,0.99,,,0.01,,models\best_REINFORCE_u2_t40_seed0.pth,,,5.881703900056891,,,,,,,round_robin,24,320,,40,0.27470179996453226,6.867544999113306,
REINFORCE_baseline_public25_seed0_20260810_001022,REINFORCE,baseline,u2_t60,2,60,0,578,2026-08-10 01:45:07,5685.076857000007,,,3808.0727147516345,3447.4366109147286,242.06400293887222,1.0,8,8,0,2538.517695750245,1,2532.0762735129547,378,1.8991222065864781,MinBattery_NearestTask,2491.2066372895233,4452.979979969232,-2.1770682334899902,,1.1321933269500732,,,,,,256,3,4,,,,,,,0.99,,,0.01,,models\best_REINFORCE_u2_t60_seed0.pth,,,8.944935000035912,,,,,,,round_robin,24,480,,60,0.4617910999804735,7.696518333007893,
REINFORCE_baseline_public25_seed0_20260810_001022,REINFORCE,baseline,u2_t80,2,80,0,579,2026-08-10 01:45:20,5697.725468899938,,,4644.242020057836,4161.675642858852,273.8652150886344,1.0,8,8,0,3057.358389827003,1,2929.9563368458826,304,19.845656564434737,MinBattery_NearestTask,2551.0798450866023,5725.724036335487,-1.3215594291687012,,1.3217436075210571,,,,,,256,3,4,,,,,,,0.99,,,0.01,,models\best_REINFORCE_u2_t80_seed0.pth,,,12.618390900082886,,,,,,,round_robin,24,640,,80,0.7379526000004262,9.224407500005327,
REINFORCE_baseline_public25_seed0_20260810_001022,REINFORCE,baseline,u2_t100,2,100,0,580,2026-08-10 01:45:36,5714.149938299903,,,6122.419398587642,5669.324443520264,271.05948420884874,1.0,8,8,0,3817.3163630887093,1,3300.3798021369053,380,16.514256850795388,MinBattery_NearestTask,3276.265468505754,6667.618839462179,-0.3492950201034546,,1.4871515035629272,,,,,,256,3,4,,,,,,,0.99,,,0.01,,models\best_REINFORCE_u2_t100_seed0.pth,,,16.38211149990093,,,,,,,round_robin,24,800,,100,1.0754717999370769,10.754717999370769,
REINFORCE_baseline_public25_seed0_20260810_001022,REINFORCE,baseline,u4_t20,4,20,0,581,2026-08-10 01:45:39,5716.960537899984,,,1067.1638278637379,970.5296090298655,53.129593792016074,1.0,8,8,0,958.3672852794328,1,644.2191846321656,56,50.966473097975076,MinBattery_NearestTask,634.8212723082338,1116.781447019792,-3.0209438800811768,,1.100579857826233,,,,,,256,3,4,,,,,,,0.99,,,0.01,,models\best_REINFORCE_u4_t20_seed0.pth,,,2.7799416999332607,,,,,,,round_robin,24,160,,20,0.12320480006746948,6.160240003373474,
REINFORCE_baseline_public25_seed0_20260810_001022,REINFORCE,baseline,u4_t40,4,40,0,582,2026-08-10 01:45:45,5723.232736399979,,,1664.265625131274,1570.1478268276578,83.6004739295431,1.0,8,8,0,1192.0402470316137,1,1143.2442621157884,482,-1.3301335085244992,MinBattery_NearestTask,1208.1097192267905,1809.9456757002988,-2.8443000316619873,,1.2076482772827148,,,,,,256,3,4,,,,,,,0.99,,,0.01,,models\best_REINFORCE_u4_t40_seed0.pth,,,6.233513300074264,,,,,,,round_robin,24,320,,40,0.32533659995533526,8.133414998883381,
REINFORCE_baseline_public25_seed0_20260810_001022,REINFORCE,baseline,u4_t60,4,60,0,583,2026-08-10 01:45:55,5733.228246799903,,,2311.3808998499126,2112.529116540569,92.89194674565965,1.0,8,8,0,1764.4331695742862,1,1658.382088076164,133,3.288669667199487,MinBattery_NearestTask,1708.2543276618485,2452.0766097704714,-2.731733560562134,,1.4209297895431519,,,,,,256,3,4,,,,,,,0.99,,,0.01,,models\best_REINFORCE_u4_t60_seed0.pth,,,9.962952800095081,,,,,,,round_robin,24,480,,60,0.5358890000497922,8.931483334163204,
REINFORCE_baseline_public25_seed0_20260810_001022,REINFORCE,baseline,u4_t80,4,80,0,584,2026-08-10 01:46:09,5747.368676999933,,,2869.0315502456865,2536.629148797794,136.27900228639362,1.0,8,8,0,2343.5893309670287,1,1907.8323990572944,9,27.199383512202918,MinBattery_NearestTask,1842.4533722226693,3001.7744400044194,-1.2191004753112793,,1.5847358703613281,,,,,,256,3,4,,,,,,,0.99,,,0.01,,models\best_REINFORCE_u4_t80_seed0.pth,,,14.095669600064866,,,,,,,round_robin,24,640,,80,0.7879880999680609,9.84985124960076,
REINFORCE_baseline_public25_seed0_20260810_001022,REINFORCE,baseline,u4_t100,4,100,0,585,2026-08-10 01:46:27,5765.241556599969,,,3334.4020449601585,3064.120710882157,179.61174908850663,1.0,8,8,0,2611.2301713823927,1,2017.3316613724905,485,33.182636121346306,MinBattery_NearestTask,1960.6385993165281,3788.7440276745037,-0.11443455517292023,,1.862884283065796,,,,,,256,3,4,,,,,,,0.99,,,0.01,,models\best_REINFORCE_u4_t100_seed0.pth,,,17.83889969997108,,,,,,,round_robin,24,800,,100,1.2492651001084596,12.492651001084596,
REINFORCE_baseline_public25_seed0_20260810_001022,REINFORCE,baseline,u6_t20,6,20,0,586,2026-08-10 01:46:30,5768.395458999905,,,755.4218219869897,562.1054378876312,118.10698492103636,1.0,8,8,0,837.2983497860765,1,532.7831152424773,86,55.28895512177452,MinBattery_NearestTask,539.1873163996008,875.8432185926702,-1.6055653095245361,,1.3487637042999268,,,,,,256,3,4,,,,,,,0.99,,,0.01,,models\best_REINFORCE_u6_t20_seed0.pth,,,3.1110467999242246,,,,,,,round_robin,24,160,,20,0.1400403999723494,7.00201999861747,
REINFORCE_baseline_public25_seed0_20260810_001022,REINFORCE,baseline,u6_t40,6,40,0,587,2026-08-10 01:46:37,5774.701775999973,,,1185.581768472533,1132.6941252942624,35.286407111364575,1.0,8,8,0,1112.5106278596315,1,1046.496347631389,387,9.793275456363842,MinBattery_NearestTask,1013.277564801122,1210.81064814677,-2.919696807861328,,1.5529308319091797,,,,,,256,3,4,,,,,,,0.99,,,0.01,,models\best_REINFORCE_u6_t40_seed0.pth,,,6.272152799996547,,,,,,,round_robin,24,320,,40,0.34777370002120733,8.694342500530183,
REINFORCE_baseline_public25_seed0_20260810_001022,REINFORCE,baseline,u6_t60,6,60,0,588,2026-08-10 01:46:46,5784.455609399942,,,1543.155853189961,1308.5509360456138,162.30124833748673,1.0,8,8,0,1281.7410372657178,1,1144.778978383466,113,6.417358129314267,MinBattery_NearestTask,1204.447338100797,1781.770307254355,-1.3574192523956299,,1.9103798866271973,,,,,,256,3,4,,,,,,,0.99,,,0.01,,models\best_REINFORCE_u6_t60_seed0.pth,,,9.713080400018953,,,,,,,round_robin,24,480,,60,0.5626742999302223,9.377904998837039,
REINFORCE_baseline_public25_seed0_20260810_001022,REINFORCE,baseline,u6_t80,6,80,0,589,2026-08-10 01:47:01,5798.585657999967,,,1920.2816469803195,1836.8330241788333,40.85989110134615,1.0,8,8,0,1328.5661978086828,1,1328.5661978086828,589,3.5927651932425713,MinBattery_NearestTask,1282.4893662509803,1990.1034262302112,-1.661429524421692,,2.073784828186035,,,,,,256,3,4,,,,,,,0.99,,,0.01,,models\best_REINFORCE_u6_t80_seed0.pth,,,14.093982700025663,,,,,,,round_robin,24,640,,80,0.9258274999447167,11.572843749308959,
REINFORCE_baseline_public25_seed0_20260810_001022,REINFORCE,baseline,u6_t100,6,100,0,590,2026-08-10 01:47:19,5817.056189399911,,,2320.8501525317224,1956.6030154952307,142.37056440947046,1.0,8,8,0,1710.400316719726,1,1710.400316719726,590,35.48451605609832,MinBattery_NearestTask,1262.4323181045447,2588.8953280469614,-0.7126054763793945,,2.1928911209106445,,,,,,256,3,4,,,,,,,0.99,,,0.01,,models\best_REINFORCE_u6_t100_seed0.pth,,,18.427967399940826,,,,,,,round_robin,24,800,,100,1.2204565999563783,12.204565999563783,
REINFORCE_baseline_public25_seed0_20260810_001022,REINFORCE,baseline,u8_t20,8,20,0,591,2026-08-10 01:47:22,5820.04312139994,,,560.2090995378156,538.8720536014129,24.6419825705034,1.0,8,8,0,579.7092990011847,1,530.3445561678766,266,1.0713486963336794,MinBattery_NearestTask,573.5644240217935,594.6205530170921,-4.325430393218994,,1.8718022108078003,,,,,,256,3,4,,,,,,,0.99,,,0.01,,models\best_REINFORCE_u8_t20_seed0.pth,,,2.945139499963261,,,,,,,round_robin,24,160,,20,0.16587260004598647,8.293630002299324,
REINFORCE_baseline_public25_seed0_20260810_001022,REINFORCE,baseline,u8_t40,8,40,0,592,2026-08-10 01:47:29,5826.628364100005,,,1058.208630687483,1006.3465097444981,56.65574575340845,1.0,8,8,0,1062.305308218314,1,661.9746269004689,317,61.349209812786064,MinBattery_NearestTask,658.3889127507409,1218.711334656825,-1.5230509042739868,,1.9725592136383057,,,,,,256,3,4,,,,,,,0.99,,,0.01,,models\best_REINFORCE_u8_t40_seed0.pth,,,6.545709799975157,,,,,,,round_robin,24,320,,40,0.3758214000845328,9.39553500211332,
REINFORCE_baseline_public25_seed0_20260810_001022,REINFORCE,baseline,u8_t60,8,60,0,593,2026-08-10 01:47:39,5837.015039599966,,,1211.9357840915377,1182.3449301241092,25.407262096678753,1.0,8,8,0,1161.7626393697929,1,1131.2536288946312,443,6.183896147926222,MinBattery_NearestTask,1094.1043618811327,1248.589806791493,-2.4937615394592285,,2.208777904510498,,,,,,256,3,4,,,,,,,0.99,,,0.01,,models\best_REINFORCE_u8_t60_seed0.pth,,,10.348596299998462,,,,,,,round_robin,24,480,,60,0.7434325999347493,12.390543332245821,
REINFORCE_baseline_public25_seed0_20260810_001022,REINFORCE,baseline,u8_t80,8,80,0,594,2026-08-10 01:47:54,5851.564870400005,,,1668.3493902913679,1619.6222389498323,45.798370805737555,1.0,8,8,0,1196.5262175002822,1,1179.8229934579551,544,11.314648789375624,MinBattery_NearestTask,1074.904543573859,1790.9534363892533,-1.0052192211151123,,2.2081267833709717,,,,,,256,3,4,,,,,,,0.99,,,0.01,,models\best_REINFORCE_u8_t80_seed0.pth,,,14.503613500040956,,,,,,,round_robin,24,640,,80,0.989777599927038,12.372219999087974,
REINFORCE_baseline_public25_seed0_20260810_001022,REINFORCE,baseline,u8_t100,8,100,0,595,2026-08-10 01:48:13,5871.044521700009,,,1795.043371861532,1714.9092957744228,31.115541335666574,1.0,8,8,0,1755.7372377637946,1,1607.8570800079096,220,52.92004474415721,MinBattery_NearestTask,1148.1406775032206,2192.764389417016,-1.5151581764221191,,2.386561155319214,,,,,,256,3,4,,,,,,,0.99,,,0.01,,models\best_REINFORCE_u8_t100_seed0.pth,,,19.44466289994307,,,,,,,round_robin,24,800,,100,1.2979336000280455,12.979336000280455,
REINFORCE_baseline_public25_seed0_20260810_001022,REINFORCE,baseline,u10_t20,10,20,0,596,2026-08-10 01:48:16,5874.169745099964,,,530.360773463198,486.81931426454366,23.709891202456344,1.0,8,8,0,564.2048094568329,1,489.7211029717006,396,9.886691269329434,MinBattery_NearestTask,513.442349514357,559.9277735462435,-3.252096652984619,,1.815591812133789,,,,,,256,3,4,,,,,,,0.99,,,0.01,,models\best_REINFORCE_u10_t20_seed0.pth,,,3.0793406000593677,,,,,,,round_robin,24,160,,20,0.16453350009396672,8.226675004698336,
REINFORCE_baseline_public25_seed0_20260810_001022,REINFORCE,baseline,u10_t40,10,40,0,597,2026-08-10 01:48:23,5881.087577199913,,,780.958742158509,641.197068263065,138.57325681051464,1.0,8,8,0,647.4569050022191,1,621.0078944729405,172,3.1860266882616832,MinBattery_NearestTask,627.4656809475473,957.3671098819304,-0.6418905258178711,,2.3666725158691406,,,,,,256,3,4,,,,,,,0.99,,,0.01,,models\best_REINFORCE_u10_t40_seed0.pth,,,6.883746700012125,,,,,,,round_robin,24,320,,40,0.39565070008393377,9.891267502098344,
REINFORCE_baseline_public25_seed0_20260810_001022,REINFORCE,baseline,u10_t60,10,60,0,598,2026-08-10 01:48:34,5891.843671299983,,,1137.894377184493,1053.5022513732736,59.955237161022595,1.0,8,8,0,1069.7967587676308,1,1026.7178335255542,348,59.19750078873028,MinBattery_NearestTask,671.9934380046263,1193.9764350817031,-1.7879092693328857,,2.376422166824341,,,,,,256,3,4,,,,,,,0.99,,,0.01,,models\best_REINFORCE_u10_t60_seed0.pth,,,10.716613900032826,,,,,,,round_robin,24,480,,60,0.7535591999767348,12.559319999612246,
REINFORCE_baseline_public25_seed0_20260810_001022,REINFORCE,baseline,u10_t80,10,80,0,599,2026-08-10 01:48:49,5907.135868499987,,,1301.4908032403616,1262.4624834339795,30.559267984940938,1.0,8,8,0,1136.9349484294073,1,1108.8131085003909,224,-0.007901839483164853,MinBattery_NearestTask,1137.024794303537,1357.6824276116938,-1.7394649982452393,,2.568777084350586,,,,,,256,3,4,,,,,,,0.99,,,0.01,,models\best_REINFORCE_u10_t80_seed0.pth,,,15.256951099960133,,,,,,,round_robin,24,640,,80,1.1116887999232858,13.896109999041073,
REINFORCE_baseline_public25_seed0_20260810_001022,REINFORCE,baseline,u10_t100,10,100,0,600,2026-08-10 01:49:10,5927.527950099902,,,1606.1017100292108,1338.529495207884,119.1958704809914,1.0,8,8,0,1255.557360375984,1,1156.5750588075698,300,5.765774829323873,MinBattery_NearestTask,1187.1112015225146,1816.9612465912573,-0.4883769154548645,,2.637755870819092,,,,,,256,3,4,,,,,,,0.99,,,0.01,,models\best_REINFORCE_u10_t100_seed0.pth,,,20.34142479998991,,,,,,,round_robin,24,800,,100,1.4801317999372259,14.801317999372259,
REINFORCE_baseline_public25_seed0_20260810_001022,REINFORCE,baseline,u2_t20,2,20,0,601,2026-08-10 01:49:12,5930.207529799896,,,1654.8730239405245,1479.893682623861,92.44000384467587,1.0,8,8,0,1578.545001438744,1,1194.2765865884983,551,27.768032614949806,MinBattery_NearestTask,1235.4772701211982,1648.142715048298,-2.5890908241271973,,0.9630048871040344,,,,,,256,3,4,,,,,,,0.99,,,0.01,,models\best_REINFORCE_u2_t20_seed0.pth,,,2.64859090000391,,,,,,,round_robin,25,160,,20,0.10893069999292493,5.446534999646246,
REINFORCE_baseline_public25_seed0_20260810_001022,REINFORCE,baseline,u2_t40,2,40,0,602,2026-08-10 01:49:18,5935.787857499905,,,2789.381710125873,2381.8850468975884,228.4637898736754,1.0,8,8,0,1943.964320495775,1,1814.2680031492703,327,8.607215742416013,MinBattery_NearestTask,1789.903467469675,2985.7040913621695,-2.1799511909484863,,1.249679684638977,,,,,,256,3,4,,,,,,,0.99,,,0.01,,models\best_REINFORCE_u2_t40_seed0.pth,,,5.53557309997268,,,,,,,round_robin,25,320,,40,0.28526190004777163,7.131547501194291,
REINFORCE_baseline_public25_seed0_20260810_001022,REINFORCE,baseline,u2_t60,2,60,0,603,2026-08-10 01:49:26,5944.36716169992,,,4205.519920164463,3870.1106124621865,200.80902287498432,1.0,8,8,0,2979.7544169646003,1,2532.0762735129547,378,19.610889452615847,MinBattery_NearestTask,2491.2066372895233,4452.979979969232,-2.4481236934661865,,1.4794256687164307,,,,,,256,3,4,,,,,,,0.99,,,0.01,,models\best_REINFORCE_u2_t60_seed0.pth,,,8.548068700009026,,,,,,,round_robin,25,480,,60,0.44415499991737306,7.402583331956218,
REINFORCE_baseline_public25_seed0_20260810_001022,REINFORCE,baseline,u2_t80,2,80,0,604,2026-08-10 01:49:38,5956.489269799902,,,4638.212128326103,4334.635091870068,249.50200164351153,1.0,8,8,0,3537.405333866943,1,2929.9563368458826,304,38.66305833900144,MinBattery_NearestTask,2551.0798450866023,5725.724036335487,-1.1205828189849854,,1.6512278318405151,,,,,,256,3,4,,,,,,,0.99,,,0.01,,models\best_REINFORCE_u2_t80_seed0.pth,,,12.082582899951376,,,,,,,round_robin,25,640,,80,0.6981304000364617,8.72663000045577,
REINFORCE_baseline_public25_seed0_20260810_001022,REINFORCE,baseline,u2_t100,2,100,0,605,2026-08-10 01:49:54,5972.3175422999775,,,6080.473806289036,5377.174677780644,403.13865737730623,1.0,8,8,0,3763.436982763364,1,3300.3798021369053,380,14.869720385625532,MinBattery_NearestTask,3276.265468505754,6667.618839462179,-0.5049358606338501,,1.823045015335083,,,,,,256,3,4,,,,,,,0.99,,,0.01,,models\best_REINFORCE_u2_t100_seed0.pth,,,15.7952788999537,,,,,,,round_robin,25,800,,100,0.9644249000120908,9.644249000120908,
REINFORCE_baseline_public25_seed0_20260810_001022,REINFORCE,baseline,u4_t20,4,20,0,606,2026-08-10 01:49:57,5975.209487899905,,,1051.9360502868008,925.8916242334698,93.63378692641781,1.0,8,8,0,1018.6930790366728,1,644.2191846321656,56,60.46927276596558,MinBattery_NearestTask,634.8212723082338,1116.781447019792,-2.1106154918670654,,1.329871654510498,,,,,,256,3,4,,,,,,,0.99,,,0.01,,models\best_REINFORCE_u4_t20_seed0.pth,,,2.8506174000212923,,,,,,,round_robin,25,160,,20,0.12407919997349381,6.203959998674691,
REINFORCE_baseline_public25_seed0_20260810_001022,REINFORCE,baseline,u4_t40,4,40,0,607,2026-08-10 01:50:03,5981.226473599905,,,1582.7092071329223,1299.456250164545,162.4158224845952,1.0,8,8,0,1213.0549283452374,1,1143.2442621157884,482,0.40933443707512723,MinBattery_NearestTask,1208.1097192267905,1809.9456757002988,-1.4302444458007812,,1.5646733045578003,,,,,,256,3,4,,,,,,,0.99,,,0.01,,models\best_REINFORCE_u4_t40_seed0.pth,,,5.981444500037469,,,,,,,round_robin,25,320,,40,0.3005195000441745,7.512987501104362,
REINFORCE_baseline_public25_seed0_20260810_001022,REINFORCE,baseline,u4_t60,4,60,0,608,2026-08-10 01:50:13,5990.536476899986,,,2252.98854676268,2176.265219541066,52.027009981831455,1.0,8,8,0,1841.733159668635,1,1658.382088076164,133,7.813756408829585,MinBattery_NearestTask,1708.2543276618485,2452.0766097704714,-2.462489128112793,,1.7274516820907593,,,,,,256,3,4,,,,,,,0.99,,,0.01,,models\best_REINFORCE_u4_t60_seed0.pth,,,9.25922480004374,,,,,,,round_robin,25,480,,60,0.5100441999966279,8.500736666610464,
REINFORCE_baseline_public25_seed0_20260810_001022,REINFORCE,baseline,u4_t80,4,80,0,609,2026-08-10 01:50:26,6003.943111600005,,,2629.2741685102046,2441.211198567807,164.31708141498876,1.0,8,8,0,1927.2234316943625,1,1907.8323990572944,9,4.600933773940216,MinBattery_NearestTask,1842.4533722226693,3001.7744400044194,-1.4159793853759766,,1.9821265935897827,,,,,,256,3,4,,,,,,,0.99,,,0.01,,models\best_REINFORCE_u4_t80_seed0.pth,,,13.375726100057364,,,,,,,round_robin,25,640,,80,0.817804399994202,10.222554999927524,
REINFORCE_baseline_public25_seed0_20260810_001022,REINFORCE,baseline,u4_t100,4,100,0,610,2026-08-10 01:50:44,6021.833923999919,,,3158.7614085847244,2919.1252112574243,111.22900894772921,1.0,8,8,0,2423.419127512801,1,2017.3316613724905,485,23.603561021271158,MinBattery_NearestTask,1960.6385993165281,3788.7440276745037,-0.5492150783538818,,2.168842315673828,,,,,,256,3,4,,,,,,,0.99,,,0.01,,models\best_REINFORCE_u4_t100_seed0.pth,,,17.84418660006486,,,,,,,round_robin,25,800,,100,1.1684944999869913,11.684944999869913,
REINFORCE_baseline_public25_seed0_20260810_001022,REINFORCE,baseline,u6_t20,6,20,0,611,2026-08-10 01:50:47,6024.893976099906,,,816.0206274283227,538.8108466382214,119.6257786188834,1.0,8,8,0,563.4209907838582,1,532.7831152424773,86,4.494481536783292,MinBattery_NearestTask,539.1873163996008,875.8432185926702,-1.0971739292144775,,1.6620934009552002,,,,,,256,3,4,,,,,,,0.99,,,0.01,,models\best_REINFORCE_u6_t20_seed0.pth,,,3.0269622000632808,,,,,,,round_robin,25,160,,20,0.13202240003738552,6.601120001869276,
REINFORCE_baseline_public25_seed0_20260810_001022,REINFORCE,baseline,u6_t40,6,40,0,612,2026-08-10 01:50:53,6031.306308700005,,,1146.465458377968,1026.1364323585353,53.83409728413827,1.0,8,8,0,1053.769429164405,1,1046.496347631389,387,3.996127593255297,MinBattery_NearestTask,1013.277564801122,1210.81064814677,-2.6482982635498047,,1.856636881828308,,,,,,256,3,4,,,,,,,0.99,,,0.01,,models\best_REINFORCE_u6_t40_seed0.pth,,,6.3722948000067845,,,,,,,round_robin,25,320,,40,0.3239805999910459,8.099514999776147,
REINFORCE_baseline_public25_seed0_20260810_001022,REINFORCE,baseline,u6_t60,6,60,0,613,2026-08-10 01:51:04,6041.541968100006,,,1499.8350831726457,1260.6112017763655,134.4143208208929,1.0,8,8,0,1262.9891579160583,1,1144.778978383466,113,4.860471517797659,MinBattery_NearestTask,1204.447338100797,1781.770307254355,-1.8341565132141113,,1.9621174335479736,,,,,,256,3,4,,,,,,,0.99,,,0.01,,models\best_REINFORCE_u6_t60_seed0.pth,,,10.195287499926053,,,,,,,round_robin,25,480,,60,0.5846675001084805,9.74445833514134,
REINFORCE_baseline_public25_seed0_20260810_001022,REINFORCE,baseline,u6_t80,6,80,0,614,2026-08-10 01:51:18,6055.770547299995,,,1858.7245054031534,1777.4585422548898,66.74819604977061,1.0,8,8,0,1359.0650209658386,1,1328.5661978086828,589,5.97086079073755,MinBattery_NearestTask,1282.4893662509803,1990.1034262302112,-1.7424278259277344,,2.1148979663848877,,,,,,256,3,4,,,,,,,0.99,,,0.01,,models\best_REINFORCE_u6_t80_seed0.pth,,,14.185473299934529,,,,,,,round_robin,25,640,,80,0.8863987000659108,11.079983750823885,
REINFORCE_baseline_public25_seed0_20260810_001022,REINFORCE,baseline,u6_t100,6,100,0,615,2026-08-10 01:51:36,6074.489653199911,,,2280.8142127795136,1945.6681096298241,138.88026549528564,1.0,8,8,0,1744.4409445304555,1,1710.400316719726,590,38.18094796159952,MinBattery_NearestTask,1262.4323181045447,2588.8953280469614,-0.30736008286476135,,2.190155267715454,,,,,,256,3,4,,,,,,,0.99,,,0.01,,models\best_REINFORCE_u6_t100_seed0.pth,,,18.685845599975437,,,,,,,round_robin,25,800,,100,1.2566947999875993,12.566947999875993,
REINFORCE_baseline_public25_seed0_20260810_001022,REINFORCE,baseline,u8_t20,8,20,0,616,2026-08-10 01:51:40,6077.647826800006,,,576.6327870128282,534.494777633811,26.390820309098135,1.0,8,8,0,514.7438866496948,1,514.7438866496948,616,-10.255262514305402,MinBattery_NearestTask,573.5644240217935,594.6205530170921,-3.0732181072235107,,1.9958618879318237,,,,,,256,3,4,,,,,,,0.99,,,0.01,,models\best_REINFORCE_u8_t20_seed0.pth,,,3.1175250000087544,,,,,,,round_robin,25,160,,20,0.14725329994689673,7.362664997344837,
REINFORCE_baseline_public25_seed0_20260810_001022,REINFORCE,baseline,u8_t40,8,40,0,617,2026-08-10 01:51:46,6084.228493199917,,,1047.0379846493593,983.8827994338144,32.79818267009159,1.0,8,8,0,1032.2698934849434,1,661.9746269004689,317,56.78725347486978,MinBattery_NearestTask,658.3889127507409,1218.711334656825,-1.729174256324768,,1.963589072227478,,,,,,256,3,4,,,,,,,0.99,,,0.01,,models\best_REINFORCE_u8_t40_seed0.pth,,,6.548671600059606,,,,,,,round_robin,25,320,,40,0.36447790008969605,9.111947502242401,
REINFORCE_baseline_public25_seed0_20260810_001022,REINFORCE,baseline,u8_t60,8,60,0,618,2026-08-10 01:51:57,6094.865172199905,,,1327.2589617393332,1161.6822319611097,148.56069402217722,1.0,8,8,0,1207.0577392561377,1,1131.2536288946312,443,10.323821137208537,MinBattery_NearestTask,1094.1043618811327,1248.589806791493,-1.4704865217208862,,1.9166299104690552,,,,,,256,3,4,,,,,,,0.99,,,0.01,,models\best_REINFORCE_u8_t60_seed0.pth,,,10.5927093999926,,,,,,,round_robin,25,480,,60,0.6609576001064852,11.015960001774754,
REINFORCE_baseline_public25_seed0_20260810_001022,REINFORCE,baseline,u8_t80,8,80,0,619,2026-08-10 01:52:12,6110.09116489999,,,1690.0441829122824,1603.874510917328,49.62469831639556,1.0,8,8,0,1182.2084367734583,1,1179.8229934579551,544,9.98264393253318,MinBattery_NearestTask,1074.904543573859,1790.9534363892533,-1.1725294589996338,,1.9786289930343628,,,,,,256,3,4,,,,,,,0.99,,,0.01,,models\best_REINFORCE_u8_t80_seed0.pth,,,15.190280500100926,,,,,,,round_robin,25,640,,80,1.0403637000126764,13.004546250158455,
REINFORCE_baseline_public25_seed0_20260810_001022,REINFORCE,baseline,u8_t100,8,100,0,620,2026-08-10 01:52:31,6128.984391699894,,,1949.7971065375737,1733.7761109464282,181.2674013072261,1.0,8,8,0,1773.5028651087448,1,1607.8570800079096,220,54.46738364548277,MinBattery_NearestTask,1148.1406775032206,2192.764389417016,-0.22255051136016846,,2.1157917976379395,,,,,,256,3,4,,,,,,,0.99,,,0.01,,models\best_REINFORCE_u8_t100_seed0.pth,,,18.844790800008923,,,,,,,round_robin,25,800,,100,1.3964744999539107,13.964744999539107,
REINFORCE_baseline_public25_seed0_20260810_001022,REINFORCE,baseline,u10_t20,10,20,0,621,2026-08-10 01:52:34,6132.322877499973,,,545.3047738642158,513.442349514357,17.624794102150318,1.0,8,8,0,564.2048094568329,1,489.7211029717006,396,9.886691269329434,MinBattery_NearestTask,513.442349514357,559.9277735462435,-3.2911806106567383,,1.4616475105285645,,,,,,256,3,4,,,,,,,0.99,,,0.01,,models\best_REINFORCE_u10_t20_seed0.pth,,,3.3041876000352204,,,,,,,round_robin,25,160,,20,0.16628140001557767,8.314070000778884,
REINFORCE_baseline_public25_seed0_20260810_001022,REINFORCE,baseline,u10_t40,10,40,0,622,2026-08-10 01:52:42,6139.722225999925,,,784.5388425507164,627.422894249931,152.78637207429566,1.0,8,8,0,607.2912387693184,1,607.2912387693184,622,-3.2152263925834332,MinBattery_NearestTask,627.4656809475473,957.3671098819304,-0.9579467177391052,,2.345324754714966,,,,,,256,3,4,,,,,,,0.99,,,0.01,,models\best_REINFORCE_u10_t40_seed0.pth,,,7.352467200020328,,,,,,,round_robin,25,320,,40,0.40715510002337396,10.178877500584349,
REINFORCE_baseline_public25_seed0_20260810_001022,REINFORCE,baseline,u10_t60,10,60,0,623,2026-08-10 01:52:53,6151.058284399915,,,1123.4748731428865,1060.2901424381091,53.75926810909824,1.0,8,8,0,1078.078951990391,1,1026.7178335255542,348,60.42998205333204,MinBattery_NearestTask,671.9934380046263,1193.9764350817031,-2.1130974292755127,,2.212657928466797,,,,,,256,3,4,,,,,,,0.99,,,0.01,,models\best_REINFORCE_u10_t60_seed0.pth,,,11.295201499946415,,,,,,,round_robin,25,480,,60,0.7884354999987409,13.140591666645681,
REINFORCE_baseline_public25_seed0_20260810_001022,REINFORCE,baseline,u10_t80,10,80,0,624,2026-08-10 01:53:09,6166.983644199907,,,1247.3261872198448,1175.7100981240917,42.02906630658201,1.0,8,8,0,1123.6861313321251,1,1108.8131085003909,224,-1.173119798111544,MinBattery_NearestTask,1137.024794303537,1357.6824276116938,-1.9121533632278442,,2.3655431270599365,,,,,,256,3,4,,,,,,,0.99,,,0.01,,models\best_REINFORCE_u10_t80_seed0.pth,,,15.881987700005993,,,,,,,round_robin,25,640,,80,1.0833487999625504,13.54185999953188,
REINFORCE_baseline_public25_seed0_20260810_001022,REINFORCE,baseline,u10_t100,10,100,0,625,2026-08-10 01:53:30,6187.549434399931,,,1348.9298360750258,1260.9742631303695,76.966928241868,1.0,8,8,0,1280.647096483176,1,1156.5750588075698,300,7.879286695357443,MinBattery_NearestTask,1187.1112015225146,1816.9612465912573,-1.3611040115356445,,2.551201820373535,,,,,,256,3,4,,,,,,,0.99,,,0.01,,models\best_REINFORCE_u10_t100_seed0.pth,,,20.525374500080943,,,,,,,round_robin,25,800,,100,1.4681583000347018,14.681583000347018,
REINFORCE_baseline_public25_seed0_20260810_001022,REINFORCE,baseline,u2_t20,2,20,0,626,2026-08-10 01:53:32,6190.369477399974,,,1602.6376087895028,1249.1738918632034,142.77986412857126,1.0,8,8,0,1564.7362514552856,1,1194.2765865884983,551,26.650347140889743,MinBattery_NearestTask,1235.4772701211982,1648.142715048298,-2.905689239501953,,0.7486428618431091,,,,,,256,3,4,,,,,,,0.99,,,0.01,,models\best_REINFORCE_u2_t20_seed0.pth,,,2.7741723000071943,,,,,,,round_robin,26,160,,20,0.11335680005140603,5.667840002570301,
REINFORCE_baseline_public25_seed0_20260810_001022,REINFORCE,baseline,u2_t40,2,40,0,627,2026-08-10 01:53:38,6196.157231699908,,,2603.9310793963605,2379.7365662674474,188.2816186987157,1.0,8,8,0,1932.0608430754005,1,1814.2680031492703,327,7.942181139337559,MinBattery_NearestTask,1789.903467469675,2985.7040913621695,-2.3960893154144287,,1.0537217855453491,,,,,,256,3,4,,,,,,,0.99,,,0.01,,models\best_REINFORCE_u2_t40_seed0.pth,,,5.755349899991415,,,,,,,round_robin,26,320,,40,0.26071659999433905,6.517914999858476,
REINFORCE_baseline_public25_seed0_20260810_001022,REINFORCE,baseline,u2_t60,2,60,0,628,2026-08-10 01:53:47,6205.286040499923,,,3684.3883926419094,3195.1012645277083,263.82984175305324,1.0,8,8,0,2792.0561243747857,1,2532.0762735129547,378,12.076456548485753,MinBattery_NearestTask,2491.2066372895233,4452.979979969232,-2.589200496673584,,1.2260221242904663,,,,,,256,3,4,,,,,,,0.99,,,0.01,,models\best_REINFORCE_u2_t60_seed0.pth,,,9.085329800029285,,,,,,,round_robin,26,480,,60,0.5247469000751153,8.745781667918587,
REINFORCE_baseline_public25_seed0_20260810_001022,REINFORCE,baseline,u2_t80,2,80,0,629,2026-08-10 01:54:00,6217.891846599989,,,4277.582929730459,3749.390526121248,235.00503704073193,1.0,8,8,0,3544.045088349658,1,2929.9563368458826,304,38.923330650567976,MinBattery_NearestTask,2551.0798450866023,5725.724036335487,-1.966966152191162,,1.372113585472107,,,,,,256,3,4,,,,,,,0.99,,,0.01,,models\best_REINFORCE_u2_t80_seed0.pth,,,12.56979570002295,,,,,,,round_robin,26,640,,80,0.7533338000066578,9.416672500083223,
REINFORCE_baseline_public25_seed0_20260810_001022,REINFORCE,baseline,u2_t100,2,100,0,630,2026-08-10 01:54:16,6233.95576859999,,,5437.320426164031,5122.141287300126,208.4322207477739,1.0,8,8,0,3903.120218454992,1,3300.3798021369053,380,19.133209929875893,MinBattery_NearestTask,3276.265468505754,6667.618839462179,-0.789445161819458,,1.5737851858139038,,,,,,256,3,4,,,,,,,0.99,,,0.01,,models\best_REINFORCE_u2_t100_seed0.pth,,,16.01876100001391,,,,,,,round_robin,26,800,,100,1.0067435000091791,10.067435000091791,
REINFORCE_baseline_public25_seed0_20260810_001022,REINFORCE,baseline,u4_t20,4,20,0,631,2026-08-10 01:54:19,6236.753359699971,,,1007.4073794049289,926.8003122656075,37.6263100867688,1.0,8,8,0,962.4044488492291,1,644.2191846321656,56,51.60242588435807,MinBattery_NearestTask,634.8212723082338,1116.781447019792,-3.9794602394104004,,1.155917763710022,,,,,,256,3,4,,,,,,,0.99,,,0.01,,models\best_REINFORCE_u4_t20_seed0.pth,,,2.7646938000107184,,,,,,,round_robin,26,160,,20,0.12076359998900443,6.038179999450222,
REINFORCE_baseline_public25_seed0_20260810_001022,REINFORCE,baseline,u4_t40,4,40,0,632,2026-08-10 01:54:25,6242.7626959999325,,,1585.514390705466,1317.9833424487906,119.35525054063626,1.0,8,8,0,1126.3857980588164,1,1126.3857980588164,632,-6.764610851759288,MinBattery_NearestTask,1208.1097192267905,1809.9456757002988,-2.745832920074463,,1.3199681043624878,,,,,,256,3,4,,,,,,,0.99,,,0.01,,models\best_REINFORCE_u4_t40_seed0.pth,,,5.968135299975984,,,,,,,round_robin,26,320,,40,0.2938194000162184,7.345485000405461,
REINFORCE_baseline_public25_seed0_20260810_001022,REINFORCE,baseline,u4_t60,4,60,0,633,2026-08-10 01:54:34,6252.070422499906,,,2226.0816004660455,1922.7495631334684,128.2174362879064,1.0,8,8,0,1765.4913719028687,1,1658.382088076164,133,3.3506160829905602,MinBattery_NearestTask,1708.2543276618485,2452.0766097704714,-2.3935415744781494,,1.395059585571289,,,,,,256,3,4,,,,,,,0.99,,,0.01,,models\best_REINFORCE_u4_t60_seed0.pth,,,9.274783000000753,,,,,,,round_robin,26,480,,60,0.5290026000002399,8.816710000003999,
REINFORCE_baseline_public25_seed0_20260810_001022,REINFORCE,baseline,u4_t80,4,80,0,634,2026-08-10 01:54:48,6265.661889099982,,,2496.257007799568,2401.6841659835063,45.17336835537546,1.0,8,8,0,1925.4102565272353,1,1907.8323990572944,9,4.5025228619213244,MinBattery_NearestTask,1842.4533722226693,3001.7744400044194,-2.652127504348755,,1.7308558225631714,,,,,,256,3,4,,,,,,,0.99,,,0.01,,models\best_REINFORCE_u4_t80_seed0.pth,,,13.549801800050773,,,,,,,round_robin,26,640,,80,0.8455235000001267,10.569043750001583,
REINFORCE_baseline_public25_seed0_20260810_001022,REINFORCE,baseline,u4_t100,4,100,0,635,2026-08-10 01:55:06,6283.700330899912,,,3145.9123949496234,2922.855138860709,108.33433745084832,1.0,8,8,0,2556.3490216786518,1,2017.3316613724905,485,30.383489469695547,MinBattery_NearestTask,1960.6385993165281,3788.7440276745037,-0.8982893228530884,,1.8594084978103638,,,,,,256,3,4,,,,,,,0.99,,,0.01,,models\best_REINFORCE_u4_t100_seed0.pth,,,17.999834699905477,,,,,,,round_robin,26,800,,100,1.1395259000128135,11.395259000128135,
REINFORCE_baseline_public25_seed0_20260810_001022,REINFORCE,baseline,u6_t20,6,20,0,636,2026-08-10 01:55:09,6286.722203999991,,,792.5663993956769,535.7402454779426,142.44001593638671,1.0,8,8,0,551.6966049737498,1,532.7831152424773,86,2.3200264905486248,MinBattery_NearestTask,539.1873163996008,875.8432185926702,-2.3509087562561035,,1.406869888305664,,,,,,256,3,4,,,,,,,0.99,,,0.01,,models\best_REINFORCE_u6_t20_seed0.pth,,,2.984016100061126,,,,,,,round_robin,26,160,,20,0.1403825000161305,7.019125000806525,
REINFORCE_baseline_public25_seed0_20260810_001022,REINFORCE,baseline,u6_t40,6,40,0,637,2026-08-10 01:55:15,6293.23717889993,,,1146.026028143729,1044.776969653902,55.296732367918935,1.0,8,8,0,1150.5419170040773,1,1046.496347631389,387,13.546569762441784,MinBattery_NearestTask,1013.277564801122,1210.81064814677,-2.9747066497802734,,1.6731585264205933,,,,,,256,3,4,,,,,,,0.99,,,0.01,,models\best_REINFORCE_u6_t40_seed0.pth,,,6.480158200021833,,,,,,,round_robin,26,320,,40,0.3632149000186473,9.080372500466183,
REINFORCE_baseline_public25_seed0_20260810_001022,REINFORCE,baseline,u6_t60,6,60,0,638,2026-08-10 01:55:26,6303.8519099999685,,,1437.5901746036084,1274.552123344498,148.61930222710498,1.0,8,8,0,1241.6191243827857,1,1144.778978383466,113,3.0862110036792583,MinBattery_NearestTask,1204.447338100797,1781.770307254355,-1.7828398942947388,,1.815316081047058,,,,,,256,3,4,,,,,,,0.99,,,0.01,,models\best_REINFORCE_u6_t60_seed0.pth,,,10.57199299999047,,,,,,,round_robin,26,480,,60,0.6116330000804737,10.193883334674561,
REINFORCE_baseline_public25_seed0_20260810_001022,REINFORCE,baseline,u6_t80,6,80,0,639,2026-08-10 01:55:41,6318.828982100007,,,1835.6486846148464,1690.0266197970436,74.45312241593501,1.0,8,8,0,1587.0928924984892,1,1328.5661978086828,589,23.750959209738866,MinBattery_NearestTask,1282.4893662509803,1990.1034262302112,-1.7622476816177368,,2.086660385131836,,,,,,256,3,4,,,,,,,0.99,,,0.01,,models\best_REINFORCE_u6_t80_seed0.pth,,,14.941812200006098,,,,,,,round_robin,26,640,,80,0.9142922000028193,11.428652500035241,
REINFORCE_baseline_public25_seed0_20260810_001022,REINFORCE,baseline,u6_t100,6,100,0,640,2026-08-10 01:56:01,6338.569375499967,,,2351.2575503259795,2293.458316574406,31.24333119256394,1.0,8,8,0,1686.0635088751642,1,1686.0635088751642,640,33.55674476130907,MinBattery_NearestTask,1262.4323181045447,2588.8953280469614,-0.5270525217056274,,2.1302576065063477,,,,,,256,3,4,,,,,,,0.99,,,0.01,,models\best_REINFORCE_u6_t100_seed0.pth,,,19.69280069996603,,,,,,,round_robin,26,800,,100,1.4657533999998122,14.657533999998122,
REINFORCE_baseline_public25_seed0_20260810_001022,REINFORCE,baseline,u8_t20,8,20,0,641,2026-08-10 01:56:04,6341.82882699999,,,573.2489245753288,540.0200849829334,24.58606366854547,1.0,8,8,0,586.9563442129811,1,514.7438866496948,616,2.3348589330705756,MinBattery_NearestTask,573.5644240217935,594.6205530170921,-3.401176691055298,,1.9828590154647827,,,,,,256,3,4,,,,,,,0.99,,,0.01,,models\best_REINFORCE_u8_t20_seed0.pth,,,3.2258021000307053,,,,,,,round_robin,26,160,,20,0.14893569995183498,7.446784997591749,
REINFORCE_baseline_public25_seed0_20260810_001022,REINFORCE,baseline,u8_t40,8,40,0,642,2026-08-10 01:56:11,6348.81836029992,,,1066.8129467916033,978.8848078123683,64.73928310084203,1.0,8,8,0,1062.190399828067,1,661.9746269004689,317,61.33175684721791,MinBattery_NearestTask,658.3889127507409,1218.711334656825,-2.058060646057129,,1.879815936088562,,,,,,256,3,4,,,,,,,0.99,,,0.01,,models\best_REINFORCE_u8_t40_seed0.pth,,,6.946696800063364,,,,,,,round_robin,26,320,,40,0.3716521000023931,9.291302500059828,
REINFORCE_baseline_public25_seed0_20260810_001022,REINFORCE,baseline,u8_t60,8,60,0,643,2026-08-10 01:56:22,6359.654503599973,,,1219.901515759592,1180.243314271821,18.871371371211403,1.0,8,8,0,1186.852662538191,1,1131.2536288946312,443,8.477098153378423,MinBattery_NearestTask,1094.1043618811327,1248.589806791493,-2.7640604972839355,,2.0116565227508545,,,,,,256,3,4,,,,,,,0.99,,,0.01,,models\best_REINFORCE_u8_t60_seed0.pth,,,10.801186199998483,,,,,,,round_robin,26,480,,60,0.716381200007163,11.93968666678605,
REINFORCE_baseline_public25_seed0_20260810_001022,REINFORCE,baseline,u8_t80,8,80,0,644,2026-08-10 01:56:37,6375.2871209,,,1712.9401004782,1606.4170703245456,58.60921744436092,1.0,8,8,0,1192.670345897889,1,1179.8229934579551,544,10.955931205991613,MinBattery_NearestTask,1074.904543573859,1790.9534363892533,-1.2848745584487915,,2.0049283504486084,,,,,,256,3,4,,,,,,,0.99,,,0.01,,models\best_REINFORCE_u8_t80_seed0.pth,,,15.587763700052164,,,,,,,round_robin,26,640,,80,1.038958300021477,12.986978750268463,
REINFORCE_baseline_public25_seed0_20260810_001022,REINFORCE,baseline,u8_t100,8,100,0,645,2026-08-10 01:56:58,6395.73094639997,,,1995.5652249776888,1778.1916295404565,170.10054730145248,1.0,8,8,0,1578.354965649945,1,1578.354965649945,645,37.47052051864242,MinBattery_NearestTask,1148.1406775032206,2192.764389417016,-0.23313462734222412,,2.1116557121276855,,,,,,256,3,4,,,,,,,0.99,,,0.01,,models\best_REINFORCE_u8_t100_seed0.pth,,,20.411159200011753,,,,,,,round_robin,26,800,,100,1.5278994999825954,15.278994999825954,
REINFORCE_baseline_public25_seed0_20260810_001022,REINFORCE,baseline,u10_t20,10,20,0,646,2026-08-10 01:57:01,6399.095584399998,,,544.6176004158317,511.68024444826324,20.01301151081276,1.0,8,8,0,564.2048094568329,1,489.7211029717006,396,9.886691269329434,MinBattery_NearestTask,513.442349514357,559.9277735462435,-3.479919195175171,,1.240136742591858,,,,,,256,3,4,,,,,,,0.99,,,0.01,,models\best_REINFORCE_u10_t20_seed0.pth,,,3.3174532999983057,,,,,,,round_robin,26,160,,20,0.20294330001343042,10.14716500067152,
REINFORCE_baseline_public25_seed0_20260810_001022,REINFORCE,baseline,u10_t40,10,40,0,647,2026-08-10 01:57:08,6406.228723099921,,,867.0200778572362,648.9041711101536,130.2605423892326,1.0,8,8,0,648.8455650787641,1,607.2912387693184,622,3.4073392028279046,MinBattery_NearestTask,627.4656809475473,957.3671098819304,-0.5412499308586121,,2.4254305362701416,,,,,,256,3,4,,,,,,,0.99,,,0.01,,models\best_REINFORCE_u10_t40_seed0.pth,,,7.098700099973939,,,,,,,round_robin,26,320,,40,0.42570300004445016,10.642575001111254,
REINFORCE_baseline_public25_seed0_20260810_001022,REINFORCE,baseline,u10_t60,10,60,0,648,2026-08-10 01:57:19,6417.398479699972,,,1169.4008397933308,1073.4024285788255,68.48645046622725,1.0,8,8,0,1067.822300277872,1,1026.7178335255542,348,58.90367969196161,MinBattery_NearestTask,671.9934380046263,1193.9764350817031,-1.8275623321533203,,2.2525579929351807,,,,,,256,3,4,,,,,,,0.99,,,0.01,,models\best_REINFORCE_u10_t60_seed0.pth,,,11.129032099968754,,,,,,,round_robin,26,480,,60,0.7373041999526322,12.288403332543869,
REINFORCE_baseline_public25_seed0_20260810_001022,REINFORCE,baseline,u10_t80,10,80,0,649,2026-08-10 01:57:37,6434.6326704999665,,,1295.9306820546656,1246.0034663355807,34.481933793772036,1.0,8,8,0,1115.4671462611398,1,1108.8131085003909,224,-1.8959699164345785,MinBattery_NearestTask,1137.024794303537,1357.6824276116938,-2.118562698364258,,2.40229868888855,,,,,,256,3,4,,,,,,,0.99,,,0.01,,models\best_REINFORCE_u10_t80_seed0.pth,,,17.201456299982965,,,,,,,round_robin,26,640,,80,1.2320215000072494,15.400268750090618,
REINFORCE_baseline_public25_seed0_20260810_001022,REINFORCE,baseline,u10_t100,10,100,0,650,2026-08-10 01:57:59,6457.421193899936,,,1541.120414595932,1311.8504307132255,148.61339013345807,1.0,8,8,0,1251.7072678015006,1,1156.5750588075698,300,5.44145032041978,MinBattery_NearestTask,1187.1112015225146,1816.9612465912573,-0.572262167930603,,2.5273685455322266,,,,,,256,3,4,,,,,,,0.99,,,0.01,,models\best_REINFORCE_u10_t100_seed0.pth,,,22.74601210001856,,,,,,,round_robin,26,800,,100,1.7480749000096694,17.480749000096694,
REINFORCE_baseline_public25_seed0_20260810_001022,REINFORCE,baseline,u2_t20,2,20,0,651,2026-08-10 01:58:02,6460.300491999951,,,1720.4176648553102,1601.8962691436266,110.09858332785615,1.0,8,8,0,1590.0878697332296,1,1194.2765865884983,551,28.702316763564955,MinBattery_NearestTask,1235.4772701211982,1648.142715048298,-3.0142691135406494,,0.900761067867279,,,,,,256,3,4,,,,,,,0.99,,,0.01,,models\best_REINFORCE_u2_t20_seed0.pth,,,2.8456366000464186,,,,,,,round_robin,27,160,,20,0.1186777000548318,5.93388500274159,
REINFORCE_baseline_public25_seed0_20260810_001022,REINFORCE,baseline,u2_t40,2,40,0,652,2026-08-10 01:58:08,6466.464130799985,,,2528.282775996448,2323.8454142775513,217.04416837858477,1.0,8,8,0,1944.8946529146024,1,1814.2680031492703,327,8.659192423602214,MinBattery_NearestTask,1789.903467469675,2985.7040913621695,-2.3563690185546875,,1.2059670686721802,,,,,,256,3,4,,,,,,,0.99,,,0.01,,models\best_REINFORCE_u2_t40_seed0.pth,,,6.1203521999996156,,,,,,,round_robin,27,320,,40,0.3267080000368878,8.167700000922196,
REINFORCE_baseline_public25_seed0_20260810_001022,REINFORCE,baseline,u2_t60,2,60,0,653,2026-08-10 01:58:18,6476.138282999978,,,3771.2885971367737,3110.546223638018,438.9685366690057,1.0,8,8,0,3008.221489739521,1,2532.0762735129547,378,20.753591641539582,MinBattery_NearestTask,2491.2066372895233,4452.979979969232,-2.74342942237854,,1.2287677526474,,,,,,256,3,4,,,,,,,0.99,,,0.01,,models\best_REINFORCE_u2_t60_seed0.pth,,,9.639006699901074,,,,,,,round_robin,27,480,,60,0.49942620005458593,8.323770000909764,
REINFORCE_baseline_public25_seed0_20260810_001022,REINFORCE,baseline,u2_t80,2,80,0,654,2026-08-10 01:58:31,6489.26567699993,,,4527.135781390856,3827.6961952097695,365.8057857076203,1.0,8,8,0,3552.7199155812486,1,2929.9563368458826,304,39.26337595523763,MinBattery_NearestTask,2551.0798450866023,5725.724036335487,-1.5798749923706055,,1.4261538982391357,,,,,,256,3,4,,,,,,,0.99,,,0.01,,models\best_REINFORCE_u2_t80_seed0.pth,,,13.087091299938038,,,,,,,round_robin,27,640,,80,0.7297217000741512,9.12152125092689,
REINFORCE_baseline_public25_seed0_20260810_001022,REINFORCE,baseline,u2_t100,2,100,0,655,2026-08-10 01:58:48,6505.730522700003,,,5883.393875366864,5350.615967725007,355.83869331918976,1.0,8,8,0,3359.130540699934,1,3300.3798021369053,380,2.529253901759468,MinBattery_NearestTask,3276.265468505754,6667.618839462179,-1.1026936769485474,,1.540765404701233,,,,,,256,3,4,,,,,,,0.99,,,0.01,,models\best_REINFORCE_u2_t100_seed0.pth,,,16.43214250006713,,,,,,,round_robin,27,800,,100,1.003346599987708,10.03346599987708,
REINFORCE_baseline_public25_seed0_20260810_001022,REINFORCE,baseline,u4_t20,4,20,0,656,2026-08-10 01:58:51,6508.674573999946,,,1048.1042718362232,974.5719199966901,65.04852319443428,1.0,8,8,0,970.9562083940519,1,644.2191846321656,56,52.9495388306096,MinBattery_NearestTask,634.8212723082338,1116.781447019792,-4.13534688949585,,1.1249860525131226,,,,,,256,3,4,,,,,,,0.99,,,0.01,,models\best_REINFORCE_u4_t20_seed0.pth,,,2.89993069996126,,,,,,,round_robin,27,160,,20,0.1245092999888584,6.22546499944292,
REINFORCE_baseline_public25_seed0_20260810_001022,REINFORCE,baseline,u4_t40,4,40,0,657,2026-08-10 01:58:57,6514.905850399984,,,1740.9771932990466,1571.450793106042,73.43269081792805,1.0,8,8,0,1239.177575698542,1,1126.3857980588164,632,2.571608851192366,MinBattery_NearestTask,1208.1097192267905,1809.9456757002988,-3.2749831676483154,,1.1437104940414429,,,,,,256,3,4,,,,,,,0.99,,,0.01,,models\best_REINFORCE_u4_t40_seed0.pth,,,6.197015800047666,,,,,,,round_robin,27,320,,40,0.2972357999533415,7.430894998833537,
REINFORCE_baseline_public25_seed0_20260810_001022,REINFORCE,baseline,u4_t60,4,60,0,658,2026-08-10 01:59:06,6524.407099199947,,,2457.3071376743974,2315.2231156549306,142.48245054996787,1.0,8,8,0,1732.359195659702,1,1658.382088076164,133,1.4110819219083568,MinBattery_NearestTask,1708.2543276618485,2452.0766097704714,-1.555299997329712,,1.3432356119155884,,,,,,256,3,4,,,,,,,0.99,,,0.01,,models\best_REINFORCE_u4_t60_seed0.pth,,,9.456534299999475,,,,,,,round_robin,27,480,,60,0.5102373999543488,8.503956665905813,
REINFORCE_baseline_public25_seed0_20260810_001022,REINFORCE,baseline,u4_t80,4,80,0,659,2026-08-10 01:59:19,6537.095013399958,,,2918.7240963541235,2523.096107719474,182.22969978361482,1.0,8,8,0,2321.3507036701294,1,1907.8323990572944,9,25.992371837868316,MinBattery_NearestTask,1842.4533722226693,3001.7744400044194,-1.1577469110488892,,1.5926908254623413,,,,,,256,3,4,,,,,,,0.99,,,0.01,,models\best_REINFORCE_u4_t80_seed0.pth,,,12.656324000097811,,,,,,,round_robin,27,640,,80,0.7608131000306457,9.510163750383072,
REINFORCE_baseline_public25_seed0_20260810_001022,REINFORCE,baseline,u4_t100,4,100,0,660,2026-08-10 01:59:38,6555.871022899984,,,3500.2856733140566,3251.4003491135504,237.25277864266,1.0,8,8,0,2516.42789243636,1,2017.3316613724905,485,28.347360564745482,MinBattery_NearestTask,1960.6385993165281,3788.7440276745037,0.15186522901058197,,1.7524858713150024,,,,,,256,3,4,,,,,,,0.99,,,0.01,,models\best_REINFORCE_u4_t100_seed0.pth,,,18.739337200066075,,,,,,,round_robin,27,800,,100,1.677661499939859,16.77661499939859,
REINFORCE_baseline_public25_seed0_20260810_001022,REINFORCE,baseline,u6_t20,6,20,0,661,2026-08-10 01:59:41,6558.590971899917,,,778.0517708905094,518.6709465577045,146.97607061261294,1.0,8,8,0,502.76417698848775,1,502.76417698848775,661,-6.755192175944895,MinBattery_NearestTask,539.1873163996008,875.8432185926702,-1.6207177639007568,,1.3218765258789062,,,,,,256,3,4,,,,,,,0.99,,,0.01,,models\best_REINFORCE_u6_t20_seed0.pth,,,2.689883999992162,,,,,,,round_robin,27,160,,20,0.15262609999626875,7.6313049998134375,
REINFORCE_baseline_public25_seed0_20260810_001022,REINFORCE,baseline,u6_t40,6,40,0,662,2026-08-10 01:59:46,6564.4323816999095,,,1180.8124020390997,1156.321105253385,18.751360509261673,1.0,8,8,0,1127.905726430266,1,1046.496347631389,387,11.312612221079053,MinBattery_NearestTask,1013.277564801122,1210.81064814677,-3.6063966751098633,,1.5721278190612793,,,,,,256,3,4,,,,,,,0.99,,,0.01,,models\best_REINFORCE_u6_t40_seed0.pth,,,5.806577500072308,,,,,,,round_robin,27,320,,40,0.27095239993650466,6.7738099984126166,
REINFORCE_baseline_public25_seed0_20260810_001022,REINFORCE,baseline,u6_t60,6,60,0,663,2026-08-10 01:59:57,6574.7530071999645,,,1697.7132478337408,1588.767418933513,82.4223977323501,1.0,8,8,0,1225.167697621759,1,1144.778978383466,113,1.7203209194379978,MinBattery_NearestTask,1204.447338100797,1781.770307254355,-2.513974189758301,,1.6885986328125,,,,,,256,3,4,,,,,,,0.99,,,0.01,,models\best_REINFORCE_u6_t60_seed0.pth,,,10.289532299968414,,,,,,,round_robin,27,480,,60,0.6403140999609604,10.671901666016007,
REINFORCE_baseline_public25_seed0_20260810_001022,REINFORCE,baseline,u6_t80,6,80,0,664,2026-08-10 02:00:12,6590.248510099947,,,1954.7459888556982,1886.7585925842793,49.44779836439889,1.0,8,8,0,1566.5188241931207,1,1328.5661978086828,589,22.146730056127147,MinBattery_NearestTask,1282.4893662509803,1990.1034262302112,-1.9877573251724243,,1.9594868421554565,,,,,,256,3,4,,,,,,,0.99,,,0.01,,models\best_REINFORCE_u6_t80_seed0.pth,,,15.460083200014196,,,,,,,round_robin,27,640,,80,1.0443874000338838,13.054842500423547,
REINFORCE_baseline_public25_seed0_20260810_001022,REINFORCE,baseline,u6_t100,6,100,0,665,2026-08-10 02:00:33,6611.225783000002,,,2313.862083345559,1979.1156944750023,141.76866803963028,1.0,8,8,0,1917.0959316630795,1,1686.0635088751642,640,51.85732368935763,MinBattery_NearestTask,1262.4323181045447,2588.8953280469614,-0.5538007616996765,,2.1002719402313232,,,,,,256,3,4,,,,,,,0.99,,,0.01,,models\best_REINFORCE_u6_t100_seed0.pth,,,20.944697999977507,,,,,,,round_robin,27,800,,100,1.37161319993902,13.7161319993902,
REINFORCE_baseline_public25_seed0_20260810_001022,REINFORCE,baseline,u8_t20,8,20,0,666,2026-08-10 02:00:36,6614.48210959998,,,588.3931239808996,568.3497256340818,16.62907387224114,1.0,8,8,0,594.7545950425215,1,514.7438866496948,616,3.6944709492517056,MinBattery_NearestTask,573.5644240217935,594.6205530170921,-4.249247074127197,,1.7959870100021362,,,,,,256,3,4,,,,,,,0.99,,,0.01,,models\best_REINFORCE_u8_t20_seed0.pth,,,3.219010000000708,,,,,,,round_robin,27,160,,20,0.13099890004377812,6.549945002188906,
REINFORCE_baseline_public25_seed0_20260810_001022,REINFORCE,baseline,u8_t40,8,40,0,667,2026-08-10 02:00:44,6621.975236699916,,,1085.423488006074,1018.4730964458016,58.36023060840846,1.0,8,8,0,1038.3844246451388,1,661.9746269004689,317,57.71596461228079,MinBattery_NearestTask,658.3889127507409,1218.711334656825,-2.3254294395446777,,1.9071460962295532,,,,,,256,3,4,,,,,,,0.99,,,0.01,,models\best_REINFORCE_u8_t40_seed0.pth,,,7.462000500061549,,,,,,,round_robin,27,320,,40,0.4206298999488354,10.515747498720884,
REINFORCE_baseline_public25_seed0_20260810_001022,REINFORCE,baseline,u8_t60,8,60,0,668,2026-08-10 02:00:56,6634.369777799933,,,1260.2925653602997,1175.7287433120157,74.79015490263566,1.0,8,8,0,1045.98172606986,1,1045.98172606986,668,-4.398358830096762,MinBattery_NearestTask,1094.1043618811327,1248.589806791493,-2.315316915512085,,2.1852104663848877,,,,,,256,3,4,,,,,,,0.99,,,0.01,,models\best_REINFORCE_u8_t60_seed0.pth,,,12.356614300049841,,,,,,,round_robin,27,480,,60,0.7059093000134453,11.76515500022409,
REINFORCE_baseline_public25_seed0_20260810_001022,REINFORCE,baseline,u8_t80,8,80,0,669,2026-08-10 02:01:13,6650.978183500003,,,1636.7500433895248,1578.3430718970706,58.49171176956819,1.0,8,8,0,1617.4714771169624,1,1179.8229934579551,544,50.475824740601496,MinBattery_NearestTask,1074.904543573859,1790.9534363892533,-1.3462703227996826,,2.129795551300049,,,,,,256,3,4,,,,,,,0.99,,,0.01,,models\best_REINFORCE_u8_t80_seed0.pth,,,16.576998400036246,,,,,,,round_robin,27,640,,80,1.0724584000417963,13.405730000522453,
REINFORCE_baseline_public25_seed0_20260810_001022,REINFORCE,baseline,u8_t100,8,100,0,670,2026-08-10 02:01:34,6672.07854919997,,,1914.9274017247453,1779.2852075624567,167.7496752430519,1.0,8,8,0,1782.1349986518221,1,1578.354965649945,645,55.219219523456275,MinBattery_NearestTask,1148.1406775032206,2192.764389417016,-0.6834670901298523,,2.302964210510254,,,,,,256,3,4,,,,,,,0.99,,,0.01,,models\best_REINFORCE_u8_t100_seed0.pth,,,21.064847699948587,,,,,,,round_robin,27,800,,100,1.4029122999636456,14.029122999636456,
REINFORCE_baseline_public25_seed0_20260810_001022,REINFORCE,baseline,u10_t20,10,20,0,671,2026-08-10 02:01:38,6675.562525199959,,,530.8825436436302,483.08400095270895,25.101200696204334,1.0,8,8,0,564.2048094568329,1,489.7211029717006,396,9.886691269329434,MinBattery_NearestTask,513.442349514357,559.9277735462435,-3.829110860824585,,1.4402132034301758,,,,,,256,3,4,,,,,,,0.99,,,0.01,,models\best_REINFORCE_u10_t20_seed0.pth,,,3.4538055999437347,,,,,,,round_robin,27,160,,20,0.17165009991731495,8.582504995865747,
REINFORCE_baseline_public25_seed0_20260810_001022,REINFORCE,baseline,u10_t40,10,40,0,672,2026-08-10 02:01:45,6683.433239799924,,,644.8247181397817,642.1846809767301,2.0286438325692595,1.0,8,8,0,647.6986235068443,1,607.2912387693184,622,3.224549672380952,MinBattery_NearestTask,627.4656809475473,957.3671098819304,-3.2482070922851562,,2.3643760681152344,,,,,,256,3,4,,,,,,,0.99,,,0.01,,models\best_REINFORCE_u10_t40_seed0.pth,,,7.825767899979837,,,,,,,round_robin,27,320,,40,0.4497091999510303,11.242729998775758,
REINFORCE_baseline_public25_seed0_20260810_001022,REINFORCE,baseline,u10_t60,10,60,0,673,2026-08-10 02:01:58,6695.827824899927,,,1183.455879417112,1137.2320151271972,36.7987449182942,1.0,8,8,0,1052.2371288663035,1,1026.7178335255542,348,56.584435108585,MinBattery_NearestTask,671.9934380046263,1193.9764350817031,-2.468508720397949,,2.331339120864868,,,,,,256,3,4,,,,,,,0.99,,,0.01,,models\best_REINFORCE_u10_t60_seed0.pth,,,12.365233999909833,,,,,,,round_robin,27,480,,60,0.8177908000070602,13.629846666784335,
REINFORCE_baseline_public25_seed0_20260810_001022,REINFORCE,baseline,u10_t80,10,80,0,674,2026-08-10 02:02:15,6712.895627499907,,,1236.804001669686,1108.327694681278,58.82898221773476,1.0,8,8,0,1318.0359641889963,1,1108.8131085003909,224,15.919720554232446,MinBattery_NearestTask,1137.024794303537,1357.6824276116938,-1.9624651670455933,,2.4330594539642334,,,,,,256,3,4,,,,,,,0.99,,,0.01,,models\best_REINFORCE_u10_t80_seed0.pth,,,17.032509100041352,,,,,,,round_robin,27,640,,80,1.2835878999903798,16.044848749879748,
REINFORCE_baseline_public25_seed0_20260810_001022,REINFORCE,baseline,u10_t100,10,100,0,675,2026-08-10 02:02:38,6735.537779200007,,,1414.8585203586758,1287.0433293625124,146.06397874944966,1.0,8,8,0,1342.391112716564,1,1156.5750588075698,300,13.080485719863235,MinBattery_NearestTask,1187.1112015225146,1816.9612465912573,-1.0247622728347778,,2.5880651473999023,,,,,,256,3,4,,,,,,,0.99,,,0.01,,models\best_REINFORCE_u10_t100_seed0.pth,,,22.60003059997689,,,,,,,round_robin,27,800,,100,2.0643090000376105,20.643090000376105,
REINFORCE_baseline_public25_seed0_20260810_001022,REINFORCE,baseline,u2_t20,2,20,0,676,2026-08-10 02:02:40,6738.461672699894,,,1638.1088737894797,1553.630657922327,53.30988456778969,1.0,8,8,0,1630.2578861075312,1,1194.2765865884983,551,31.953693162449337,MinBattery_NearestTask,1235.4772701211982,1648.142715048298,-3.286285638809204,,0.8656396865844727,,,,,,256,3,4,,,,,,,0.99,,,0.01,,models\best_REINFORCE_u2_t20_seed0.pth,,,2.8809705999447033,,,,,,,round_robin,28,160,,20,0.1269536999752745,6.347684998763725,
REINFORCE_baseline_public25_seed0_20260810_001022,REINFORCE,baseline,u2_t40,2,40,0,677,2026-08-10 02:02:47,6744.696758099948,,,2580.8966082279867,2164.852874586248,284.6512685866448,1.0,8,8,0,1950.391063792052,1,1814.2680031492703,327,8.96627104417272,MinBattery_NearestTask,1789.903467469675,2985.7040913621695,-1.7070002555847168,,1.1526535749435425,,,,,,256,3,4,,,,,,,0.99,,,0.01,,models\best_REINFORCE_u2_t40_seed0.pth,,,6.192904699943028,,,,,,,round_robin,28,320,,40,0.335394199937582,8.38485499843955,
REINFORCE_baseline_public25_seed0_20260810_001022,REINFORCE,baseline,u2_t60,2,60,0,678,2026-08-10 02:02:57,6754.6029536999995,,,3905.061380625887,3195.141130922302,330.62499629225556,1.0,8,8,0,3083.9384203094874,1,2532.0762735129547,378,23.792959369475135,MinBattery_NearestTask,2491.2066372895233,4452.979979969232,-2.20015287399292,,1.2398450374603271,,,,,,256,3,4,,,,,,,0.99,,,0.01,,models\best_REINFORCE_u2_t60_seed0.pth,,,9.870967300026678,,,,,,,round_robin,28,480,,60,0.4534130999818444,7.556884999697407,
REINFORCE_baseline_public25_seed0_20260810_001022,REINFORCE,baseline,u2_t80,2,80,0,679,2026-08-10 02:03:10,6768.227914799936,,,4388.731797563392,4036.1318055400016,284.89262569727873,1.0,8,8,0,3547.5655386630074,1,2929.9563368458826,304,39.06132908758789,MinBattery_NearestTask,2551.0798450866023,5725.724036335487,-1.904181718826294,,1.3723764419555664,,,,,,256,3,4,,,,,,,0.99,,,0.01,,models\best_REINFORCE_u2_t80_seed0.pth,,,13.59548060002271,,,,,,,round_robin,28,640,,80,0.732767999987118,9.159599999838974,
REINFORCE_baseline_public25_seed0_20260810_001022,REINFORCE,baseline,u2_t100,2,100,0,680,2026-08-10 02:03:28,6786.135871499893,,,5951.81484170271,5693.826722096466,139.39803239745527,1.0,8,8,0,3842.985346183728,1,3300.3798021369053,380,17.297739854287343,MinBattery_NearestTask,3276.265468505754,6667.618839462179,-0.8273923993110657,,1.4908950328826904,,,,,,256,3,4,,,,,,,0.99,,,0.01,,models\best_REINFORCE_u2_t100_seed0.pth,,,17.862669699941762,,,,,,,round_robin,28,800,,100,1.325446099974215,13.25446099974215,
REINFORCE_baseline_public25_seed0_20260810_001022,REINFORCE,baseline,u4_t20,4,20,0,681,2026-08-10 02:03:32,6789.584026700002,,,1027.8327254561168,953.7074819000527,72.87849697857253,1.0,8,8,0,1124.0397871387345,1,644.2191846321656,56,77.06397629866497,MinBattery_NearestTask,634.8212723082338,1116.781447019792,-3.4204647541046143,,1.0630487203598022,,,,,,256,3,4,,,,,,,0.99,,,0.01,,models\best_REINFORCE_u4_t20_seed0.pth,,,3.40278339991346,,,,,,,round_robin,28,160,,20,0.201539299916476,10.0769649958238,
REINFORCE_baseline_public25_seed0_20260810_001022,REINFORCE,baseline,u4_t40,4,40,0,682,2026-08-10 02:03:38,6796.060597499949,,,1703.0197708004573,1572.3783469777466,80.55902165095934,1.0,8,8,0,1622.8621638878788,1,1126.3857980588164,632,34.33069348424218,MinBattery_NearestTask,1208.1097192267905,1809.9456757002988,-3.1510515213012695,,1.2836164236068726,,,,,,256,3,4,,,,,,,0.99,,,0.01,,models\best_REINFORCE_u4_t40_seed0.pth,,,6.420477399951778,,,,,,,round_robin,28,320,,40,0.3232366000302136,8.08091500075534,
REINFORCE_baseline_public25_seed0_20260810_001022,REINFORCE,baseline,u4_t60,4,60,0,683,2026-08-10 02:03:47,6805.516796099953,,,2291.3321762056366,2204.790933530821,84.9475539565244,1.0,8,8,0,1856.5596248972306,1,1658.382088076164,133,8.681687195745209,MinBattery_NearestTask,1708.2543276618485,2452.0766097704714,-2.8397603034973145,,1.3001477718353271,,,,,,256,3,4,,,,,,,0.99,,,0.01,,models\best_REINFORCE_u4_t60_seed0.pth,,,9.414839999983087,,,,,,,round_robin,28,480,,60,0.5571616999804974,9.28602833300829,
REINFORCE_baseline_public25_seed0_20260810_001022,REINFORCE,baseline,u4_t80,4,80,0,684,2026-08-10 02:04:01,6819.147265499923,,,2873.060544299491,2760.794450019868,103.32883412413435,1.0,8,8,0,1887.2793555775797,1,1887.2793555775797,684,2.432950761778792,MinBattery_NearestTask,1842.4533722226693,3001.7744400044194,-2.1216564178466797,,1.5531924962997437,,,,,,256,3,4,,,,,,,0.99,,,0.01,,models\best_REINFORCE_u4_t80_seed0.pth,,,13.586969200056046,,,,,,,round_robin,28,640,,80,0.7981479000300169,9.976848750375211,
REINFORCE_baseline_public25_seed0_20260810_001022,REINFORCE,baseline,u4_t100,4,100,0,685,2026-08-10 02:04:18,6835.805885599926,,,3360.1021534783176,3136.997509596008,178.10706601496076,1.0,8,8,0,2622.9782008110683,1,2017.3316613724905,485,33.78183015092274,MinBattery_NearestTask,1960.6385993165281,3788.7440276745037,-0.6210112571716309,,1.652226209640503,,,,,,256,3,4,,,,,,,0.99,,,0.01,,models\best_REINFORCE_u4_t100_seed0.pth,,,16.629661299986765,,,,,,,round_robin,28,800,,100,1.1067102999659255,11.067102999659255,
REINFORCE_baseline_public25_seed0_20260810_001022,REINFORCE,baseline,u6_t20,6,20,0,686,2026-08-10 02:04:21,6838.863825000008,,,765.8501451915262,553.0784187725553,161.8586784067998,1.0,8,8,0,565.7217935795261,1,502.76417698848775,661,4.921198324379743,MinBattery_NearestTask,539.1873163996008,875.8432185926702,-2.651789426803589,,1.1997756958007812,,,,,,256,3,4,,,,,,,0.99,,,0.01,,models\best_REINFORCE_u6_t20_seed0.pth,,,3.0232672999845818,,,,,,,round_robin,28,160,,20,0.17289720010012388,8.644860005006194,
REINFORCE_baseline_public25_seed0_20260810_001022,REINFORCE,baseline,u6_t40,6,40,0,687,2026-08-10 02:04:28,6845.990507199895,,,1167.5651228286633,1056.645499548458,52.715049129698585,1.0,8,8,0,1122.2768974900714,1,1046.496347631389,387,10.757105108741147,MinBattery_NearestTask,1013.277564801122,1210.81064814677,-3.5911855697631836,,1.370462417602539,,,,,,256,3,4,,,,,,,0.99,,,0.01,,models\best_REINFORCE_u6_t40_seed0.pth,,,7.088194299954921,,,,,,,round_robin,28,320,,40,0.48196870007086545,12.049217501771636,
REINFORCE_baseline_public25_seed0_20260810_001022,REINFORCE,baseline,u6_t60,6,60,0,688,2026-08-10 02:04:40,6857.568817899912,,,1458.9087160791219,1224.2102736087095,200.0213341033314,1.0,8,8,0,1189.8319655430973,1,1144.778978383466,113,-1.2134505258441202,MinBattery_NearestTask,1204.447338100797,1781.770307254355,-2.3088443279266357,,1.5974905490875244,,,,,,256,3,4,,,,,,,0.99,,,0.01,,models\best_REINFORCE_u6_t60_seed0.pth,,,11.521716199931689,,,,,,,round_robin,28,480,,60,0.6702565000159666,11.170941666932777,
REINFORCE_baseline_public25_seed0_20260810_001022,REINFORCE,baseline,u6_t80,6,80,0,689,2026-08-10 02:04:57,6875.431317599956,,,1857.6736216192403,1753.933728895046,55.891453732007776,1.0,8,8,0,1557.6867053706708,1,1328.5661978086828,589,21.458060110405235,MinBattery_NearestTask,1282.4893662509803,1990.1034262302112,-1.8832132816314697,,1.9348407983779907,,,,,,256,3,4,,,,,,,0.99,,,0.01,,models\best_REINFORCE_u6_t80_seed0.pth,,,17.82627910003066,,,,,,,round_robin,28,640,,80,1.0333306000102311,12.91663250012789,
REINFORCE_baseline_public25_seed0_20260810_001022,REINFORCE,baseline,u6_t100,6,100,0,690,2026-08-10 02:05:18,6896.468270899961,,,2278.8471291739497,1938.4645293491776,142.3187328781535,1.0,8,8,0,1754.0656690053365,1,1686.0635088751642,640,38.943343247022185,MinBattery_NearestTask,1262.4323181045447,2588.8953280469614,-0.9716355204582214,,2.0047833919525146,,,,,,256,3,4,,,,,,,0.99,,,0.01,,models\best_REINFORCE_u6_t100_seed0.pth,,,20.99346799997147,,,,,,,round_robin,28,800,,100,1.4595108000794426,14.595108000794426,
REINFORCE_baseline_public25_seed0_20260810_001022,REINFORCE,baseline,u8_t20,8,20,0,691,2026-08-10 02:05:22,6899.810417799978,,,568.005730022296,529.6716998714867,22.732275165584472,1.0,8,8,0,567.6911997510463,1,514.7438866496948,616,-1.0239868486899084,MinBattery_NearestTask,573.5644240217935,594.6205530170921,-4.335458278656006,,1.5285648107528687,,,,,,256,3,4,,,,,,,0.99,,,0.01,,models\best_REINFORCE_u8_t20_seed0.pth,,,3.306671099970117,,,,,,,round_robin,28,160,,20,0.1420381999341771,7.101909996708855,
REINFORCE_baseline_public25_seed0_20260810_001022,REINFORCE,baseline,u8_t40,8,40,0,692,2026-08-10 02:05:29,6906.9374283999205,,,1011.2499550418887,958.8092284500771,39.96004335435121,1.0,8,8,0,1067.2110315477385,1,661.9746269004689,317,62.094320071239295,MinBattery_NearestTask,658.3889127507409,1218.711334656825,-2.302414655685425,,1.8208248615264893,,,,,,256,3,4,,,,,,,0.99,,,0.01,,models\best_REINFORCE_u8_t40_seed0.pth,,,7.075749000068754,,,,,,,round_robin,28,320,,40,0.4185924999183044,10.46481249795761,
REINFORCE_baseline_public25_seed0_20260810_001022,REINFORCE,baseline,u8_t60,8,60,0,693,2026-08-10 02:05:41,6919.524943899945,,,1198.7932055769986,1136.335711198582,41.14782199613466,1.0,8,8,0,1224.0107608234725,1,1045.98172606986,668,11.873309664809955,MinBattery_NearestTask,1094.1043618811327,1248.589806791493,-2.656290292739868,,1.8960644006729126,,,,,,256,3,4,,,,,,,0.99,,,0.01,,models\best_REINFORCE_u8_t60_seed0.pth,,,12.54118170007132,,,,,,,round_robin,28,480,,60,0.7964479000074789,13.274131666791314,
REINFORCE_baseline_public25_seed0_20260810_001022,REINFORCE,baseline,u8_t80,8,80,0,694,2026-08-10 02:06:00,6937.771466899896,,,1567.6973335060004,1418.449124758155,92.44431762901861,1.0,8,8,0,1444.5529216802054,1,1179.8229934579551,544,34.388949262167394,MinBattery_NearestTask,1074.904543573859,1790.9534363892533,-1.6949609518051147,,2.052217483520508,,,,,,256,3,4,,,,,,,0.99,,,0.01,,models\best_REINFORCE_u8_t80_seed0.pth,,,18.201243000105023,,,,,,,round_robin,28,640,,80,1.0738576999865472,13.42322124983184,
REINFORCE_baseline_public25_seed0_20260810_001022,REINFORCE,baseline,u8_t100,8,100,0,695,2026-08-10 02:06:23,6961.144064599997,,,1923.265375377147,1763.9282975919614,135.65587327020438,1.0,8,8,0,1612.7820504858998,1,1578.354965649945,645,40.469028063103,MinBattery_NearestTask,1148.1406775032206,2192.764389417016,-0.829157829284668,,2.18930983543396,,,,,,256,3,4,,,,,,,0.99,,,0.01,,models\best_REINFORCE_u8_t100_seed0.pth,,,23.34213959996123,,,,,,,round_robin,28,800,,100,1.1199901999207214,11.199901999207214,
REINFORCE_baseline_public25_seed0_20260810_001022,REINFORCE,baseline,u10_t20,10,20,0,696,2026-08-10 02:06:26,6963.850345299928,,,567.146628166715,498.459535028261,88.64516158976383,1.0,8,8,0,541.3256171350043,1,489.7211029717006,396,5.430652077496311,MinBattery_NearestTask,513.442349514357,559.9277735462435,-1.4599143266677856,,1.3635860681533813,,,,,,256,3,4,,,,,,,0.99,,,0.01,,models\best_REINFORCE_u10_t20_seed0.pth,,,2.669726299936883,,,,,,,round_robin,28,160,,20,0.13879729993641376,6.939864996820688,
REINFORCE_baseline_public25_seed0_20260810_001022,REINFORCE,baseline,u10_t40,10,40,0,697,2026-08-10 02:06:33,6971.198629699997,,,697.3766022112405,619.9046336073473,113.39381458999176,1.0,8,8,0,639.2097962119428,1,607.2912387693184,622,1.8716745187817334,MinBattery_NearestTask,627.4656809475473,957.3671098819304,-0.8442991971969604,,2.382935047149658,,,,,,256,3,4,,,,,,,0.99,,,0.01,,models\best_REINFORCE_u10_t40_seed0.pth,,,7.316180899972096,,,,,,,round_robin,28,320,,40,0.35042460006661713,8.760615001665428,
REINFORCE_baseline_public25_seed0_20260810_001022,REINFORCE,baseline,u10_t60,10,60,0,698,2026-08-10 02:06:44,6981.931257499964,,,1136.184337959395,1059.9575215605994,37.2489896235144,1.0,8,8,0,1065.579755016507,1,1026.7178335255542,348,58.5699643408082,MinBattery_NearestTask,671.9934380046263,1193.9764350817031,-2.6148691177368164,,2.2836697101593018,,,,,,256,3,4,,,,,,,0.99,,,0.01,,models\best_REINFORCE_u10_t60_seed0.pth,,,10.695220299996436,,,,,,,round_robin,28,480,,60,0.7833521999418736,13.055869999031225,
REINFORCE_baseline_public25_seed0_20260810_001022,REINFORCE,baseline,u10_t80,10,80,0,699,2026-08-10 02:07:00,6998.018754199962,,,1301.080085019792,1242.6459297921801,37.734533903685886,1.0,8,8,0,1093.0835894424001,1,1093.0835894424001,699,-3.864577543188246,MinBattery_NearestTask,1137.024794303537,1357.6824276116938,-2.3956944942474365,,2.4747750759124756,,,,,,256,3,4,,,,,,,0.99,,,0.01,,models\best_REINFORCE_u10_t80_seed0.pth,,,16.047530099982396,,,,,,,round_robin,28,640,,80,1.0050578999798745,12.563223749748431,
REINFORCE_baseline_public25_seed0_20260810_001022,REINFORCE,baseline,u10_t100,10,100,0,700,2026-08-10 02:07:23,7020.744787600008,,,1433.536109224911,1301.4995003193512,151.143614335097,1.0,8,8,0,1216.12141779948,1,1156.5750588075698,300,2.4437656926965796,MinBattery_NearestTask,1187.1112015225146,1816.9612465912573,-0.7360842227935791,,2.6406641006469727,,,,,,256,3,4,,,,,,,0.99,,,0.01,,models\best_REINFORCE_u10_t100_seed0.pth,,,22.682022799970582,,,,,,,round_robin,28,800,,100,2.0488241999410093,20.488241999410093,
REINFORCE_baseline_public25_seed0_20260810_001022,REINFORCE,baseline,u2_t20,2,20,0,701,2026-08-10 02:07:26,7024.188349899952,,,1631.0763499005038,1499.5534289314405,103.84381664282269,1.0,8,8,0,1560.4968610591625,1,1194.2765865884983,551,26.30720927031546,MinBattery_NearestTask,1235.4772701211982,1648.142715048298,-2.4038915634155273,,1.055646538734436,,,,,,256,3,4,,,,,,,0.99,,,0.01,,models\best_REINFORCE_u2_t20_seed0.pth,,,3.410417199949734,,,,,,,round_robin,29,160,,20,0.17205739999189973,8.602869999594986,
REINFORCE_baseline_public25_seed0_20260810_001022,REINFORCE,baseline,u2_t40,2,40,0,702,2026-08-10 02:07:32,7029.871351799928,,,2698.122595012918,2425.6946424630755,178.2268082203383,1.0,8,8,0,1936.1308905929302,1,1814.2680031492703,327,8.169570358449102,MinBattery_NearestTask,1789.903467469675,2985.7040913621695,-2.5895187854766846,,1.3877376317977905,,,,,,256,3,4,,,,,,,0.99,,,0.01,,models\best_REINFORCE_u2_t40_seed0.pth,,,5.639726999914274,,,,,,,round_robin,29,320,,40,0.220277399988845,5.506934999721125,
REINFORCE_baseline_public25_seed0_20260810_001022,REINFORCE,baseline,u2_t60,2,60,0,703,2026-08-10 02:07:43,7041.204846999957,,,3708.181998033498,3259.2274537994604,251.07430167118363,1.0,8,8,0,3089.7383704110266,1,2532.0762735129547,378,24.025776270920517,MinBattery_NearestTask,2491.2066372895233,4452.979979969232,-2.030761241912842,,1.5640740394592285,,,,,,256,3,4,,,,,,,0.99,,,0.01,,models\best_REINFORCE_u2_t60_seed0.pth,,,11.29628520004917,,,,,,,round_robin,29,480,,60,0.5403009000001475,9.005015000002459,
REINFORCE_baseline_public25_seed0_20260810_001022,REINFORCE,baseline,u2_t80,2,80,0,704,2026-08-10 02:07:58,7055.872343899915,,,4488.962724363009,4205.327526155933,221.35483745607743,1.0,8,8,0,3178.4711215745665,1,2929.9563368458826,304,24.593165035438787,MinBattery_NearestTask,2551.0798450866023,5725.724036335487,-1.7443251609802246,,1.7572860717773438,,,,,,256,3,4,,,,,,,0.99,,,0.01,,models\best_REINFORCE_u2_t80_seed0.pth,,,14.625861099921167,,,,,,,round_robin,29,640,,80,0.7025136000011116,8.781420000013895,
REINFORCE_baseline_public25_seed0_20260810_001022,REINFORCE,baseline,u2_t100,2,100,0,705,2026-08-10 02:08:19,7076.586830099928,,,5953.832661109035,5619.516021759141,331.0002522343812,1.0,8,8,0,3746.203716428734,1,3300.3798021369053,380,14.343717029051076,MinBattery_NearestTask,3276.265468505754,6667.618839462179,-0.25572776794433594,,1.857182264328003,,,,,,256,3,4,,,,,,,0.99,,,0.01,,models\best_REINFORCE_u2_t100_seed0.pth,,,20.668006099993363,,,,,,,round_robin,29,800,,100,1.9715113000711426,19.715113000711426,
REINFORCE_baseline_public25_seed0_20260810_001022,REINFORCE,baseline,u4_t20,4,20,0,706,2026-08-10 02:08:22,7079.950452699908,,,1025.4536445848987,932.5948068256577,69.19949680228609,1.0,8,8,0,901.2926675173134,1,644.2191846321656,56,41.9758137971936,MinBattery_NearestTask,634.8212723082338,1116.781447019792,-3.727959394454956,,1.4304152727127075,,,,,,256,3,4,,,,,,,0.99,,,0.01,,models\best_REINFORCE_u4_t20_seed0.pth,,,3.3116209000581875,,,,,,,round_robin,29,160,,20,0.16585630003828555,8.292815001914278,
REINFORCE_baseline_public25_seed0_20260810_001022,REINFORCE,baseline,u4_t40,4,40,0,707,2026-08-10 02:08:28,7086.142547999974,,,1712.6523925473,1563.5817580259857,96.06610197219558,1.0,8,8,0,1245.055244219717,1,1126.3857980588164,632,3.05812662583099,MinBattery_NearestTask,1208.1097192267905,1809.9456757002988,-3.1128640174865723,,1.6142772436141968,,,,,,256,3,4,,,,,,,0.99,,,0.01,,models\best_REINFORCE_u4_t40_seed0.pth,,,6.150815499946475,,,,,,,round_robin,29,320,,40,0.2757925000041723,6.894812500104308,
REINFORCE_baseline_public25_seed0_20260810_001022,REINFORCE,baseline,u4_t60,4,60,0,708,2026-08-10 02:08:39,7096.975773999933,,,2267.139233668164,2152.6196065165836,66.89977498375943,1.0,8,8,0,2059.785947752315,1,1658.382088076164,133,20.578412382635154,MinBattery_NearestTask,1708.2543276618485,2452.0766097704714,-2.6606874465942383,,1.6480036973953247,,,,,,256,3,4,,,,,,,0.99,,,0.01,,models\best_REINFORCE_u4_t60_seed0.pth,,,10.786920199985616,,,,,,,round_robin,29,480,,60,0.4750785999931395,7.917976666552326,
REINFORCE_baseline_public25_seed0_20260810_001022,REINFORCE,baseline,u4_t80,4,80,0,709,2026-08-10 02:08:51,7108.740363499965,,,2760.4030696778946,2515.053394629329,133.35152180185398,1.0,8,8,0,2259.7425356034614,1,1887.2793555775797,684,22.648560320275003,MinBattery_NearestTask,1842.4533722226693,3001.7744400044194,-1.5488357543945312,,1.9272880554199219,,,,,,256,3,4,,,,,,,0.99,,,0.01,,models\best_REINFORCE_u4_t80_seed0.pth,,,11.732856499962509,,,,,,,round_robin,29,640,,80,0.6884188000112772,8.605235000140965,
REINFORCE_baseline_public25_seed0_20260810_001022,REINFORCE,baseline,u4_t100,4,100,0,710,2026-08-10 02:09:05,7123.346257500001,,,3358.1593238313544,3209.5777009553453,156.3564181235919,1.0,8,8,0,2402.9779141393974,1,2017.3316613724905,485,22.560981660621554,MinBattery_NearestTask,1960.6385993165281,3788.7440276745037,-0.42742764949798584,,2.014888286590576,,,,,,256,3,4,,,,,,,0.99,,,0.01,,models\best_REINFORCE_u4_t100_seed0.pth,,,14.572417000075802,,,,,,,round_robin,29,800,,100,1.0394107000902295,10.394107000902295,
REINFORCE_baseline_public25_seed0_20260810_001022,REINFORCE,baseline,u6_t20,6,20,0,711,2026-08-10 02:09:08,7125.835485799937,,,715.0480717579792,552.5861497890148,154.25633604905602,1.0,8,8,0,524.0860701023596,1,502.76417698848775,661,-2.8007421239207053,MinBattery_NearestTask,539.1873163996008,875.8432185926702,-1.0630265474319458,,1.618554949760437,,,,,,256,3,4,,,,,,,0.99,,,0.01,,models\best_REINFORCE_u6_t20_seed0.pth,,,2.4577097999863327,,,,,,,round_robin,29,160,,20,0.15875900001265109,7.937950000632554,
REINFORCE_baseline_public25_seed0_20260810_001022,REINFORCE,baseline,u6_t40,6,40,0,712,2026-08-10 02:09:13,7131.121272399905,,,1188.7239606467497,1141.621271799537,28.994935696746975,1.0,8,8,0,1190.4450532959115,1,1046.496347631389,387,17.48459599315835,MinBattery_NearestTask,1013.277564801122,1210.81064814677,-3.7246317863464355,,1.75212562084198,,,,,,256,3,4,,,,,,,0.99,,,0.01,,models\best_REINFORCE_u6_t40_seed0.pth,,,5.247124699992128,,,,,,,round_robin,29,320,,40,0.2665432000067085,6.663580000167713,
REINFORCE_baseline_public25_seed0_20260810_001022,REINFORCE,baseline,u6_t60,6,60,0,713,2026-08-10 02:09:22,7139.726432999945,,,1583.5351943911337,1286.1862410263277,119.03964047953501,1.0,8,8,0,1268.2664760279192,1,1144.778978383466,113,5.298624182918108,MinBattery_NearestTask,1204.447338100797,1781.770307254355,-1.6367499828338623,,1.8821338415145874,,,,,,256,3,4,,,,,,,0.99,,,0.01,,models\best_REINFORCE_u6_t60_seed0.pth,,,8.573112900019623,,,,,,,round_robin,29,480,,60,0.5069162999279797,8.448604998799661,
REINFORCE_baseline_public25_seed0_20260810_001022,REINFORCE,baseline,u6_t80,6,80,0,714,2026-08-10 02:09:34,7151.546701199957,,,1899.5888180489337,1841.7209998458702,43.44440647087,1.0,8,8,0,1671.0441786586427,1,1328.5661978086828,589,30.29692273734012,MinBattery_NearestTask,1282.4893662509803,1990.1034262302112,-2.72133469581604,,2.0315749645233154,,,,,,256,3,4,,,,,,,0.99,,,0.01,,models\best_REINFORCE_u6_t80_seed0.pth,,,11.779307799995877,,,,,,,round_robin,29,640,,80,0.7522663000272587,9.403328750340734,
REINFORCE_baseline_public25_seed0_20260810_001022,REINFORCE,baseline,u6_t100,6,100,0,715,2026-08-10 02:09:50,7167.695802800008,,,2353.3240781366753,1937.5192667083306,167.509871996571,1.0,8,8,0,1978.1165363877403,1,1686.0635088751642,640,56.690898040201176,MinBattery_NearestTask,1262.4323181045447,2588.8953280469614,-0.6811268329620361,,2.131474494934082,,,,,,256,3,4,,,,,,,0.99,,,0.01,,models\best_REINFORCE_u6_t100_seed0.pth,,,16.11725559993647,,,,,,,round_robin,29,800,,100,1.0337206999538466,10.337206999538466,
REINFORCE_baseline_public25_seed0_20260810_001022,REINFORCE,baseline,u8_t20,8,20,0,716,2026-08-10 02:09:52,7170.242397299968,,,575.6181997204953,545.5573570319648,22.42620794344859,1.0,8,8,0,579.7092990011847,1,514.7438866496948,616,1.0713486963336794,MinBattery_NearestTask,573.5644240217935,594.6205530170921,-3.7692196369171143,,2.0378572940826416,,,,,,256,3,4,,,,,,,0.99,,,0.01,,models\best_REINFORCE_u8_t20_seed0.pth,,,2.5090406000381336,,,,,,,round_robin,29,160,,20,0.11894300009589642,5.947150004794821,
REINFORCE_baseline_public25_seed0_20260810_001022,REINFORCE,baseline,u8_t40,8,40,0,717,2026-08-10 02:09:59,7176.819965499919,,,1110.7741781143595,925.6698467377306,86.57209415040074,1.0,8,8,0,1043.5939414869042,1,661.9746269004689,317,58.50721682520159,MinBattery_NearestTask,658.3889127507409,1218.711334656825,-2.4724912643432617,,1.9610347747802734,,,,,,256,3,4,,,,,,,0.99,,,0.01,,models\best_REINFORCE_u8_t40_seed0.pth,,,6.545637899893336,,,,,,,round_robin,29,320,,40,0.36664849997032434,9.166212499258108,
REINFORCE_baseline_public25_seed0_20260810_001022,REINFORCE,baseline,u8_t60,8,60,0,718,2026-08-10 02:10:11,7189.149822699954,,,1434.9143433767038,1222.6432385720695,156.58741472365392,1.0,8,8,0,1176.962442913813,1,1045.98172606986,668,7.573142372837214,MinBattery_NearestTask,1094.1043618811327,1248.589806791493,-1.7370924949645996,,2.091217517852783,,,,,,256,3,4,,,,,,,0.99,,,0.01,,models\best_REINFORCE_u8_t60_seed0.pth,,,12.285764000029303,,,,,,,round_robin,29,480,,60,0.6281571000581607,10.469285000969347,
REINFORCE_baseline_public25_seed0_20260810_001022,REINFORCE,baseline,u8_t80,8,80,0,719,2026-08-10 02:10:24,7202.033713199897,,,1593.7634916125912,1524.2420469851106,51.11584441754689,1.0,8,8,0,1495.742235100091,1,1179.8229934579551,544,39.15116872862258,MinBattery_NearestTask,1074.904543573859,1790.9534363892533,-1.6072484254837036,,2.133965253829956,,,,,,256,3,4,,,,,,,0.99,,,0.01,,models\best_REINFORCE_u8_t80_seed0.pth,,,12.84462170000188,,,,,,,round_robin,29,640,,80,0.9261362000834197,11.576702501042746,
